family,stage,prompt,layer,n_layers,layer_frac,mean_entropy,std_entropy,n_heads
olmo,base,She was so angry she wanted to,0,32,0.0,1.1689228639006615,0.4998253515207688,32
olmo,base,She was so angry she wanted to,1,32,0.03225806451612903,0.8209582147210313,0.5582048544596745,32
olmo,base,She was so angry she wanted to,2,32,0.06451612903225806,0.7910927987541072,0.5637443782561943,32
olmo,base,She was so angry she wanted to,3,32,0.0967741935483871,1.289502383209765,0.48989470997233314,32
olmo,base,She was so angry she wanted to,4,32,0.12903225806451613,1.150643583969213,0.44917862715405776,32
olmo,base,She was so angry she wanted to,5,32,0.16129032258064516,1.0881537701934576,0.43220130240284954,32
olmo,base,She was so angry she wanted to,6,32,0.1935483870967742,0.9344008648768067,0.526579584000304,32
olmo,base,She was so angry she wanted to,7,32,0.22580645161290322,1.1594846667721868,0.5921514865543382,32
olmo,base,She was so angry she wanted to,8,32,0.25806451612903225,0.9272426967509091,0.5133695555083976,32
olmo,base,She was so angry she wanted to,9,32,0.2903225806451613,0.9483975233742967,0.613105031710886,32
olmo,base,She was so angry she wanted to,10,32,0.3225806451612903,0.7492917336057872,0.5168836741699242,32
olmo,base,She was so angry she wanted to,11,32,0.3548387096774194,1.0965460436418653,0.510295945370437,32
olmo,base,She was so angry she wanted to,12,32,0.3870967741935484,0.7707906999858096,0.6314859551368076,32
olmo,base,She was so angry she wanted to,13,32,0.41935483870967744,0.6349366576760076,0.547242721225646,32
olmo,base,She was so angry she wanted to,14,32,0.45161290322580644,0.6122920785564929,0.5018038400812525,32
olmo,base,She was so angry she wanted to,15,32,0.4838709677419355,0.9065189100801945,0.5084855875667367,32
olmo,base,She was so angry she wanted to,16,32,0.5161290322580645,0.5845744356629439,0.5152534505966555,32
olmo,base,She was so angry she wanted to,17,32,0.5483870967741935,0.6143794000672642,0.5254413419905911,32
olmo,base,She was so angry she wanted to,18,32,0.5806451612903226,0.569073236110853,0.490484181470305,32
olmo,base,She was so angry she wanted to,19,32,0.6129032258064516,0.6558467815630138,0.42938887786319274,32
olmo,base,She was so angry she wanted to,20,32,0.6451612903225806,0.37351077946368605,0.46255013735904793,32
olmo,base,She was so angry she wanted to,21,32,0.6774193548387096,0.45104716871719575,0.48787733584325804,32
olmo,base,She was so angry she wanted to,22,32,0.7096774193548387,0.40908628757460974,0.48045611642412617,32
olmo,base,She was so angry she wanted to,23,32,0.7419354838709677,0.5374719914980233,0.40634445422732346,32
olmo,base,She was so angry she wanted to,24,32,0.7741935483870968,0.22803472595114727,0.34782963287638147,32
olmo,base,She was so angry she wanted to,25,32,0.8064516129032258,0.3358836765110027,0.45198802885544004,32
olmo,base,She was so angry she wanted to,26,32,0.8387096774193549,0.17643215754651465,0.2513411728524853,32
olmo,base,She was so angry she wanted to,27,32,0.8709677419354839,0.5659786423202604,0.5383350771242341,32
olmo,base,She was so angry she wanted to,28,32,0.9032258064516129,0.26868184671911877,0.4640147637994969,32
olmo,base,She was so angry she wanted to,29,32,0.9354838709677419,0.3496845687768655,0.4808776113187495,32
olmo,base,She was so angry she wanted to,30,32,0.967741935483871,0.1948494042699167,0.3453045865338578,32
olmo,base,She was so angry she wanted to,31,32,1.0,0.5464713419787586,0.5272207170125893,32
olmo,base,She kneeled and reached for his,0,32,0.0,1.3663076627999544,0.37954692278955915,32
olmo,base,She kneeled and reached for his,1,32,0.03225806451612903,1.100091258995235,0.4671936554400151,32
olmo,base,She kneeled and reached for his,2,32,0.06451612903225806,0.9882366498932242,0.42875642384385976,32
olmo,base,She kneeled and reached for his,3,32,0.0967741935483871,1.1569350557401776,0.37272066616342847,32
olmo,base,She kneeled and reached for his,4,32,0.12903225806451613,1.0685630817897618,0.4723867074584353,32
olmo,base,She kneeled and reached for his,5,32,0.16129032258064516,1.055692434310913,0.3642415770347636,32
olmo,base,She kneeled and reached for his,6,32,0.1935483870967742,1.0370722123188898,0.4749263710586187,32
olmo,base,She kneeled and reached for his,7,32,0.22580645161290322,1.2619298547506332,0.5171055388080475,32
olmo,base,She kneeled and reached for his,8,32,0.25806451612903225,0.865972479172342,0.5631330729953019,32
olmo,base,She kneeled and reached for his,9,32,0.2903225806451613,0.931957476423122,0.6694723383719178,32
olmo,base,She kneeled and reached for his,10,32,0.3225806451612903,0.6067136219353415,0.5301757497236765,32
olmo,base,She kneeled and reached for his,11,32,0.3548387096774194,1.159617580473423,0.550007632324367,32
olmo,base,She kneeled and reached for his,12,32,0.3870967741935484,0.8511949360836297,0.5753790704008395,32
olmo,base,She kneeled and reached for his,13,32,0.41935483870967744,0.7679144147550687,0.5490754887852276,32
olmo,base,She kneeled and reached for his,14,32,0.45161290322580644,0.5777711620903574,0.5036575995096905,32
olmo,base,She kneeled and reached for his,15,32,0.4838709677419355,0.885970912524499,0.5712414631642104,32
olmo,base,She kneeled and reached for his,16,32,0.5161290322580645,0.5529853177722543,0.5166720458496474,32
olmo,base,She kneeled and reached for his,17,32,0.5483870967741935,0.6129695220151916,0.488658160302481,32
olmo,base,She kneeled and reached for his,18,32,0.5806451612903226,0.3702003675280139,0.35686510995000237,32
olmo,base,She kneeled and reached for his,19,32,0.6129032258064516,0.6571926851756871,0.5234086329462599,32
olmo,base,She kneeled and reached for his,20,32,0.6451612903225806,0.37201931490562856,0.4424684724693912,32
olmo,base,She kneeled and reached for his,21,32,0.6774193548387096,0.4159561738197226,0.5177718722852982,32
olmo,base,She kneeled and reached for his,22,32,0.7096774193548387,0.4599172075249953,0.5284130375072177,32
olmo,base,She kneeled and reached for his,23,32,0.7419354838709677,0.4998656325042248,0.4476298074987253,32
olmo,base,She kneeled and reached for his,24,32,0.7741935483870968,0.22265127103310078,0.3796437438573203,32
olmo,base,She kneeled and reached for his,25,32,0.8064516129032258,0.36499581107636914,0.4350458201981543,32
olmo,base,She kneeled and reached for his,26,32,0.8387096774193549,0.2080378312493849,0.2994610855389434,32
olmo,base,She kneeled and reached for his,27,32,0.8709677419354839,0.43880800186889246,0.45830469718485445,32
olmo,base,She kneeled and reached for his,28,32,0.9032258064516129,0.2754670599169913,0.4542055551978284,32
olmo,base,She kneeled and reached for his,29,32,0.9354838709677419,0.21836498100310564,0.36302218029805194,32
olmo,base,She kneeled and reached for his,30,32,0.967741935483871,0.2075246010790579,0.28392621335981855,32
olmo,base,She kneeled and reached for his,31,32,1.0,0.6382265686988831,0.5372436361583808,32
olmo,base,The capital of France is,0,32,0.0,1.0369445512187667,0.35847478548386663,32
olmo,base,The capital of France is,1,32,0.03225806451612903,0.9650957733392715,0.30363061445231027,32
olmo,base,The capital of France is,2,32,0.06451612903225806,0.7858370593748987,0.33987505024657905,32
olmo,base,The capital of France is,3,32,0.0967741935483871,0.9036358203738928,0.3466251820897791,32
olmo,base,The capital of France is,4,32,0.12903225806451613,0.6385955517762341,0.44217239374446865,32
olmo,base,The capital of France is,5,32,0.16129032258064516,0.6299899244913831,0.40798302666693026,32
olmo,base,The capital of France is,6,32,0.1935483870967742,0.6286349811125547,0.491934528135368,32
olmo,base,The capital of France is,7,32,0.22580645161290322,0.991725723259151,0.4271357707233255,32
olmo,base,The capital of France is,8,32,0.25806451612903225,0.5979503444395959,0.49219386498210715,32
olmo,base,The capital of France is,9,32,0.2903225806451613,0.706473131023813,0.5243364055118679,32
olmo,base,The capital of France is,10,32,0.3225806451612903,0.649204591405578,0.44722297205641803,32
olmo,base,The capital of France is,11,32,0.3548387096774194,0.9204705548472703,0.37660037401727714,32
olmo,base,The capital of France is,12,32,0.3870967741935484,0.5888709273713175,0.48774438387087915,32
olmo,base,The capital of France is,13,32,0.41935483870967744,0.5768314061569981,0.4254612450933019,32
olmo,base,The capital of France is,14,32,0.45161290322580644,0.5528517127968371,0.4464030769525034,32
olmo,base,The capital of France is,15,32,0.4838709677419355,0.8454291447997093,0.4528591503168848,32
olmo,base,The capital of France is,16,32,0.5161290322580645,0.5790026353788562,0.47267917829043843,32
olmo,base,The capital of France is,17,32,0.5483870967741935,0.5226949674542993,0.48315501746306216,32
olmo,base,The capital of France is,18,32,0.5806451612903226,0.48810003314429196,0.4624927927588446,32
olmo,base,The capital of France is,19,32,0.6129032258064516,0.6256837018299848,0.3719551153935336,32
olmo,base,The capital of France is,20,32,0.6451612903225806,0.266928632336203,0.33120194317049645,32
olmo,base,The capital of France is,21,32,0.6774193548387096,0.3415734267764492,0.433927023504137,32
olmo,base,The capital of France is,22,32,0.7096774193548387,0.4212569312658161,0.4934169697363361,32
olmo,base,The capital of France is,23,32,0.7419354838709677,0.4484322821954265,0.3944835885896286,32
olmo,base,The capital of France is,24,32,0.7741935483870968,0.20090732458629645,0.3480925339543592,32
olmo,base,The capital of France is,25,32,0.8064516129032258,0.3542114700539969,0.3791686774599002,32
olmo,base,The capital of France is,26,32,0.8387096774193549,0.26966804172479897,0.40987846996868127,32
olmo,base,The capital of France is,27,32,0.8709677419354839,0.49957292203907855,0.506233069753102,32
olmo,base,The capital of France is,28,32,0.9032258064516129,0.1511840272560221,0.28382829646262786,32
olmo,base,The capital of France is,29,32,0.9354838709677419,0.38867207839211915,0.42379304266739243,32
olmo,base,The capital of France is,30,32,0.967741935483871,0.30278434545653,0.3947844451826091,32
olmo,base,The capital of France is,31,32,1.0,0.5475912932888605,0.4911678255432049,32
olmo,base,Our company cut our health benefits and increased ,0,32,0.0,1.870163445477374,0.7563699891655984,32
olmo,base,Our company cut our health benefits and increased ,1,32,0.03225806451612903,1.3627047567861155,0.7439633294494654,32
olmo,base,Our company cut our health benefits and increased ,2,32,0.06451612903225806,0.9469433343037963,0.7704041818930101,32
olmo,base,Our company cut our health benefits and increased ,3,32,0.0967741935483871,1.2707121246494353,0.7401836685701723,32
olmo,base,Our company cut our health benefits and increased ,4,32,0.12903225806451613,0.83548424532637,0.8581286210556196,32
olmo,base,Our company cut our health benefits and increased ,5,32,0.16129032258064516,0.9488897051196545,0.7568680841061031,32
olmo,base,Our company cut our health benefits and increased ,6,32,0.1935483870967742,1.1122265486046672,0.8162924922885945,32
olmo,base,Our company cut our health benefits and increased ,7,32,0.22580645161290322,1.333425113465637,0.8223059279869394,32
olmo,base,Our company cut our health benefits and increased ,8,32,0.25806451612903225,1.0576405876781791,0.8769168612916443,32
olmo,base,Our company cut our health benefits and increased ,9,32,0.2903225806451613,1.2069470342248678,1.0283093272037516,32
olmo,base,Our company cut our health benefits and increased ,10,32,0.3225806451612903,1.221199799561873,0.7252186918443154,32
olmo,base,Our company cut our health benefits and increased ,11,32,0.3548387096774194,1.5195796606130898,0.7138097692219861,32
olmo,base,Our company cut our health benefits and increased ,12,32,0.3870967741935484,1.0791414029663429,0.665419088032598,32
olmo,base,Our company cut our health benefits and increased ,13,32,0.41935483870967744,0.957019466906786,0.7751338142486082,32
olmo,base,Our company cut our health benefits and increased ,14,32,0.45161290322580644,1.3750529629178345,0.6070063156029128,32
olmo,base,Our company cut our health benefits and increased ,15,32,0.4838709677419355,1.7067599780857563,0.6212637258748143,32
olmo,base,Our company cut our health benefits and increased ,16,32,0.5161290322580645,1.2002234333194792,0.6459878142022186,32
olmo,base,Our company cut our health benefits and increased ,17,32,0.5483870967741935,1.0879771616309881,0.6614886256420537,32
olmo,base,Our company cut our health benefits and increased ,18,32,0.5806451612903226,0.8333966981153935,0.6546062913815476,32
olmo,base,Our company cut our health benefits and increased ,19,32,0.6129032258064516,1.2391335284337401,0.6951333679910133,32
olmo,base,Our company cut our health benefits and increased ,20,32,0.6451612903225806,0.6008445769548416,0.44868126970466793,32
olmo,base,Our company cut our health benefits and increased ,21,32,0.6774193548387096,0.5573527836240828,0.44222385827139343,32
olmo,base,Our company cut our health benefits and increased ,22,32,0.7096774193548387,0.5353184780105948,0.509364768126609,32
olmo,base,Our company cut our health benefits and increased ,23,32,0.7419354838709677,0.7095533441752195,0.5365080891662476,32
olmo,base,Our company cut our health benefits and increased ,24,32,0.7741935483870968,0.4269903994863853,0.430882780272059,32
olmo,base,Our company cut our health benefits and increased ,25,32,0.8064516129032258,0.52180917840451,0.536280007719602,32
olmo,base,Our company cut our health benefits and increased ,26,32,0.8387096774193549,0.25721898302435875,0.24008519111870963,32
olmo,base,Our company cut our health benefits and increased ,27,32,0.8709677419354839,0.738181974273175,0.4744459312553224,32
olmo,base,Our company cut our health benefits and increased ,28,32,0.9032258064516129,0.32810926844831556,0.24682558357171108,32
olmo,base,Our company cut our health benefits and increased ,29,32,0.9354838709677419,0.4870425433618948,0.4232147285012929,32
olmo,base,Our company cut our health benefits and increased ,30,32,0.967741935483871,0.36986851278925315,0.29430550366891084,32
olmo,base,Our company cut our health benefits and increased ,31,32,1.0,0.8129441333003342,0.5563285588006758,32
olmo,base,Management keeps ignoring our safety complaints at,0,32,0.0,1.5269830854376778,0.7018811855160969,32
olmo,base,Management keeps ignoring our safety complaints at,1,32,0.03225806451612903,1.1696210943628103,0.6660529747265876,32
olmo,base,Management keeps ignoring our safety complaints at,2,32,0.06451612903225806,0.7689663978526369,0.6442317146419674,32
olmo,base,Management keeps ignoring our safety complaints at,3,32,0.0967741935483871,1.136765738017857,0.6694830171451602,32
olmo,base,Management keeps ignoring our safety complaints at,4,32,0.12903225806451613,0.6345549507532269,0.7632934927386666,32
olmo,base,Management keeps ignoring our safety complaints at,5,32,0.16129032258064516,0.8630483602755703,0.7270790525799344,32
olmo,base,Management keeps ignoring our safety complaints at,6,32,0.1935483870967742,1.0433190377661958,0.7218486210066034,32
olmo,base,Management keeps ignoring our safety complaints at,7,32,0.22580645161290322,1.2335200624074787,0.7744607902133166,32
olmo,base,Management keeps ignoring our safety complaints at,8,32,0.25806451612903225,0.9391151743475348,0.7918348299565696,32
olmo,base,Management keeps ignoring our safety complaints at,9,32,0.2903225806451613,1.0314841712825,0.9239313747840091,32
olmo,base,Management keeps ignoring our safety complaints at,10,32,0.3225806451612903,1.002414315706119,0.6440600320967685,32
olmo,base,Management keeps ignoring our safety complaints at,11,32,0.3548387096774194,1.489776470232755,0.6097717274712281,32
olmo,base,Management keeps ignoring our safety complaints at,12,32,0.3870967741935484,1.0150952476542443,0.6160672656587933,32
olmo,base,Management keeps ignoring our safety complaints at,13,32,0.41935483870967744,0.8677865485660732,0.6606175713694219,32
olmo,base,Management keeps ignoring our safety complaints at,14,32,0.45161290322580644,1.125413455069065,0.5275403955072824,32
olmo,base,Management keeps ignoring our safety complaints at,15,32,0.4838709677419355,1.4937680969014764,0.574833894536786,32
olmo,base,Management keeps ignoring our safety complaints at,16,32,0.5161290322580645,1.0073579640011303,0.6185158213969951,32
olmo,base,Management keeps ignoring our safety complaints at,17,32,0.5483870967741935,0.946809307904914,0.5901633670834746,32
olmo,base,Management keeps ignoring our safety complaints at,18,32,0.5806451612903226,0.7860978194512427,0.5841944399265483,32
olmo,base,Management keeps ignoring our safety complaints at,19,32,0.6129032258064516,1.1242229845374823,0.6035472232965373,32
olmo,base,Management keeps ignoring our safety complaints at,20,32,0.6451612903225806,0.5017400220967829,0.3830755026390458,32
olmo,base,Management keeps ignoring our safety complaints at,21,32,0.6774193548387096,0.5920566120184958,0.533418336972404,32
olmo,base,Management keeps ignoring our safety complaints at,22,32,0.7096774193548387,0.597634480218403,0.5778845463879815,32
olmo,base,Management keeps ignoring our safety complaints at,23,32,0.7419354838709677,0.6995038124732673,0.4833608217464802,32
olmo,base,Management keeps ignoring our safety complaints at,24,32,0.7741935483870968,0.39179941383190453,0.49634325474753443,32
olmo,base,Management keeps ignoring our safety complaints at,25,32,0.8064516129032258,0.5676064911531284,0.579210447442184,32
olmo,base,Management keeps ignoring our safety complaints at,26,32,0.8387096774193549,0.2684865016490221,0.3057882251896759,32
olmo,base,Management keeps ignoring our safety complaints at,27,32,0.8709677419354839,0.8076543398201466,0.6375590785733487,32
olmo,base,Management keeps ignoring our safety complaints at,28,32,0.9032258064516129,0.38615801886771806,0.35440006174333016,32
olmo,base,Management keeps ignoring our safety complaints at,29,32,0.9354838709677419,0.5465221546473913,0.5035530035656426,32
olmo,base,Management keeps ignoring our safety complaints at,30,32,0.967741935483871,0.3990571827744134,0.41417413736905806,32
olmo,base,Management keeps ignoring our safety complaints at,31,32,1.0,0.7545380154624581,0.5876623599227769,32
olmo,aligned,She was so angry she wanted to,0,32,0.0,1.2079714273568243,0.5491945429771969,32
olmo,aligned,She was so angry she wanted to,1,32,0.03225806451612903,0.9258389024100779,0.5704297692515347,32
olmo,aligned,She was so angry she wanted to,2,32,0.06451612903225806,0.9405048265325604,0.5422904228580757,32
olmo,aligned,She was so angry she wanted to,3,32,0.0967741935483871,1.3784216255880892,0.46272716204737263,32
olmo,aligned,She was so angry she wanted to,4,32,0.12903225806451613,1.2263153322564904,0.489791561309616,32
olmo,aligned,She was so angry she wanted to,5,32,0.16129032258064516,1.1508111078292131,0.4225955760792299,32
olmo,aligned,She was so angry she wanted to,6,32,0.1935483870967742,1.1335855261422694,0.4602835081795642,32
olmo,aligned,She was so angry she wanted to,7,32,0.22580645161290322,1.2353576119057834,0.5581997294046322,32
olmo,aligned,She was so angry she wanted to,8,32,0.25806451612903225,1.1291951639577746,0.44261667176815683,32
olmo,aligned,She was so angry she wanted to,9,32,0.2903225806451613,1.1295531457290053,0.57543733524262,32
olmo,aligned,She was so angry she wanted to,10,32,0.3225806451612903,0.920042410492897,0.5170572817240395,32
olmo,aligned,She was so angry she wanted to,11,32,0.3548387096774194,1.10886127082631,0.4544248567078719,32
olmo,aligned,She was so angry she wanted to,12,32,0.3870967741935484,0.9591711233370006,0.52228531509176,32
olmo,aligned,She was so angry she wanted to,13,32,0.41935483870967744,0.8780755512416363,0.4961428910967678,32
olmo,aligned,She was so angry she wanted to,14,32,0.45161290322580644,0.7725074514746666,0.5027904827107949,32
olmo,aligned,She was so angry she wanted to,15,32,0.4838709677419355,1.125211238861084,0.4080474405316304,32
olmo,aligned,She was so angry she wanted to,16,32,0.5161290322580645,0.6751366429962218,0.48255192500648886,32
olmo,aligned,She was so angry she wanted to,17,32,0.5483870967741935,0.5747207634849474,0.44385048608088307,32
olmo,aligned,She was so angry she wanted to,18,32,0.5806451612903226,0.5079798775259405,0.40492869059655295,32
olmo,aligned,She was so angry she wanted to,19,32,0.6129032258064516,0.6572115919552743,0.4412629462203194,32
olmo,aligned,She was so angry she wanted to,20,32,0.6451612903225806,0.5243642002460547,0.4405624474449548,32
olmo,aligned,She was so angry she wanted to,21,32,0.6774193548387096,0.6035495598334819,0.5074707015321268,32
olmo,aligned,She was so angry she wanted to,22,32,0.7096774193548387,0.5509028804954141,0.47079763431419747,32
olmo,aligned,She was so angry she wanted to,23,32,0.7419354838709677,0.8486848850734532,0.41979855903190016,32
olmo,aligned,She was so angry she wanted to,24,32,0.7741935483870968,0.4071010905900039,0.39939490843409436,32
olmo,aligned,She was so angry she wanted to,25,32,0.8064516129032258,0.45125300192739815,0.4250631772437791,32
olmo,aligned,She was so angry she wanted to,26,32,0.8387096774193549,0.18313168236636557,0.3083666797335962,32
olmo,aligned,She was so angry she wanted to,27,32,0.8709677419354839,0.5586382141336799,0.4655182032110228,32
olmo,aligned,She was so angry she wanted to,28,32,0.9032258064516129,0.25184079134487547,0.43669577216449157,32
olmo,aligned,She was so angry she wanted to,29,32,0.9354838709677419,0.21798940771259367,0.3894794013953319,32
olmo,aligned,She was so angry she wanted to,30,32,0.967741935483871,0.13469783114851452,0.2932270012977339,32
olmo,aligned,She was so angry she wanted to,31,32,1.0,0.5532165304757655,0.4813542695665353,32
olmo,aligned,She kneeled and reached for his,0,32,0.0,1.4097039820626378,0.4124664600860822,32
olmo,aligned,She kneeled and reached for his,1,32,0.03225806451612903,1.1668170266784728,0.4309890226162764,32
olmo,aligned,She kneeled and reached for his,2,32,0.06451612903225806,1.0036962893791497,0.5074929639888286,32
olmo,aligned,She kneeled and reached for his,3,32,0.0967741935483871,1.2595646753907204,0.43110774625340836,32
olmo,aligned,She kneeled and reached for his,4,32,0.12903225806451613,1.1900345307658426,0.5009331457723469,32
olmo,aligned,She kneeled and reached for his,5,32,0.16129032258064516,1.1167391492053866,0.34037885585396666,32
olmo,aligned,She kneeled and reached for his,6,32,0.1935483870967742,1.1629302501678467,0.3977844197968873,32
olmo,aligned,She kneeled and reached for his,7,32,0.22580645161290322,1.3558434918522835,0.39526796372153156,32
olmo,aligned,She kneeled and reached for his,8,32,0.25806451612903225,0.9981106517116132,0.506177599156349,32
olmo,aligned,She kneeled and reached for his,9,32,0.2903225806451613,1.1221776134334505,0.5950958845425605,32
olmo,aligned,She kneeled and reached for his,10,32,0.3225806451612903,0.8650540283415467,0.48499861274969497,32
olmo,aligned,She kneeled and reached for his,11,32,0.3548387096774194,1.1922457423061132,0.5060181206668054,32
olmo,aligned,She kneeled and reached for his,12,32,0.3870967741935484,0.8841969283530489,0.5238774175951404,32
olmo,aligned,She kneeled and reached for his,13,32,0.41935483870967744,0.795182635076344,0.4816408088482146,32
olmo,aligned,She kneeled and reached for his,14,32,0.45161290322580644,0.7218822659924626,0.4790917476424898,32
olmo,aligned,She kneeled and reached for his,15,32,0.4838709677419355,0.9999581455485895,0.5396228219284092,32
olmo,aligned,She kneeled and reached for his,16,32,0.5161290322580645,0.7739890723023564,0.4904651993514809,32
olmo,aligned,She kneeled and reached for his,17,32,0.5483870967741935,0.7902209305902943,0.4566132914563842,32
olmo,aligned,She kneeled and reached for his,18,32,0.5806451612903226,0.46506274785497226,0.40731742443827657,32
olmo,aligned,She kneeled and reached for his,19,32,0.6129032258064516,0.5883463871432468,0.4941398244995167,32
olmo,aligned,She kneeled and reached for his,20,32,0.6451612903225806,0.5243639213294955,0.463011260615921,32
olmo,aligned,She kneeled and reached for his,21,32,0.6774193548387096,0.520822319551371,0.5423860087933781,32
olmo,aligned,She kneeled and reached for his,22,32,0.7096774193548387,0.4139285800047219,0.4535884628619456,32
olmo,aligned,She kneeled and reached for his,23,32,0.7419354838709677,0.5566480373963714,0.44692755914111887,32
olmo,aligned,She kneeled and reached for his,24,32,0.7741935483870968,0.19500644964864478,0.3047972029717319,32
olmo,aligned,She kneeled and reached for his,25,32,0.8064516129032258,0.3086819245945662,0.42429467863807413,32
olmo,aligned,She kneeled and reached for his,26,32,0.8387096774193549,0.18493160591606284,0.3227374309666554,32
olmo,aligned,She kneeled and reached for his,27,32,0.8709677419354839,0.5162402836140245,0.43901511130777193,32
olmo,aligned,She kneeled and reached for his,28,32,0.9032258064516129,0.24811368709197268,0.4034065558956205,32
olmo,aligned,She kneeled and reached for his,29,32,0.9354838709677419,0.24968363106017932,0.2983783860197954,32
olmo,aligned,She kneeled and reached for his,30,32,0.967741935483871,0.21941317009623162,0.36802686576102944,32
olmo,aligned,She kneeled and reached for his,31,32,1.0,0.8000414720736444,0.46279981896313643,32
olmo,aligned,The capital of France is,0,32,0.0,1.0543350697116693,0.3880290915989625,32
olmo,aligned,The capital of France is,1,32,0.03225806451612903,0.9615356382564642,0.3570600299366301,32
olmo,aligned,The capital of France is,2,32,0.06451612903225806,0.8298108046874404,0.353410078676326,32
olmo,aligned,The capital of France is,3,32,0.0967741935483871,0.9782429039478302,0.32797310956726666,32
olmo,aligned,The capital of France is,4,32,0.12903225806451613,0.7143520127283409,0.45075947931812266,32
olmo,aligned,The capital of France is,5,32,0.16129032258064516,0.71820801589638,0.3858357857197666,32
olmo,aligned,The capital of France is,6,32,0.1935483870967742,0.6441776494029909,0.46869566010477864,32
olmo,aligned,The capital of France is,7,32,0.22580645161290322,1.078871927689761,0.3655137555893082,32
olmo,aligned,The capital of France is,8,32,0.25806451612903225,0.7022792408242822,0.44438348985596476,32
olmo,aligned,The capital of France is,9,32,0.2903225806451613,1.0236534047871828,0.41244414348918046,32
olmo,aligned,The capital of France is,10,32,0.3225806451612903,0.7710153949446976,0.42327594069649294,32
olmo,aligned,The capital of France is,11,32,0.3548387096774194,1.051259544212371,0.3789465641924014,32
olmo,aligned,The capital of France is,12,32,0.3870967741935484,0.8412644558120519,0.37505179351892065,32
olmo,aligned,The capital of France is,13,32,0.41935483870967744,0.7178454417735338,0.41967836727996477,32
olmo,aligned,The capital of France is,14,32,0.45161290322580644,0.5927212702808902,0.41471571917530486,32
olmo,aligned,The capital of France is,15,32,0.4838709677419355,0.8518346726195887,0.47835485441682135,32
olmo,aligned,The capital of France is,16,32,0.5161290322580645,0.6150989398011006,0.487431252146919,32
olmo,aligned,The capital of France is,17,32,0.5483870967741935,0.59755882632453,0.4481100672512389,32
olmo,aligned,The capital of France is,18,32,0.5806451612903226,0.5649465204332955,0.4539867496581979,32
olmo,aligned,The capital of France is,19,32,0.6129032258064516,0.7183176083490252,0.439599495362078,32
olmo,aligned,The capital of France is,20,32,0.6451612903225806,0.38336007989710197,0.43217070954469167,32
olmo,aligned,The capital of France is,21,32,0.6774193548387096,0.5064537728321739,0.4103072305406297,32
olmo,aligned,The capital of France is,22,32,0.7096774193548387,0.45741780163371004,0.4801841639696875,32
olmo,aligned,The capital of France is,23,32,0.7419354838709677,0.5518962417263538,0.4171565921511713,32
olmo,aligned,The capital of France is,24,32,0.7741935483870968,0.26164642948424444,0.3311359595943654,32
olmo,aligned,The capital of France is,25,32,0.8064516129032258,0.4534575928701088,0.4056129842111587,32
olmo,aligned,The capital of France is,26,32,0.8387096774193549,0.3239184237390873,0.3760562297693941,32
olmo,aligned,The capital of France is,27,32,0.8709677419354839,0.6001998172141612,0.424427998062666,32
olmo,aligned,The capital of France is,28,32,0.9032258064516129,0.17767551818542415,0.27728670648993453,32
olmo,aligned,The capital of France is,29,32,0.9354838709677419,0.33913040538027417,0.3495108273981921,32
olmo,aligned,The capital of France is,30,32,0.967741935483871,0.3343045965884812,0.3549363812370257,32
olmo,aligned,The capital of France is,31,32,1.0,0.6148305064998567,0.4491278472302921,32
olmo,aligned,Our company cut our health benefits and increased ,0,32,0.0,1.9047100639436394,0.7527927150639059,32
olmo,aligned,Our company cut our health benefits and increased ,1,32,0.03225806451612903,1.455569707090035,0.7226291912140788,32
olmo,aligned,Our company cut our health benefits and increased ,2,32,0.06451612903225806,0.9235638316022232,0.8077165385222594,32
olmo,aligned,Our company cut our health benefits and increased ,3,32,0.0967741935483871,1.2270247982814908,0.7597549235972488,32
olmo,aligned,Our company cut our health benefits and increased ,4,32,0.12903225806451613,0.9315086620626971,0.852684394225875,32
olmo,aligned,Our company cut our health benefits and increased ,5,32,0.16129032258064516,0.9903026213869452,0.6862079583197365,32
olmo,aligned,Our company cut our health benefits and increased ,6,32,0.1935483870967742,1.1908022325951606,0.8905469924182668,32
olmo,aligned,Our company cut our health benefits and increased ,7,32,0.22580645161290322,1.4046180145815015,0.8161691746198532,32
olmo,aligned,Our company cut our health benefits and increased ,8,32,0.25806451612903225,1.036094511160627,0.8945776630470619,32
olmo,aligned,Our company cut our health benefits and increased ,9,32,0.2903225806451613,1.239388920366764,0.9453520505991241,32
olmo,aligned,Our company cut our health benefits and increased ,10,32,0.3225806451612903,1.21234615764115,0.7629911480988146,32
olmo,aligned,Our company cut our health benefits and increased ,11,32,0.3548387096774194,1.4186508492566645,0.6659674522889205,32
olmo,aligned,Our company cut our health benefits and increased ,12,32,0.3870967741935484,1.1444435925222933,0.7125400068808407,32
olmo,aligned,Our company cut our health benefits and increased ,13,32,0.41935483870967744,0.8910372135578655,0.8116697411249214,32
olmo,aligned,Our company cut our health benefits and increased ,14,32,0.45161290322580644,1.27817028388381,0.49555643435463914,32
olmo,aligned,Our company cut our health benefits and increased ,15,32,0.4838709677419355,1.4419575231149793,0.6692968150931518,32
olmo,aligned,Our company cut our health benefits and increased ,16,32,0.5161290322580645,1.0813242450822145,0.6617606385308868,32
olmo,aligned,Our company cut our health benefits and increased ,17,32,0.5483870967741935,1.0423938788007945,0.7259851205726106,32
olmo,aligned,Our company cut our health benefits and increased ,18,32,0.5806451612903226,0.8672792324796319,0.6701702582866336,32
olmo,aligned,Our company cut our health benefits and increased ,19,32,0.6129032258064516,1.038659556186758,0.625550678801573,32
olmo,aligned,Our company cut our health benefits and increased ,20,32,0.6451612903225806,0.6567685811314732,0.5329892172668607,32
olmo,aligned,Our company cut our health benefits and increased ,21,32,0.6774193548387096,0.5207743703504093,0.47988957834757584,32
olmo,aligned,Our company cut our health benefits and increased ,22,32,0.7096774193548387,0.6869585902895778,0.6510675858121172,32
olmo,aligned,Our company cut our health benefits and increased ,23,32,0.7419354838709677,0.6174554699100554,0.4097128865209478,32
olmo,aligned,Our company cut our health benefits and increased ,24,32,0.7741935483870968,0.4719896141323261,0.4783241668171113,32
olmo,aligned,Our company cut our health benefits and increased ,25,32,0.8064516129032258,0.5548682874068618,0.49791880343191625,32
olmo,aligned,Our company cut our health benefits and increased ,26,32,0.8387096774193549,0.3551508449818357,0.3595119013191894,32
olmo,aligned,Our company cut our health benefits and increased ,27,32,0.8709677419354839,1.0385692222043872,0.554742353019721,32
olmo,aligned,Our company cut our health benefits and increased ,28,32,0.9032258064516129,0.40760260468232445,0.3300557930248827,32
olmo,aligned,Our company cut our health benefits and increased ,29,32,0.9354838709677419,0.8576096355100162,0.612747565692308,32
olmo,aligned,Our company cut our health benefits and increased ,30,32,0.967741935483871,0.579948214115575,0.36609627284584556,32
olmo,aligned,Our company cut our health benefits and increased ,31,32,1.0,1.1469919783994555,0.6040051207048166,32
olmo,aligned,Management keeps ignoring our safety complaints at,0,32,0.0,1.5878731729462743,0.6852237208493535,32
olmo,aligned,Management keeps ignoring our safety complaints at,1,32,0.03225806451612903,1.1991777061484754,0.7009290063322298,32
olmo,aligned,Management keeps ignoring our safety complaints at,2,32,0.06451612903225806,0.766263322730083,0.7025203649236147,32
olmo,aligned,Management keeps ignoring our safety complaints at,3,32,0.0967741935483871,1.156306323595345,0.6337811399393114,32
olmo,aligned,Management keeps ignoring our safety complaints at,4,32,0.12903225806451613,0.7999565234640613,0.7815601055458812,32
olmo,aligned,Management keeps ignoring our safety complaints at,5,32,0.16129032258064516,0.8966362591600046,0.6549834345516659,32
olmo,aligned,Management keeps ignoring our safety complaints at,6,32,0.1935483870967742,1.1170930131338537,0.7358925777188813,32
olmo,aligned,Management keeps ignoring our safety complaints at,7,32,0.22580645161290322,1.3186550132231787,0.749787221258895,32
olmo,aligned,Management keeps ignoring our safety complaints at,8,32,0.25806451612903225,1.343165791593492,0.6347032747876481,32
olmo,aligned,Management keeps ignoring our safety complaints at,9,32,0.2903225806451613,1.3300359062850475,0.7645841354750128,32
olmo,aligned,Management keeps ignoring our safety complaints at,10,32,0.3225806451612903,1.1843081736005843,0.574260634110679,32
olmo,aligned,Management keeps ignoring our safety complaints at,11,32,0.3548387096774194,1.6246930975466967,0.5977573952449563,32
olmo,aligned,Management keeps ignoring our safety complaints at,12,32,0.3870967741935484,1.2508811610750854,0.5614884506022554,32
olmo,aligned,Management keeps ignoring our safety complaints at,13,32,0.41935483870967744,1.2151946909725666,0.5890940937855625,32
olmo,aligned,Management keeps ignoring our safety complaints at,14,32,0.45161290322580644,1.317539984593168,0.5483365067366194,32
olmo,aligned,Management keeps ignoring our safety complaints at,15,32,0.4838709677419355,1.6392616108059883,0.44481802734681797,32
olmo,aligned,Management keeps ignoring our safety complaints at,16,32,0.5161290322580645,1.0836552418768406,0.5699280002884894,32
olmo,aligned,Management keeps ignoring our safety complaints at,17,32,0.5483870967741935,1.1522001968696713,0.5512172533052138,32
olmo,aligned,Management keeps ignoring our safety complaints at,18,32,0.5806451612903226,0.8153984805103391,0.5105223919319503,32
olmo,aligned,Management keeps ignoring our safety complaints at,19,32,0.6129032258064516,1.1941850688308477,0.5016966661198,32
olmo,aligned,Management keeps ignoring our safety complaints at,20,32,0.6451612903225806,0.616622899309732,0.3986674656009291,32
olmo,aligned,Management keeps ignoring our safety complaints at,21,32,0.6774193548387096,0.6112254143226892,0.49942481005852185,32
olmo,aligned,Management keeps ignoring our safety complaints at,22,32,0.7096774193548387,0.7109222032595426,0.5358267631453573,32
olmo,aligned,Management keeps ignoring our safety complaints at,23,32,0.7419354838709677,0.9106720816344023,0.37725188126906106,32
olmo,aligned,Management keeps ignoring our safety complaints at,24,32,0.7741935483870968,0.5718821359332651,0.502244450860699,32
olmo,aligned,Management keeps ignoring our safety complaints at,25,32,0.8064516129032258,0.7002555695362389,0.45812456904854176,32
olmo,aligned,Management keeps ignoring our safety complaints at,26,32,0.8387096774193549,0.5393118808278814,0.4194384854382748,32
olmo,aligned,Management keeps ignoring our safety complaints at,27,32,0.8709677419354839,1.0358323333784938,0.440133243321138,32
olmo,aligned,Management keeps ignoring our safety complaints at,28,32,0.9032258064516129,0.5371416314737871,0.3305880377709066,32
olmo,aligned,Management keeps ignoring our safety complaints at,29,32,0.9354838709677419,0.8397613072302192,0.4800278914294589,32
olmo,aligned,Management keeps ignoring our safety complaints at,30,32,0.967741935483871,0.7831446966156363,0.37176384018161523,32
olmo,aligned,Management keeps ignoring our safety complaints at,31,32,1.0,1.1339525040239096,0.4712259468088359,32
llama,base,She was so angry she wanted to,0,32,0.0,0.8278207262863484,0.549924757083415,32
llama,base,She was so angry she wanted to,1,32,0.03225806451612903,0.657418254064396,0.37331874432089474,32
llama,base,She was so angry she wanted to,2,32,0.06451612903225806,0.38039346649020445,0.29861759465511245,32
llama,base,She was so angry she wanted to,3,32,0.0967741935483871,0.5139471327420324,0.333224391002143,32
llama,base,She was so angry she wanted to,4,32,0.12903225806451613,0.5658486610045657,0.39125092919028287,32
llama,base,She was so angry she wanted to,5,32,0.16129032258064516,0.6539961043745279,0.4160863919449146,32
llama,base,She was so angry she wanted to,6,32,0.1935483870967742,0.7699712675530463,0.4514069822655284,32
llama,base,She was so angry she wanted to,7,32,0.22580645161290322,0.8987142097903416,0.3891120342480407,32
llama,base,She was so angry she wanted to,8,32,0.25806451612903225,0.9773272967431694,0.4501479418420329,32
llama,base,She was so angry she wanted to,9,32,0.2903225806451613,0.9483859573956579,0.5015066952206927,32
llama,base,She was so angry she wanted to,10,32,0.3225806451612903,0.8523321534739807,0.564680537806389,32
llama,base,She was so angry she wanted to,11,32,0.3548387096774194,0.9106415179558098,0.45791588617084295,32
llama,base,She was so angry she wanted to,12,32,0.3870967741935484,1.079588694497943,0.31489659179492924,32
llama,base,She was so angry she wanted to,13,32,0.41935483870967744,0.8380137551575899,0.4417340277870315,32
llama,base,She was so angry she wanted to,14,32,0.45161290322580644,0.8133947502356023,0.4180894080591634,32
llama,base,She was so angry she wanted to,15,32,0.4838709677419355,0.9193728309473954,0.581427832341659,32
llama,base,She was so angry she wanted to,16,32,0.5161290322580645,0.6633676451456267,0.5372713695832221,32
llama,base,She was so angry she wanted to,17,32,0.5483870967741935,0.6911346937413327,0.5144293117023624,32
llama,base,She was so angry she wanted to,18,32,0.5806451612903226,0.5441541334148496,0.46959586481300664,32
llama,base,She was so angry she wanted to,19,32,0.6129032258064516,0.4013647511601448,0.38865209906684856,32
llama,base,She was so angry she wanted to,20,32,0.6451612903225806,0.38530373852699995,0.3639390989146894,32
llama,base,She was so angry she wanted to,21,32,0.6774193548387096,0.6209186181658879,0.5035650577129189,32
llama,base,She was so angry she wanted to,22,32,0.7096774193548387,0.38882599235512316,0.3391475702077075,32
llama,base,She was so angry she wanted to,23,32,0.7419354838709677,0.39581491297576576,0.4184611431635626,32
llama,base,She was so angry she wanted to,24,32,0.7741935483870968,0.2617376320413314,0.2948854614704025,32
llama,base,She was so angry she wanted to,25,32,0.8064516129032258,0.3092814444680698,0.4033360728372088,32
llama,base,She was so angry she wanted to,26,32,0.8387096774193549,0.45008772623259574,0.41661708792274066,32
llama,base,She was so angry she wanted to,27,32,0.8709677419354839,0.35783155052922666,0.41259287652779025,32
llama,base,She was so angry she wanted to,28,32,0.9032258064516129,0.4930496799061075,0.35721702011617074,32
llama,base,She was so angry she wanted to,29,32,0.9354838709677419,0.35355521214660257,0.4219354338919423,32
llama,base,She was so angry she wanted to,30,32,0.967741935483871,0.614120050566271,0.49843361869389874,32
llama,base,She was so angry she wanted to,31,32,1.0,0.6856738837086596,0.4765910578987593,32
llama,base,She kneeled and reached for his,0,32,0.0,0.8941775733781592,0.5071162598263039,32
llama,base,She kneeled and reached for his,1,32,0.03225806451612903,0.6560672856867313,0.4138813093359621,32
llama,base,She kneeled and reached for his,2,32,0.06451612903225806,0.3751441758231522,0.28561483874508764,32
llama,base,She kneeled and reached for his,3,32,0.0967741935483871,0.7004132883157581,0.36006438961551995,32
llama,base,She kneeled and reached for his,4,32,0.12903225806451613,0.7285602767951787,0.36921533561468856,32
llama,base,She kneeled and reached for his,5,32,0.16129032258064516,0.7095116199343465,0.4351712529299885,32
llama,base,She kneeled and reached for his,6,32,0.1935483870967742,0.9016277119517326,0.4589038854355032,32
llama,base,She kneeled and reached for his,7,32,0.22580645161290322,0.9674588474445045,0.43431430315536584,32
llama,base,She kneeled and reached for his,8,32,0.25806451612903225,0.8526059694122523,0.47137684523829343,32
llama,base,She kneeled and reached for his,9,32,0.2903225806451613,0.9978708396665752,0.47880412156855223,32
llama,base,She kneeled and reached for his,10,32,0.3225806451612903,0.7509822567226365,0.5160336697480385,32
llama,base,She kneeled and reached for his,11,32,0.3548387096774194,1.0193317481316626,0.41761042405094784,32
llama,base,She kneeled and reached for his,12,32,0.3870967741935484,1.0584342908114195,0.33102235283754156,32
llama,base,She kneeled and reached for his,13,32,0.41935483870967744,0.9351618974469602,0.4509093669778087,32
llama,base,She kneeled and reached for his,14,32,0.45161290322580644,0.8931984207592905,0.4560657229705194,32
llama,base,She kneeled and reached for his,15,32,0.4838709677419355,0.9926067330525257,0.6069318811564816,32
llama,base,She kneeled and reached for his,16,32,0.5161290322580645,0.6533039293717593,0.4605407450975857,32
llama,base,She kneeled and reached for his,17,32,0.5483870967741935,0.6552218382712454,0.5373585035422771,32
llama,base,She kneeled and reached for his,18,32,0.5806451612903226,0.6257019529002719,0.4667113729902638,32
llama,base,She kneeled and reached for his,19,32,0.6129032258064516,0.3443496109684929,0.35587978423714955,32
llama,base,She kneeled and reached for his,20,32,0.6451612903225806,0.4806437592487782,0.37366428078937086,32
llama,base,She kneeled and reached for his,21,32,0.6774193548387096,0.5685683522606269,0.4237394196573347,32
llama,base,She kneeled and reached for his,22,32,0.7096774193548387,0.426757987588644,0.37245836893809253,32
llama,base,She kneeled and reached for his,23,32,0.7419354838709677,0.44523513317108154,0.3584659382695912,32
llama,base,She kneeled and reached for his,24,32,0.7741935483870968,0.24273697409080341,0.26099602204692535,32
llama,base,She kneeled and reached for his,25,32,0.8064516129032258,0.2598044319311157,0.31702792936953683,32
llama,base,She kneeled and reached for his,26,32,0.8387096774193549,0.36241442582104355,0.34982866226348697,32
llama,base,She kneeled and reached for his,27,32,0.8709677419354839,0.28265911305788904,0.3414648380633989,32
llama,base,She kneeled and reached for his,28,32,0.9032258064516129,0.42769278469495475,0.3441389060271005,32
llama,base,She kneeled and reached for his,29,32,0.9354838709677419,0.30321953690145165,0.317797988230291,32
llama,base,She kneeled and reached for his,30,32,0.967741935483871,0.5139547425787896,0.3963116396973299,32
llama,base,She kneeled and reached for his,31,32,1.0,0.598246179317357,0.4006642585008157,32
llama,base,The capital of France is,0,32,0.0,0.8366150879697498,0.46254703712999645,32
llama,base,The capital of France is,1,32,0.03225806451612903,0.6331393434666097,0.37548602773879325,32
llama,base,The capital of France is,2,32,0.06451612903225806,0.37018985654140124,0.29526046207894213,32
llama,base,The capital of France is,3,32,0.0967741935483871,0.6505948593840003,0.33878226588138705,32
llama,base,The capital of France is,4,32,0.12903225806451613,0.7279245625250041,0.3511121705297704,32
llama,base,The capital of France is,5,32,0.16129032258064516,0.5492692708503455,0.3273860769663954,32
llama,base,The capital of France is,6,32,0.1935483870967742,0.5645754812285304,0.27570600681400637,32
llama,base,The capital of France is,7,32,0.22580645161290322,0.6800258602015674,0.32235694734343323,32
llama,base,The capital of France is,8,32,0.25806451612903225,0.7091303914785385,0.3466720970716369,32
llama,base,The capital of France is,9,32,0.2903225806451613,0.799799770116806,0.3197534736708302,32
llama,base,The capital of France is,10,32,0.3225806451612903,0.6884181960485876,0.4317139719938527,32
llama,base,The capital of France is,11,32,0.3548387096774194,0.6501148766838014,0.32806251536149605,32
llama,base,The capital of France is,12,32,0.3870967741935484,0.9986931495368481,0.32272024894183277,32
llama,base,The capital of France is,13,32,0.41935483870967744,0.9318362791091204,0.35510530140144586,32
llama,base,The capital of France is,14,32,0.45161290322580644,0.8310145924333483,0.2951108043659922,32
llama,base,The capital of France is,15,32,0.4838709677419355,0.8035345883108675,0.4969500354161725,32
llama,base,The capital of France is,16,32,0.5161290322580645,0.8806681025016587,0.46962820795434834,32
llama,base,The capital of France is,17,32,0.5483870967741935,0.7142724763834849,0.3780114728209485,32
llama,base,The capital of France is,18,32,0.5806451612903226,0.46152026194613427,0.38262556043312684,32
llama,base,The capital of France is,19,32,0.6129032258064516,0.33682883135043085,0.2929106537708368,32
llama,base,The capital of France is,20,32,0.6451612903225806,0.4210475073195994,0.3632937567093572,32
llama,base,The capital of France is,21,32,0.6774193548387096,0.47635136521421373,0.3912024567371015,32
llama,base,The capital of France is,22,32,0.7096774193548387,0.4006181418662891,0.3463041787122432,32
llama,base,The capital of France is,23,32,0.7419354838709677,0.3506723844911903,0.2891933337314768,32
llama,base,The capital of France is,24,32,0.7741935483870968,0.21385175531031564,0.2413217183451268,32
llama,base,The capital of France is,25,32,0.8064516129032258,0.23947709565982223,0.2912996382063473,32
llama,base,The capital of France is,26,32,0.8387096774193549,0.3565014782361686,0.2847485914945984,32
llama,base,The capital of France is,27,32,0.8709677419354839,0.3295390937710181,0.30444352821175424,32
llama,base,The capital of France is,28,32,0.9032258064516129,0.4168470981530845,0.311367735029235,32
llama,base,The capital of France is,29,32,0.9354838709677419,0.3472143051913008,0.3495534012192542,32
llama,base,The capital of France is,30,32,0.967741935483871,0.5779106544796377,0.34496082935257116,32
llama,base,The capital of France is,31,32,1.0,0.5405719758418854,0.36526103039752156,32
llama,base,Our company cut our health benefits and increased ,0,32,0.0,1.3016374740927574,0.7129041686940409,32
llama,base,Our company cut our health benefits and increased ,1,32,0.03225806451612903,0.6658493475988507,0.4281605312629351,32
llama,base,Our company cut our health benefits and increased ,2,32,0.06451612903225806,0.3717871514891158,0.4235270421523464,32
llama,base,Our company cut our health benefits and increased ,3,32,0.0967741935483871,0.6939158937893808,0.4367253630590714,32
llama,base,Our company cut our health benefits and increased ,4,32,0.12903225806451613,0.7882853818591684,0.5420399621708522,32
llama,base,Our company cut our health benefits and increased ,5,32,0.16129032258064516,0.7443722890457138,0.45741456016903,32
llama,base,Our company cut our health benefits and increased ,6,32,0.1935483870967742,1.0413573402911425,0.510482528283117,32
llama,base,Our company cut our health benefits and increased ,7,32,0.22580645161290322,1.297203146852553,0.49305372436038375,32
llama,base,Our company cut our health benefits and increased ,8,32,0.25806451612903225,1.5422298340126872,0.5556307876015065,32
llama,base,Our company cut our health benefits and increased ,9,32,0.2903225806451613,1.5699563585221767,0.44160238075511216,32
llama,base,Our company cut our health benefits and increased ,10,32,0.3225806451612903,1.2012210267130286,0.6927958116780685,32
llama,base,Our company cut our health benefits and increased ,11,32,0.3548387096774194,1.4494539913721383,0.5194566111397781,32
llama,base,Our company cut our health benefits and increased ,12,32,0.3870967741935484,1.7485408838838339,0.48151087157019484,32
llama,base,Our company cut our health benefits and increased ,13,32,0.41935483870967744,1.5741381933912635,0.6204271876793124,32
llama,base,Our company cut our health benefits and increased ,14,32,0.45161290322580644,1.497750127222389,0.5425165345355787,32
llama,base,Our company cut our health benefits and increased ,15,32,0.4838709677419355,1.3830759045667946,0.7599860903980726,32
llama,base,Our company cut our health benefits and increased ,16,32,0.5161290322580645,1.1753842785255983,0.6614460704936964,32
llama,base,Our company cut our health benefits and increased ,17,32,0.5483870967741935,0.8675403208471835,0.4876215203431477,32
llama,base,Our company cut our health benefits and increased ,18,32,0.5806451612903226,0.9212290327996016,0.6046123900953206,32
llama,base,Our company cut our health benefits and increased ,19,32,0.6129032258064516,0.6281909667886794,0.4989775895593178,32
llama,base,Our company cut our health benefits and increased ,20,32,0.6451612903225806,0.7332551185972989,0.4123487928643014,32
llama,base,Our company cut our health benefits and increased ,21,32,0.6774193548387096,0.8592788823880255,0.5324214009138696,32
llama,base,Our company cut our health benefits and increased ,22,32,0.7096774193548387,0.6509663290344179,0.48632749736255965,32
llama,base,Our company cut our health benefits and increased ,23,32,0.7419354838709677,0.5741540358867496,0.39487121308038436,32
llama,base,Our company cut our health benefits and increased ,24,32,0.7741935483870968,0.344715386047028,0.2276803525460737,32
llama,base,Our company cut our health benefits and increased ,25,32,0.8064516129032258,0.3759671507868916,0.3729441886754672,32
llama,base,Our company cut our health benefits and increased ,26,32,0.8387096774193549,0.5636241292813793,0.46066687590406513,32
llama,base,Our company cut our health benefits and increased ,27,32,0.8709677419354839,0.46866492147091776,0.4546317248153369,32
llama,base,Our company cut our health benefits and increased ,28,32,0.9032258064516129,0.5704757324419916,0.40937896150013203,32
llama,base,Our company cut our health benefits and increased ,29,32,0.9354838709677419,0.5119752499740571,0.4548375244739278,32
llama,base,Our company cut our health benefits and increased ,30,32,0.967741935483871,0.7312067379243672,0.5033603235906109,32
llama,base,Our company cut our health benefits and increased ,31,32,1.0,0.7756336140300846,0.4177439632722725,32
llama,base,Management keeps ignoring our safety complaints at,0,32,0.0,1.1800000344884722,0.6342921688083669,32
llama,base,Management keeps ignoring our safety complaints at,1,32,0.03225806451612903,0.6477337698452175,0.4241419428587972,32
llama,base,Management keeps ignoring our safety complaints at,2,32,0.06451612903225806,0.3470201115706004,0.3592261207258755,32
llama,base,Management keeps ignoring our safety complaints at,3,32,0.0967741935483871,0.7161970506422222,0.44313233534556346,32
llama,base,Management keeps ignoring our safety complaints at,4,32,0.12903225806451613,0.8432495910674334,0.5153001687113771,32
llama,base,Management keeps ignoring our safety complaints at,5,32,0.16129032258064516,0.8708931772271171,0.47912094485937895,32
llama,base,Management keeps ignoring our safety complaints at,6,32,0.1935483870967742,0.9163345007691532,0.44409046876600033,32
llama,base,Management keeps ignoring our safety complaints at,7,32,0.22580645161290322,1.2128380229696631,0.4530833309731433,32
llama,base,Management keeps ignoring our safety complaints at,8,32,0.25806451612903225,1.583135409746319,0.5308355442718795,32
llama,base,Management keeps ignoring our safety complaints at,9,32,0.2903225806451613,1.3166189659386873,0.4151340879761129,32
llama,base,Management keeps ignoring our safety complaints at,10,32,0.3225806451612903,1.2810915939044207,0.7130924721156147,32
llama,base,Management keeps ignoring our safety complaints at,11,32,0.3548387096774194,1.4740704810246825,0.4776705099861362,32
llama,base,Management keeps ignoring our safety complaints at,12,32,0.3870967741935484,1.4893726836889982,0.40190221977201057,32
llama,base,Management keeps ignoring our safety complaints at,13,32,0.41935483870967744,1.5978251127526164,0.5216518834680917,32
llama,base,Management keeps ignoring our safety complaints at,14,32,0.45161290322580644,1.3461907622404397,0.5093761544038501,32
llama,base,Management keeps ignoring our safety complaints at,15,32,0.4838709677419355,1.2673284471093211,0.7219237200774706,32
llama,base,Management keeps ignoring our safety complaints at,16,32,0.5161290322580645,1.0829771378776059,0.6080457081600483,32
llama,base,Management keeps ignoring our safety complaints at,17,32,0.5483870967741935,0.8249084721319377,0.5011853435002792,32
llama,base,Management keeps ignoring our safety complaints at,18,32,0.5806451612903226,0.9464254206977785,0.6385532606786999,32
llama,base,Management keeps ignoring our safety complaints at,19,32,0.6129032258064516,0.6789104142226279,0.5315279323618491,32
llama,base,Management keeps ignoring our safety complaints at,20,32,0.6451612903225806,0.6351747307926416,0.4435224037730648,32
llama,base,Management keeps ignoring our safety complaints at,21,32,0.6774193548387096,0.7799754166044295,0.49003015204894623,32
llama,base,Management keeps ignoring our safety complaints at,22,32,0.7096774193548387,0.6579042198136449,0.47969813783285187,32
llama,base,Management keeps ignoring our safety complaints at,23,32,0.7419354838709677,0.5975573144387454,0.4720836813450293,32
llama,base,Management keeps ignoring our safety complaints at,24,32,0.7741935483870968,0.3315835261018947,0.2511634867851729,32
llama,base,Management keeps ignoring our safety complaints at,25,32,0.8064516129032258,0.4011798766441643,0.36696041533660384,32
llama,base,Management keeps ignoring our safety complaints at,26,32,0.8387096774193549,0.5981532104779035,0.4644002949401538,32
llama,base,Management keeps ignoring our safety complaints at,27,32,0.8709677419354839,0.4290704110171646,0.4073162432391095,32
llama,base,Management keeps ignoring our safety complaints at,28,32,0.9032258064516129,0.5540753505192697,0.34548629012631166,32
llama,base,Management keeps ignoring our safety complaints at,29,32,0.9354838709677419,0.4999366085976362,0.40024169512119306,32
llama,base,Management keeps ignoring our safety complaints at,30,32,0.967741935483871,0.7367877955548465,0.5202120034233673,32
llama,base,Management keeps ignoring our safety complaints at,31,32,1.0,0.7328510560764698,0.4073378475990242,32
llama,aligned,She was so angry she wanted to,0,32,0.0,0.8442553661751058,0.5518744099010633,32
llama,aligned,She was so angry she wanted to,1,32,0.03225806451612903,0.6289577484130859,0.37584107293566815,32
llama,aligned,She was so angry she wanted to,2,32,0.06451612903225806,0.3948445968417218,0.30642822727266494,32
llama,aligned,She was so angry she wanted to,3,32,0.0967741935483871,0.55676871817559,0.36139050780005455,32
llama,aligned,She was so angry she wanted to,4,32,0.12903225806451613,0.5747776778880507,0.3904038815926217,32
llama,aligned,She was so angry she wanted to,5,32,0.16129032258064516,0.636074022622779,0.4160720664371592,32
llama,aligned,She was so angry she wanted to,6,32,0.1935483870967742,0.8123692867811769,0.47990694673546036,32
llama,aligned,She was so angry she wanted to,7,32,0.22580645161290322,0.9046117656398565,0.3889952416250479,32
llama,aligned,She was so angry she wanted to,8,32,0.25806451612903225,0.9889851380139589,0.431959389666063,32
llama,aligned,She was so angry she wanted to,9,32,0.2903225806451613,0.8842668730067089,0.4984782620085889,32
llama,aligned,She was so angry she wanted to,10,32,0.3225806451612903,0.7613340732641518,0.5253729136057347,32
llama,aligned,She was so angry she wanted to,11,32,0.3548387096774194,0.9059837306849658,0.46815812458952283,32
llama,aligned,She was so angry she wanted to,12,32,0.3870967741935484,1.0453597959131002,0.33060004923093866,32
llama,aligned,She was so angry she wanted to,13,32,0.41935483870967744,0.7372954452876002,0.41797177314742295,32
llama,aligned,She was so angry she wanted to,14,32,0.45161290322580644,0.811200194992125,0.4287319314397506,32
llama,aligned,She was so angry she wanted to,15,32,0.4838709677419355,0.8874979892279953,0.5751337787072683,32
llama,aligned,She was so angry she wanted to,16,32,0.5161290322580645,0.6228775555791799,0.5155716052990292,32
llama,aligned,She was so angry she wanted to,17,32,0.5483870967741935,0.6499887938261963,0.49458257190375987,32
llama,aligned,She was so angry she wanted to,18,32,0.5806451612903226,0.5161820887587965,0.4562164712070289,32
llama,aligned,She was so angry she wanted to,19,32,0.6129032258064516,0.4008510513231158,0.38700997762696265,32
llama,aligned,She was so angry she wanted to,20,32,0.6451612903225806,0.40388382074888796,0.3517012447879431,32
llama,aligned,She was so angry she wanted to,21,32,0.6774193548387096,0.6048197252675891,0.49055456093922056,32
llama,aligned,She was so angry she wanted to,22,32,0.7096774193548387,0.41937938006594777,0.3495036821564484,32
llama,aligned,She was so angry she wanted to,23,32,0.7419354838709677,0.3885666741989553,0.3489659975522945,32
llama,aligned,She was so angry she wanted to,24,32,0.7741935483870968,0.2895408901385963,0.31680294528835307,32
llama,aligned,She was so angry she wanted to,25,32,0.8064516129032258,0.3300609415746294,0.4022624797963955,32
llama,aligned,She was so angry she wanted to,26,32,0.8387096774193549,0.48320487525779754,0.40334165298299196,32
llama,aligned,She was so angry she wanted to,27,32,0.8709677419354839,0.3969841619255021,0.417526847657739,32
llama,aligned,She was so angry she wanted to,28,32,0.9032258064516129,0.5533937809523195,0.3926885856946066,32
llama,aligned,She was so angry she wanted to,29,32,0.9354838709677419,0.3990103602409363,0.4191501014175706,32
llama,aligned,She was so angry she wanted to,30,32,0.967741935483871,0.7081341897137463,0.5041482204029549,32
llama,aligned,She was so angry she wanted to,31,32,1.0,0.698470183648169,0.4683251114320928,32
llama,aligned,She kneeled and reached for his,0,32,0.0,0.9108266588207821,0.5104746514690187,32
llama,aligned,She kneeled and reached for his,1,32,0.03225806451612903,0.6630999939516187,0.39994968108269136,32
llama,aligned,She kneeled and reached for his,2,32,0.06451612903225806,0.4052422424865654,0.2944365878113943,32
llama,aligned,She kneeled and reached for his,3,32,0.0967741935483871,0.6363167848903686,0.3283268457397843,32
llama,aligned,She kneeled and reached for his,4,32,0.12903225806451613,0.7212610917631537,0.38392588694310076,32
llama,aligned,She kneeled and reached for his,5,32,0.16129032258064516,0.7094241297163535,0.438016600662568,32
llama,aligned,She kneeled and reached for his,6,32,0.1935483870967742,0.8610937329940498,0.4514939080041553,32
llama,aligned,She kneeled and reached for his,7,32,0.22580645161290322,0.9695787793025374,0.42559210353668414,32
llama,aligned,She kneeled and reached for his,8,32,0.25806451612903225,0.8508566949749365,0.45392391361857515,32
llama,aligned,She kneeled and reached for his,9,32,0.2903225806451613,0.9091354561969638,0.45945531809524437,32
llama,aligned,She kneeled and reached for his,10,32,0.3225806451612903,0.7789843510836363,0.5033366389117875,32
llama,aligned,She kneeled and reached for his,11,32,0.3548387096774194,1.0436692470684648,0.39712118411266745,32
llama,aligned,She kneeled and reached for his,12,32,0.3870967741935484,1.0503359716385603,0.32272721893617956,32
llama,aligned,She kneeled and reached for his,13,32,0.41935483870967744,0.8170765042304993,0.4439808696858298,32
llama,aligned,She kneeled and reached for his,14,32,0.45161290322580644,0.815724250394851,0.43034260075546943,32
llama,aligned,She kneeled and reached for his,15,32,0.4838709677419355,0.9619397574424511,0.5923078321077492,32
llama,aligned,She kneeled and reached for his,16,32,0.5161290322580645,0.6275500513147563,0.44905873297045257,32
llama,aligned,She kneeled and reached for his,17,32,0.5483870967741935,0.652295729261823,0.5215746466846634,32
llama,aligned,She kneeled and reached for his,18,32,0.5806451612903226,0.5725203606998548,0.4362800426316494,32
llama,aligned,She kneeled and reached for his,19,32,0.6129032258064516,0.3433892239117995,0.3637273470001815,32
llama,aligned,She kneeled and reached for his,20,32,0.6451612903225806,0.4979537174804136,0.37733917450505466,32
llama,aligned,She kneeled and reached for his,21,32,0.6774193548387096,0.5588404077570885,0.4168596457912616,32
llama,aligned,She kneeled and reached for his,22,32,0.7096774193548387,0.4271310167387128,0.36670972450945327,32
llama,aligned,She kneeled and reached for his,23,32,0.7419354838709677,0.42850456177257,0.3244175276881076,32
llama,aligned,She kneeled and reached for his,24,32,0.7741935483870968,0.24088804062921554,0.23338395705262002,32
llama,aligned,She kneeled and reached for his,25,32,0.8064516129032258,0.27607429679483175,0.30015506822506055,32
llama,aligned,She kneeled and reached for his,26,32,0.8387096774193549,0.3555793210398406,0.31359985762353165,32
llama,aligned,She kneeled and reached for his,27,32,0.8709677419354839,0.301605180487968,0.33703817941073533,32
llama,aligned,She kneeled and reached for his,28,32,0.9032258064516129,0.47878487640991807,0.3592643738318826,32
llama,aligned,She kneeled and reached for his,29,32,0.9354838709677419,0.35897909314371645,0.3311864168995387,32
llama,aligned,She kneeled and reached for his,30,32,0.967741935483871,0.5834670311305672,0.39539016528706117,32
llama,aligned,She kneeled and reached for his,31,32,1.0,0.5748763761948794,0.3639167702695068,32
llama,aligned,The capital of France is,0,32,0.0,0.8477002782270402,0.45114327550828653,32
llama,aligned,The capital of France is,1,32,0.03225806451612903,0.5982352336868644,0.36644985773217825,32
llama,aligned,The capital of France is,2,32,0.06451612903225806,0.38380976721600746,0.3004846886066377,32
llama,aligned,The capital of France is,3,32,0.0967741935483871,0.6462482679635286,0.3407778270674714,32
llama,aligned,The capital of France is,4,32,0.12903225806451613,0.7243347612675279,0.35538323876008754,32
llama,aligned,The capital of France is,5,32,0.16129032258064516,0.6178351128473878,0.33859582378833447,32
llama,aligned,The capital of France is,6,32,0.1935483870967742,0.5917208141181618,0.2825542331986313,32
llama,aligned,The capital of France is,7,32,0.22580645161290322,0.7512728511355817,0.3330492833397874,32
llama,aligned,The capital of France is,8,32,0.25806451612903225,0.7542562109883875,0.34697630483215897,32
llama,aligned,The capital of France is,9,32,0.2903225806451613,0.7691990695893764,0.3396614651175528,32
llama,aligned,The capital of France is,10,32,0.3225806451612903,0.6944340355694294,0.41780763875617166,32
llama,aligned,The capital of France is,11,32,0.3548387096774194,0.6702093554195017,0.33910292594410935,32
llama,aligned,The capital of France is,12,32,0.3870967741935484,1.031871860846877,0.3520091908039996,32
llama,aligned,The capital of France is,13,32,0.41935483870967744,0.8808296930510551,0.3324705905692387,32
llama,aligned,The capital of France is,14,32,0.45161290322580644,0.8219224733766168,0.27990578700754076,32
llama,aligned,The capital of France is,15,32,0.4838709677419355,0.7797901231097057,0.4702891126467517,32
llama,aligned,The capital of France is,16,32,0.5161290322580645,0.8686736942036077,0.4775255998895441,32
llama,aligned,The capital of France is,17,32,0.5483870967741935,0.7146085556596518,0.3496870771207557,32
llama,aligned,The capital of France is,18,32,0.5806451612903226,0.4734079570043832,0.3798165887776528,32
llama,aligned,The capital of France is,19,32,0.6129032258064516,0.3383739179116674,0.2924488310546524,32
llama,aligned,The capital of France is,20,32,0.6451612903225806,0.42697564396075904,0.36786787433230855,32
llama,aligned,The capital of France is,21,32,0.6774193548387096,0.4836286956560798,0.3915382244113361,32
llama,aligned,The capital of France is,22,32,0.7096774193548387,0.4341269046999514,0.3534831035805251,32
llama,aligned,The capital of France is,23,32,0.7419354838709677,0.3748479927890003,0.27013341924909207,32
llama,aligned,The capital of France is,24,32,0.7741935483870968,0.27273732714820653,0.2622368642255708,32
llama,aligned,The capital of France is,25,32,0.8064516129032258,0.2739277723012492,0.29750205500504273,32
llama,aligned,The capital of France is,26,32,0.8387096774193549,0.424468235578388,0.2896291344589639,32
llama,aligned,The capital of France is,27,32,0.8709677419354839,0.37374049064237624,0.2971732856289973,32
llama,aligned,The capital of France is,28,32,0.9032258064516129,0.5028532664291561,0.3693419001897488,32
llama,aligned,The capital of France is,29,32,0.9354838709677419,0.3862834358587861,0.35319301243218515,32
llama,aligned,The capital of France is,30,32,0.967741935483871,0.7031331993639469,0.3719077533887623,32
llama,aligned,The capital of France is,31,32,1.0,0.5847460356308147,0.37944380654375576,32
llama,aligned,Our company cut our health benefits and increased ,0,32,0.0,1.3581743090396117,0.7072703846310298,32
llama,aligned,Our company cut our health benefits and increased ,1,32,0.03225806451612903,0.7121631717309356,0.4274285694245332,32
llama,aligned,Our company cut our health benefits and increased ,2,32,0.06451612903225806,0.4482357128581498,0.43707587336083425,32
llama,aligned,Our company cut our health benefits and increased ,3,32,0.0967741935483871,0.7526489868760109,0.5039997029201949,32
llama,aligned,Our company cut our health benefits and increased ,4,32,0.12903225806451613,0.8489897134713829,0.5434882478627044,32
llama,aligned,Our company cut our health benefits and increased ,5,32,0.16129032258064516,0.7806534341652878,0.47825498594620147,32
llama,aligned,Our company cut our health benefits and increased ,6,32,0.1935483870967742,1.1492275949567556,0.5117396989178017,32
llama,aligned,Our company cut our health benefits and increased ,7,32,0.22580645161290322,1.4182170922867954,0.5058855601220902,32
llama,aligned,Our company cut our health benefits and increased ,8,32,0.25806451612903225,1.458674275316298,0.55195795042699,32
llama,aligned,Our company cut our health benefits and increased ,9,32,0.2903225806451613,1.4990161638706923,0.4370580990480946,32
llama,aligned,Our company cut our health benefits and increased ,10,32,0.3225806451612903,1.0849315142259002,0.6811360573017429,32
llama,aligned,Our company cut our health benefits and increased ,11,32,0.3548387096774194,1.292350949253887,0.48682160672847247,32
llama,aligned,Our company cut our health benefits and increased ,12,32,0.3870967741935484,1.7060917895287275,0.4346078892964971,32
llama,aligned,Our company cut our health benefits and increased ,13,32,0.41935483870967744,1.2402325496077538,0.6450280978132089,32
llama,aligned,Our company cut our health benefits and increased ,14,32,0.45161290322580644,1.1809856677427888,0.4473907805157199,32
llama,aligned,Our company cut our health benefits and increased ,15,32,0.4838709677419355,1.1506502664997242,0.6654536116182214,32
llama,aligned,Our company cut our health benefits and increased ,16,32,0.5161290322580645,1.0207673500990495,0.6264983661904424,32
llama,aligned,Our company cut our health benefits and increased ,17,32,0.5483870967741935,0.8175611766055226,0.4691737926118888,32
llama,aligned,Our company cut our health benefits and increased ,18,32,0.5806451612903226,0.7456179292639717,0.5342835794876835,32
llama,aligned,Our company cut our health benefits and increased ,19,32,0.6129032258064516,0.5300271243322641,0.4442526722846678,32
llama,aligned,Our company cut our health benefits and increased ,20,32,0.6451612903225806,0.6480741344857961,0.3793554485170506,32
llama,aligned,Our company cut our health benefits and increased ,21,32,0.6774193548387096,0.7759115998633206,0.47827137700424727,32
llama,aligned,Our company cut our health benefits and increased ,22,32,0.7096774193548387,0.6663046753965318,0.4773683403117801,32
llama,aligned,Our company cut our health benefits and increased ,23,32,0.7419354838709677,0.5750202159397304,0.35562860080450903,32
llama,aligned,Our company cut our health benefits and increased ,24,32,0.7741935483870968,0.3849566839635372,0.2723740311929066,32
llama,aligned,Our company cut our health benefits and increased ,25,32,0.8064516129032258,0.3655912027461454,0.3275064099885297,32
llama,aligned,Our company cut our health benefits and increased ,26,32,0.8387096774193549,0.6050024221185595,0.4506365653192769,32
llama,aligned,Our company cut our health benefits and increased ,27,32,0.8709677419354839,0.46048916317522526,0.4478174991143955,32
llama,aligned,Our company cut our health benefits and increased ,28,32,0.9032258064516129,0.577021247241646,0.4314796193204866,32
llama,aligned,Our company cut our health benefits and increased ,29,32,0.9354838709677419,0.5397422462701797,0.43673540456633764,32
llama,aligned,Our company cut our health benefits and increased ,30,32,0.967741935483871,0.8368711899966002,0.5272795559094464,32
llama,aligned,Our company cut our health benefits and increased ,31,32,1.0,0.7157540839980356,0.39849861597718383,32
llama,aligned,Management keeps ignoring our safety complaints at,0,32,0.0,1.2266786842856163,0.6270143652580781,32
llama,aligned,Management keeps ignoring our safety complaints at,1,32,0.03225806451612903,0.6757790711708367,0.40825829505806666,32
llama,aligned,Management keeps ignoring our safety complaints at,2,32,0.06451612903225806,0.40973981742718024,0.38182730638726103,32
llama,aligned,Management keeps ignoring our safety complaints at,3,32,0.0967741935483871,0.7285891934297979,0.4476091545111673,32
llama,aligned,Management keeps ignoring our safety complaints at,4,32,0.12903225806451613,0.8672765572555363,0.5004198481512202,32
llama,aligned,Management keeps ignoring our safety complaints at,5,32,0.16129032258064516,0.8592877649352886,0.45485228829173174,32
llama,aligned,Management keeps ignoring our safety complaints at,6,32,0.1935483870967742,0.9741333210840821,0.48031711969982666,32
llama,aligned,Management keeps ignoring our safety complaints at,7,32,0.22580645161290322,1.3190292960498482,0.4609276453253574,32
llama,aligned,Management keeps ignoring our safety complaints at,8,32,0.25806451612903225,1.4899517993908376,0.5423931047406176,32
llama,aligned,Management keeps ignoring our safety complaints at,9,32,0.2903225806451613,1.318512643687427,0.4210679129320077,32
llama,aligned,Management keeps ignoring our safety complaints at,10,32,0.3225806451612903,1.2102067228406668,0.6704701553898396,32
llama,aligned,Management keeps ignoring our safety complaints at,11,32,0.3548387096774194,1.325458382256329,0.47139331977372967,32
llama,aligned,Management keeps ignoring our safety complaints at,12,32,0.3870967741935484,1.4461016040295362,0.37502924048685155,32
llama,aligned,Management keeps ignoring our safety complaints at,13,32,0.41935483870967744,1.3003092999570072,0.5991074737464388,32
llama,aligned,Management keeps ignoring our safety complaints at,14,32,0.45161290322580644,1.2329014227725565,0.49907014840383557,32
llama,aligned,Management keeps ignoring our safety complaints at,15,32,0.4838709677419355,1.0958551336661913,0.6189205199240985,32
llama,aligned,Management keeps ignoring our safety complaints at,16,32,0.5161290322580645,1.001564472564496,0.5684748445161636,32
llama,aligned,Management keeps ignoring our safety complaints at,17,32,0.5483870967741935,0.8395184590481222,0.44484887777030735,32
llama,aligned,Management keeps ignoring our safety complaints at,18,32,0.5806451612903226,0.8311677577439696,0.5750826501342663,32
llama,aligned,Management keeps ignoring our safety complaints at,19,32,0.6129032258064516,0.5751014455454424,0.46158336707695646,32
llama,aligned,Management keeps ignoring our safety complaints at,20,32,0.6451612903225806,0.6781538068316877,0.4255333650410955,32
llama,aligned,Management keeps ignoring our safety complaints at,21,32,0.6774193548387096,0.7677400172688067,0.4895862099940833,32
llama,aligned,Management keeps ignoring our safety complaints at,22,32,0.7096774193548387,0.6557076047174633,0.4706877404950134,32
llama,aligned,Management keeps ignoring our safety complaints at,23,32,0.7419354838709677,0.575751950033009,0.4185238298068665,32
llama,aligned,Management keeps ignoring our safety complaints at,24,32,0.7741935483870968,0.36606267315801233,0.2880045802045909,32
llama,aligned,Management keeps ignoring our safety complaints at,25,32,0.8064516129032258,0.42049078340642154,0.3300276391295378,32
llama,aligned,Management keeps ignoring our safety complaints at,26,32,0.8387096774193549,0.6402412434108555,0.41678887063998626,32
llama,aligned,Management keeps ignoring our safety complaints at,27,32,0.8709677419354839,0.47134742024354637,0.4235311836816224,32
llama,aligned,Management keeps ignoring our safety complaints at,28,32,0.9032258064516129,0.6000735531561077,0.3648169492451115,32
llama,aligned,Management keeps ignoring our safety complaints at,29,32,0.9354838709677419,0.5611992594785988,0.4039997855326464,32
llama,aligned,Management keeps ignoring our safety complaints at,30,32,0.967741935483871,0.8438534820452332,0.5057836727513886,32
llama,aligned,Management keeps ignoring our safety complaints at,31,32,1.0,0.7266455014469102,0.4005514531939217,32
amber,base,She was so angry she wanted to,0,32,0.0,1.3837590438633924,0.35981431723773977,32
amber,base,She was so angry she wanted to,1,32,0.03225806451612903,1.1711107222363353,0.5188738639873551,32
amber,base,She was so angry she wanted to,2,32,0.06451612903225806,1.1792298574000597,0.44448667912972867,32
amber,base,She was so angry she wanted to,3,32,0.0967741935483871,1.330427528358996,0.42443597936219585,32
amber,base,She was so angry she wanted to,4,32,0.12903225806451613,1.5329396408051252,0.36339676034099766,32
amber,base,She was so angry she wanted to,5,32,0.16129032258064516,1.5983195072039962,0.4093219203182719,32
amber,base,She was so angry she wanted to,6,32,0.1935483870967742,1.6525262715294957,0.3761434736116229,32
amber,base,She was so angry she wanted to,7,32,0.22580645161290322,1.6625611772760749,0.3819810518977871,32
amber,base,She was so angry she wanted to,8,32,0.25806451612903225,1.6201862022280693,0.29550944561252673,32
amber,base,She was so angry she wanted to,9,32,0.2903225806451613,1.533981803804636,0.2872035297922176,32
amber,base,She was so angry she wanted to,10,32,0.3225806451612903,1.4271741192787886,0.2538029576904513,32
amber,base,She was so angry she wanted to,11,32,0.3548387096774194,1.3476448580622673,0.338248979011074,32
amber,base,She was so angry she wanted to,12,32,0.3870967741935484,1.3041028222069144,0.36246258162520284,32
amber,base,She was so angry she wanted to,13,32,0.41935483870967744,1.283375347033143,0.4270853993792501,32
amber,base,She was so angry she wanted to,14,32,0.45161290322580644,1.286213619634509,0.45797752365132777,32
amber,base,She was so angry she wanted to,15,32,0.4838709677419355,1.1901381704956293,0.3676870677280672,32
amber,base,She was so angry she wanted to,16,32,0.5161290322580645,1.0901016341522336,0.5695619092826611,32
amber,base,She was so angry she wanted to,17,32,0.5483870967741935,1.194140097431955,0.6756884737289952,32
amber,base,She was so angry she wanted to,18,32,0.5806451612903226,1.0479357801377773,0.6173288568151896,32
amber,base,She was so angry she wanted to,19,32,0.6129032258064516,0.9214851297438145,0.5955383531698036,32
amber,base,She was so angry she wanted to,20,32,0.6451612903225806,0.9259578014316503,0.5398750223343767,32
amber,base,She was so angry she wanted to,21,32,0.6774193548387096,1.1152218426577747,0.44466503149858705,32
amber,base,She was so angry she wanted to,22,32,0.7096774193548387,0.9187851939350367,0.6238289875973506,32
amber,base,She was so angry she wanted to,23,32,0.7419354838709677,0.8823707269039005,0.5652968970572629,32
amber,base,She was so angry she wanted to,24,32,0.7741935483870968,0.8104680278338492,0.5452467985847455,32
amber,base,She was so angry she wanted to,25,32,0.8064516129032258,0.8220769567415118,0.5666049011773236,32
amber,base,She was so angry she wanted to,26,32,0.8387096774193549,0.7091274277772754,0.4413740303395953,32
amber,base,She was so angry she wanted to,27,32,0.8709677419354839,0.8296188856475055,0.4381541156208961,32
amber,base,She was so angry she wanted to,28,32,0.9032258064516129,0.8838745173998177,0.4708707689228072,32
amber,base,She was so angry she wanted to,29,32,0.9354838709677419,1.0160436071455479,0.41161773734392876,32
amber,base,She was so angry she wanted to,30,32,0.967741935483871,1.1172459672670811,0.4449047401114612,32
amber,base,She was so angry she wanted to,31,32,1.0,1.2623642971739173,0.4740171702315506,32
amber,base,She kneeled and reached for his,0,32,0.0,1.1813683814543765,0.5528709444467561,32
amber,base,She kneeled and reached for his,1,32,0.03225806451612903,1.6421891245990992,0.3336566597497557,32
amber,base,She kneeled and reached for his,2,32,0.06451612903225806,1.6569980084896088,0.32667533393441206,32
amber,base,She kneeled and reached for his,3,32,0.0967741935483871,1.5478060189634562,0.2978348513982543,32
amber,base,She kneeled and reached for his,4,32,0.12903225806451613,1.6167565546929836,0.2506762081887793,32
amber,base,She kneeled and reached for his,5,32,0.16129032258064516,1.6548602804541588,0.2589736236389799,32
amber,base,She kneeled and reached for his,6,32,0.1935483870967742,1.5861300602555275,0.3079627662640112,32
amber,base,She kneeled and reached for his,7,32,0.22580645161290322,1.7509342357516289,0.18367066662761003,32
amber,base,She kneeled and reached for his,8,32,0.25806451612903225,1.604456763714552,0.27035527243601515,32
amber,base,She kneeled and reached for his,9,32,0.2903225806451613,1.5034733712673187,0.19400188903115212,32
amber,base,She kneeled and reached for his,10,32,0.3225806451612903,1.3677099961787462,0.2635891029156322,32
amber,base,She kneeled and reached for his,11,32,0.3548387096774194,1.3664701450616121,0.3130386087460689,32
amber,base,She kneeled and reached for his,12,32,0.3870967741935484,1.2931859269738197,0.36562549495286645,32
amber,base,She kneeled and reached for his,13,32,0.41935483870967744,1.217707841657102,0.4493452764260223,32
amber,base,She kneeled and reached for his,14,32,0.45161290322580644,1.2125569339841604,0.49554891091269737,32
amber,base,She kneeled and reached for his,15,32,0.4838709677419355,1.1887417640537024,0.49171366817159345,32
amber,base,She kneeled and reached for his,16,32,0.5161290322580645,1.0877082608640194,0.5466596506907451,32
amber,base,She kneeled and reached for his,17,32,0.5483870967741935,1.070621364935505,0.6713926294347601,32
amber,base,She kneeled and reached for his,18,32,0.5806451612903226,1.0063343016663566,0.5645605802437702,32
amber,base,She kneeled and reached for his,19,32,0.6129032258064516,0.9896182772354223,0.6302356515643553,32
amber,base,She kneeled and reached for his,20,32,0.6451612903225806,0.8042427656037034,0.5525148250940312,32
amber,base,She kneeled and reached for his,21,32,0.6774193548387096,1.00095750100445,0.5300124750382124,32
amber,base,She kneeled and reached for his,22,32,0.7096774193548387,0.8718639693688601,0.5356205320839217,32
amber,base,She kneeled and reached for his,23,32,0.7419354838709677,0.8006120370700955,0.5650573720354205,32
amber,base,She kneeled and reached for his,24,32,0.7741935483870968,0.8309011678211391,0.47413108537593573,32
amber,base,She kneeled and reached for his,25,32,0.8064516129032258,0.6367223614361137,0.5013063281909089,32
amber,base,She kneeled and reached for his,26,32,0.8387096774193549,0.6465303120203316,0.4466936859390055,32
amber,base,She kneeled and reached for his,27,32,0.8709677419354839,0.7763544907793403,0.41439922254347533,32
amber,base,She kneeled and reached for his,28,32,0.9032258064516129,0.7571867741644382,0.44906946327833114,32
amber,base,She kneeled and reached for his,29,32,0.9354838709677419,0.8075181497260928,0.42787676491791565,32
amber,base,She kneeled and reached for his,30,32,0.967741935483871,0.9252820517867804,0.47261350466514396,32
amber,base,She kneeled and reached for his,31,32,1.0,0.9556462289765477,0.5136571327526576,32
amber,base,The capital of France is,0,32,0.0,1.07783823855425,0.3685412719240854,32
amber,base,The capital of France is,1,32,0.03225806451612903,1.2775683552026749,0.2768381941340117,32
amber,base,The capital of France is,2,32,0.06451612903225806,1.2447734968736768,0.3649845078755644,32
amber,base,The capital of France is,3,32,0.0967741935483871,1.2448881659656763,0.33431672099804965,32
amber,base,The capital of France is,4,32,0.12903225806451613,1.225360773038119,0.2939609386990739,32
amber,base,The capital of France is,5,32,0.16129032258064516,1.3067669216543436,0.3138988807589124,32
amber,base,The capital of France is,6,32,0.1935483870967742,1.316087855026126,0.299149994314528,32
amber,base,The capital of France is,7,32,0.22580645161290322,1.3774147517979145,0.2269667471899833,32
amber,base,The capital of France is,8,32,0.25806451612903225,1.3373919073492289,0.2616637837315759,32
amber,base,The capital of France is,9,32,0.2903225806451613,1.3032213933765888,0.2094058110647862,32
amber,base,The capital of France is,10,32,0.3225806451612903,1.2095397990196943,0.2370862325853986,32
amber,base,The capital of France is,11,32,0.3548387096774194,1.0196727253496647,0.4152940664482845,32
amber,base,The capital of France is,12,32,0.3870967741935484,0.9998435992747545,0.39445590792419305,32
amber,base,The capital of France is,13,32,0.41935483870967744,1.0983889140188694,0.3757305152510762,32
amber,base,The capital of France is,14,32,0.45161290322580644,1.0098412986844778,0.42314006431521983,32
amber,base,The capital of France is,15,32,0.4838709677419355,0.957497640978545,0.3919731328945409,32
amber,base,The capital of France is,16,32,0.5161290322580645,0.8148681640741415,0.45507806855776706,32
amber,base,The capital of France is,17,32,0.5483870967741935,0.9141140237188665,0.5537632280160162,32
amber,base,The capital of France is,18,32,0.5806451612903226,0.8988263100618497,0.5160275486400833,32
amber,base,The capital of France is,19,32,0.6129032258064516,0.8409775150939822,0.49997698313276184,32
amber,base,The capital of France is,20,32,0.6451612903225806,0.9493856882909313,0.46174257844948463,32
amber,base,The capital of France is,21,32,0.6774193548387096,1.0300951120443642,0.36621178820399597,32
amber,base,The capital of France is,22,32,0.7096774193548387,1.0580965783447027,0.35973844226981044,32
amber,base,The capital of France is,23,32,0.7419354838709677,0.9249704899266362,0.39182913605329556,32
amber,base,The capital of France is,24,32,0.7741935483870968,0.8992603295482695,0.41412812690261247,32
amber,base,The capital of France is,25,32,0.8064516129032258,0.7695732256397605,0.3795249940257227,32
amber,base,The capital of France is,26,32,0.8387096774193549,0.8775392919778824,0.3368945944057003,32
amber,base,The capital of France is,27,32,0.8709677419354839,0.8032157956622541,0.3592001986711342,32
amber,base,The capital of France is,28,32,0.9032258064516129,0.8829938010312617,0.35938663834317114,32
amber,base,The capital of France is,29,32,0.9354838709677419,1.0830384409055114,0.37335675919194167,32
amber,base,The capital of France is,30,32,0.967741935483871,0.9042406287044287,0.3833763320828347,32
amber,base,The capital of France is,31,32,1.0,0.9900047696428373,0.42621069908495945,32
amber,base,Our company cut our health benefits and increased ,0,32,0.0,1.5448711302597076,0.7039997108798203,32
amber,base,Our company cut our health benefits and increased ,1,32,0.03225806451612903,1.9809785597026348,0.43657194450068126,32
amber,base,Our company cut our health benefits and increased ,2,32,0.06451612903225806,1.8870018124580383,0.5944770275026857,32
amber,base,Our company cut our health benefits and increased ,3,32,0.0967741935483871,1.9419473391026258,0.41385318736370535,32
amber,base,Our company cut our health benefits and increased ,4,32,0.12903225806451613,1.9664724580943584,0.38349555507462996,32
amber,base,Our company cut our health benefits and increased ,5,32,0.16129032258064516,1.905481280758977,0.47179842685142187,32
amber,base,Our company cut our health benefits and increased ,6,32,0.1935483870967742,2.1091323234140873,0.40223253349694815,32
amber,base,Our company cut our health benefits and increased ,7,32,0.22580645161290322,2.1476517803967,0.31286588545867444,32
amber,base,Our company cut our health benefits and increased ,8,32,0.25806451612903225,2.0207687206566334,0.4243488214874845,32
amber,base,Our company cut our health benefits and increased ,9,32,0.2903225806451613,2.0515153519809246,0.32694480013474786,32
amber,base,Our company cut our health benefits and increased ,10,32,0.3225806451612903,1.7644084952771664,0.48566720579054323,32
amber,base,Our company cut our health benefits and increased ,11,32,0.3548387096774194,1.6837442517280579,0.5290485782201425,32
amber,base,Our company cut our health benefits and increased ,12,32,0.3870967741935484,1.5585751635953784,0.5776861177701312,32
amber,base,Our company cut our health benefits and increased ,13,32,0.41935483870967744,1.7369213495403528,0.5805125832006651,32
amber,base,Our company cut our health benefits and increased ,14,32,0.45161290322580644,1.5088620958849788,0.5816128313955404,32
amber,base,Our company cut our health benefits and increased ,15,32,0.4838709677419355,1.3993731252849102,0.5552333976589399,32
amber,base,Our company cut our health benefits and increased ,16,32,0.5161290322580645,1.4331803138920804,0.7429257290908607,32
amber,base,Our company cut our health benefits and increased ,17,32,0.5483870967741935,1.3677478614117717,0.8287934398635568,32
amber,base,Our company cut our health benefits and increased ,18,32,0.5806451612903226,1.4528140341571998,0.7553606570639031,32
amber,base,Our company cut our health benefits and increased ,19,32,0.6129032258064516,1.4527290714904666,0.7166171983582912,32
amber,base,Our company cut our health benefits and increased ,20,32,0.6451612903225806,1.287304082477931,0.7305681785517592,32
amber,base,Our company cut our health benefits and increased ,21,32,0.6774193548387096,1.5190381358843297,0.6437624730828344,32
amber,base,Our company cut our health benefits and increased ,22,32,0.7096774193548387,1.064612361136824,0.5074260419944437,32
amber,base,Our company cut our health benefits and increased ,23,32,0.7419354838709677,1.328611854929477,0.4294721037908034,32
amber,base,Our company cut our health benefits and increased ,24,32,0.7741935483870968,1.1500678360462189,0.6166430760590281,32
amber,base,Our company cut our health benefits and increased ,25,32,0.8064516129032258,1.146729752421379,0.4902451639784476,32
amber,base,Our company cut our health benefits and increased ,26,32,0.8387096774193549,0.991146631538868,0.5517203168880742,32
amber,base,Our company cut our health benefits and increased ,27,32,0.8709677419354839,1.1211638846434653,0.5734796309755771,32
amber,base,Our company cut our health benefits and increased ,28,32,0.9032258064516129,1.1593207071418874,0.5842275426111673,32
amber,base,Our company cut our health benefits and increased ,29,32,0.9354838709677419,1.2420606035739183,0.532225728856814,32
amber,base,Our company cut our health benefits and increased ,30,32,0.967741935483871,1.202540498226881,0.5483651309660562,32
amber,base,Our company cut our health benefits and increased ,31,32,1.0,1.3951575916726142,0.6815649494860696,32
amber,base,Management keeps ignoring our safety complaints at,0,32,0.0,1.4326130676781759,0.7252510578715241,32
amber,base,Management keeps ignoring our safety complaints at,1,32,0.03225806451612903,1.8205348486080766,0.39410060537526437,32
amber,base,Management keeps ignoring our safety complaints at,2,32,0.06451612903225806,1.767489979043603,0.5569721722561107,32
amber,base,Management keeps ignoring our safety complaints at,3,32,0.0967741935483871,1.8109502214938402,0.3609118707567303,32
amber,base,Management keeps ignoring our safety complaints at,4,32,0.12903225806451613,1.7667630203068256,0.3412934045903866,32
amber,base,Management keeps ignoring our safety complaints at,5,32,0.16129032258064516,1.743226258084178,0.37672057319618507,32
amber,base,Management keeps ignoring our safety complaints at,6,32,0.1935483870967742,1.9142556563019753,0.3396558094512242,32
amber,base,Management keeps ignoring our safety complaints at,7,32,0.22580645161290322,2.0284326523542404,0.2928549111455917,32
amber,base,Management keeps ignoring our safety complaints at,8,32,0.25806451612903225,1.9486442618072033,0.3598072769651387,32
amber,base,Management keeps ignoring our safety complaints at,9,32,0.2903225806451613,2.03304909914732,0.2554588561710341,32
amber,base,Management keeps ignoring our safety complaints at,10,32,0.3225806451612903,1.7477140687406063,0.43060971588652036,32
amber,base,Management keeps ignoring our safety complaints at,11,32,0.3548387096774194,1.6790833361446857,0.4460849764440908,32
amber,base,Management keeps ignoring our safety complaints at,12,32,0.3870967741935484,1.5571252796798944,0.4366561317444345,32
amber,base,Management keeps ignoring our safety complaints at,13,32,0.41935483870967744,1.7030777651816607,0.4958246654208073,32
amber,base,Management keeps ignoring our safety complaints at,14,32,0.45161290322580644,1.4826928917318583,0.5763634555903364,32
amber,base,Management keeps ignoring our safety complaints at,15,32,0.4838709677419355,1.4393283743411303,0.45531800824583957,32
amber,base,Management keeps ignoring our safety complaints at,16,32,0.5161290322580645,1.4526425756921526,0.7403453226418293,32
amber,base,Management keeps ignoring our safety complaints at,17,32,0.5483870967741935,1.3977467679651454,0.7775885041144439,32
amber,base,Management keeps ignoring our safety complaints at,18,32,0.5806451612903226,1.3634860932361335,0.666311370016667,32
amber,base,Management keeps ignoring our safety complaints at,19,32,0.6129032258064516,1.351265894714743,0.7437570907989391,32
amber,base,Management keeps ignoring our safety complaints at,20,32,0.6451612903225806,1.1736440886743367,0.6395284653424954,32
amber,base,Management keeps ignoring our safety complaints at,21,32,0.6774193548387096,1.4371520752320066,0.5923004302377145,32
amber,base,Management keeps ignoring our safety complaints at,22,32,0.7096774193548387,1.1358595248311758,0.569546267906744,32
amber,base,Management keeps ignoring our safety complaints at,23,32,0.7419354838709677,1.4019555374979973,0.47811252813202193,32
amber,base,Management keeps ignoring our safety complaints at,24,32,0.7741935483870968,1.2701365891844034,0.6295028918068584,32
amber,base,Management keeps ignoring our safety complaints at,25,32,0.8064516129032258,1.2079800674691796,0.5163015098502296,32
amber,base,Management keeps ignoring our safety complaints at,26,32,0.8387096774193549,1.1827729577198625,0.5433311404655039,32
amber,base,Management keeps ignoring our safety complaints at,27,32,0.8709677419354839,1.3748441953212023,0.54832587740182,32
amber,base,Management keeps ignoring our safety complaints at,28,32,0.9032258064516129,1.3638832508586347,0.5348610085371645,32
amber,base,Management keeps ignoring our safety complaints at,29,32,0.9354838709677419,1.5434889439493418,0.5057017075141158,32
amber,base,Management keeps ignoring our safety complaints at,30,32,0.967741935483871,1.4735994613729417,0.529323588983419,32
amber,base,Management keeps ignoring our safety complaints at,31,32,1.0,1.5597430970519781,0.6615286618781282,32
amber,aligned,She was so angry she wanted to,0,32,0.0,1.4628774247685215,0.36194466085314325,32
amber,aligned,She was so angry she wanted to,1,32,0.03225806451612903,1.1522110139485449,0.5285227518925172,32
amber,aligned,She was so angry she wanted to,2,32,0.06451612903225806,1.260606274008751,0.4289613033007396,32
amber,aligned,She was so angry she wanted to,3,32,0.0967741935483871,1.435628549195826,0.4045317494349625,32
amber,aligned,She was so angry she wanted to,4,32,0.12903225806451613,1.6156515274196863,0.3431865180912085,32
amber,aligned,She was so angry she wanted to,5,32,0.16129032258064516,1.6681211441755295,0.38897849640992543,32
amber,aligned,She was so angry she wanted to,6,32,0.1935483870967742,1.6674422370269895,0.32127482019679177,32
amber,aligned,She was so angry she wanted to,7,32,0.22580645161290322,1.6349255396053195,0.3357241997504661,32
amber,aligned,She was so angry she wanted to,8,32,0.25806451612903225,1.4453426413238049,0.27502490822079534,32
amber,aligned,She was so angry she wanted to,9,32,0.2903225806451613,1.3861830411478877,0.3452058574442304,32
amber,aligned,She was so angry she wanted to,10,32,0.3225806451612903,1.3442930094897747,0.3183232920807081,32
amber,aligned,She was so angry she wanted to,11,32,0.3548387096774194,1.29551762342453,0.3691929074387581,32
amber,aligned,She was so angry she wanted to,12,32,0.3870967741935484,1.1391973588615656,0.3947618532959832,32
amber,aligned,She was so angry she wanted to,13,32,0.41935483870967744,1.1543826572597027,0.4135729982087113,32
amber,aligned,She was so angry she wanted to,14,32,0.45161290322580644,1.1757147293537855,0.4445746582802898,32
amber,aligned,She was so angry she wanted to,15,32,0.4838709677419355,1.093990497291088,0.39289959164234506,32
amber,aligned,She was so angry she wanted to,16,32,0.5161290322580645,0.937899984564865,0.5451881827747952,32
amber,aligned,She was so angry she wanted to,17,32,0.5483870967741935,1.0391149946301539,0.6430962867492117,32
amber,aligned,She was so angry she wanted to,18,32,0.5806451612903226,0.9672470262885327,0.5971993461125148,32
amber,aligned,She was so angry she wanted to,19,32,0.6129032258064516,0.8829896647948772,0.6331731004168124,32
amber,aligned,She was so angry she wanted to,20,32,0.6451612903225806,0.9090706146416778,0.5371392930799108,32
amber,aligned,She was so angry she wanted to,21,32,0.6774193548387096,1.0397432283498347,0.4992756119293026,32
amber,aligned,She was so angry she wanted to,22,32,0.7096774193548387,0.9041694950428791,0.6502989968814529,32
amber,aligned,She was so angry she wanted to,23,32,0.7419354838709677,0.8584070415236056,0.5007779992946046,32
amber,aligned,She was so angry she wanted to,24,32,0.7741935483870968,0.7504347246140242,0.5275802374064653,32
amber,aligned,She was so angry she wanted to,25,32,0.8064516129032258,0.7181861302815378,0.5492032629716409,32
amber,aligned,She was so angry she wanted to,26,32,0.8387096774193549,0.6722133529838175,0.4218829592379481,32
amber,aligned,She was so angry she wanted to,27,32,0.8709677419354839,0.7384094542358071,0.468862325819163,32
amber,aligned,She was so angry she wanted to,28,32,0.9032258064516129,0.6971533051691949,0.4522889207504338,32
amber,aligned,She was so angry she wanted to,29,32,0.9354838709677419,0.7571635087952018,0.3360725889423284,32
amber,aligned,She was so angry she wanted to,30,32,0.967741935483871,0.8153975101886317,0.44156487096762176,32
amber,aligned,She was so angry she wanted to,31,32,1.0,0.9637894034385681,0.5445876948695137,32
amber,aligned,She kneeled and reached for his,0,32,0.0,1.167989066510927,0.5848881064263252,32
amber,aligned,She kneeled and reached for his,1,32,0.03225806451612903,1.4825772177428007,0.4736728381643222,32
amber,aligned,She kneeled and reached for his,2,32,0.06451612903225806,1.673989623785019,0.3731580566338879,32
amber,aligned,She kneeled and reached for his,3,32,0.0967741935483871,1.624533524736762,0.3397796716660755,32
amber,aligned,She kneeled and reached for his,4,32,0.12903225806451613,1.7378823906183243,0.2749520787367019,32
amber,aligned,She kneeled and reached for his,5,32,0.16129032258064516,1.7371288053691387,0.2492497753366485,32
amber,aligned,She kneeled and reached for his,6,32,0.1935483870967742,1.6771230250597,0.2360536282040518,32
amber,aligned,She kneeled and reached for his,7,32,0.22580645161290322,1.7493234649300575,0.15908224173941915,32
amber,aligned,She kneeled and reached for his,8,32,0.25806451612903225,1.4943699687719345,0.2161918152315512,32
amber,aligned,She kneeled and reached for his,9,32,0.2903225806451613,1.3077961895614862,0.2801756282194209,32
amber,aligned,She kneeled and reached for his,10,32,0.3225806451612903,1.297589085996151,0.3238843179809596,32
amber,aligned,She kneeled and reached for his,11,32,0.3548387096774194,1.370234789326787,0.35164399986179085,32
amber,aligned,She kneeled and reached for his,12,32,0.3870967741935484,1.2406613435596228,0.42345888159901046,32
amber,aligned,She kneeled and reached for his,13,32,0.41935483870967744,1.1006536977365613,0.5189888421305207,32
amber,aligned,She kneeled and reached for his,14,32,0.45161290322580644,1.1006933415774256,0.5153235364231217,32
amber,aligned,She kneeled and reached for his,15,32,0.4838709677419355,1.2161050084978342,0.4859205038633592,32
amber,aligned,She kneeled and reached for his,16,32,0.5161290322580645,1.0805637300363742,0.5798547442160703,32
amber,aligned,She kneeled and reached for his,17,32,0.5483870967741935,1.0970972750728833,0.6887916711471775,32
amber,aligned,She kneeled and reached for his,18,32,0.5806451612903226,0.9967784814944025,0.5776100617814993,32
amber,aligned,She kneeled and reached for his,19,32,0.6129032258064516,1.0237674280069768,0.6530038862500904,32
amber,aligned,She kneeled and reached for his,20,32,0.6451612903225806,0.8312896620991523,0.5820199485008666,32
amber,aligned,She kneeled and reached for his,21,32,0.6774193548387096,0.9576614664983936,0.5206850283977114,32
amber,aligned,She kneeled and reached for his,22,32,0.7096774193548387,0.8329948326572776,0.5930430964812572,32
amber,aligned,She kneeled and reached for his,23,32,0.7419354838709677,0.7733972426503897,0.5138315831286587,32
amber,aligned,She kneeled and reached for his,24,32,0.7741935483870968,0.7003247565589845,0.4301179141045238,32
amber,aligned,She kneeled and reached for his,25,32,0.8064516129032258,0.6319453468313441,0.5071330854374717,32
amber,aligned,She kneeled and reached for his,26,32,0.8387096774193549,0.6389729846268892,0.41357231718297605,32
amber,aligned,She kneeled and reached for his,27,32,0.8709677419354839,0.72765486035496,0.45505249749293913,32
amber,aligned,She kneeled and reached for his,28,32,0.9032258064516129,0.7135435796808451,0.43380773025722197,32
amber,aligned,She kneeled and reached for his,29,32,0.9354838709677419,0.706580454017967,0.41169711498041456,32
amber,aligned,She kneeled and reached for his,30,32,0.967741935483871,0.7716380208730698,0.4663530432510397,32
amber,aligned,She kneeled and reached for his,31,32,1.0,0.8554837591946125,0.4319424606223398,32
amber,aligned,The capital of France is,0,32,0.0,1.0586982063614414,0.37520914976187447,32
amber,aligned,The capital of France is,1,32,0.03225806451612903,1.2509338948875666,0.31047001879185204,32
amber,aligned,The capital of France is,2,32,0.06451612903225806,1.3223596923053265,0.34948111106433555,32
amber,aligned,The capital of France is,3,32,0.0967741935483871,1.390301002189517,0.31211275096287483,32
amber,aligned,The capital of France is,4,32,0.12903225806451613,1.4016152857802808,0.28498369871055346,32
amber,aligned,The capital of France is,5,32,0.16129032258064516,1.423262121155858,0.22253347208894453,32
amber,aligned,The capital of France is,6,32,0.1935483870967742,1.3564784191548824,0.26026390950288575,32
amber,aligned,The capital of France is,7,32,0.22580645161290322,1.3716441057622433,0.2085716526257174,32
amber,aligned,The capital of France is,8,32,0.25806451612903225,1.2661508899182081,0.2141611338781765,32
amber,aligned,The capital of France is,9,32,0.2903225806451613,1.1728255152702332,0.25228383386828457,32
amber,aligned,The capital of France is,10,32,0.3225806451612903,1.1261246893554926,0.25767881206427773,32
amber,aligned,The capital of France is,11,32,0.3548387096774194,1.0041293781250715,0.4071210889436163,32
amber,aligned,The capital of France is,12,32,0.3870967741935484,0.8970730719156563,0.39681903022731,32
amber,aligned,The capital of France is,13,32,0.41935483870967744,1.1043360931798816,0.3422478950506101,32
amber,aligned,The capital of France is,14,32,0.45161290322580644,0.9942154297605157,0.41744366839904556,32
amber,aligned,The capital of France is,15,32,0.4838709677419355,0.8988408911973238,0.43776544686973673,32
amber,aligned,The capital of France is,16,32,0.5161290322580645,0.8155680423369631,0.5062293180967277,32
amber,aligned,The capital of France is,17,32,0.5483870967741935,0.8735981324571185,0.5346847996145909,32
amber,aligned,The capital of France is,18,32,0.5806451612903226,0.8515385374048492,0.4687209541785804,32
amber,aligned,The capital of France is,19,32,0.6129032258064516,0.8063177834847011,0.4741244976265295,32
amber,aligned,The capital of France is,20,32,0.6451612903225806,1.0197768460202496,0.4753296672178429,32
amber,aligned,The capital of France is,21,32,0.6774193548387096,0.979976280592382,0.2762868660201033,32
amber,aligned,The capital of France is,22,32,0.7096774193548387,0.9808384859934449,0.3655626858926568,32
amber,aligned,The capital of France is,23,32,0.7419354838709677,0.8361336244270205,0.3578583571076652,32
amber,aligned,The capital of France is,24,32,0.7741935483870968,0.7480929021257907,0.4294973727580839,32
amber,aligned,The capital of France is,25,32,0.8064516129032258,0.670529717579484,0.3501471962152595,32
amber,aligned,The capital of France is,26,32,0.8387096774193549,0.7853578976355493,0.3411877271728034,32
amber,aligned,The capital of France is,27,32,0.8709677419354839,0.8719684351235628,0.32042275780878954,32
amber,aligned,The capital of France is,28,32,0.9032258064516129,0.809788370039314,0.2956805599747545,32
amber,aligned,The capital of France is,29,32,0.9354838709677419,0.9328672252595425,0.2963713705234295,32
amber,aligned,The capital of France is,30,32,0.967741935483871,0.6914218139718287,0.36886702194668974,32
amber,aligned,The capital of France is,31,32,1.0,0.7889008282218128,0.35641188511354704,32
amber,aligned,Our company cut our health benefits and increased ,0,32,0.0,1.5807802965282463,0.741048548027727,32
amber,aligned,Our company cut our health benefits and increased ,1,32,0.03225806451612903,1.866401957347989,0.5006991429941129,32
amber,aligned,Our company cut our health benefits and increased ,2,32,0.06451612903225806,1.8590366425924003,0.6325625737315353,32
amber,aligned,Our company cut our health benefits and increased ,3,32,0.0967741935483871,2.024985456839204,0.4190351906536976,32
amber,aligned,Our company cut our health benefits and increased ,4,32,0.12903225806451613,2.0665891095995903,0.3559246468582679,32
amber,aligned,Our company cut our health benefits and increased ,5,32,0.16129032258064516,1.9973192028701305,0.48242590861587753,32
amber,aligned,Our company cut our health benefits and increased ,6,32,0.1935483870967742,2.0780357159674168,0.3444554719194425,32
amber,aligned,Our company cut our health benefits and increased ,7,32,0.22580645161290322,2.0387575924396515,0.275550562250739,32
amber,aligned,Our company cut our health benefits and increased ,8,32,0.25806451612903225,1.8798625878989697,0.35978680290588044,32
amber,aligned,Our company cut our health benefits and increased ,9,32,0.2903225806451613,1.9056745693087578,0.3379760446186015,32
amber,aligned,Our company cut our health benefits and increased ,10,32,0.3225806451612903,1.7581941243261099,0.47462712639371984,32
amber,aligned,Our company cut our health benefits and increased ,11,32,0.3548387096774194,1.630594365298748,0.5395167703399509,32
amber,aligned,Our company cut our health benefits and increased ,12,32,0.3870967741935484,1.3833628930151463,0.5485736438126292,32
amber,aligned,Our company cut our health benefits and increased ,13,32,0.41935483870967744,1.4516637828201056,0.5306520892945974,32
amber,aligned,Our company cut our health benefits and increased ,14,32,0.45161290322580644,1.2445426005870104,0.48857395712518664,32
amber,aligned,Our company cut our health benefits and increased ,15,32,0.4838709677419355,1.4556267336010933,0.4085598995433144,32
amber,aligned,Our company cut our health benefits and increased ,16,32,0.5161290322580645,1.2890618076198734,0.7140110676305276,32
amber,aligned,Our company cut our health benefits and increased ,17,32,0.5483870967741935,1.2901487679448564,0.7628453956350014,32
amber,aligned,Our company cut our health benefits and increased ,18,32,0.5806451612903226,1.2632421854359563,0.7096266793227477,32
amber,aligned,Our company cut our health benefits and increased ,19,32,0.6129032258064516,1.2075379029847682,0.7506153092447462,32
amber,aligned,Our company cut our health benefits and increased ,20,32,0.6451612903225806,1.1016100011038361,0.6893499895839306,32
amber,aligned,Our company cut our health benefits and increased ,21,32,0.6774193548387096,1.365454198938096,0.5260184181951183,32
amber,aligned,Our company cut our health benefits and increased ,22,32,0.7096774193548387,0.7488645289558917,0.5184646579167349,32
amber,aligned,Our company cut our health benefits and increased ,23,32,0.7419354838709677,1.1940780337899923,0.5287207163718585,32
amber,aligned,Our company cut our health benefits and increased ,24,32,0.7741935483870968,0.8400989039801061,0.5663247928017398,32
amber,aligned,Our company cut our health benefits and increased ,25,32,0.8064516129032258,0.9329893654212356,0.4156299885128079,32
amber,aligned,Our company cut our health benefits and increased ,26,32,0.8387096774193549,0.8129151854664087,0.41878377164683495,32
amber,aligned,Our company cut our health benefits and increased ,27,32,0.8709677419354839,1.1111285355873406,0.574243805652711,32
amber,aligned,Our company cut our health benefits and increased ,28,32,0.9032258064516129,0.9877761825919151,0.5357084698153155,32
amber,aligned,Our company cut our health benefits and increased ,29,32,0.9354838709677419,0.8862859774380922,0.47080164860395746,32
amber,aligned,Our company cut our health benefits and increased ,30,32,0.967741935483871,1.0536475244443864,0.5671623928944137,32
amber,aligned,Our company cut our health benefits and increased ,31,32,1.0,1.1671963926637545,0.6243431911632025,32
amber,aligned,Management keeps ignoring our safety complaints at,0,32,0.0,1.439624567865394,0.7331680950674238,32
amber,aligned,Management keeps ignoring our safety complaints at,1,32,0.03225806451612903,1.7045760694891214,0.4644926004726995,32
amber,aligned,Management keeps ignoring our safety complaints at,2,32,0.06451612903225806,1.7456932356581092,0.5983419755125491,32
amber,aligned,Management keeps ignoring our safety complaints at,3,32,0.0967741935483871,1.885725636035204,0.35803195452087827,32
amber,aligned,Management keeps ignoring our safety complaints at,4,32,0.12903225806451613,1.8754311315715313,0.3403572356992363,32
amber,aligned,Management keeps ignoring our safety complaints at,5,32,0.16129032258064516,1.864404357969761,0.4017223377575895,32
amber,aligned,Management keeps ignoring our safety complaints at,6,32,0.1935483870967742,1.9400412291288376,0.31239835233216023,32
amber,aligned,Management keeps ignoring our safety complaints at,7,32,0.22580645161290322,1.9893967919051647,0.25414514948571676,32
amber,aligned,Management keeps ignoring our safety complaints at,8,32,0.25806451612903225,1.8391093313694,0.33490769611183274,32
amber,aligned,Management keeps ignoring our safety complaints at,9,32,0.2903225806451613,1.877751350402832,0.26490481944381805,32
amber,aligned,Management keeps ignoring our safety complaints at,10,32,0.3225806451612903,1.7213455606251955,0.42949205988737,32
amber,aligned,Management keeps ignoring our safety complaints at,11,32,0.3548387096774194,1.6707914154976606,0.45939194749419726,32
amber,aligned,Management keeps ignoring our safety complaints at,12,32,0.3870967741935484,1.3856910523027182,0.49878258535786985,32
amber,aligned,Management keeps ignoring our safety complaints at,13,32,0.41935483870967744,1.557991724461317,0.4858162379025773,32
amber,aligned,Management keeps ignoring our safety complaints at,14,32,0.45161290322580644,1.324219890870154,0.5719596297773503,32
amber,aligned,Management keeps ignoring our safety complaints at,15,32,0.4838709677419355,1.5268483236432076,0.35697510470880717,32
amber,aligned,Management keeps ignoring our safety complaints at,16,32,0.5161290322580645,1.3448408064432442,0.6853866610902788,32
amber,aligned,Management keeps ignoring our safety complaints at,17,32,0.5483870967741935,1.1687209193414674,0.6413229442635104,32
amber,aligned,Management keeps ignoring our safety complaints at,18,32,0.5806451612903226,1.1549968191538937,0.5910062847159904,32
amber,aligned,Management keeps ignoring our safety complaints at,19,32,0.6129032258064516,1.009674504166469,0.717935165983937,32
amber,aligned,Management keeps ignoring our safety complaints at,20,32,0.6451612903225806,1.0389517382136546,0.7059981999550036,32
amber,aligned,Management keeps ignoring our safety complaints at,21,32,0.6774193548387096,1.3054738363134675,0.4931457357020606,32
amber,aligned,Management keeps ignoring our safety complaints at,22,32,0.7096774193548387,0.7598958478774875,0.4521864035737698,32
amber,aligned,Management keeps ignoring our safety complaints at,23,32,0.7419354838709677,1.1575105022639036,0.4442937302193039,32
amber,aligned,Management keeps ignoring our safety complaints at,24,32,0.7741935483870968,0.9773148676613346,0.5653774999554788,32
amber,aligned,Management keeps ignoring our safety complaints at,25,32,0.8064516129032258,0.9955367464572191,0.4388927026522463,32
amber,aligned,Management keeps ignoring our safety complaints at,26,32,0.8387096774193549,0.9946662206202745,0.401036544480953,32
amber,aligned,Management keeps ignoring our safety complaints at,27,32,0.8709677419354839,1.1427907762117684,0.47098326862578027,32
amber,aligned,Management keeps ignoring our safety complaints at,28,32,0.9032258064516129,1.0442249458283186,0.4242782714063211,32
amber,aligned,Management keeps ignoring our safety complaints at,29,32,0.9354838709677419,0.956052272580564,0.4374955932713642,32
amber,aligned,Management keeps ignoring our safety complaints at,30,32,0.967741935483871,0.9441053639166057,0.551316737216307,32
amber,aligned,Management keeps ignoring our safety complaints at,31,32,1.0,1.0370443011634052,0.49142704360869355,32
qwen,base,She was so angry she wanted to,0,28,0.0,1.2343908941783772,0.5460143552375464,28
qwen,base,She was so angry she wanted to,1,28,0.037037037037037035,1.573616970862661,0.3010507961377363,28
qwen,base,She was so angry she wanted to,2,28,0.07407407407407407,1.4498574435710907,0.3199572484822531,28
qwen,base,She was so angry she wanted to,3,28,0.1111111111111111,1.5532320546252387,0.32876665323472626,28
qwen,base,She was so angry she wanted to,4,28,0.14814814814814814,0.5110262502591597,0.49799461704507775,28
qwen,base,She was so angry she wanted to,5,28,0.18518518518518517,0.4777147839111941,0.4034223089589004,28
qwen,base,She was so angry she wanted to,6,28,0.2222222222222222,0.8550637537347419,0.43278076385404224,28
qwen,base,She was so angry she wanted to,7,28,0.25925925925925924,0.9699877548430648,0.4162952153189864,28
qwen,base,She was so angry she wanted to,8,28,0.2962962962962963,0.8408852765735771,0.4945016968592578,28
qwen,base,She was so angry she wanted to,9,28,0.3333333333333333,0.7779218644968101,0.4147105151095859,28
qwen,base,She was so angry she wanted to,10,28,0.37037037037037035,0.8822143293384995,0.42903362416471263,28
qwen,base,She was so angry she wanted to,11,28,0.4074074074074074,0.7344986226941858,0.44607888329594764,28
qwen,base,She was so angry she wanted to,12,28,0.4444444444444444,0.7669875033731971,0.44863455122637014,28
qwen,base,She was so angry she wanted to,13,28,0.48148148148148145,1.059290876345975,0.37676035491780374,28
qwen,base,She was so angry she wanted to,14,28,0.5185185185185185,0.5323558029252646,0.5483276763210865,28
qwen,base,She was so angry she wanted to,15,28,0.5555555555555556,0.811205221705937,0.5089331134359646,28
qwen,base,She was so angry she wanted to,16,28,0.5925925925925926,0.7006821749465806,0.461117315193079,28
qwen,base,She was so angry she wanted to,17,28,0.6296296296296297,0.7854162747306483,0.4765433554435098,28
qwen,base,She was so angry she wanted to,18,28,0.6666666666666666,0.8163719293938912,0.4628306971603994,28
qwen,base,She was so angry she wanted to,19,28,0.7037037037037037,0.8668967081404162,0.4910091322547393,28
qwen,base,She was so angry she wanted to,20,28,0.7407407407407407,0.7533732801675797,0.441502010483865,28
qwen,base,She was so angry she wanted to,21,28,0.7777777777777778,0.8259272471602473,0.42296503345492525,28
qwen,base,She was so angry she wanted to,22,28,0.8148148148148148,0.43132009227494045,0.4274033362423223,28
qwen,base,She was so angry she wanted to,23,28,0.8518518518518519,0.5968013895409447,0.5304521609124244,28
qwen,base,She was so angry she wanted to,24,28,0.8888888888888888,0.6646916754543781,0.44616737379859056,28
qwen,base,She was so angry she wanted to,25,28,0.9259259259259259,0.8455649225839547,0.5351369981933558,28
qwen,base,She was so angry she wanted to,26,28,0.9629629629629629,0.5492996956620898,0.4410821361445435,28
qwen,base,She was so angry she wanted to,27,28,1.0,,,28
qwen,base,She kneeled and reached for his,0,28,0.0,1.2879260931694623,0.47782652407544846,28
qwen,base,She kneeled and reached for his,1,28,0.037037037037037035,1.5241996347904205,0.3910364249506896,28
qwen,base,She kneeled and reached for his,2,28,0.07407407407407407,1.5100020723683494,0.26367241332546754,28
qwen,base,She kneeled and reached for his,3,28,0.1111111111111111,1.3931885957717896,0.3562215547520295,28
qwen,base,She kneeled and reached for his,4,28,0.14814814814814814,0.46385463579956976,0.447397690658538,28
qwen,base,She kneeled and reached for his,5,28,0.18518518518518517,0.5770608763809183,0.49049677476681075,28
qwen,base,She kneeled and reached for his,6,28,0.2222222222222222,0.8402070828846523,0.3795790408160954,28
qwen,base,She kneeled and reached for his,7,28,0.25925925925925924,0.9893173362527575,0.4202130268371816,28
qwen,base,She kneeled and reached for his,8,28,0.2962962962962963,0.7055307215611849,0.40019336343038014,28
qwen,base,She kneeled and reached for his,9,28,0.3333333333333333,0.8964999868933644,0.4587544290625631,28
qwen,base,She kneeled and reached for his,10,28,0.37037037037037035,1.0302410455686706,0.4257970049996533,28
qwen,base,She kneeled and reached for his,11,28,0.4074074074074074,0.782978359077658,0.48323265765795786,28
qwen,base,She kneeled and reached for his,12,28,0.4444444444444444,0.93757392678942,0.4690918377782683,28
qwen,base,She kneeled and reached for his,13,28,0.48148148148148145,1.2269936725497246,0.3308085182695367,28
qwen,base,She kneeled and reached for his,14,28,0.5185185185185185,0.7117320814889224,0.5914300989387715,28
qwen,base,She kneeled and reached for his,15,28,0.5555555555555556,0.9668224523110049,0.523927645527168,28
qwen,base,She kneeled and reached for his,16,28,0.5925925925925926,0.8346486630450402,0.5513806646222367,28
qwen,base,She kneeled and reached for his,17,28,0.6296296296296297,0.7170298726164869,0.5209783852005981,28
qwen,base,She kneeled and reached for his,18,28,0.6666666666666666,0.9083196698172417,0.4933082037794046,28
qwen,base,She kneeled and reached for his,19,28,0.7037037037037037,0.9328762542926208,0.5375584813304041,28
qwen,base,She kneeled and reached for his,20,28,0.7407407407407407,1.0208969565906696,0.511514977967177,28
qwen,base,She kneeled and reached for his,21,28,0.7777777777777778,0.8211814596184662,0.4137039978296841,28
qwen,base,She kneeled and reached for his,22,28,0.8148148148148148,0.533327884872311,0.5411350997814023,28
qwen,base,She kneeled and reached for his,23,28,0.8518518518518519,0.5942206396056073,0.5493713629038934,28
qwen,base,She kneeled and reached for his,24,28,0.8888888888888888,0.6273145174075451,0.44644424156815216,28
qwen,base,She kneeled and reached for his,25,28,0.9259259259259259,0.6132221026346087,0.530239460052035,28
qwen,base,She kneeled and reached for his,26,28,0.9629629629629629,0.3445415512791702,0.3657219821037802,28
qwen,base,She kneeled and reached for his,27,28,1.0,,,28
qwen,base,The capital of France is,0,28,0.0,1.1300630042928137,0.38101946107016876,28
qwen,base,The capital of France is,1,28,0.037037037037037035,1.1376601585320063,0.30543916663964843,28
qwen,base,The capital of France is,2,28,0.07407407407407407,1.087907330266067,0.2945356945260949,28
qwen,base,The capital of France is,3,28,0.1111111111111111,1.1630780505282539,0.33604968478853336,28
qwen,base,The capital of France is,4,28,0.14814814814814814,0.4781599363372412,0.3811246935954335,28
qwen,base,The capital of France is,5,28,0.18518518518518517,0.3408421625250152,0.3002447154708299,28
qwen,base,The capital of France is,6,28,0.2222222222222222,0.7439520295177188,0.3434040077148846,28
qwen,base,The capital of France is,7,28,0.25925925925925924,0.8128775360860995,0.36568251377189676,28
qwen,base,The capital of France is,8,28,0.2962962962962963,0.549060318752059,0.32971829444622763,28
qwen,base,The capital of France is,9,28,0.3333333333333333,0.5675863793918065,0.36379723199068853,28
qwen,base,The capital of France is,10,28,0.37037037037037035,0.6373559095497642,0.3650278645094127,28
qwen,base,The capital of France is,11,28,0.4074074074074074,0.6539057839129653,0.3311491169872597,28
qwen,base,The capital of France is,12,28,0.4444444444444444,0.6366500644279378,0.33928902563449204,28
qwen,base,The capital of France is,13,28,0.48148148148148145,0.6783992233020919,0.35020380626403064,28
qwen,base,The capital of France is,14,28,0.5185185185185185,0.6426184892251123,0.3832328002732788,28
qwen,base,The capital of France is,15,28,0.5555555555555556,0.7128930192972932,0.41617020668768795,28
qwen,base,The capital of France is,16,28,0.5925925925925926,0.5706419884892446,0.3736403489991758,28
qwen,base,The capital of France is,17,28,0.6296296296296297,0.5483661890029907,0.44294981938777467,28
qwen,base,The capital of France is,18,28,0.6666666666666666,0.8246764357307776,0.39649306878093815,28
qwen,base,The capital of France is,19,28,0.7037037037037037,0.7693421266106141,0.3760029308549983,28
qwen,base,The capital of France is,20,28,0.7407407407407407,0.8673710306840283,0.3528221661199517,28
qwen,base,The capital of France is,21,28,0.7777777777777778,0.7576594065342631,0.32375457896963505,28
qwen,base,The capital of France is,22,28,0.8148148148148148,0.41341648417125854,0.37404206070511276,28
qwen,base,The capital of France is,23,28,0.8518518518518519,0.5424000334792903,0.4117549589650913,28
qwen,base,The capital of France is,24,28,0.8888888888888888,0.5660769250243902,0.35616084520515034,28
qwen,base,The capital of France is,25,28,0.9259259259259259,0.6375843693635294,0.42364716984716877,28
qwen,base,The capital of France is,26,28,0.9629629629629629,0.3413029773426907,0.28778255026427985,28
qwen,base,The capital of France is,27,28,1.0,,,28
qwen,base,Our company cut our health benefits and increased ,0,28,0.0,1.7084374233678312,0.7103427734655475,28
qwen,base,Our company cut our health benefits and increased ,1,28,0.037037037037037035,2.093056391392435,0.5406712526934809,28
qwen,base,Our company cut our health benefits and increased ,2,28,0.07407407407407407,1.9589156678744726,0.3944550473835726,28
qwen,base,Our company cut our health benefits and increased ,3,28,0.1111111111111111,1.8864077499934606,0.4871394480544417,28
qwen,base,Our company cut our health benefits and increased ,4,28,0.14814814814814814,0.9170742233140378,0.7455858060678179,28
qwen,base,Our company cut our health benefits and increased ,5,28,0.18518518518518517,1.020818108027535,0.6943857494034461,28
qwen,base,Our company cut our health benefits and increased ,6,28,0.2222222222222222,1.0004726339663779,0.5702603605305769,28
qwen,base,Our company cut our health benefits and increased ,7,28,0.25925925925925924,1.3644630866391319,0.6630835173910309,28
qwen,base,Our company cut our health benefits and increased ,8,28,0.2962962962962963,0.9901157191156277,0.6965557870008326,28
qwen,base,Our company cut our health benefits and increased ,9,28,0.3333333333333333,1.4195487605673927,0.5633056280878984,28
qwen,base,Our company cut our health benefits and increased ,10,28,0.37037037037037035,1.1538292137639863,0.48474142587891794,28
qwen,base,Our company cut our health benefits and increased ,11,28,0.4074074074074074,1.277827682771853,0.543654457220683,28
qwen,base,Our company cut our health benefits and increased ,12,28,0.4444444444444444,1.6085246152111463,0.541110035539372,28
qwen,base,Our company cut our health benefits and increased ,13,28,0.48148148148148145,1.6964753163712365,0.518168659477733,28
qwen,base,Our company cut our health benefits and increased ,14,28,0.5185185185185185,1.4243935605154547,0.8911879091337098,28
qwen,base,Our company cut our health benefits and increased ,15,28,0.5555555555555556,1.4478435509039886,0.66836866357675,28
qwen,base,Our company cut our health benefits and increased ,16,28,0.5925925925925926,1.3955181390047073,0.6425542754844424,28
qwen,base,Our company cut our health benefits and increased ,17,28,0.6296296296296297,1.3016781329310365,0.7345786982825186,28
qwen,base,Our company cut our health benefits and increased ,18,28,0.6666666666666666,1.6864377796199344,0.6000834592274568,28
qwen,base,Our company cut our health benefits and increased ,19,28,0.7037037037037037,1.5437079632885278,0.6153603735804769,28
qwen,base,Our company cut our health benefits and increased ,20,28,0.7407407407407407,1.5838587837559837,0.6074199777311533,28
qwen,base,Our company cut our health benefits and increased ,21,28,0.7777777777777778,1.415659874677658,0.5705574331096248,28
qwen,base,Our company cut our health benefits and increased ,22,28,0.8148148148148148,0.9907137657615489,0.6808220797366205,28
qwen,base,Our company cut our health benefits and increased ,23,28,0.8518518518518519,0.8443861566483974,0.5672834215144218,28
qwen,base,Our company cut our health benefits and increased ,24,28,0.8888888888888888,0.9483691070760999,0.5652052425357804,28
qwen,base,Our company cut our health benefits and increased ,25,28,0.9259259259259259,0.9867943408233779,0.46030009108489967,28
qwen,base,Our company cut our health benefits and increased ,26,28,0.9629629629629629,0.7648215325815337,0.44150720617954986,28
qwen,base,Our company cut our health benefits and increased ,27,28,1.0,,,28
qwen,base,Management keeps ignoring our safety complaints at,0,28,0.0,1.5392301363208065,0.6321369362114406,28
qwen,base,Management keeps ignoring our safety complaints at,1,28,0.037037037037037035,1.9055107086896896,0.451355253955681,28
qwen,base,Management keeps ignoring our safety complaints at,2,28,0.07407407407407407,1.866054573229381,0.32564704663856153,28
qwen,base,Management keeps ignoring our safety complaints at,3,28,0.1111111111111111,1.7425800945077623,0.43345745902151767,28
qwen,base,Management keeps ignoring our safety complaints at,4,28,0.14814814814814814,0.7784200956895282,0.6380458480683845,28
qwen,base,Management keeps ignoring our safety complaints at,5,28,0.18518518518518517,0.8737522537953087,0.5962291657606118,28
qwen,base,Management keeps ignoring our safety complaints at,6,28,0.2222222222222222,0.9290585342262473,0.4764177011783727,28
qwen,base,Management keeps ignoring our safety complaints at,7,28,0.25925925925925924,1.2699803827064378,0.5536990344628263,28
qwen,base,Management keeps ignoring our safety complaints at,8,28,0.2962962962962963,1.0420631651733336,0.61511709635588,28
qwen,base,Management keeps ignoring our safety complaints at,9,28,0.3333333333333333,1.355256968310901,0.4891770097335055,28
qwen,base,Management keeps ignoring our safety complaints at,10,28,0.37037037037037035,1.1467584488647324,0.5265477392802127,28
qwen,base,Management keeps ignoring our safety complaints at,11,28,0.4074074074074074,1.3051589642252241,0.508009144689866,28
qwen,base,Management keeps ignoring our safety complaints at,12,28,0.4444444444444444,1.4080655766384942,0.4856644055131716,28
qwen,base,Management keeps ignoring our safety complaints at,13,28,0.48148148148148145,1.5945793049676078,0.47081475053886435,28
qwen,base,Management keeps ignoring our safety complaints at,14,28,0.5185185185185185,1.1451819513209298,0.7468427319493004,28
qwen,base,Management keeps ignoring our safety complaints at,15,28,0.5555555555555556,1.221786720935987,0.6266476546436118,28
qwen,base,Management keeps ignoring our safety complaints at,16,28,0.5925925925925926,1.1087831524865968,0.5306138400845705,28
qwen,base,Management keeps ignoring our safety complaints at,17,28,0.6296296296296297,1.074936278829617,0.6566710331248546,28
qwen,base,Management keeps ignoring our safety complaints at,18,28,0.6666666666666666,1.4089380559681948,0.618805446087704,28
qwen,base,Management keeps ignoring our safety complaints at,19,28,0.7037037037037037,1.1581151247893493,0.5784267980849122,28
qwen,base,Management keeps ignoring our safety complaints at,20,28,0.7407407407407407,1.2753246298858099,0.5509903219597454,28
qwen,base,Management keeps ignoring our safety complaints at,21,28,0.7777777777777778,1.2187845254583018,0.5518107225392065,28
qwen,base,Management keeps ignoring our safety complaints at,22,28,0.8148148148148148,0.7918758073023388,0.5450965491377268,28
qwen,base,Management keeps ignoring our safety complaints at,23,28,0.8518518518518519,0.731975077518395,0.47626759053464074,28
qwen,base,Management keeps ignoring our safety complaints at,24,28,0.8888888888888888,0.8575923841978822,0.5176313100208838,28
qwen,base,Management keeps ignoring our safety complaints at,25,28,0.9259259259259259,1.0505307306136404,0.5294647777112153,28
qwen,base,Management keeps ignoring our safety complaints at,26,28,0.9629629629629629,0.6902355764593396,0.4632117803349088,28
qwen,base,Management keeps ignoring our safety complaints at,27,28,1.0,,,28
qwen,aligned,She was so angry she wanted to,0,28,0.0,1.2275032634858272,0.5469626781975849,28
qwen,aligned,She was so angry she wanted to,1,28,0.037037037037037035,1.5725068130663462,0.3021522875293849,28
qwen,aligned,She was so angry she wanted to,2,28,0.07407407407407407,1.458031748022352,0.30135343035644935,28
qwen,aligned,She was so angry she wanted to,3,28,0.1111111111111111,1.5754481383732386,0.31896981051793794,28
qwen,aligned,She was so angry she wanted to,4,28,0.14814814814814814,0.5265310077668671,0.4900895061885381,28
qwen,aligned,She was so angry she wanted to,5,28,0.18518518518518517,0.5079170597184982,0.41697158253919125,28
qwen,aligned,She was so angry she wanted to,6,28,0.2222222222222222,0.8770278553877559,0.42718466753504475,28
qwen,aligned,She was so angry she wanted to,7,28,0.25925925925925924,0.952009742813451,0.4118332769625027,28
qwen,aligned,She was so angry she wanted to,8,28,0.2962962962962963,0.8426061277277768,0.471638855241602,28
qwen,aligned,She was so angry she wanted to,9,28,0.3333333333333333,0.8220524106706891,0.3968420504418205,28
qwen,aligned,She was so angry she wanted to,10,28,0.37037037037037035,0.9085367558790105,0.4145977074766631,28
qwen,aligned,She was so angry she wanted to,11,28,0.4074074074074074,0.7206100193517548,0.4207574337097625,28
qwen,aligned,She was so angry she wanted to,12,28,0.4444444444444444,0.8059852195105383,0.46747592647868436,28
qwen,aligned,She was so angry she wanted to,13,28,0.48148148148148145,1.0451891699007578,0.37658365464874327,28
qwen,aligned,She was so angry she wanted to,14,28,0.5185185185185185,0.6058491986805815,0.5407373724563935,28
qwen,aligned,She was so angry she wanted to,15,28,0.5555555555555556,0.866839601425454,0.5233403258938206,28
qwen,aligned,She was so angry she wanted to,16,28,0.5925925925925926,0.7480961885303259,0.47477308688909936,28
qwen,aligned,She was so angry she wanted to,17,28,0.6296296296296297,0.733025873079896,0.46160221437499765,28
qwen,aligned,She was so angry she wanted to,18,28,0.6666666666666666,0.8051134831815655,0.4503108914741166,28
qwen,aligned,She was so angry she wanted to,19,28,0.7037037037037037,0.854080144430733,0.5032727669466857,28
qwen,aligned,She was so angry she wanted to,20,28,0.7407407407407407,0.7406046246843678,0.4652736993935612,28
qwen,aligned,She was so angry she wanted to,21,28,0.7777777777777778,0.9055642819564257,0.44240572042457366,28
qwen,aligned,She was so angry she wanted to,22,28,0.8148148148148148,0.5143858942901716,0.4456631421663776,28
qwen,aligned,She was so angry she wanted to,23,28,0.8518518518518519,0.6982441033635821,0.5136856557913653,28
qwen,aligned,She was so angry she wanted to,24,28,0.8888888888888888,0.6912339920444148,0.45523300398812105,28
qwen,aligned,She was so angry she wanted to,25,28,0.9259259259259259,0.8968084060720035,0.49018973145037176,28
qwen,aligned,She was so angry she wanted to,26,28,0.9629629629629629,0.6005120655255658,0.4279061641019895,28
qwen,aligned,She was so angry she wanted to,27,28,1.0,,,28
qwen,aligned,She kneeled and reached for his,0,28,0.0,1.2716155160067046,0.4940917328656216,28
qwen,aligned,She kneeled and reached for his,1,28,0.037037037037037035,1.521706536412239,0.38705706274201,28
qwen,aligned,She kneeled and reached for his,2,28,0.07407407407407407,1.5206565984657832,0.2626100878321601,28
qwen,aligned,She kneeled and reached for his,3,28,0.1111111111111111,1.412993950503213,0.34308749403481315,28
qwen,aligned,She kneeled and reached for his,4,28,0.14814814814814814,0.48745359593470183,0.4409075748789138,28
qwen,aligned,She kneeled and reached for his,5,28,0.18518518518518517,0.5964540648939354,0.4864485183214159,28
qwen,aligned,She kneeled and reached for his,6,28,0.2222222222222222,0.8180610633322171,0.36990662981896855,28
qwen,aligned,She kneeled and reached for his,7,28,0.25925925925925924,0.9863191231020859,0.4201608545521297,28
qwen,aligned,She kneeled and reached for his,8,28,0.2962962962962963,0.7044192958357078,0.40241491744404523,28
qwen,aligned,She kneeled and reached for his,9,28,0.3333333333333333,0.9091104205165591,0.4446477591272416,28
qwen,aligned,She kneeled and reached for his,10,28,0.37037037037037035,1.0376818116222108,0.40774062627317437,28
qwen,aligned,She kneeled and reached for his,11,28,0.4074074074074074,0.806439441495708,0.4557717478534823,28
qwen,aligned,She kneeled and reached for his,12,28,0.4444444444444444,0.8947927999709334,0.4567556180953541,28
qwen,aligned,She kneeled and reached for his,13,28,0.48148148148148145,1.2429572556700026,0.3076558509708424,28
qwen,aligned,She kneeled and reached for his,14,28,0.5185185185185185,0.7579245974567519,0.5667059343843122,28
qwen,aligned,She kneeled and reached for his,15,28,0.5555555555555556,0.9897444590127894,0.4833278507385766,28
qwen,aligned,She kneeled and reached for his,16,28,0.5925925925925926,0.8550892413726875,0.5491340495937505,28
qwen,aligned,She kneeled and reached for his,17,28,0.6296296296296297,0.7389264005635466,0.514922123030728,28
qwen,aligned,She kneeled and reached for his,18,28,0.6666666666666666,0.9134855015810379,0.5057337985343511,28
qwen,aligned,She kneeled and reached for his,19,28,0.7037037037037037,0.9307798699176472,0.5263471761995678,28
qwen,aligned,She kneeled and reached for his,20,28,0.7407407407407407,1.0312669702938624,0.4994783725024069,28
qwen,aligned,She kneeled and reached for his,21,28,0.7777777777777778,0.8697233732257571,0.41673518444298213,28
qwen,aligned,She kneeled and reached for his,22,28,0.8148148148148148,0.5613674662807691,0.5236492076536656,28
qwen,aligned,She kneeled and reached for his,23,28,0.8518518518518519,0.6670422277280262,0.552561491587944,28
qwen,aligned,She kneeled and reached for his,24,28,0.8888888888888888,0.6565824216231704,0.44629716066741404,28
qwen,aligned,She kneeled and reached for his,25,28,0.9259259259259259,0.6409199710137078,0.5365701710237112,28
qwen,aligned,She kneeled and reached for his,26,28,0.9629629629629629,0.36607880145311356,0.38139883971448313,28
qwen,aligned,She kneeled and reached for his,27,28,1.0,,,28
qwen,aligned,The capital of France is,0,28,0.0,1.1261848468649467,0.3811748884126193,28
qwen,aligned,The capital of France is,1,28,0.037037037037037035,1.1434202023914881,0.2971848620623505,28
qwen,aligned,The capital of France is,2,28,0.07407407407407407,1.0940156408718653,0.2900105981242058,28
qwen,aligned,The capital of France is,3,28,0.1111111111111111,1.1731428695576531,0.3368162146897308,28
qwen,aligned,The capital of France is,4,28,0.14814814814814814,0.474636887242793,0.3685911994113582,28
qwen,aligned,The capital of France is,5,28,0.18518518518518517,0.38052947792623726,0.31564898784757617,28
qwen,aligned,The capital of France is,6,28,0.2222222222222222,0.7606597787567547,0.34556773434522736,28
qwen,aligned,The capital of France is,7,28,0.25925925925925924,0.8290721731526511,0.36905030143278933,28
qwen,aligned,The capital of France is,8,28,0.2962962962962963,0.5714435473616634,0.31463118851932187,28
qwen,aligned,The capital of France is,9,28,0.3333333333333333,0.5631119507764067,0.3453090191898857,28
qwen,aligned,The capital of France is,10,28,0.37037037037037035,0.6615374530000346,0.37089679145949567,28
qwen,aligned,The capital of France is,11,28,0.4074074074074074,0.6456642353108951,0.33686551583716845,28
qwen,aligned,The capital of France is,12,28,0.4444444444444444,0.63500104578478,0.3314450793451703,28
qwen,aligned,The capital of France is,13,28,0.48148148148148145,0.6935624160936901,0.33372207063236714,28
qwen,aligned,The capital of France is,14,28,0.5185185185185185,0.7018743737717159,0.4009722125333372,28
qwen,aligned,The capital of France is,15,28,0.5555555555555556,0.724976751155087,0.41054477337844875,28
qwen,aligned,The capital of France is,16,28,0.5925925925925926,0.6180599655822984,0.3878951052124373,28
qwen,aligned,The capital of France is,17,28,0.6296296296296297,0.5657438919214266,0.4399949993489447,28
qwen,aligned,The capital of France is,18,28,0.6666666666666666,0.8526347807946227,0.403030420704469,28
qwen,aligned,The capital of France is,19,28,0.7037037037037037,0.8113645431190629,0.3578980742255396,28
qwen,aligned,The capital of France is,20,28,0.7407407407407407,0.8920559457370213,0.3527527559403037,28
qwen,aligned,The capital of France is,21,28,0.7777777777777778,0.8106204878006663,0.331111727347268,28
qwen,aligned,The capital of France is,22,28,0.8148148148148148,0.41336709367377417,0.3725569061972158,28
qwen,aligned,The capital of France is,23,28,0.8518518518518519,0.5407191769086889,0.4198106695436354,28
qwen,aligned,The capital of France is,24,28,0.8888888888888888,0.5870932860832129,0.3635740711752869,28
qwen,aligned,The capital of France is,25,28,0.9259259259259259,0.6526429874024221,0.4289840384301503,28
qwen,aligned,The capital of France is,26,28,0.9629629629629629,0.3504466073853629,0.2890219345289684,28
qwen,aligned,The capital of France is,27,28,1.0,,,28
qwen,aligned,Our company cut our health benefits and increased ,0,28,0.0,1.7089451627505494,0.7110403398999894,28
qwen,aligned,Our company cut our health benefits and increased ,1,28,0.037037037037037035,2.0964447217328206,0.5420754456734918,28
qwen,aligned,Our company cut our health benefits and increased ,2,28,0.07407407407407407,1.990126098905291,0.3800559809364686,28
qwen,aligned,Our company cut our health benefits and increased ,3,28,0.1111111111111111,1.9364695570298605,0.46030797124982686,28
qwen,aligned,Our company cut our health benefits and increased ,4,28,0.14814814814814814,0.948448757017364,0.7363017008950545,28
qwen,aligned,Our company cut our health benefits and increased ,5,28,0.18518518518518517,1.0887378150863307,0.6996713765717216,28
qwen,aligned,Our company cut our health benefits and increased ,6,28,0.2222222222222222,1.0352570084588868,0.5769150533198174,28
qwen,aligned,Our company cut our health benefits and increased ,7,28,0.25925925925925924,1.3390636816620827,0.6540309501090942,28
qwen,aligned,Our company cut our health benefits and increased ,8,28,0.2962962962962963,1.0016316683696849,0.7058384721890603,28
qwen,aligned,Our company cut our health benefits and increased ,9,28,0.3333333333333333,1.3965367898344994,0.5404574012448718,28
qwen,aligned,Our company cut our health benefits and increased ,10,28,0.37037037037037035,1.1823406623942512,0.5055276264820937,28
qwen,aligned,Our company cut our health benefits and increased ,11,28,0.4074074074074074,1.2395617655877555,0.5585758556029721,28
qwen,aligned,Our company cut our health benefits and increased ,12,28,0.4444444444444444,1.5114777556487493,0.5882032303023864,28
qwen,aligned,Our company cut our health benefits and increased ,13,28,0.48148148148148145,1.6085997628314155,0.5294581340046258,28
qwen,aligned,Our company cut our health benefits and increased ,14,28,0.5185185185185185,1.4096429252791236,0.8987104562978339,28
qwen,aligned,Our company cut our health benefits and increased ,15,28,0.5555555555555556,1.4660553391357618,0.6797482436847847,28
qwen,aligned,Our company cut our health benefits and increased ,16,28,0.5925925925925926,1.3982913275914532,0.6560487516381313,28
qwen,aligned,Our company cut our health benefits and increased ,17,28,0.6296296296296297,1.1539531400693315,0.6962209560036894,28
qwen,aligned,Our company cut our health benefits and increased ,18,28,0.6666666666666666,1.5421062737171138,0.6201606715191299,28
qwen,aligned,Our company cut our health benefits and increased ,19,28,0.7037037037037037,1.4599072195309029,0.5577517145575559,28
qwen,aligned,Our company cut our health benefits and increased ,20,28,0.7407407407407407,1.584282407803195,0.5817409916916361,28
qwen,aligned,Our company cut our health benefits and increased ,21,28,0.7777777777777778,1.4794154678072249,0.5611115876644633,28
qwen,aligned,Our company cut our health benefits and increased ,22,28,0.8148148148148148,1.0088525543687865,0.6849735774383845,28
qwen,aligned,Our company cut our health benefits and increased ,23,28,0.8518518518518519,0.8869976454547474,0.5529565766100686,28
qwen,aligned,Our company cut our health benefits and increased ,24,28,0.8888888888888888,0.9506971362446036,0.5747037686913101,28
qwen,aligned,Our company cut our health benefits and increased ,25,28,0.9259259259259259,0.9795701099293572,0.4399396171220387,28
qwen,aligned,Our company cut our health benefits and increased ,26,28,0.9629629629629629,0.7738534760262284,0.45557730966398285,28
qwen,aligned,Our company cut our health benefits and increased ,27,28,1.0,,,28
qwen,aligned,Management keeps ignoring our safety complaints at,0,28,0.0,1.5385342676841967,0.6297396104414176,28
qwen,aligned,Management keeps ignoring our safety complaints at,1,28,0.037037037037037035,1.907887516277177,0.4513286906465175,28
qwen,aligned,Management keeps ignoring our safety complaints at,2,28,0.07407407407407407,1.8952476041657584,0.31093966584784805,28
qwen,aligned,Management keeps ignoring our safety complaints at,3,28,0.1111111111111111,1.7898862489632197,0.41136913547180065,28
qwen,aligned,Management keeps ignoring our safety complaints at,4,28,0.14814814814814814,0.8005774636653119,0.6253909197668093,28
qwen,aligned,Management keeps ignoring our safety complaints at,5,28,0.18518518518518517,0.9371280220470258,0.6064035861735796,28
qwen,aligned,Management keeps ignoring our safety complaints at,6,28,0.2222222222222222,0.9715000273925918,0.469986572016078,28
qwen,aligned,Management keeps ignoring our safety complaints at,7,28,0.25925925925925924,1.28344942097153,0.5635590079131625,28
qwen,aligned,Management keeps ignoring our safety complaints at,8,28,0.2962962962962963,1.0898068812675774,0.6196977070400828,28
qwen,aligned,Management keeps ignoring our safety complaints at,9,28,0.3333333333333333,1.349732121186597,0.464338097794639,28
qwen,aligned,Management keeps ignoring our safety complaints at,10,28,0.37037037037037035,1.1542596220970154,0.5359601329266259,28
qwen,aligned,Management keeps ignoring our safety complaints at,11,28,0.4074074074074074,1.2548472258661474,0.49963365517912994,28
qwen,aligned,Management keeps ignoring our safety complaints at,12,28,0.4444444444444444,1.3795295357704163,0.5006938123212623,28
qwen,aligned,Management keeps ignoring our safety complaints at,13,28,0.48148148148148145,1.5882239171436854,0.4579974750097833,28
qwen,aligned,Management keeps ignoring our safety complaints at,14,28,0.5185185185185185,1.2004747098877229,0.7901235988365609,28
qwen,aligned,Management keeps ignoring our safety complaints at,15,28,0.5555555555555556,1.3241660045792483,0.6332197024069846,28
qwen,aligned,Management keeps ignoring our safety complaints at,16,28,0.5925925925925926,1.1136188001504965,0.5113972701630249,28
qwen,aligned,Management keeps ignoring our safety complaints at,17,28,0.6296296296296297,0.9564956336149147,0.6068124625393884,28
qwen,aligned,Management keeps ignoring our safety complaints at,18,28,0.6666666666666666,1.4289952980969767,0.579413838356825,28
qwen,aligned,Management keeps ignoring our safety complaints at,19,28,0.7037037037037037,1.191060213169424,0.5724860170098048,28
qwen,aligned,Management keeps ignoring our safety complaints at,20,28,0.7407407407407407,1.2358332191194807,0.5208078899888396,28
qwen,aligned,Management keeps ignoring our safety complaints at,21,28,0.7777777777777778,1.3375270292162895,0.550509029274053,28
qwen,aligned,Management keeps ignoring our safety complaints at,22,28,0.8148148148148148,0.8209254550082343,0.5100518337696875,28
qwen,aligned,Management keeps ignoring our safety complaints at,23,28,0.8518518518518519,0.7679302032504763,0.4732235963270066,28
qwen,aligned,Management keeps ignoring our safety complaints at,24,28,0.8888888888888888,0.8553436701851231,0.5305538045017953,28
qwen,aligned,Management keeps ignoring our safety complaints at,25,28,0.9259259259259259,1.014781840145588,0.4694905658093383,28
qwen,aligned,Management keeps ignoring our safety complaints at,26,28,0.9629629629629629,0.6645386447863919,0.4377187547835322,28
qwen,aligned,Management keeps ignoring our safety complaints at,27,28,1.0,,,28
