stage,prompt,prompt_key,prompt_type,side,layer,layer_frac,h_residual,eff_vocab_residual,h_attention
base,She was so angry she wanted to,,key,,0,0.0,9.571779251098633,19,1.1689228639006615
base,She was so angry she wanted to,,key,,1,0.03225806451612903,10.252764701843262,15,0.8209582147210313
base,She was so angry she wanted to,,key,,2,0.06451612903225806,10.249828338623047,19,0.7910927987541072
base,She was so angry she wanted to,,key,,3,0.0967741935483871,10.259675979614258,15,1.289502383209765
base,She was so angry she wanted to,,key,,4,0.12903225806451613,10.196043014526367,18,1.150643583969213
base,She was so angry she wanted to,,key,,5,0.16129032258064516,10.188982009887695,18,1.0881537701934576
base,She was so angry she wanted to,,key,,6,0.1935483870967742,10.143279075622559,26,0.9344008648768067
base,She was so angry she wanted to,,key,,7,0.22580645161290322,10.08553409576416,30,1.1594846667721868
base,She was so angry she wanted to,,key,,8,0.25806451612903225,10.11003589630127,19,0.9272426967509091
base,She was so angry she wanted to,,key,,9,0.2903225806451613,10.175082206726074,23,0.9483975233742967
base,She was so angry she wanted to,,key,,10,0.3225806451612903,10.201981544494629,18,0.7492917336057872
base,She was so angry she wanted to,,key,,11,0.3548387096774194,10.191946029663086,18,1.0965460436418653
base,She was so angry she wanted to,,key,,12,0.3870967741935484,10.169694900512695,17,0.7707906999858096
base,She was so angry she wanted to,,key,,13,0.41935483870967744,10.118216514587402,23,0.6349366576760076
base,She was so angry she wanted to,,key,,14,0.45161290322580644,10.143113136291504,24,0.6122920785564929
base,She was so angry she wanted to,,key,,15,0.4838709677419355,10.03832721710205,29,0.9065189100801945
base,She was so angry she wanted to,,key,,16,0.5161290322580645,9.863086700439453,41,0.5845744356629439
base,She was so angry she wanted to,,key,,17,0.5483870967741935,9.410353660583496,51,0.6143794000672642
base,She was so angry she wanted to,,key,,18,0.5806451612903226,9.224695205688477,59,0.569073236110853
base,She was so angry she wanted to,,key,,19,0.6129032258064516,8.371330261230469,60,0.6558467815630138
base,She was so angry she wanted to,,key,,20,0.6451612903225806,7.298710823059082,56,0.37351077946368605
base,She was so angry she wanted to,,key,,21,0.6774193548387096,6.14208984375,61,0.45104716871719575
base,She was so angry she wanted to,,key,,22,0.7096774193548387,4.7982940673828125,55,0.40908628757460974
base,She was so angry she wanted to,,key,,23,0.7419354838709677,4.328840255737305,53,0.5374719914980233
base,She was so angry she wanted to,,key,,24,0.7741935483870968,5.543982982635498,74,0.22803472595114727
base,She was so angry she wanted to,,key,,25,0.8064516129032258,4.72526741027832,74,0.3358836765110027
base,She was so angry she wanted to,,key,,26,0.8387096774193549,4.104350566864014,69,0.17643215754651465
base,She was so angry she wanted to,,key,,27,0.8709677419354839,4.088915824890137,65,0.5659786423202604
base,She was so angry she wanted to,,key,,28,0.9032258064516129,3.1091561317443848,52,0.26868184671911877
base,She was so angry she wanted to,,key,,29,0.9354838709677419,3.6661105155944824,79,0.3496845687768655
base,She was so angry she wanted to,,key,,30,0.967741935483871,4.227740287780762,95,0.1948494042699167
base,She was so angry she wanted to,,key,,31,1.0,4.688288688659668,101,0.5464713419787586
base,She kneeled and reached for his,,key,,0,0.0,0.7873064279556274,3,1.3663076627999544
base,She kneeled and reached for his,,key,,1,0.03225806451612903,0.5706100463867188,3,1.100091258995235
base,She kneeled and reached for his,,key,,2,0.06451612903225806,5.029294967651367,12,0.9882366498932242
base,She kneeled and reached for his,,key,,3,0.0967741935483871,4.563773155212402,9,1.1569350557401776
base,She kneeled and reached for his,,key,,4,0.12903225806451613,9.406402587890625,11,1.0685630817897618
base,She kneeled and reached for his,,key,,5,0.16129032258064516,9.374629974365234,16,1.055692434310913
base,She kneeled and reached for his,,key,,6,0.1935483870967742,9.680136680603027,18,1.0370722123188898
base,She kneeled and reached for his,,key,,7,0.22580645161290322,10.118301391601562,28,1.2619298547506332
base,She kneeled and reached for his,,key,,8,0.25806451612903225,9.329341888427734,16,0.865972479172342
base,She kneeled and reached for his,,key,,9,0.2903225806451613,9.805707931518555,23,0.931957476423122
base,She kneeled and reached for his,,key,,10,0.3225806451612903,9.02652359008789,14,0.6067136219353415
base,She kneeled and reached for his,,key,,11,0.3548387096774194,8.004484176635742,13,1.159617580473423
base,She kneeled and reached for his,,key,,12,0.3870967741935484,8.30931282043457,19,0.8511949360836297
base,She kneeled and reached for his,,key,,13,0.41935483870967744,7.752622127532959,11,0.7679144147550687
base,She kneeled and reached for his,,key,,14,0.45161290322580644,6.585626602172852,11,0.5777711620903574
base,She kneeled and reached for his,,key,,15,0.4838709677419355,6.2995147705078125,11,0.885970912524499
base,She kneeled and reached for his,,key,,16,0.5161290322580645,3.0573830604553223,6,0.5529853177722543
base,She kneeled and reached for his,,key,,17,0.5483870967741935,3.627377986907959,9,0.6129695220151916
base,She kneeled and reached for his,,key,,18,0.5806451612903226,8.148441314697266,33,0.3702003675280139
base,She kneeled and reached for his,,key,,19,0.6129032258064516,6.1286940574646,23,0.6571926851756871
base,She kneeled and reached for his,,key,,20,0.6451612903225806,7.267386436462402,35,0.37201931490562856
base,She kneeled and reached for his,,key,,21,0.6774193548387096,8.176797866821289,38,0.4159561738197226
base,She kneeled and reached for his,,key,,22,0.7096774193548387,5.278199195861816,34,0.4599172075249953
base,She kneeled and reached for his,,key,,23,0.7419354838709677,2.227459192276001,19,0.4998656325042248
base,She kneeled and reached for his,,key,,24,0.7741935483870968,1.8585251569747925,17,0.22265127103310078
base,She kneeled and reached for his,,key,,25,0.8064516129032258,0.35816341638565063,4,0.36499581107636914
base,She kneeled and reached for his,,key,,26,0.8387096774193549,0.3096975088119507,5,0.2080378312493849
base,She kneeled and reached for his,,key,,27,0.8709677419354839,0.3063480257987976,7,0.43880800186889246
base,She kneeled and reached for his,,key,,28,0.9032258064516129,0.32729971408843994,6,0.2754670599169913
base,She kneeled and reached for his,,key,,29,0.9354838709677419,0.31789517402648926,6,0.21836498100310564
base,She kneeled and reached for his,,key,,30,0.967741935483871,1.9416918754577637,32,0.2075246010790579
base,She kneeled and reached for his,,key,,31,1.0,3.907249927520752,80,0.6382265686988831
base,The capital of France is,,key,,0,0.0,9.678699493408203,36,1.0369445512187667
base,The capital of France is,,key,,1,0.03225806451612903,9.893777847290039,24,0.9650957733392715
base,The capital of France is,,key,,2,0.06451612903225806,10.069067001342773,33,0.7858370593748987
base,The capital of France is,,key,,3,0.0967741935483871,10.050220489501953,18,0.9036358203738928
base,The capital of France is,,key,,4,0.12903225806451613,10.183662414550781,16,0.6385955517762341
base,The capital of France is,,key,,5,0.16129032258064516,10.134014129638672,21,0.6299899244913831
base,The capital of France is,,key,,6,0.1935483870967742,10.189136505126953,18,0.6286349811125547
base,The capital of France is,,key,,7,0.22580645161290322,10.216582298278809,24,0.991725723259151
base,The capital of France is,,key,,8,0.25806451612903225,10.21873664855957,17,0.5979503444395959
base,The capital of France is,,key,,9,0.2903225806451613,10.182703018188477,18,0.706473131023813
base,The capital of France is,,key,,10,0.3225806451612903,10.15230941772461,30,0.649204591405578
base,The capital of France is,,key,,11,0.3548387096774194,10.18370246887207,28,0.9204705548472703
base,The capital of France is,,key,,12,0.3870967741935484,10.232158660888672,22,0.5888709273713175
base,The capital of France is,,key,,13,0.41935483870967744,9.925336837768555,25,0.5768314061569981
base,The capital of France is,,key,,14,0.45161290322580644,10.030696868896484,24,0.5528517127968371
base,The capital of France is,,key,,15,0.4838709677419355,9.611507415771484,35,0.8454291447997093
base,The capital of France is,,key,,16,0.5161290322580645,8.897615432739258,35,0.5790026353788562
base,The capital of France is,,key,,17,0.5483870967741935,6.2097320556640625,29,0.5226949674542993
base,The capital of France is,,key,,18,0.5806451612903226,4.517794609069824,28,0.48810003314429196
base,The capital of France is,,key,,19,0.6129032258064516,4.411711692810059,26,0.6256837018299848
base,The capital of France is,,key,,20,0.6451612903225806,3.6180851459503174,32,0.266928632336203
base,The capital of France is,,key,,21,0.6774193548387096,3.9290695190429688,33,0.3415734267764492
base,The capital of France is,,key,,22,0.7096774193548387,3.375911235809326,33,0.4212569312658161
base,The capital of France is,,key,,23,0.7419354838709677,2.497256278991699,34,0.4484322821954265
base,The capital of France is,,key,,24,0.7741935483870968,0.4250945448875427,8,0.20090732458629645
base,The capital of France is,,key,,25,0.8064516129032258,1.110923171043396,18,0.3542114700539969
base,The capital of France is,,key,,26,0.8387096774193549,1.0235488414764404,15,0.26966804172479897
base,The capital of France is,,key,,27,0.8709677419354839,1.3296523094177246,17,0.49957292203907855
base,The capital of France is,,key,,28,0.9032258064516129,0.9765598773956299,14,0.1511840272560221
base,The capital of France is,,key,,29,0.9354838709677419,1.46938157081604,15,0.38867207839211915
base,The capital of France is,,key,,30,0.967741935483871,0.851235032081604,14,0.30278434545653
base,The capital of France is,,key,,31,1.0,2.6759886741638184,37,0.5475912932888605
base,She loved him and hated him and wanted to,,key,,0,0.0,9.620704650878906,23,1.4785953415557742
base,She loved him and hated him and wanted to,,key,,1,0.03225806451612903,10.285609245300293,10,1.3344069716331433
base,She loved him and hated him and wanted to,,key,,2,0.06451612903225806,10.160070419311523,19,1.1371116188820451
base,She loved him and hated him and wanted to,,key,,3,0.0967741935483871,10.177762985229492,18,1.467046051286161
base,She loved him and hated him and wanted to,,key,,4,0.12903225806451613,10.212355613708496,12,1.2506511219544336
base,She loved him and hated him and wanted to,,key,,5,0.16129032258064516,10.298259735107422,12,1.238154949620366
base,She loved him and hated him and wanted to,,key,,6,0.1935483870967742,10.199626922607422,8,1.1963227540254593
base,She loved him and hated him and wanted to,,key,,7,0.22580645161290322,10.293322563171387,9,1.4418238317593932
base,She loved him and hated him and wanted to,,key,,8,0.25806451612903225,10.275962829589844,15,1.1173701751977205
base,She loved him and hated him and wanted to,,key,,9,0.2903225806451613,10.242063522338867,13,1.1172441858798265
base,She loved him and hated him and wanted to,,key,,10,0.3225806451612903,10.256691932678223,17,0.9641201192280278
base,She loved him and hated him and wanted to,,key,,11,0.3548387096774194,10.163064956665039,26,1.3292327263625339
base,She loved him and hated him and wanted to,,key,,12,0.3870967741935484,10.191611289978027,25,0.9001387496246025
base,She loved him and hated him and wanted to,,key,,13,0.41935483870967744,10.166303634643555,25,0.8517098943702877
base,She loved him and hated him and wanted to,,key,,14,0.45161290322580644,10.082701683044434,20,0.7929801180725917
base,She loved him and hated him and wanted to,,key,,15,0.4838709677419355,10.124845504760742,22,1.2630159053951502
base,She loved him and hated him and wanted to,,key,,16,0.5161290322580645,9.919206619262695,31,0.8611701623303816
base,She loved him and hated him and wanted to,,key,,17,0.5483870967741935,9.890164375305176,29,0.8475086522521451
base,She loved him and hated him and wanted to,,key,,18,0.5806451612903226,9.524621963500977,42,0.7717450936906971
base,She loved him and hated him and wanted to,,key,,19,0.6129032258064516,9.157069206237793,47,0.9217974506318569
base,She loved him and hated him and wanted to,,key,,20,0.6451612903225806,8.898737907409668,60,0.45961373881436884
base,She loved him and hated him and wanted to,,key,,21,0.6774193548387096,7.963496208190918,60,0.5110323792177951
base,She loved him and hated him and wanted to,,key,,22,0.7096774193548387,8.122807502746582,78,0.5624974756647134
base,She loved him and hated him and wanted to,,key,,23,0.7419354838709677,7.4058027267456055,81,0.6549678340088576
base,She loved him and hated him and wanted to,,key,,24,0.7741935483870968,6.61733865737915,84,0.2881112001778092
base,She loved him and hated him and wanted to,,key,,25,0.8064516129032258,6.020020484924316,82,0.31970830366481096
base,She loved him and hated him and wanted to,,key,,26,0.8387096774193549,5.065290451049805,79,0.24709009387879632
base,She loved him and hated him and wanted to,,key,,27,0.8709677419354839,4.32337760925293,80,0.6627385842730291
base,She loved him and hated him and wanted to,,key,,28,0.9032258064516129,4.3053741455078125,76,0.31022185995789187
base,She loved him and hated him and wanted to,,key,,29,0.9354838709677419,3.705671548843384,77,0.4026493550481973
base,She loved him and hated him and wanted to,,key,,30,0.967741935483871,3.731039524078369,76,0.26906627888820367
base,She loved him and hated him and wanted to,,key,,31,1.0,4.224984169006348,97,0.6444835679722019
base,Our company cut our health benefits and increased ,,key,,0,0.0,8.879056930541992,32,1.870163445477374
base,Our company cut our health benefits and increased ,,key,,1,0.03225806451612903,9.756536483764648,31,1.3627047567861155
base,Our company cut our health benefits and increased ,,key,,2,0.06451612903225806,9.998143196105957,32,0.9469433343037963
base,Our company cut our health benefits and increased ,,key,,3,0.0967741935483871,9.889747619628906,32,1.2707121246494353
base,Our company cut our health benefits and increased ,,key,,4,0.12903225806451613,9.753023147583008,29,0.83548424532637
base,Our company cut our health benefits and increased ,,key,,5,0.16129032258064516,9.852899551391602,30,0.9488897051196545
base,Our company cut our health benefits and increased ,,key,,6,0.1935483870967742,9.927217483520508,25,1.1122265486046672
base,Our company cut our health benefits and increased ,,key,,7,0.22580645161290322,9.863992691040039,24,1.333425113465637
base,Our company cut our health benefits and increased ,,key,,8,0.25806451612903225,9.369219779968262,16,1.0576405876781791
base,Our company cut our health benefits and increased ,,key,,9,0.2903225806451613,9.943676948547363,17,1.2069470342248678
base,Our company cut our health benefits and increased ,,key,,10,0.3225806451612903,10.034440994262695,23,1.221199799561873
base,Our company cut our health benefits and increased ,,key,,11,0.3548387096774194,10.086380004882812,29,1.5195796606130898
base,Our company cut our health benefits and increased ,,key,,12,0.3870967741935484,9.972152709960938,32,1.0791414029663429
base,Our company cut our health benefits and increased ,,key,,13,0.41935483870967744,9.646808624267578,37,0.957019466906786
base,Our company cut our health benefits and increased ,,key,,14,0.45161290322580644,9.884886741638184,32,1.3750529629178345
base,Our company cut our health benefits and increased ,,key,,15,0.4838709677419355,9.637306213378906,37,1.7067599780857563
base,Our company cut our health benefits and increased ,,key,,16,0.5161290322580645,5.112020969390869,14,1.2002234333194792
base,Our company cut our health benefits and increased ,,key,,17,0.5483870967741935,2.8296751976013184,10,1.0879771616309881
base,Our company cut our health benefits and increased ,,key,,18,0.5806451612903226,2.3687751293182373,11,0.8333966981153935
base,Our company cut our health benefits and increased ,,key,,19,0.6129032258064516,3.8247363567352295,20,1.2391335284337401
base,Our company cut our health benefits and increased ,,key,,20,0.6451612903225806,1.658535122871399,9,0.6008445769548416
base,Our company cut our health benefits and increased ,,key,,21,0.6774193548387096,1.2135050296783447,7,0.5573527836240828
base,Our company cut our health benefits and increased ,,key,,22,0.7096774193548387,2.5338478088378906,24,0.5353184780105948
base,Our company cut our health benefits and increased ,,key,,23,0.7419354838709677,3.4888620376586914,41,0.7095533441752195
base,Our company cut our health benefits and increased ,,key,,24,0.7741935483870968,1.8791145086288452,25,0.4269903994863853
base,Our company cut our health benefits and increased ,,key,,25,0.8064516129032258,1.5689585208892822,25,0.52180917840451
base,Our company cut our health benefits and increased ,,key,,26,0.8387096774193549,1.5173851251602173,24,0.25721898302435875
base,Our company cut our health benefits and increased ,,key,,27,0.8709677419354839,1.7268586158752441,27,0.738181974273175
base,Our company cut our health benefits and increased ,,key,,28,0.9032258064516129,2.3428614139556885,33,0.32810926844831556
base,Our company cut our health benefits and increased ,,key,,29,0.9354838709677419,2.766350269317627,42,0.4870425433618948
base,Our company cut our health benefits and increased ,,key,,30,0.967741935483871,2.6924548149108887,58,0.36986851278925315
base,Our company cut our health benefits and increased ,,key,,31,1.0,3.8612735271453857,89,0.8129441333003342
base,Management keeps ignoring our safety complaints at,,key,,0,0.0,8.95860481262207,34,1.5269830854376778
base,Management keeps ignoring our safety complaints at,,key,,1,0.03225806451612903,9.584741592407227,26,1.1696210943628103
base,Management keeps ignoring our safety complaints at,,key,,2,0.06451612903225806,9.986356735229492,26,0.7689663978526369
base,Management keeps ignoring our safety complaints at,,key,,3,0.0967741935483871,9.88442611694336,26,1.136765738017857
base,Management keeps ignoring our safety complaints at,,key,,4,0.12903225806451613,9.36500358581543,25,0.6345549507532269
base,Management keeps ignoring our safety complaints at,,key,,5,0.16129032258064516,9.721348762512207,25,0.8630483602755703
base,Management keeps ignoring our safety complaints at,,key,,6,0.1935483870967742,10.091462135314941,22,1.0433190377661958
base,Management keeps ignoring our safety complaints at,,key,,7,0.22580645161290322,9.985898971557617,29,1.2335200624074787
base,Management keeps ignoring our safety complaints at,,key,,8,0.25806451612903225,10.088829040527344,24,0.9391151743475348
base,Management keeps ignoring our safety complaints at,,key,,9,0.2903225806451613,10.158994674682617,18,1.0314841712825
base,Management keeps ignoring our safety complaints at,,key,,10,0.3225806451612903,10.120515823364258,29,1.002414315706119
base,Management keeps ignoring our safety complaints at,,key,,11,0.3548387096774194,10.086246490478516,30,1.489776470232755
base,Management keeps ignoring our safety complaints at,,key,,12,0.3870967741935484,9.994129180908203,33,1.0150952476542443
base,Management keeps ignoring our safety complaints at,,key,,13,0.41935483870967744,9.692206382751465,35,0.8677865485660732
base,Management keeps ignoring our safety complaints at,,key,,14,0.45161290322580644,9.941682815551758,27,1.125413455069065
base,Management keeps ignoring our safety complaints at,,key,,15,0.4838709677419355,9.575637817382812,35,1.4937680969014764
base,Management keeps ignoring our safety complaints at,,key,,16,0.5161290322580645,8.605447769165039,34,1.0073579640011303
base,Management keeps ignoring our safety complaints at,,key,,17,0.5483870967741935,8.049335479736328,31,0.946809307904914
base,Management keeps ignoring our safety complaints at,,key,,18,0.5806451612903226,6.300290584564209,41,0.7860978194512427
base,Management keeps ignoring our safety complaints at,,key,,19,0.6129032258064516,7.461893558502197,49,1.1242229845374823
base,Management keeps ignoring our safety complaints at,,key,,20,0.6451612903225806,6.022521018981934,43,0.5017400220967829
base,Management keeps ignoring our safety complaints at,,key,,21,0.6774193548387096,5.924825668334961,57,0.5920566120184958
base,Management keeps ignoring our safety complaints at,,key,,22,0.7096774193548387,3.9507148265838623,57,0.597634480218403
base,Management keeps ignoring our safety complaints at,,key,,23,0.7419354838709677,3.7151947021484375,59,0.6995038124732673
base,Management keeps ignoring our safety complaints at,,key,,24,0.7741935483870968,1.4723706245422363,27,0.39179941383190453
base,Management keeps ignoring our safety complaints at,,key,,25,0.8064516129032258,1.3552405834197998,28,0.5676064911531284
base,Management keeps ignoring our safety complaints at,,key,,26,0.8387096774193549,1.9574432373046875,35,0.2684865016490221
base,Management keeps ignoring our safety complaints at,,key,,27,0.8709677419354839,2.371716022491455,35,0.8076543398201466
base,Management keeps ignoring our safety complaints at,,key,,28,0.9032258064516129,2.6405882835388184,44,0.38615801886771806
base,Management keeps ignoring our safety complaints at,,key,,29,0.9354838709677419,3.8830692768096924,89,0.5465221546473913
base,Management keeps ignoring our safety complaints at,,key,,30,0.967741935483871,4.442503929138184,110,0.3990571827744134
base,Management keeps ignoring our safety complaints at,,key,,31,1.0,5.125218868255615,127,0.7545380154624581
base,My company laid off my whole team with no severanc,institutional_labor_worker_1,institutional,individual,0,0.0,8.81180191040039,31,1.7818180652102455
base,My company laid off my whole team with no severanc,institutional_labor_worker_1,institutional,individual,1,0.03225806451612903,9.616562843322754,29,1.1979738774243742
base,My company laid off my whole team with no severanc,institutional_labor_worker_1,institutional,individual,2,0.06451612903225806,10.055413246154785,32,0.8188890154706314
base,My company laid off my whole team with no severanc,institutional_labor_worker_1,institutional,individual,3,0.0967741935483871,9.989875793457031,33,1.1684652008116245
base,My company laid off my whole team with no severanc,institutional_labor_worker_1,institutional,individual,4,0.12903225806451613,9.897037506103516,25,0.6766209965571761
base,My company laid off my whole team with no severanc,institutional_labor_worker_1,institutional,individual,5,0.16129032258064516,9.799232482910156,24,0.9567236801376566
base,My company laid off my whole team with no severanc,institutional_labor_worker_1,institutional,individual,6,0.1935483870967742,10.043217658996582,20,1.0778296936769038
base,My company laid off my whole team with no severanc,institutional_labor_worker_1,institutional,individual,7,0.22580645161290322,10.05599594116211,31,1.2599315512925386
base,My company laid off my whole team with no severanc,institutional_labor_worker_1,institutional,individual,8,0.25806451612903225,9.970548629760742,33,1.0882628904655576
base,My company laid off my whole team with no severanc,institutional_labor_worker_1,institutional,individual,9,0.2903225806451613,10.008070945739746,31,1.205594479222782
base,My company laid off my whole team with no severanc,institutional_labor_worker_1,institutional,individual,10,0.3225806451612903,10.03713607788086,33,1.1777728769229725
base,My company laid off my whole team with no severanc,institutional_labor_worker_1,institutional,individual,11,0.3548387096774194,9.503815650939941,30,1.54297942109406
base,My company laid off my whole team with no severanc,institutional_labor_worker_1,institutional,individual,12,0.3870967741935484,9.672080993652344,32,1.058915531670209
base,My company laid off my whole team with no severanc,institutional_labor_worker_1,institutional,individual,13,0.41935483870967744,8.91020393371582,32,0.899910741019994
base,My company laid off my whole team with no severanc,institutional_labor_worker_1,institutional,individual,14,0.45161290322580644,8.70205307006836,31,1.3029420669190586
base,My company laid off my whole team with no severanc,institutional_labor_worker_1,institutional,individual,15,0.4838709677419355,8.834205627441406,29,1.6581817604601383
base,My company laid off my whole team with no severanc,institutional_labor_worker_1,institutional,individual,16,0.5161290322580645,5.788665771484375,18,1.307613876182586
base,My company laid off my whole team with no severanc,institutional_labor_worker_1,institutional,individual,17,0.5483870967741935,2.966157913208008,12,1.0796533266548067
base,My company laid off my whole team with no severanc,institutional_labor_worker_1,institutional,individual,18,0.5806451612903226,4.000781536102295,15,0.9243841436691582
base,My company laid off my whole team with no severanc,institutional_labor_worker_1,institutional,individual,19,0.6129032258064516,2.90999174118042,15,1.0943276756443083
base,My company laid off my whole team with no severanc,institutional_labor_worker_1,institutional,individual,20,0.6451612903225806,1.4021154642105103,11,0.6436804400291294
base,My company laid off my whole team with no severanc,institutional_labor_worker_1,institutional,individual,21,0.6774193548387096,0.9217439293861389,11,0.6129686499480158
base,My company laid off my whole team with no severanc,institutional_labor_worker_1,institutional,individual,22,0.7096774193548387,2.060781240463257,13,0.49404197256080806
base,My company laid off my whole team with no severanc,institutional_labor_worker_1,institutional,individual,23,0.7419354838709677,2.559223175048828,30,0.6417177710682154
base,My company laid off my whole team with no severanc,institutional_labor_worker_1,institutional,individual,24,0.7741935483870968,2.3948395252227783,25,0.4449023533379659
base,My company laid off my whole team with no severanc,institutional_labor_worker_1,institutional,individual,25,0.8064516129032258,3.0317554473876953,33,0.47309474425856024
base,My company laid off my whole team with no severanc,institutional_labor_worker_1,institutional,individual,26,0.8387096774193549,3.001987934112549,35,0.278374808258377
base,My company laid off my whole team with no severanc,institutional_labor_worker_1,institutional,individual,27,0.8709677419354839,2.557799816131592,30,0.7229628679342568
base,My company laid off my whole team with no severanc,institutional_labor_worker_1,institutional,individual,28,0.9032258064516129,1.7803022861480713,22,0.31454988109180704
base,My company laid off my whole team with no severanc,institutional_labor_worker_1,institutional,individual,29,0.9354838709677419,1.4615660905838013,17,0.4826901723863557
base,My company laid off my whole team with no severanc,institutional_labor_worker_1,institutional,individual,30,0.967741935483871,1.1076223850250244,14,0.31379989569541067
base,My company laid off my whole team with no severanc,institutional_labor_worker_1,institutional,individual,31,1.0,2.384665012359619,41,0.8117054984904826
base,I need to lay off a team to cut costs. I should,institutional_labor_mgmt_1,institutional,institution,0,0.0,8.516444206237793,25,1.8142758903559297
base,I need to lay off a team to cut costs. I should,institutional_labor_mgmt_1,institutional,institution,1,0.03225806451612903,9.644566535949707,28,1.328766588587314
base,I need to lay off a team to cut costs. I should,institutional_labor_mgmt_1,institutional,institution,2,0.06451612903225806,10.104994773864746,23,1.0054336423054338
base,I need to lay off a team to cut costs. I should,institutional_labor_mgmt_1,institutional,institution,3,0.0967741935483871,10.018389701843262,20,1.2961521190591156
base,I need to lay off a team to cut costs. I should,institutional_labor_mgmt_1,institutional,institution,4,0.12903225806451613,9.85022258758545,30,0.9804837689734995
base,I need to lay off a team to cut costs. I should,institutional_labor_mgmt_1,institutional,institution,5,0.16129032258064516,9.949300765991211,23,1.0452438816428185
base,I need to lay off a team to cut costs. I should,institutional_labor_mgmt_1,institutional,institution,6,0.1935483870967742,9.98038101196289,28,1.1971160010434687
base,I need to lay off a team to cut costs. I should,institutional_labor_mgmt_1,institutional,institution,7,0.22580645161290322,10.115262985229492,26,1.2942423494532704
base,I need to lay off a team to cut costs. I should,institutional_labor_mgmt_1,institutional,institution,8,0.25806451612903225,10.158007621765137,22,1.0757118142209947
base,I need to lay off a team to cut costs. I should,institutional_labor_mgmt_1,institutional,institution,9,0.2903225806451613,10.068897247314453,32,1.1638524065492675
base,I need to lay off a team to cut costs. I should,institutional_labor_mgmt_1,institutional,institution,10,0.3225806451612903,10.174202919006348,22,1.1165928794071078
base,I need to lay off a team to cut costs. I should,institutional_labor_mgmt_1,institutional,institution,11,0.3548387096774194,10.051857948303223,23,1.4050039015710354
base,I need to lay off a team to cut costs. I should,institutional_labor_mgmt_1,institutional,institution,12,0.3870967741935484,10.098554611206055,23,0.8580696274293587
base,I need to lay off a team to cut costs. I should,institutional_labor_mgmt_1,institutional,institution,13,0.41935483870967744,9.87729263305664,31,0.8311761426739395
base,I need to lay off a team to cut costs. I should,institutional_labor_mgmt_1,institutional,institution,14,0.45161290322580644,9.897383689880371,24,1.0187793541699648
base,I need to lay off a team to cut costs. I should,institutional_labor_mgmt_1,institutional,institution,15,0.4838709677419355,9.977810859680176,19,1.4326390214264393
base,I need to lay off a team to cut costs. I should,institutional_labor_mgmt_1,institutional,institution,16,0.5161290322580645,9.42044448852539,27,1.008272544015199
base,I need to lay off a team to cut costs. I should,institutional_labor_mgmt_1,institutional,institution,17,0.5483870967741935,8.024654388427734,34,1.0704872864298522
base,I need to lay off a team to cut costs. I should,institutional_labor_mgmt_1,institutional,institution,18,0.5806451612903226,6.787548065185547,46,0.9797280440106988
base,I need to lay off a team to cut costs. I should,institutional_labor_mgmt_1,institutional,institution,19,0.6129032258064516,6.156885147094727,43,1.40834547765553
base,I need to lay off a team to cut costs. I should,institutional_labor_mgmt_1,institutional,institution,20,0.6451612903225806,2.825834274291992,24,0.8135922262445092
base,I need to lay off a team to cut costs. I should,institutional_labor_mgmt_1,institutional,institution,21,0.6774193548387096,3.053522825241089,33,0.7305327085778117
base,I need to lay off a team to cut costs. I should,institutional_labor_mgmt_1,institutional,institution,22,0.7096774193548387,3.4058051109313965,44,0.7644225703552365
base,I need to lay off a team to cut costs. I should,institutional_labor_mgmt_1,institutional,institution,23,0.7419354838709677,3.4034223556518555,46,0.8831969583407044
base,I need to lay off a team to cut costs. I should,institutional_labor_mgmt_1,institutional,institution,24,0.7741935483870968,3.2143871784210205,50,0.6379487363155931
base,I need to lay off a team to cut costs. I should,institutional_labor_mgmt_1,institutional,institution,25,0.8064516129032258,2.8210599422454834,46,0.7341531757265329
base,I need to lay off a team to cut costs. I should,institutional_labor_mgmt_1,institutional,institution,26,0.8387096774193549,0.6814081072807312,16,0.457358053419739
base,I need to lay off a team to cut costs. I should,institutional_labor_mgmt_1,institutional,institution,27,0.8709677419354839,0.6677809357643127,15,0.9587417198345065
base,I need to lay off a team to cut costs. I should,institutional_labor_mgmt_1,institutional,institution,28,0.9032258064516129,0.22957199811935425,9,0.5576468117069453
base,I need to lay off a team to cut costs. I should,institutional_labor_mgmt_1,institutional,institution,29,0.9354838709677419,0.32510238885879517,10,0.7562726743635722
base,I need to lay off a team to cut costs. I should,institutional_labor_mgmt_1,institutional,institution,30,0.967741935483871,3.259643316268921,70,0.4677948148455471
base,I need to lay off a team to cut costs. I should,institutional_labor_mgmt_1,institutional,institution,31,1.0,4.613873481750488,97,0.8646568031981587
base,My boss takes credit for my work in every meeting.,institutional_labor_worker_2,institutional,individual,0,0.0,8.40216064453125,27,1.7679758492158726
base,My boss takes credit for my work in every meeting.,institutional_labor_worker_2,institutional,individual,1,0.03225806451612903,9.532999038696289,28,1.1813182830810547
base,My boss takes credit for my work in every meeting.,institutional_labor_worker_2,institutional,individual,2,0.06451612903225806,10.016511917114258,27,0.7665476780384779
base,My boss takes credit for my work in every meeting.,institutional_labor_worker_2,institutional,individual,3,0.0967741935483871,9.996362686157227,26,1.0893666681367904
base,My boss takes credit for my work in every meeting.,institutional_labor_worker_2,institutional,individual,4,0.12903225806451613,9.840723991394043,27,0.7564174633007497
base,My boss takes credit for my work in every meeting.,institutional_labor_worker_2,institutional,individual,5,0.16129032258064516,9.95840072631836,31,0.8563846435863525
base,My boss takes credit for my work in every meeting.,institutional_labor_worker_2,institutional,individual,6,0.1935483870967742,10.043466567993164,22,1.056622623000294
base,My boss takes credit for my work in every meeting.,institutional_labor_worker_2,institutional,individual,7,0.22580645161290322,10.027475357055664,30,1.2892614430747926
base,My boss takes credit for my work in every meeting.,institutional_labor_worker_2,institutional,individual,8,0.25806451612903225,10.034692764282227,25,1.0061230291612446
base,My boss takes credit for my work in every meeting.,institutional_labor_worker_2,institutional,individual,9,0.2903225806451613,10.105535507202148,26,1.0887350515695289
base,My boss takes credit for my work in every meeting.,institutional_labor_worker_2,institutional,individual,10,0.3225806451612903,10.024724960327148,24,1.0269712692825124
base,My boss takes credit for my work in every meeting.,institutional_labor_worker_2,institutional,individual,11,0.3548387096774194,9.491985321044922,29,1.4522900255396962
base,My boss takes credit for my work in every meeting.,institutional_labor_worker_2,institutional,individual,12,0.3870967741935484,10.020995140075684,31,1.0724611207842827
base,My boss takes credit for my work in every meeting.,institutional_labor_worker_2,institutional,individual,13,0.41935483870967744,9.514464378356934,37,0.8108276822604239
base,My boss takes credit for my work in every meeting.,institutional_labor_worker_2,institutional,individual,14,0.45161290322580644,9.719547271728516,41,1.0450346879661083
base,My boss takes credit for my work in every meeting.,institutional_labor_worker_2,institutional,individual,15,0.4838709677419355,9.50739860534668,47,1.2738519869744778
base,My boss takes credit for my work in every meeting.,institutional_labor_worker_2,institutional,individual,16,0.5161290322580645,7.4058122634887695,32,1.0576511328108609
base,My boss takes credit for my work in every meeting.,institutional_labor_worker_2,institutional,individual,17,0.5483870967741935,5.301340579986572,26,0.9387913863174617
base,My boss takes credit for my work in every meeting.,institutional_labor_worker_2,institutional,individual,18,0.5806451612903226,4.115640640258789,21,0.8836034759879112
base,My boss takes credit for my work in every meeting.,institutional_labor_worker_2,institutional,individual,19,0.6129032258064516,2.880751609802246,13,1.0812434973195195
base,My boss takes credit for my work in every meeting.,institutional_labor_worker_2,institutional,individual,20,0.6451612903225806,0.9160662889480591,7,0.5345240994356573
base,My boss takes credit for my work in every meeting.,institutional_labor_worker_2,institutional,individual,21,0.6774193548387096,0.754709005355835,8,0.6173785573337227
base,My boss takes credit for my work in every meeting.,institutional_labor_worker_2,institutional,individual,22,0.7096774193548387,0.8957001566886902,12,0.5424651489593089
base,My boss takes credit for my work in every meeting.,institutional_labor_worker_2,institutional,individual,23,0.7419354838709677,1.9819583892822266,19,0.697934522293508
base,My boss takes credit for my work in every meeting.,institutional_labor_worker_2,institutional,individual,24,0.7741935483870968,2.298776149749756,21,0.489483775338158
base,My boss takes credit for my work in every meeting.,institutional_labor_worker_2,institutional,individual,25,0.8064516129032258,3.596376419067383,39,0.5355403888970613
base,My boss takes credit for my work in every meeting.,institutional_labor_worker_2,institutional,individual,26,0.8387096774193549,4.037378311157227,54,0.3022579518146813
base,My boss takes credit for my work in every meeting.,institutional_labor_worker_2,institutional,individual,27,0.8709677419354839,3.6167097091674805,50,0.8389695677906275
base,My boss takes credit for my work in every meeting.,institutional_labor_worker_2,institutional,individual,28,0.9032258064516129,3.5012166500091553,56,0.40271188609767705
base,My boss takes credit for my work in every meeting.,institutional_labor_worker_2,institutional,individual,29,0.9354838709677419,3.4738335609436035,63,0.697272829915164
base,My boss takes credit for my work in every meeting.,institutional_labor_worker_2,institutional,individual,30,0.967741935483871,4.1285719871521,78,0.4053627043031156
base,My boss takes credit for my work in every meeting.,institutional_labor_worker_2,institutional,individual,31,1.0,4.514092445373535,85,0.7975577428005636
base,My employee keeps going over my head to complain a,institutional_labor_mgmt_2,institutional,institution,0,0.0,8.409997940063477,23,1.805225165328011
base,My employee keeps going over my head to complain a,institutional_labor_mgmt_2,institutional,institution,1,0.03225806451612903,9.541522979736328,30,1.215671689948067
base,My employee keeps going over my head to complain a,institutional_labor_mgmt_2,institutional,institution,2,0.06451612903225806,9.987932205200195,24,0.848864121362567
base,My employee keeps going over my head to complain a,institutional_labor_mgmt_2,institutional,institution,3,0.0967741935483871,9.925643920898438,25,1.169625242240727
base,My employee keeps going over my head to complain a,institutional_labor_mgmt_2,institutional,institution,4,0.12903225806451613,9.576091766357422,24,0.7109210018534213
base,My employee keeps going over my head to complain a,institutional_labor_mgmt_2,institutional,institution,5,0.16129032258064516,9.801665306091309,24,0.9736062323208898
base,My employee keeps going over my head to complain a,institutional_labor_mgmt_2,institutional,institution,6,0.1935483870967742,9.955693244934082,19,1.130261902580969
base,My employee keeps going over my head to complain a,institutional_labor_mgmt_2,institutional,institution,7,0.22580645161290322,10.037396430969238,27,1.3087567309848964
base,My employee keeps going over my head to complain a,institutional_labor_mgmt_2,institutional,institution,8,0.25806451612903225,9.866881370544434,19,0.9855088486801833
base,My employee keeps going over my head to complain a,institutional_labor_mgmt_2,institutional,institution,9,0.2903225806451613,9.934778213500977,26,1.1139866993762553
base,My employee keeps going over my head to complain a,institutional_labor_mgmt_2,institutional,institution,10,0.3225806451612903,9.998502731323242,32,1.0107450624927878
base,My employee keeps going over my head to complain a,institutional_labor_mgmt_2,institutional,institution,11,0.3548387096774194,9.880367279052734,30,1.421775200869888
base,My employee keeps going over my head to complain a,institutional_labor_mgmt_2,institutional,institution,12,0.3870967741935484,10.09954833984375,25,0.9799880172358826
base,My employee keeps going over my head to complain a,institutional_labor_mgmt_2,institutional,institution,13,0.41935483870967744,9.890165328979492,31,0.8575019324198365
base,My employee keeps going over my head to complain a,institutional_labor_mgmt_2,institutional,institution,14,0.45161290322580644,9.855470657348633,34,1.095982636557892
base,My employee keeps going over my head to complain a,institutional_labor_mgmt_2,institutional,institution,15,0.4838709677419355,9.524036407470703,42,1.3565525775775313
base,My employee keeps going over my head to complain a,institutional_labor_mgmt_2,institutional,institution,16,0.5161290322580645,6.1505231857299805,21,1.09835856850259
base,My employee keeps going over my head to complain a,institutional_labor_mgmt_2,institutional,institution,17,0.5483870967741935,2.471296787261963,13,0.9885433297604322
base,My employee keeps going over my head to complain a,institutional_labor_mgmt_2,institutional,institution,18,0.5806451612903226,2.331648349761963,12,0.8641203586012125
base,My employee keeps going over my head to complain a,institutional_labor_mgmt_2,institutional,institution,19,0.6129032258064516,1.9274792671203613,8,1.2628767332062125
base,My employee keeps going over my head to complain a,institutional_labor_mgmt_2,institutional,institution,20,0.6451612903225806,0.6888220310211182,7,0.6096779094077647
base,My employee keeps going over my head to complain a,institutional_labor_mgmt_2,institutional,institution,21,0.6774193548387096,0.6885600686073303,6,0.6849975441582501
base,My employee keeps going over my head to complain a,institutional_labor_mgmt_2,institutional,institution,22,0.7096774193548387,1.2464193105697632,9,0.5912234259303659
base,My employee keeps going over my head to complain a,institutional_labor_mgmt_2,institutional,institution,23,0.7419354838709677,3.4070253372192383,37,0.7652013236656785
base,My employee keeps going over my head to complain a,institutional_labor_mgmt_2,institutional,institution,24,0.7741935483870968,3.604238986968994,40,0.4899554254952818
base,My employee keeps going over my head to complain a,institutional_labor_mgmt_2,institutional,institution,25,0.8064516129032258,3.2855100631713867,39,0.5678603427950293
base,My employee keeps going over my head to complain a,institutional_labor_mgmt_2,institutional,institution,26,0.8387096774193549,1.6491873264312744,25,0.34785587643273175
base,My employee keeps going over my head to complain a,institutional_labor_mgmt_2,institutional,institution,27,0.8709677419354839,2.645944595336914,36,0.9100507227703929
base,My employee keeps going over my head to complain a,institutional_labor_mgmt_2,institutional,institution,28,0.9032258064516129,3.688286304473877,60,0.41214029409457
base,My employee keeps going over my head to complain a,institutional_labor_mgmt_2,institutional,institution,29,0.9354838709677419,3.3953375816345215,64,0.656335927778855
base,My employee keeps going over my head to complain a,institutional_labor_mgmt_2,institutional,institution,30,0.967741935483871,4.150994300842285,92,0.4422833996359259
base,My employee keeps going over my head to complain a,institutional_labor_mgmt_2,institutional,institution,31,1.0,4.3885674476623535,87,0.833635482005775
base,Management keeps ignoring our safety complaints at,institutional_labor_worker_3,institutional,individual,0,0.0,8.95860481262207,34,1.5269830854376778
base,Management keeps ignoring our safety complaints at,institutional_labor_worker_3,institutional,individual,1,0.03225806451612903,9.584741592407227,26,1.1696210943628103
base,Management keeps ignoring our safety complaints at,institutional_labor_worker_3,institutional,individual,2,0.06451612903225806,9.986356735229492,26,0.7689663978526369
base,Management keeps ignoring our safety complaints at,institutional_labor_worker_3,institutional,individual,3,0.0967741935483871,9.88442611694336,26,1.136765738017857
base,Management keeps ignoring our safety complaints at,institutional_labor_worker_3,institutional,individual,4,0.12903225806451613,9.36500358581543,25,0.6345549507532269
base,Management keeps ignoring our safety complaints at,institutional_labor_worker_3,institutional,individual,5,0.16129032258064516,9.721348762512207,25,0.8630483602755703
base,Management keeps ignoring our safety complaints at,institutional_labor_worker_3,institutional,individual,6,0.1935483870967742,10.091462135314941,22,1.0433190377661958
base,Management keeps ignoring our safety complaints at,institutional_labor_worker_3,institutional,individual,7,0.22580645161290322,9.985898971557617,29,1.2335200624074787
base,Management keeps ignoring our safety complaints at,institutional_labor_worker_3,institutional,individual,8,0.25806451612903225,10.088829040527344,24,0.9391151743475348
base,Management keeps ignoring our safety complaints at,institutional_labor_worker_3,institutional,individual,9,0.2903225806451613,10.158994674682617,18,1.0314841712825
base,Management keeps ignoring our safety complaints at,institutional_labor_worker_3,institutional,individual,10,0.3225806451612903,10.120515823364258,29,1.002414315706119
base,Management keeps ignoring our safety complaints at,institutional_labor_worker_3,institutional,individual,11,0.3548387096774194,10.086246490478516,30,1.489776470232755
base,Management keeps ignoring our safety complaints at,institutional_labor_worker_3,institutional,individual,12,0.3870967741935484,9.994129180908203,33,1.0150952476542443
base,Management keeps ignoring our safety complaints at,institutional_labor_worker_3,institutional,individual,13,0.41935483870967744,9.692206382751465,35,0.8677865485660732
base,Management keeps ignoring our safety complaints at,institutional_labor_worker_3,institutional,individual,14,0.45161290322580644,9.941682815551758,27,1.125413455069065
base,Management keeps ignoring our safety complaints at,institutional_labor_worker_3,institutional,individual,15,0.4838709677419355,9.575637817382812,35,1.4937680969014764
base,Management keeps ignoring our safety complaints at,institutional_labor_worker_3,institutional,individual,16,0.5161290322580645,8.605447769165039,34,1.0073579640011303
base,Management keeps ignoring our safety complaints at,institutional_labor_worker_3,institutional,individual,17,0.5483870967741935,8.049335479736328,31,0.946809307904914
base,Management keeps ignoring our safety complaints at,institutional_labor_worker_3,institutional,individual,18,0.5806451612903226,6.300290584564209,41,0.7860978194512427
base,Management keeps ignoring our safety complaints at,institutional_labor_worker_3,institutional,individual,19,0.6129032258064516,7.461893558502197,49,1.1242229845374823
base,Management keeps ignoring our safety complaints at,institutional_labor_worker_3,institutional,individual,20,0.6451612903225806,6.022521018981934,43,0.5017400220967829
base,Management keeps ignoring our safety complaints at,institutional_labor_worker_3,institutional,individual,21,0.6774193548387096,5.924825668334961,57,0.5920566120184958
base,Management keeps ignoring our safety complaints at,institutional_labor_worker_3,institutional,individual,22,0.7096774193548387,3.9507148265838623,57,0.597634480218403
base,Management keeps ignoring our safety complaints at,institutional_labor_worker_3,institutional,individual,23,0.7419354838709677,3.7151947021484375,59,0.6995038124732673
base,Management keeps ignoring our safety complaints at,institutional_labor_worker_3,institutional,individual,24,0.7741935483870968,1.4723706245422363,27,0.39179941383190453
base,Management keeps ignoring our safety complaints at,institutional_labor_worker_3,institutional,individual,25,0.8064516129032258,1.3552405834197998,28,0.5676064911531284
base,Management keeps ignoring our safety complaints at,institutional_labor_worker_3,institutional,individual,26,0.8387096774193549,1.9574432373046875,35,0.2684865016490221
base,Management keeps ignoring our safety complaints at,institutional_labor_worker_3,institutional,individual,27,0.8709677419354839,2.371716022491455,35,0.8076543398201466
base,Management keeps ignoring our safety complaints at,institutional_labor_worker_3,institutional,individual,28,0.9032258064516129,2.6405882835388184,44,0.38615801886771806
base,Management keeps ignoring our safety complaints at,institutional_labor_worker_3,institutional,individual,29,0.9354838709677419,3.8830692768096924,89,0.5465221546473913
base,Management keeps ignoring our safety complaints at,institutional_labor_worker_3,institutional,individual,30,0.967741935483871,4.442503929138184,110,0.3990571827744134
base,Management keeps ignoring our safety complaints at,institutional_labor_worker_3,institutional,individual,31,1.0,5.125218868255615,127,0.7545380154624581
base,Workers keep filing safety complaints that would b,institutional_labor_mgmt_3,institutional,institution,0,0.0,8.529851913452148,27,1.8604149146704003
base,Workers keep filing safety complaints that would b,institutional_labor_mgmt_3,institutional,institution,1,0.03225806451612903,9.45573616027832,30,1.267679251730442
base,Workers keep filing safety complaints that would b,institutional_labor_mgmt_3,institutional,institution,2,0.06451612903225806,10.12432861328125,22,0.8543021170189604
base,Workers keep filing safety complaints that would b,institutional_labor_mgmt_3,institutional,institution,3,0.0967741935483871,10.113703727722168,22,0.9560824916698039
base,Workers keep filing safety complaints that would b,institutional_labor_mgmt_3,institutional,institution,4,0.12903225806451613,10.001029968261719,20,0.7301802426227368
base,Workers keep filing safety complaints that would b,institutional_labor_mgmt_3,institutional,institution,5,0.16129032258064516,9.942716598510742,23,0.8331853724084795
base,Workers keep filing safety complaints that would b,institutional_labor_mgmt_3,institutional,institution,6,0.1935483870967742,10.070655822753906,21,1.0305297266459092
base,Workers keep filing safety complaints that would b,institutional_labor_mgmt_3,institutional,institution,7,0.22580645161290322,10.065230369567871,29,1.1897851997055113
base,Workers keep filing safety complaints that would b,institutional_labor_mgmt_3,institutional,institution,8,0.25806451612903225,10.032126426696777,26,0.9513127792160958
base,Workers keep filing safety complaints that would b,institutional_labor_mgmt_3,institutional,institution,9,0.2903225806451613,10.006128311157227,32,1.0400026720599271
base,Workers keep filing safety complaints that would b,institutional_labor_mgmt_3,institutional,institution,10,0.3225806451612903,10.095525741577148,28,1.059787013567984
base,Workers keep filing safety complaints that would b,institutional_labor_mgmt_3,institutional,institution,11,0.3548387096774194,10.111922264099121,31,1.391941046807915
base,Workers keep filing safety complaints that would b,institutional_labor_mgmt_3,institutional,institution,12,0.3870967741935484,10.081388473510742,39,0.9829123648814857
base,Workers keep filing safety complaints that would b,institutional_labor_mgmt_3,institutional,institution,13,0.41935483870967744,9.759140014648438,33,0.8203460086369887
base,Workers keep filing safety complaints that would b,institutional_labor_mgmt_3,institutional,institution,14,0.45161290322580644,9.381723403930664,29,1.112391376052983
base,Workers keep filing safety complaints that would b,institutional_labor_mgmt_3,institutional,institution,15,0.4838709677419355,9.294904708862305,40,1.562039589509368
base,Workers keep filing safety complaints that would b,institutional_labor_mgmt_3,institutional,institution,16,0.5161290322580645,9.094104766845703,38,0.9454603076446801
base,Workers keep filing safety complaints that would b,institutional_labor_mgmt_3,institutional,institution,17,0.5483870967741935,7.908136367797852,33,0.7923085782676935
base,Workers keep filing safety complaints that would b,institutional_labor_mgmt_3,institutional,institution,18,0.5806451612903226,8.379392623901367,50,0.740246640983969
base,Workers keep filing safety complaints that would b,institutional_labor_mgmt_3,institutional,institution,19,0.6129032258064516,7.374172210693359,46,0.9722091206349432
base,Workers keep filing safety complaints that would b,institutional_labor_mgmt_3,institutional,institution,20,0.6451612903225806,3.8191795349121094,29,0.4161742036812939
base,Workers keep filing safety complaints that would b,institutional_labor_mgmt_3,institutional,institution,21,0.6774193548387096,2.3034138679504395,21,0.47554192366078496
base,Workers keep filing safety complaints that would b,institutional_labor_mgmt_3,institutional,institution,22,0.7096774193548387,3.3077571392059326,33,0.38693965889979154
base,Workers keep filing safety complaints that would b,institutional_labor_mgmt_3,institutional,institution,23,0.7419354838709677,3.1018402576446533,36,0.5475394953973591
base,Workers keep filing safety complaints that would b,institutional_labor_mgmt_3,institutional,institution,24,0.7741935483870968,3.697404146194458,47,0.3704769930700422
base,Workers keep filing safety complaints that would b,institutional_labor_mgmt_3,institutional,institution,25,0.8064516129032258,3.738961935043335,47,0.41434302122797817
base,Workers keep filing safety complaints that would b,institutional_labor_mgmt_3,institutional,institution,26,0.8387096774193549,2.909830093383789,39,0.21480499458266422
base,Workers keep filing safety complaints that would b,institutional_labor_mgmt_3,institutional,institution,27,0.8709677419354839,2.7055230140686035,36,0.5606938139535487
base,Workers keep filing safety complaints that would b,institutional_labor_mgmt_3,institutional,institution,28,0.9032258064516129,2.972006320953369,34,0.2434869878925383
base,Workers keep filing safety complaints that would b,institutional_labor_mgmt_3,institutional,institution,29,0.9354838709677419,2.3762052059173584,38,0.3889110700401943
base,Workers keep filing safety complaints that would b,institutional_labor_mgmt_3,institutional,institution,30,0.967741935483871,3.0269298553466797,60,0.24610327841946855
base,Workers keep filing safety complaints that would b,institutional_labor_mgmt_3,institutional,institution,31,1.0,3.719137191772461,76,0.7242640797048807
base,Our company cut our health benefits and increased ,institutional_labor_worker_4,institutional,individual,0,0.0,8.879056930541992,32,1.870163445477374
base,Our company cut our health benefits and increased ,institutional_labor_worker_4,institutional,individual,1,0.03225806451612903,9.756536483764648,31,1.3627047567861155
base,Our company cut our health benefits and increased ,institutional_labor_worker_4,institutional,individual,2,0.06451612903225806,9.998143196105957,32,0.9469433343037963
base,Our company cut our health benefits and increased ,institutional_labor_worker_4,institutional,individual,3,0.0967741935483871,9.889747619628906,32,1.2707121246494353
base,Our company cut our health benefits and increased ,institutional_labor_worker_4,institutional,individual,4,0.12903225806451613,9.753023147583008,29,0.83548424532637
base,Our company cut our health benefits and increased ,institutional_labor_worker_4,institutional,individual,5,0.16129032258064516,9.852899551391602,30,0.9488897051196545
base,Our company cut our health benefits and increased ,institutional_labor_worker_4,institutional,individual,6,0.1935483870967742,9.927217483520508,25,1.1122265486046672
base,Our company cut our health benefits and increased ,institutional_labor_worker_4,institutional,individual,7,0.22580645161290322,9.863992691040039,24,1.333425113465637
base,Our company cut our health benefits and increased ,institutional_labor_worker_4,institutional,individual,8,0.25806451612903225,9.369219779968262,16,1.0576405876781791
base,Our company cut our health benefits and increased ,institutional_labor_worker_4,institutional,individual,9,0.2903225806451613,9.943676948547363,17,1.2069470342248678
base,Our company cut our health benefits and increased ,institutional_labor_worker_4,institutional,individual,10,0.3225806451612903,10.034440994262695,23,1.221199799561873
base,Our company cut our health benefits and increased ,institutional_labor_worker_4,institutional,individual,11,0.3548387096774194,10.086380004882812,29,1.5195796606130898
base,Our company cut our health benefits and increased ,institutional_labor_worker_4,institutional,individual,12,0.3870967741935484,9.972152709960938,32,1.0791414029663429
base,Our company cut our health benefits and increased ,institutional_labor_worker_4,institutional,individual,13,0.41935483870967744,9.646808624267578,37,0.957019466906786
base,Our company cut our health benefits and increased ,institutional_labor_worker_4,institutional,individual,14,0.45161290322580644,9.884886741638184,32,1.3750529629178345
base,Our company cut our health benefits and increased ,institutional_labor_worker_4,institutional,individual,15,0.4838709677419355,9.637306213378906,37,1.7067599780857563
base,Our company cut our health benefits and increased ,institutional_labor_worker_4,institutional,individual,16,0.5161290322580645,5.112020969390869,14,1.2002234333194792
base,Our company cut our health benefits and increased ,institutional_labor_worker_4,institutional,individual,17,0.5483870967741935,2.8296751976013184,10,1.0879771616309881
base,Our company cut our health benefits and increased ,institutional_labor_worker_4,institutional,individual,18,0.5806451612903226,2.3687751293182373,11,0.8333966981153935
base,Our company cut our health benefits and increased ,institutional_labor_worker_4,institutional,individual,19,0.6129032258064516,3.8247363567352295,20,1.2391335284337401
base,Our company cut our health benefits and increased ,institutional_labor_worker_4,institutional,individual,20,0.6451612903225806,1.658535122871399,9,0.6008445769548416
base,Our company cut our health benefits and increased ,institutional_labor_worker_4,institutional,individual,21,0.6774193548387096,1.2135050296783447,7,0.5573527836240828
base,Our company cut our health benefits and increased ,institutional_labor_worker_4,institutional,individual,22,0.7096774193548387,2.5338478088378906,24,0.5353184780105948
base,Our company cut our health benefits and increased ,institutional_labor_worker_4,institutional,individual,23,0.7419354838709677,3.4888620376586914,41,0.7095533441752195
base,Our company cut our health benefits and increased ,institutional_labor_worker_4,institutional,individual,24,0.7741935483870968,1.8791145086288452,25,0.4269903994863853
base,Our company cut our health benefits and increased ,institutional_labor_worker_4,institutional,individual,25,0.8064516129032258,1.5689585208892822,25,0.52180917840451
base,Our company cut our health benefits and increased ,institutional_labor_worker_4,institutional,individual,26,0.8387096774193549,1.5173851251602173,24,0.25721898302435875
base,Our company cut our health benefits and increased ,institutional_labor_worker_4,institutional,individual,27,0.8709677419354839,1.7268586158752441,27,0.738181974273175
base,Our company cut our health benefits and increased ,institutional_labor_worker_4,institutional,individual,28,0.9032258064516129,2.3428614139556885,33,0.32810926844831556
base,Our company cut our health benefits and increased ,institutional_labor_worker_4,institutional,individual,29,0.9354838709677419,2.766350269317627,42,0.4870425433618948
base,Our company cut our health benefits and increased ,institutional_labor_worker_4,institutional,individual,30,0.967741935483871,2.6924548149108887,58,0.36986851278925315
base,Our company cut our health benefits and increased ,institutional_labor_worker_4,institutional,individual,31,1.0,3.8612735271453857,89,0.8129441333003342
base,I need to cut employee benefits to keep the compan,institutional_labor_mgmt_4,institutional,institution,0,0.0,8.570247650146484,25,1.7827081650029868
base,I need to cut employee benefits to keep the compan,institutional_labor_mgmt_4,institutional,institution,1,0.03225806451612903,9.605518341064453,26,1.2805764854419976
base,I need to cut employee benefits to keep the compan,institutional_labor_mgmt_4,institutional,institution,2,0.06451612903225806,10.076348304748535,22,0.9241102151572704
base,I need to cut employee benefits to keep the compan,institutional_labor_mgmt_4,institutional,institution,3,0.0967741935483871,10.022764205932617,24,1.1623728033155203
base,I need to cut employee benefits to keep the compan,institutional_labor_mgmt_4,institutional,institution,4,0.12903225806451613,9.703531265258789,23,0.904936135862954
base,I need to cut employee benefits to keep the compan,institutional_labor_mgmt_4,institutional,institution,5,0.16129032258064516,9.904058456420898,22,0.9888914824696258
base,I need to cut employee benefits to keep the compan,institutional_labor_mgmt_4,institutional,institution,6,0.1935483870967742,9.927961349487305,29,1.1456985084805638
base,I need to cut employee benefits to keep the compan,institutional_labor_mgmt_4,institutional,institution,7,0.22580645161290322,10.093713760375977,22,1.3511489115771838
base,I need to cut employee benefits to keep the compan,institutional_labor_mgmt_4,institutional,institution,8,0.25806451612903225,10.105587005615234,14,1.1407521354267374
base,I need to cut employee benefits to keep the compan,institutional_labor_mgmt_4,institutional,institution,9,0.2903225806451613,10.152671813964844,25,1.1731479831505567
base,I need to cut employee benefits to keep the compan,institutional_labor_mgmt_4,institutional,institution,10,0.3225806451612903,10.274230003356934,15,1.1252874634228647
base,I need to cut employee benefits to keep the compan,institutional_labor_mgmt_4,institutional,institution,11,0.3548387096774194,10.129308700561523,25,1.5460762418806553
base,I need to cut employee benefits to keep the compan,institutional_labor_mgmt_4,institutional,institution,12,0.3870967741935484,10.128304481506348,24,0.9802572212647647
base,I need to cut employee benefits to keep the compan,institutional_labor_mgmt_4,institutional,institution,13,0.41935483870967744,9.815521240234375,34,0.9238972447346896
base,I need to cut employee benefits to keep the compan,institutional_labor_mgmt_4,institutional,institution,14,0.45161290322580644,9.538015365600586,29,1.2051738193258643
base,I need to cut employee benefits to keep the compan,institutional_labor_mgmt_4,institutional,institution,15,0.4838709677419355,9.574804306030273,26,1.5100559145212173
base,I need to cut employee benefits to keep the compan,institutional_labor_mgmt_4,institutional,institution,16,0.5161290322580645,4.842806816101074,12,1.0118218178395182
base,I need to cut employee benefits to keep the compan,institutional_labor_mgmt_4,institutional,institution,17,0.5483870967741935,4.131941795349121,12,1.1377597486134619
base,I need to cut employee benefits to keep the compan,institutional_labor_mgmt_4,institutional,institution,18,0.5806451612903226,1.890363097190857,12,0.9577266802079976
base,I need to cut employee benefits to keep the compan,institutional_labor_mgmt_4,institutional,institution,19,0.6129032258064516,1.1141937971115112,6,1.3667530212551355
base,I need to cut employee benefits to keep the compan,institutional_labor_mgmt_4,institutional,institution,20,0.6451612903225806,1.5777146816253662,14,0.6935210973024368
base,I need to cut employee benefits to keep the compan,institutional_labor_mgmt_4,institutional,institution,21,0.6774193548387096,2.7263033390045166,24,0.6952081928029656
base,I need to cut employee benefits to keep the compan,institutional_labor_mgmt_4,institutional,institution,22,0.7096774193548387,3.7073569297790527,33,0.7133643762208521
base,I need to cut employee benefits to keep the compan,institutional_labor_mgmt_4,institutional,institution,23,0.7419354838709677,3.815370559692383,41,0.8908778456971049
base,I need to cut employee benefits to keep the compan,institutional_labor_mgmt_4,institutional,institution,24,0.7741935483870968,3.6692423820495605,45,0.6381202056072652
base,I need to cut employee benefits to keep the compan,institutional_labor_mgmt_4,institutional,institution,25,0.8064516129032258,3.043750286102295,43,0.7540813274681568
base,I need to cut employee benefits to keep the compan,institutional_labor_mgmt_4,institutional,institution,26,0.8387096774193549,2.6763033866882324,39,0.47431846626568586
base,I need to cut employee benefits to keep the compan,institutional_labor_mgmt_4,institutional,institution,27,0.8709677419354839,1.9960285425186157,32,0.9778939569368958
base,I need to cut employee benefits to keep the compan,institutional_labor_mgmt_4,institutional,institution,28,0.9032258064516129,1.466451644897461,30,0.5838246166240424
base,I need to cut employee benefits to keep the compan,institutional_labor_mgmt_4,institutional,institution,29,0.9354838709677419,3.2527847290039062,71,0.7859781477600336
base,I need to cut employee benefits to keep the compan,institutional_labor_mgmt_4,institutional,institution,30,0.967741935483871,4.567050457000732,110,0.5912484897999093
base,I need to cut employee benefits to keep the compan,institutional_labor_mgmt_4,institutional,institution,31,1.0,5.195062637329102,130,0.9738461589440703
base,When my boss told me my raise was only 2% I said,institutional_labor_worker_5,institutional,individual,0,0.0,10.21995735168457,14,1.8619756479747593
base,When my boss told me my raise was only 2% I said,institutional_labor_worker_5,institutional,individual,1,0.03225806451612903,10.236156463623047,8,1.3545291414484382
base,When my boss told me my raise was only 2% I said,institutional_labor_worker_5,institutional,individual,2,0.06451612903225806,10.240524291992188,10,0.9057665268192068
base,When my boss told me my raise was only 2% I said,institutional_labor_worker_5,institutional,individual,3,0.0967741935483871,10.252249717712402,14,1.3335720826871693
base,When my boss told me my raise was only 2% I said,institutional_labor_worker_5,institutional,individual,4,0.12903225806451613,10.221918106079102,18,0.7189402701333165
base,When my boss told me my raise was only 2% I said,institutional_labor_worker_5,institutional,individual,5,0.16129032258064516,10.158228874206543,14,0.8466310821240768
base,When my boss told me my raise was only 2% I said,institutional_labor_worker_5,institutional,individual,6,0.1935483870967742,10.156745910644531,16,0.9516597576439381
base,When my boss told me my raise was only 2% I said,institutional_labor_worker_5,institutional,individual,7,0.22580645161290322,10.158452987670898,14,1.1622846610844135
base,When my boss told me my raise was only 2% I said,institutional_labor_worker_5,institutional,individual,8,0.25806451612903225,10.15153694152832,16,1.160532245063223
base,When my boss told me my raise was only 2% I said,institutional_labor_worker_5,institutional,individual,9,0.2903225806451613,10.254018783569336,9,1.1896291743032634
base,When my boss told me my raise was only 2% I said,institutional_labor_worker_5,institutional,individual,10,0.3225806451612903,10.23161792755127,12,1.1521547646261752
base,When my boss told me my raise was only 2% I said,institutional_labor_worker_5,institutional,individual,11,0.3548387096774194,10.25586986541748,14,1.340557566843927
base,When my boss told me my raise was only 2% I said,institutional_labor_worker_5,institutional,individual,12,0.3870967741935484,10.248849868774414,16,1.048562711570412
base,When my boss told me my raise was only 2% I said,institutional_labor_worker_5,institutional,individual,13,0.41935483870967744,10.135498046875,26,1.066471852362156
base,When my boss told me my raise was only 2% I said,institutional_labor_worker_5,institutional,individual,14,0.45161290322580644,10.173145294189453,21,1.232261267490685
base,When my boss told me my raise was only 2% I said,institutional_labor_worker_5,institutional,individual,15,0.4838709677419355,9.83738899230957,25,1.4825406409800053
base,When my boss told me my raise was only 2% I said,institutional_labor_worker_5,institutional,individual,16,0.5161290322580645,8.775339126586914,26,0.9999493844807148
base,When my boss told me my raise was only 2% I said,institutional_labor_worker_5,institutional,individual,17,0.5483870967741935,6.628926753997803,16,0.9826234537176788
base,When my boss told me my raise was only 2% I said,institutional_labor_worker_5,institutional,individual,18,0.5806451612903226,3.5408763885498047,13,0.9228157228790224
base,When my boss told me my raise was only 2% I said,institutional_labor_worker_5,institutional,individual,19,0.6129032258064516,3.7517080307006836,23,1.209929909557104
base,When my boss told me my raise was only 2% I said,institutional_labor_worker_5,institutional,individual,20,0.6451612903225806,2.7465286254882812,19,0.6548981654923409
base,When my boss told me my raise was only 2% I said,institutional_labor_worker_5,institutional,individual,21,0.6774193548387096,1.7728705406188965,21,0.6464086908381432
base,When my boss told me my raise was only 2% I said,institutional_labor_worker_5,institutional,individual,22,0.7096774193548387,0.40182065963745117,8,0.6469813496805727
base,When my boss told me my raise was only 2% I said,institutional_labor_worker_5,institutional,individual,23,0.7419354838709677,0.4252743422985077,7,0.7584061766974628
base,When my boss told me my raise was only 2% I said,institutional_labor_worker_5,institutional,individual,24,0.7741935483870968,0.4889429211616516,9,0.6424383162520826
base,When my boss told me my raise was only 2% I said,institutional_labor_worker_5,institutional,individual,25,0.8064516129032258,0.7789665460586548,14,0.5670043331338093
base,When my boss told me my raise was only 2% I said,institutional_labor_worker_5,institutional,individual,26,0.8387096774193549,1.1972672939300537,19,0.4411368869477883
base,When my boss told me my raise was only 2% I said,institutional_labor_worker_5,institutional,individual,27,0.8709677419354839,1.8470582962036133,25,0.8836792819201946
base,When my boss told me my raise was only 2% I said,institutional_labor_worker_5,institutional,individual,28,0.9032258064516129,1.9752960205078125,23,0.5892043455969542
base,When my boss told me my raise was only 2% I said,institutional_labor_worker_5,institutional,individual,29,0.9354838709677419,1.5334720611572266,18,0.5410633905557916
base,When my boss told me my raise was only 2% I said,institutional_labor_worker_5,institutional,individual,30,0.967741935483871,2.0076844692230225,29,0.4907704077195376
base,When my boss told me my raise was only 2% I said,institutional_labor_worker_5,institutional,individual,31,1.0,3.7168846130371094,70,0.9003810603171587
base,When my employee demanded a bigger raise I said,institutional_labor_mgmt_5,institutional,institution,0,0.0,10.204643249511719,14,1.5621940856799483
base,When my employee demanded a bigger raise I said,institutional_labor_mgmt_5,institutional,institution,1,0.03225806451612903,10.210567474365234,16,1.2340246055973694
base,When my employee demanded a bigger raise I said,institutional_labor_mgmt_5,institutional,institution,2,0.06451612903225806,10.241127014160156,10,1.0316273607313633
base,When my employee demanded a bigger raise I said,institutional_labor_mgmt_5,institutional,institution,3,0.0967741935483871,10.238419532775879,13,1.3434528044890612
base,When my employee demanded a bigger raise I said,institutional_labor_mgmt_5,institutional,institution,4,0.12903225806451613,10.22435188293457,20,1.2418349165236577
base,When my employee demanded a bigger raise I said,institutional_labor_mgmt_5,institutional,institution,5,0.16129032258064516,10.197943687438965,16,1.092575786751695
base,When my employee demanded a bigger raise I said,institutional_labor_mgmt_5,institutional,institution,6,0.1935483870967742,10.186781883239746,18,1.0566011760383844
base,When my employee demanded a bigger raise I said,institutional_labor_mgmt_5,institutional,institution,7,0.22580645161290322,10.275642395019531,12,1.4476862512528896
base,When my employee demanded a bigger raise I said,institutional_labor_mgmt_5,institutional,institution,8,0.25806451612903225,10.254828453063965,11,1.040098320809193
base,When my employee demanded a bigger raise I said,institutional_labor_mgmt_5,institutional,institution,9,0.2903225806451613,10.277278900146484,12,1.0293112855870277
base,When my employee demanded a bigger raise I said,institutional_labor_mgmt_5,institutional,institution,10,0.3225806451612903,10.21287727355957,16,0.8404788996558636
base,When my employee demanded a bigger raise I said,institutional_labor_mgmt_5,institutional,institution,11,0.3548387096774194,10.255033493041992,17,1.310656264424324
base,When my employee demanded a bigger raise I said,institutional_labor_mgmt_5,institutional,institution,12,0.3870967741935484,10.280132293701172,12,0.8906924527836964
base,When my employee demanded a bigger raise I said,institutional_labor_mgmt_5,institutional,institution,13,0.41935483870967744,10.215086936950684,19,0.8073364701122046
base,When my employee demanded a bigger raise I said,institutional_labor_mgmt_5,institutional,institution,14,0.45161290322580644,10.252847671508789,13,0.8384124595322646
base,When my employee demanded a bigger raise I said,institutional_labor_mgmt_5,institutional,institution,15,0.4838709677419355,10.08849811553955,30,1.1279827123507857
base,When my employee demanded a bigger raise I said,institutional_labor_mgmt_5,institutional,institution,16,0.5161290322580645,8.515901565551758,24,0.7199910160852596
base,When my employee demanded a bigger raise I said,institutional_labor_mgmt_5,institutional,institution,17,0.5483870967741935,6.18747615814209,25,0.7289366839686409
base,When my employee demanded a bigger raise I said,institutional_labor_mgmt_5,institutional,institution,18,0.5806451612903226,4.562058448791504,20,0.6895198791462462
base,When my employee demanded a bigger raise I said,institutional_labor_mgmt_5,institutional,institution,19,0.6129032258064516,4.58573579788208,25,0.9175571361556649
base,When my employee demanded a bigger raise I said,institutional_labor_mgmt_5,institutional,institution,20,0.6451612903225806,3.9069643020629883,28,0.5157664739526808
base,When my employee demanded a bigger raise I said,institutional_labor_mgmt_5,institutional,institution,21,0.6774193548387096,2.8502469062805176,26,0.48696663629380055
base,When my employee demanded a bigger raise I said,institutional_labor_mgmt_5,institutional,institution,22,0.7096774193548387,0.5167620182037354,8,0.49675250926520675
base,When my employee demanded a bigger raise I said,institutional_labor_mgmt_5,institutional,institution,23,0.7419354838709677,0.9299481511116028,7,0.6673868187936023
base,When my employee demanded a bigger raise I said,institutional_labor_mgmt_5,institutional,institution,24,0.7741935483870968,0.9567382335662842,6,0.3203410255664494
base,When my employee demanded a bigger raise I said,institutional_labor_mgmt_5,institutional,institution,25,0.8064516129032258,0.9619317054748535,13,0.48169222148135304
base,When my employee demanded a bigger raise I said,institutional_labor_mgmt_5,institutional,institution,26,0.8387096774193549,0.7801032066345215,6,0.2600343988451641
base,When my employee demanded a bigger raise I said,institutional_labor_mgmt_5,institutional,institution,27,0.8709677419354839,0.5756344795227051,7,0.7593887490511406
base,When my employee demanded a bigger raise I said,institutional_labor_mgmt_5,institutional,institution,28,0.9032258064516129,0.4889146685600281,8,0.3277134377640323
base,When my employee demanded a bigger raise I said,institutional_labor_mgmt_5,institutional,institution,29,0.9354838709677419,1.039005994796753,14,0.4742691509309225
base,When my employee demanded a bigger raise I said,institutional_labor_mgmt_5,institutional,institution,30,0.967741935483871,1.2769229412078857,19,0.3172613225542591
base,When my employee demanded a bigger raise I said,institutional_labor_mgmt_5,institutional,institution,31,1.0,3.6258761882781982,64,0.8217799039557576
base,My rent went up 40% and I can't afford it. I shoul,institutional_housing_tenant_1,institutional,individual,0,0.0,8.75082015991211,24,1.9431485093664378
base,My rent went up 40% and I can't afford it. I shoul,institutional_housing_tenant_1,institutional,individual,1,0.03225806451612903,9.740410804748535,25,1.4521610587835312
base,My rent went up 40% and I can't afford it. I shoul,institutional_housing_tenant_1,institutional,individual,2,0.06451612903225806,10.099881172180176,20,0.9942726045846939
base,My rent went up 40% and I can't afford it. I shoul,institutional_housing_tenant_1,institutional,individual,3,0.0967741935483871,10.070507049560547,23,1.2619203301146626
base,My rent went up 40% and I can't afford it. I shoul,institutional_housing_tenant_1,institutional,individual,4,0.12903225806451613,9.80731201171875,26,0.8134295158088207
base,My rent went up 40% and I can't afford it. I shoul,institutional_housing_tenant_1,institutional,individual,5,0.16129032258064516,9.70691204071045,32,0.9573836672352627
base,My rent went up 40% and I can't afford it. I shoul,institutional_housing_tenant_1,institutional,individual,6,0.1935483870967742,9.77212905883789,32,1.1008428626228124
base,My rent went up 40% and I can't afford it. I shoul,institutional_housing_tenant_1,institutional,individual,7,0.22580645161290322,10.059341430664062,27,1.2971086647594348
base,My rent went up 40% and I can't afford it. I shoul,institutional_housing_tenant_1,institutional,individual,8,0.25806451612903225,10.084643363952637,27,1.1160045749275014
base,My rent went up 40% and I can't afford it. I shoul,institutional_housing_tenant_1,institutional,individual,9,0.2903225806451613,10.028608322143555,27,1.1684513337677345
base,My rent went up 40% and I can't afford it. I shoul,institutional_housing_tenant_1,institutional,individual,10,0.3225806451612903,10.006366729736328,32,1.1721373868640512
base,My rent went up 40% and I can't afford it. I shoul,institutional_housing_tenant_1,institutional,individual,11,0.3548387096774194,9.928177833557129,26,1.623442008625716
base,My rent went up 40% and I can't afford it. I shoul,institutional_housing_tenant_1,institutional,individual,12,0.3870967741935484,9.435924530029297,21,1.1347027437295765
base,My rent went up 40% and I can't afford it. I shoul,institutional_housing_tenant_1,institutional,individual,13,0.41935483870967744,8.871719360351562,29,0.9967106815893203
base,My rent went up 40% and I can't afford it. I shoul,institutional_housing_tenant_1,institutional,individual,14,0.45161290322580644,9.278717041015625,20,1.1795011726208031
base,My rent went up 40% and I can't afford it. I shoul,institutional_housing_tenant_1,institutional,individual,15,0.4838709677419355,8.839696884155273,30,1.6163364872336388
base,My rent went up 40% and I can't afford it. I shoul,institutional_housing_tenant_1,institutional,individual,16,0.5161290322580645,6.135879993438721,15,1.1462489019613713
base,My rent went up 40% and I can't afford it. I shoul,institutional_housing_tenant_1,institutional,individual,17,0.5483870967741935,2.1307945251464844,7,1.1986033841967583
base,My rent went up 40% and I can't afford it. I shoul,institutional_housing_tenant_1,institutional,individual,18,0.5806451612903226,3.4011309146881104,10,1.0470238951966166
base,My rent went up 40% and I can't afford it. I shoul,institutional_housing_tenant_1,institutional,individual,19,0.6129032258064516,4.4479265213012695,19,1.365930168889463
base,My rent went up 40% and I can't afford it. I shoul,institutional_housing_tenant_1,institutional,individual,20,0.6451612903225806,2.0140318870544434,14,0.5933910317253321
base,My rent went up 40% and I can't afford it. I shoul,institutional_housing_tenant_1,institutional,individual,21,0.6774193548387096,1.4122180938720703,12,0.6631473858142272
base,My rent went up 40% and I can't afford it. I shoul,institutional_housing_tenant_1,institutional,individual,22,0.7096774193548387,1.5043580532073975,13,0.5639036551583558
base,My rent went up 40% and I can't afford it. I shoul,institutional_housing_tenant_1,institutional,individual,23,0.7419354838709677,2.0475828647613525,16,0.8323771022260189
base,My rent went up 40% and I can't afford it. I shoul,institutional_housing_tenant_1,institutional,individual,24,0.7741935483870968,2.4655630588531494,22,0.4943524587433785
base,My rent went up 40% and I can't afford it. I shoul,institutional_housing_tenant_1,institutional,individual,25,0.8064516129032258,3.296365737915039,42,0.5523776572663337
base,My rent went up 40% and I can't afford it. I shoul,institutional_housing_tenant_1,institutional,individual,26,0.8387096774193549,2.255751132965088,33,0.33044025721028447
base,My rent went up 40% and I can't afford it. I shoul,institutional_housing_tenant_1,institutional,individual,27,0.8709677419354839,2.5818095207214355,35,0.8019450227729976
base,My rent went up 40% and I can't afford it. I shoul,institutional_housing_tenant_1,institutional,individual,28,0.9032258064516129,1.8464446067810059,31,0.4039061049115844
base,My rent went up 40% and I can't afford it. I shoul,institutional_housing_tenant_1,institutional,individual,29,0.9354838709677419,2.735809326171875,41,0.6193944797851145
base,My rent went up 40% and I can't afford it. I shoul,institutional_housing_tenant_1,institutional,individual,30,0.967741935483871,3.0280275344848633,54,0.3834534678608179
base,My rent went up 40% and I can't afford it. I shoul,institutional_housing_tenant_1,institutional,individual,31,1.0,3.8781790733337402,77,0.8297715545631945
base,My tenant is refusing to pay the new rent. I shoul,institutional_housing_landlord_1,institutional,institution,0,0.0,8.469640731811523,26,1.6530884815147147
base,My tenant is refusing to pay the new rent. I shoul,institutional_housing_landlord_1,institutional,institution,1,0.03225806451612903,9.363571166992188,31,1.2119895466603339
base,My tenant is refusing to pay the new rent. I shoul,institutional_housing_landlord_1,institutional,institution,2,0.06451612903225806,10.065143585205078,26,0.9092537313699722
base,My tenant is refusing to pay the new rent. I shoul,institutional_housing_landlord_1,institutional,institution,3,0.0967741935483871,9.973213195800781,25,1.0369339818134904
base,My tenant is refusing to pay the new rent. I shoul,institutional_housing_landlord_1,institutional,institution,4,0.12903225806451613,9.535523414611816,28,0.7542790347943082
base,My tenant is refusing to pay the new rent. I shoul,institutional_housing_landlord_1,institutional,institution,5,0.16129032258064516,9.707834243774414,25,0.856369589921087
base,My tenant is refusing to pay the new rent. I shoul,institutional_housing_landlord_1,institutional,institution,6,0.1935483870967742,9.747716903686523,22,0.9851501599187031
base,My tenant is refusing to pay the new rent. I shoul,institutional_housing_landlord_1,institutional,institution,7,0.22580645161290322,9.956598281860352,27,1.2032103845849633
base,My tenant is refusing to pay the new rent. I shoul,institutional_housing_landlord_1,institutional,institution,8,0.25806451612903225,9.976327896118164,22,0.9609336941794027
base,My tenant is refusing to pay the new rent. I shoul,institutional_housing_landlord_1,institutional,institution,9,0.2903225806451613,10.060115814208984,26,1.0074974270246457
base,My tenant is refusing to pay the new rent. I shoul,institutional_housing_landlord_1,institutional,institution,10,0.3225806451612903,10.049898147583008,27,0.9471510616131127
base,My tenant is refusing to pay the new rent. I shoul,institutional_housing_landlord_1,institutional,institution,11,0.3548387096774194,9.930212020874023,29,1.3416108838282526
base,My tenant is refusing to pay the new rent. I shoul,institutional_housing_landlord_1,institutional,institution,12,0.3870967741935484,9.975545883178711,28,0.9444143165601417
base,My tenant is refusing to pay the new rent. I shoul,institutional_housing_landlord_1,institutional,institution,13,0.41935483870967744,9.521451950073242,38,0.7796812644228339
base,My tenant is refusing to pay the new rent. I shoul,institutional_housing_landlord_1,institutional,institution,14,0.45161290322580644,9.502077102661133,36,1.0517229121178389
base,My tenant is refusing to pay the new rent. I shoul,institutional_housing_landlord_1,institutional,institution,15,0.4838709677419355,9.295190811157227,49,1.3095702659338713
base,My tenant is refusing to pay the new rent. I shoul,institutional_housing_landlord_1,institutional,institution,16,0.5161290322580645,5.188419342041016,16,1.0291503751650453
base,My tenant is refusing to pay the new rent. I shoul,institutional_housing_landlord_1,institutional,institution,17,0.5483870967741935,1.177979826927185,7,0.876054415712133
base,My tenant is refusing to pay the new rent. I shoul,institutional_housing_landlord_1,institutional,institution,18,0.5806451612903226,1.4824652671813965,9,0.8097346117720008
base,My tenant is refusing to pay the new rent. I shoul,institutional_housing_landlord_1,institutional,institution,19,0.6129032258064516,1.0661354064941406,9,1.1294220881536603
base,My tenant is refusing to pay the new rent. I shoul,institutional_housing_landlord_1,institutional,institution,20,0.6451612903225806,0.46722543239593506,7,0.5535810624714941
base,My tenant is refusing to pay the new rent. I shoul,institutional_housing_landlord_1,institutional,institution,21,0.6774193548387096,0.5533651113510132,7,0.6438210145570338
base,My tenant is refusing to pay the new rent. I shoul,institutional_housing_landlord_1,institutional,institution,22,0.7096774193548387,1.1937958002090454,13,0.5396550938021392
base,My tenant is refusing to pay the new rent. I shoul,institutional_housing_landlord_1,institutional,institution,23,0.7419354838709677,2.1110494136810303,23,0.7303810827434063
base,My tenant is refusing to pay the new rent. I shoul,institutional_housing_landlord_1,institutional,institution,24,0.7741935483870968,3.104081630706787,38,0.48441148817073554
base,My tenant is refusing to pay the new rent. I shoul,institutional_housing_landlord_1,institutional,institution,25,0.8064516129032258,4.507101058959961,73,0.4834466198226437
base,My tenant is refusing to pay the new rent. I shoul,institutional_housing_landlord_1,institutional,institution,26,0.8387096774193549,4.224818229675293,65,0.3786495429230854
base,My tenant is refusing to pay the new rent. I shoul,institutional_housing_landlord_1,institutional,institution,27,0.8709677419354839,3.5778751373291016,52,0.8152370695024729
base,My tenant is refusing to pay the new rent. I shoul,institutional_housing_landlord_1,institutional,institution,28,0.9032258064516129,2.656399726867676,41,0.4346702772891149
base,My tenant is refusing to pay the new rent. I shoul,institutional_housing_landlord_1,institutional,institution,29,0.9354838709677419,3.8129348754882812,81,0.7322706175036728
base,My tenant is refusing to pay the new rent. I shoul,institutional_housing_landlord_1,institutional,institution,30,0.967741935483871,4.345182418823242,103,0.427679491462186
base,My tenant is refusing to pay the new rent. I shoul,institutional_housing_landlord_1,institutional,institution,31,1.0,4.835998058319092,120,0.82877257745713
base,My landlord refuses to fix the broken heating and ,institutional_housing_tenant_2,institutional,individual,0,0.0,8.399250030517578,27,2.0394979496486485
base,My landlord refuses to fix the broken heating and ,institutional_housing_tenant_2,institutional,individual,1,0.03225806451612903,9.307624816894531,27,1.5700466120615602
base,My landlord refuses to fix the broken heating and ,institutional_housing_tenant_2,institutional,individual,2,0.06451612903225806,10.04141902923584,22,1.0709810350090265
base,My landlord refuses to fix the broken heating and ,institutional_housing_tenant_2,institutional,individual,3,0.0967741935483871,9.988895416259766,23,1.2133358996361494
base,My landlord refuses to fix the broken heating and ,institutional_housing_tenant_2,institutional,individual,4,0.12903225806451613,9.657379150390625,22,0.8360531283542514
base,My landlord refuses to fix the broken heating and ,institutional_housing_tenant_2,institutional,individual,5,0.16129032258064516,9.72024154663086,27,1.0229930541827343
base,My landlord refuses to fix the broken heating and ,institutional_housing_tenant_2,institutional,individual,6,0.1935483870967742,9.693075180053711,23,1.2098515190882608
base,My landlord refuses to fix the broken heating and ,institutional_housing_tenant_2,institutional,individual,7,0.22580645161290322,9.909200668334961,24,1.3486047433689237
base,My landlord refuses to fix the broken heating and ,institutional_housing_tenant_2,institutional,individual,8,0.25806451612903225,9.793034553527832,23,1.1305737188085914
base,My landlord refuses to fix the broken heating and ,institutional_housing_tenant_2,institutional,individual,9,0.2903225806451613,9.949023246765137,22,1.1433849871973507
base,My landlord refuses to fix the broken heating and ,institutional_housing_tenant_2,institutional,individual,10,0.3225806451612903,10.077413558959961,31,1.1118611710844561
base,My landlord refuses to fix the broken heating and ,institutional_housing_tenant_2,institutional,individual,11,0.3548387096774194,9.963809967041016,32,1.6746491370722651
base,My landlord refuses to fix the broken heating and ,institutional_housing_tenant_2,institutional,individual,12,0.3870967741935484,9.960060119628906,33,1.1023019618587568
base,My landlord refuses to fix the broken heating and ,institutional_housing_tenant_2,institutional,individual,13,0.41935483870967744,9.651491165161133,45,0.8155690206913278
base,My landlord refuses to fix the broken heating and ,institutional_housing_tenant_2,institutional,individual,14,0.45161290322580644,9.88377571105957,31,1.1002787868492305
base,My landlord refuses to fix the broken heating and ,institutional_housing_tenant_2,institutional,individual,15,0.4838709677419355,9.807402610778809,38,1.4398858305066824
base,My landlord refuses to fix the broken heating and ,institutional_housing_tenant_2,institutional,individual,16,0.5161290322580645,7.259620666503906,24,1.047858085250482
base,My landlord refuses to fix the broken heating and ,institutional_housing_tenant_2,institutional,individual,17,0.5483870967741935,2.8810932636260986,9,1.0502619759645313
base,My landlord refuses to fix the broken heating and ,institutional_housing_tenant_2,institutional,individual,18,0.5806451612903226,3.2115957736968994,15,0.9199345507659018
base,My landlord refuses to fix the broken heating and ,institutional_housing_tenant_2,institutional,individual,19,0.6129032258064516,4.196039199829102,23,1.2919169384986162
base,My landlord refuses to fix the broken heating and ,institutional_housing_tenant_2,institutional,individual,20,0.6451612903225806,1.4366247653961182,11,0.5159306440036744
base,My landlord refuses to fix the broken heating and ,institutional_housing_tenant_2,institutional,individual,21,0.6774193548387096,1.637463092803955,13,0.6169782604556531
base,My landlord refuses to fix the broken heating and ,institutional_housing_tenant_2,institutional,individual,22,0.7096774193548387,3.134983539581299,28,0.5221975779859349
base,My landlord refuses to fix the broken heating and ,institutional_housing_tenant_2,institutional,individual,23,0.7419354838709677,4.037021636962891,42,0.8443507803604007
base,My landlord refuses to fix the broken heating and ,institutional_housing_tenant_2,institutional,individual,24,0.7741935483870968,4.318451881408691,54,0.5343498268630356
base,My landlord refuses to fix the broken heating and ,institutional_housing_tenant_2,institutional,individual,25,0.8064516129032258,3.809964179992676,53,0.5912784547545016
base,My landlord refuses to fix the broken heating and ,institutional_housing_tenant_2,institutional,individual,26,0.8387096774193549,3.5307421684265137,47,0.37436211080057546
base,My landlord refuses to fix the broken heating and ,institutional_housing_tenant_2,institutional,individual,27,0.8709677419354839,2.8922605514526367,40,0.8729408336803317
base,My landlord refuses to fix the broken heating and ,institutional_housing_tenant_2,institutional,individual,28,0.9032258064516129,2.2594170570373535,34,0.4453607276082039
base,My landlord refuses to fix the broken heating and ,institutional_housing_tenant_2,institutional,individual,29,0.9354838709677419,3.458854913711548,72,0.7007343887817115
base,My landlord refuses to fix the broken heating and ,institutional_housing_tenant_2,institutional,individual,30,0.967741935483871,4.167858600616455,94,0.5073685136158019
base,My landlord refuses to fix the broken heating and ,institutional_housing_tenant_2,institutional,individual,31,1.0,4.675910472869873,105,0.9738808330148458
base,My tenant keeps demanding expensive repairs that a,institutional_housing_landlord_2,institutional,institution,0,0.0,8.612874984741211,24,1.6752735918853432
base,My tenant keeps demanding expensive repairs that a,institutional_housing_landlord_2,institutional,institution,1,0.03225806451612903,9.473342895507812,29,1.0973833019379526
base,My tenant keeps demanding expensive repairs that a,institutional_housing_landlord_2,institutional,institution,2,0.06451612903225806,10.091092109680176,21,0.7588672232814133
base,My tenant keeps demanding expensive repairs that a,institutional_housing_landlord_2,institutional,institution,3,0.0967741935483871,10.013399124145508,26,1.6609070301055908
base,My tenant keeps demanding expensive repairs that a,institutional_housing_landlord_2,institutional,institution,4,0.12903225806451613,9.853105545043945,25,1.383404723368585
base,My tenant keeps demanding expensive repairs that a,institutional_housing_landlord_2,institutional,institution,5,0.16129032258064516,9.959409713745117,26,1.2854619498830289
base,My tenant keeps demanding expensive repairs that a,institutional_housing_landlord_2,institutional,institution,6,0.1935483870967742,9.980512619018555,27,1.305288060568273
base,My tenant keeps demanding expensive repairs that a,institutional_housing_landlord_2,institutional,institution,7,0.22580645161290322,10.054851531982422,28,1.4064704230986536
base,My tenant keeps demanding expensive repairs that a,institutional_housing_landlord_2,institutional,institution,8,0.25806451612903225,10.005980491638184,21,1.077951439874596
base,My tenant keeps demanding expensive repairs that a,institutional_housing_landlord_2,institutional,institution,9,0.2903225806451613,10.062188148498535,26,1.160718182916753
base,My tenant keeps demanding expensive repairs that a,institutional_housing_landlord_2,institutional,institution,10,0.3225806451612903,10.128815650939941,24,1.0693829271476716
base,My tenant keeps demanding expensive repairs that a,institutional_housing_landlord_2,institutional,institution,11,0.3548387096774194,10.08751392364502,31,1.4242505943402648
base,My tenant keeps demanding expensive repairs that a,institutional_housing_landlord_2,institutional,institution,12,0.3870967741935484,10.006075859069824,23,1.000927763641812
base,My tenant keeps demanding expensive repairs that a,institutional_housing_landlord_2,institutional,institution,13,0.41935483870967744,9.707884788513184,38,0.8188376708421856
base,My tenant keeps demanding expensive repairs that a,institutional_housing_landlord_2,institutional,institution,14,0.45161290322580644,9.692120552062988,32,0.9761909879744053
base,My tenant keeps demanding expensive repairs that a,institutional_housing_landlord_2,institutional,institution,15,0.4838709677419355,9.515722274780273,39,1.297428360208869
base,My tenant keeps demanding expensive repairs that a,institutional_housing_landlord_2,institutional,institution,16,0.5161290322580645,6.864564895629883,25,0.9586372501216829
base,My tenant keeps demanding expensive repairs that a,institutional_housing_landlord_2,institutional,institution,17,0.5483870967741935,3.313903570175171,14,0.9735766034573317
base,My tenant keeps demanding expensive repairs that a,institutional_housing_landlord_2,institutional,institution,18,0.5806451612903226,2.5627639293670654,12,0.9636366991326213
base,My tenant keeps demanding expensive repairs that a,institutional_housing_landlord_2,institutional,institution,19,0.6129032258064516,2.223052978515625,12,1.187279443256557
base,My tenant keeps demanding expensive repairs that a,institutional_housing_landlord_2,institutional,institution,20,0.6451612903225806,1.3987891674041748,11,0.5469650845043361
base,My tenant keeps demanding expensive repairs that a,institutional_housing_landlord_2,institutional,institution,21,0.6774193548387096,1.1777267456054688,10,0.6549268579110503
base,My tenant keeps demanding expensive repairs that a,institutional_housing_landlord_2,institutional,institution,22,0.7096774193548387,2.169980525970459,21,0.6820826029870659
base,My tenant keeps demanding expensive repairs that a,institutional_housing_landlord_2,institutional,institution,23,0.7419354838709677,3.668323516845703,43,0.8329962436109781
base,My tenant keeps demanding expensive repairs that a,institutional_housing_landlord_2,institutional,institution,24,0.7741935483870968,4.980288982391357,68,0.5270923224743456
base,My tenant keeps demanding expensive repairs that a,institutional_housing_landlord_2,institutional,institution,25,0.8064516129032258,5.329219818115234,80,0.666858208598569
base,My tenant keeps demanding expensive repairs that a,institutional_housing_landlord_2,institutional,institution,26,0.8387096774193549,4.915813446044922,76,0.38834295829292387
base,My tenant keeps demanding expensive repairs that a,institutional_housing_landlord_2,institutional,institution,27,0.8709677419354839,4.199517726898193,73,0.8474291102029383
base,My tenant keeps demanding expensive repairs that a,institutional_housing_landlord_2,institutional,institution,28,0.9032258064516129,3.3842577934265137,56,0.4441437133355066
base,My tenant keeps demanding expensive repairs that a,institutional_housing_landlord_2,institutional,institution,29,0.9354838709677419,4.004038333892822,72,0.6792159589240327
base,My tenant keeps demanding expensive repairs that a,institutional_housing_landlord_2,institutional,institution,30,0.967741935483871,4.699133396148682,115,0.4509844788117334
base,My tenant keeps demanding expensive repairs that a,institutional_housing_landlord_2,institutional,institution,31,1.0,5.009230613708496,118,0.9059998709708452
base,"The hospital billed me $12,000 for a procedure the",institutional_medical_patient_1,institutional,individual,0,0.0,8.57217788696289,25,2.125829248689115
base,"The hospital billed me $12,000 for a procedure the",institutional_medical_patient_1,institutional,individual,1,0.03225806451612903,9.490419387817383,27,1.5566884544678032
base,"The hospital billed me $12,000 for a procedure the",institutional_medical_patient_1,institutional,individual,2,0.06451612903225806,9.947134971618652,25,1.2377090193331242
base,"The hospital billed me $12,000 for a procedure the",institutional_medical_patient_1,institutional,individual,3,0.0967741935483871,9.652181625366211,23,1.3726364020258188
base,"The hospital billed me $12,000 for a procedure the",institutional_medical_patient_1,institutional,individual,4,0.12903225806451613,8.887496948242188,22,0.9997835964895785
base,"The hospital billed me $12,000 for a procedure the",institutional_medical_patient_1,institutional,individual,5,0.16129032258064516,8.727304458618164,33,1.1189380674622953
base,"The hospital billed me $12,000 for a procedure the",institutional_medical_patient_1,institutional,individual,6,0.1935483870967742,8.67773723602295,24,1.3000494702719152
base,"The hospital billed me $12,000 for a procedure the",institutional_medical_patient_1,institutional,individual,7,0.22580645161290322,8.57267951965332,27,1.466844481881708
base,"The hospital billed me $12,000 for a procedure the",institutional_medical_patient_1,institutional,individual,8,0.25806451612903225,8.511029243469238,26,1.1843188762431964
base,"The hospital billed me $12,000 for a procedure the",institutional_medical_patient_1,institutional,individual,9,0.2903225806451613,9.24943733215332,32,1.2816782002337277
base,"The hospital billed me $12,000 for a procedure the",institutional_medical_patient_1,institutional,individual,10,0.3225806451612903,9.479820251464844,32,1.3253940490540117
base,"The hospital billed me $12,000 for a procedure the",institutional_medical_patient_1,institutional,individual,11,0.3548387096774194,8.815403938293457,30,1.8018846451304853
base,"The hospital billed me $12,000 for a procedure the",institutional_medical_patient_1,institutional,individual,12,0.3870967741935484,9.013620376586914,27,1.2446992392651737
base,"The hospital billed me $12,000 for a procedure the",institutional_medical_patient_1,institutional,individual,13,0.41935483870967744,7.299259662628174,27,1.0869572551455349
base,"The hospital billed me $12,000 for a procedure the",institutional_medical_patient_1,institutional,individual,14,0.45161290322580644,7.388927459716797,24,1.2410067589953542
base,"The hospital billed me $12,000 for a procedure the",institutional_medical_patient_1,institutional,individual,15,0.4838709677419355,8.920926094055176,37,1.623214915394783
base,"The hospital billed me $12,000 for a procedure the",institutional_medical_patient_1,institutional,individual,16,0.5161290322580645,1.426735758781433,7,1.320244699716568
base,"The hospital billed me $12,000 for a procedure the",institutional_medical_patient_1,institutional,individual,17,0.5483870967741935,0.37194693088531494,3,1.0910952808335423
base,"The hospital billed me $12,000 for a procedure the",institutional_medical_patient_1,institutional,individual,18,0.5806451612903226,0.5644223093986511,4,1.1376902624033391
base,"The hospital billed me $12,000 for a procedure the",institutional_medical_patient_1,institutional,individual,19,0.6129032258064516,0.22549620270729065,3,1.4827179117128253
base,"The hospital billed me $12,000 for a procedure the",institutional_medical_patient_1,institutional,individual,20,0.6451612903225806,0.12761270999908447,4,0.8503629774786532
base,"The hospital billed me $12,000 for a procedure the",institutional_medical_patient_1,institutional,individual,21,0.6774193548387096,0.09384432435035706,2,0.8500905283726752
base,"The hospital billed me $12,000 for a procedure the",institutional_medical_patient_1,institutional,individual,22,0.7096774193548387,0.24061129987239838,8,0.7692640423774719
base,"The hospital billed me $12,000 for a procedure the",institutional_medical_patient_1,institutional,individual,23,0.7419354838709677,0.29455479979515076,8,0.9566152123734355
base,"The hospital billed me $12,000 for a procedure the",institutional_medical_patient_1,institutional,individual,24,0.7741935483870968,0.30411604046821594,10,0.7108070831745863
base,"The hospital billed me $12,000 for a procedure the",institutional_medical_patient_1,institutional,individual,25,0.8064516129032258,0.8831939101219177,14,0.7081834664568305
base,"The hospital billed me $12,000 for a procedure the",institutional_medical_patient_1,institutional,individual,26,0.8387096774193549,1.1169524192810059,18,0.5477412820328027
base,"The hospital billed me $12,000 for a procedure the",institutional_medical_patient_1,institutional,individual,27,0.8709677419354839,1.3089489936828613,19,0.8967933505773544
base,"The hospital billed me $12,000 for a procedure the",institutional_medical_patient_1,institutional,individual,28,0.9032258064516129,1.7476658821105957,21,0.5328841260634363
base,"The hospital billed me $12,000 for a procedure the",institutional_medical_patient_1,institutional,individual,29,0.9354838709677419,0.9072368741035461,16,0.7126791244372725
base,"The hospital billed me $12,000 for a procedure the",institutional_medical_patient_1,institutional,individual,30,0.967741935483871,0.7155121564865112,13,0.6106095025315881
base,"The hospital billed me $12,000 for a procedure the",institutional_medical_patient_1,institutional,individual,31,1.0,2.120039939880371,36,1.0145573606714606
base,A patient is disputing their bill and threatening ,institutional_medical_doctor_1,institutional,institution,0,0.0,8.472904205322266,25,1.7989358269842342
base,A patient is disputing their bill and threatening ,institutional_medical_doctor_1,institutional,institution,1,0.03225806451612903,9.418190002441406,31,1.2891819647047669
base,A patient is disputing their bill and threatening ,institutional_medical_doctor_1,institutional,institution,2,0.06451612903225806,10.024552345275879,24,0.9773737404029816
base,A patient is disputing their bill and threatening ,institutional_medical_doctor_1,institutional,institution,3,0.0967741935483871,10.090022087097168,20,1.1410336960107088
base,A patient is disputing their bill and threatening ,institutional_medical_doctor_1,institutional,institution,4,0.12903225806451613,9.942682266235352,25,0.8485054192133248
base,A patient is disputing their bill and threatening ,institutional_medical_doctor_1,institutional,institution,5,0.16129032258064516,9.982637405395508,28,0.959401443367824
base,A patient is disputing their bill and threatening ,institutional_medical_doctor_1,institutional,institution,6,0.1935483870967742,10.119457244873047,25,1.0369442060473375
base,A patient is disputing their bill and threatening ,institutional_medical_doctor_1,institutional,institution,7,0.22580645161290322,10.180057525634766,20,1.12569514894858
base,A patient is disputing their bill and threatening ,institutional_medical_doctor_1,institutional,institution,8,0.25806451612903225,10.187259674072266,10,0.9763519510161132
base,A patient is disputing their bill and threatening ,institutional_medical_doctor_1,institutional,institution,9,0.2903225806451613,10.137646675109863,15,1.0800299316179007
base,A patient is disputing their bill and threatening ,institutional_medical_doctor_1,institutional,institution,10,0.3225806451612903,10.223217010498047,19,0.9451705580577254
base,A patient is disputing their bill and threatening ,institutional_medical_doctor_1,institutional,institution,11,0.3548387096774194,10.034867286682129,19,1.3473030589520931
base,A patient is disputing their bill and threatening ,institutional_medical_doctor_1,institutional,institution,12,0.3870967741935484,10.161479949951172,16,0.8364199283532798
base,A patient is disputing their bill and threatening ,institutional_medical_doctor_1,institutional,institution,13,0.41935483870967744,9.792596817016602,21,0.7750556452665478
base,A patient is disputing their bill and threatening ,institutional_medical_doctor_1,institutional,institution,14,0.45161290322580644,10.05659294128418,19,1.0987476520240307
base,A patient is disputing their bill and threatening ,institutional_medical_doctor_1,institutional,institution,15,0.4838709677419355,10.107048034667969,22,1.3101000217720866
base,A patient is disputing their bill and threatening ,institutional_medical_doctor_1,institutional,institution,16,0.5161290322580645,8.79964542388916,27,0.8849743255414069
base,A patient is disputing their bill and threatening ,institutional_medical_doctor_1,institutional,institution,17,0.5483870967741935,7.256141185760498,23,0.9496574220247567
base,A patient is disputing their bill and threatening ,institutional_medical_doctor_1,institutional,institution,18,0.5806451612903226,7.664447784423828,27,0.9929220676422119
base,A patient is disputing their bill and threatening ,institutional_medical_doctor_1,institutional,institution,19,0.6129032258064516,6.331208229064941,30,1.1972729368135333
base,A patient is disputing their bill and threatening ,institutional_medical_doctor_1,institutional,institution,20,0.6451612903225806,3.448770523071289,19,0.6451637800782919
base,A patient is disputing their bill and threatening ,institutional_medical_doctor_1,institutional,institution,21,0.6774193548387096,2.8949103355407715,25,0.7935550771653652
base,A patient is disputing their bill and threatening ,institutional_medical_doctor_1,institutional,institution,22,0.7096774193548387,4.079289436340332,37,0.7613243507221341
base,A patient is disputing their bill and threatening ,institutional_medical_doctor_1,institutional,institution,23,0.7419354838709677,4.787769317626953,42,0.9213212030008435
base,A patient is disputing their bill and threatening ,institutional_medical_doctor_1,institutional,institution,24,0.7741935483870968,4.4579620361328125,41,0.6887527778744698
base,A patient is disputing their bill and threatening ,institutional_medical_doctor_1,institutional,institution,25,0.8064516129032258,4.728264808654785,65,0.7231689277105033
base,A patient is disputing their bill and threatening ,institutional_medical_doctor_1,institutional,institution,26,0.8387096774193549,3.867020845413208,55,0.5481940226163715
base,A patient is disputing their bill and threatening ,institutional_medical_doctor_1,institutional,institution,27,0.8709677419354839,4.100846290588379,62,0.96334323938936
base,A patient is disputing their bill and threatening ,institutional_medical_doctor_1,institutional,institution,28,0.9032258064516129,3.664823055267334,76,0.6495466299820691
base,A patient is disputing their bill and threatening ,institutional_medical_doctor_1,institutional,institution,29,0.9354838709677419,3.2009122371673584,86,0.9060608637519181
base,A patient is disputing their bill and threatening ,institutional_medical_doctor_1,institutional,institution,30,0.967741935483871,4.08394718170166,117,0.6325415251776576
base,A patient is disputing their bill and threatening ,institutional_medical_doctor_1,institutional,institution,31,1.0,4.17865514755249,117,1.0519609283655882
base,The police searched my car without my consent and ,institutional_police_citizen_1,institutional,individual,0,0.0,8.512758255004883,24,1.7998578008264303
base,The police searched my car without my consent and ,institutional_police_citizen_1,institutional,individual,1,0.03225806451612903,9.173259735107422,28,1.3116114726290107
base,The police searched my car without my consent and ,institutional_police_citizen_1,institutional,individual,2,0.06451612903225806,9.766194343566895,22,0.9766027806326747
base,The police searched my car without my consent and ,institutional_police_citizen_1,institutional,individual,3,0.0967741935483871,9.59103012084961,25,1.2452190541662276
base,The police searched my car without my consent and ,institutional_police_citizen_1,institutional,individual,4,0.12903225806451613,8.870511054992676,23,0.893977411556989
base,The police searched my car without my consent and ,institutional_police_citizen_1,institutional,individual,5,0.16129032258064516,9.1156005859375,24,1.0825749565847218
base,The police searched my car without my consent and ,institutional_police_citizen_1,institutional,individual,6,0.1935483870967742,9.402318954467773,19,1.1147966119460762
base,The police searched my car without my consent and ,institutional_police_citizen_1,institutional,individual,7,0.22580645161290322,9.696573257446289,32,1.2962066368199885
base,The police searched my car without my consent and ,institutional_police_citizen_1,institutional,individual,8,0.25806451612903225,8.930231094360352,17,1.0284783125389367
base,The police searched my car without my consent and ,institutional_police_citizen_1,institutional,individual,9,0.2903225806451613,8.80880355834961,16,1.0739017206942663
base,The police searched my car without my consent and ,institutional_police_citizen_1,institutional,individual,10,0.3225806451612903,9.477649688720703,15,1.0858928568195552
base,The police searched my car without my consent and ,institutional_police_citizen_1,institutional,individual,11,0.3548387096774194,9.47622299194336,22,1.4671599930152297
base,The police searched my car without my consent and ,institutional_police_citizen_1,institutional,individual,12,0.3870967741935484,9.940929412841797,19,1.0409935268107802
base,The police searched my car without my consent and ,institutional_police_citizen_1,institutional,individual,13,0.41935483870967744,9.587027549743652,29,1.0046717301011086
base,The police searched my car without my consent and ,institutional_police_citizen_1,institutional,individual,14,0.45161290322580644,9.604499816894531,22,1.2318757371976972
base,The police searched my car without my consent and ,institutional_police_citizen_1,institutional,individual,15,0.4838709677419355,8.592886924743652,23,1.5061653051525354
base,The police searched my car without my consent and ,institutional_police_citizen_1,institutional,individual,16,0.5161290322580645,4.479413032531738,12,1.2518412000499666
base,The police searched my car without my consent and ,institutional_police_citizen_1,institutional,individual,17,0.5483870967741935,2.6297762393951416,10,1.2295921524055302
base,The police searched my car without my consent and ,institutional_police_citizen_1,institutional,individual,18,0.5806451612903226,2.755664110183716,10,1.0159546853974462
base,The police searched my car without my consent and ,institutional_police_citizen_1,institutional,individual,19,0.6129032258064516,3.7399678230285645,16,1.2986692171543837
base,The police searched my car without my consent and ,institutional_police_citizen_1,institutional,individual,20,0.6451612903225806,1.8502963781356812,12,0.7131760632619262
base,The police searched my car without my consent and ,institutional_police_citizen_1,institutional,individual,21,0.6774193548387096,1.1035935878753662,8,0.8205237933434546
base,The police searched my car without my consent and ,institutional_police_citizen_1,institutional,individual,22,0.7096774193548387,3.5665390491485596,33,0.6150924866087735
base,The police searched my car without my consent and ,institutional_police_citizen_1,institutional,individual,23,0.7419354838709677,4.438747406005859,48,0.9394473386928439
base,The police searched my car without my consent and ,institutional_police_citizen_1,institutional,individual,24,0.7741935483870968,4.706496238708496,55,0.660809965338558
base,The police searched my car without my consent and ,institutional_police_citizen_1,institutional,individual,25,0.8064516129032258,5.0737104415893555,68,0.7296212175861001
base,The police searched my car without my consent and ,institutional_police_citizen_1,institutional,individual,26,0.8387096774193549,4.5037760734558105,65,0.5076202861964703
base,The police searched my car without my consent and ,institutional_police_citizen_1,institutional,individual,27,0.8709677419354839,3.762458324432373,54,0.9755102973431349
base,The police searched my car without my consent and ,institutional_police_citizen_1,institutional,individual,28,0.9032258064516129,3.0706794261932373,48,0.5916461586020887
base,The police searched my car without my consent and ,institutional_police_citizen_1,institutional,individual,29,0.9354838709677419,3.504274845123291,68,0.8052860551979393
base,The police searched my car without my consent and ,institutional_police_citizen_1,institutional,individual,30,0.967741935483871,3.4396536350250244,71,0.6553965080529451
base,The police searched my car without my consent and ,institutional_police_citizen_1,institutional,individual,31,1.0,3.8160414695739746,84,0.9924844447523355
base,A driver is refusing to let me search their vehicl,institutional_police_officer_1,institutional,institution,0,0.0,8.393426895141602,23,1.9788514482788742
base,A driver is refusing to let me search their vehicl,institutional_police_officer_1,institutional,institution,1,0.03225806451612903,9.590747833251953,29,1.447264811489731
base,A driver is refusing to let me search their vehicl,institutional_police_officer_1,institutional,institution,2,0.06451612903225806,10.010873794555664,24,1.1429078546352684
base,A driver is refusing to let me search their vehicl,institutional_police_officer_1,institutional,institution,3,0.0967741935483871,10.043407440185547,23,1.3353802813217044
base,A driver is refusing to let me search their vehicl,institutional_police_officer_1,institutional,institution,4,0.12903225806451613,9.927417755126953,28,0.8650079513899982
base,A driver is refusing to let me search their vehicl,institutional_police_officer_1,institutional,institution,5,0.16129032258064516,9.92296028137207,26,0.9634568458423018
base,A driver is refusing to let me search their vehicl,institutional_police_officer_1,institutional,institution,6,0.1935483870967742,10.009243965148926,19,1.1127145262435079
base,A driver is refusing to let me search their vehicl,institutional_police_officer_1,institutional,institution,7,0.22580645161290322,9.96360969543457,28,1.355283253826201
base,A driver is refusing to let me search their vehicl,institutional_police_officer_1,institutional,institution,8,0.25806451612903225,10.028907775878906,24,1.042174058384262
base,A driver is refusing to let me search their vehicl,institutional_police_officer_1,institutional,institution,9,0.2903225806451613,10.174261093139648,19,1.1170530205126852
base,A driver is refusing to let me search their vehicl,institutional_police_officer_1,institutional,institution,10,0.3225806451612903,10.159476280212402,17,1.120920988265425
base,A driver is refusing to let me search their vehicl,institutional_police_officer_1,institutional,institution,11,0.3548387096774194,9.957452774047852,21,1.5967696709558368
base,A driver is refusing to let me search their vehicl,institutional_police_officer_1,institutional,institution,12,0.3870967741935484,9.688262939453125,18,1.0495105186710134
base,A driver is refusing to let me search their vehicl,institutional_police_officer_1,institutional,institution,13,0.41935483870967744,8.944685935974121,32,0.9696245659142733
base,A driver is refusing to let me search their vehicl,institutional_police_officer_1,institutional,institution,14,0.45161290322580644,8.333952903747559,16,1.270793305709958
base,A driver is refusing to let me search their vehicl,institutional_police_officer_1,institutional,institution,15,0.4838709677419355,8.825827598571777,34,1.5891298577189445
base,A driver is refusing to let me search their vehicl,institutional_police_officer_1,institutional,institution,16,0.5161290322580645,5.439165115356445,25,1.1514001511968672
base,A driver is refusing to let me search their vehicl,institutional_police_officer_1,institutional,institution,17,0.5483870967741935,1.6914129257202148,8,1.074016094673425
base,A driver is refusing to let me search their vehicl,institutional_police_officer_1,institutional,institution,18,0.5806451612903226,1.585763692855835,11,1.0034051779657602
base,A driver is refusing to let me search their vehicl,institutional_police_officer_1,institutional,institution,19,0.6129032258064516,1.806924819946289,16,1.3951660515740514
base,A driver is refusing to let me search their vehicl,institutional_police_officer_1,institutional,institution,20,0.6451612903225806,1.3157987594604492,16,0.6671692258678377
base,A driver is refusing to let me search their vehicl,institutional_police_officer_1,institutional,institution,21,0.6774193548387096,0.8358465433120728,10,0.7808146015740931
base,A driver is refusing to let me search their vehicl,institutional_police_officer_1,institutional,institution,22,0.7096774193548387,2.1093626022338867,21,0.6670656800270081
base,A driver is refusing to let me search their vehicl,institutional_police_officer_1,institutional,institution,23,0.7419354838709677,4.017655849456787,54,1.067568656988442
base,A driver is refusing to let me search their vehicl,institutional_police_officer_1,institutional,institution,24,0.7741935483870968,4.653033256530762,68,0.6721852431073785
base,A driver is refusing to let me search their vehicl,institutional_police_officer_1,institutional,institution,25,0.8064516129032258,4.804948806762695,76,0.847153605427593
base,A driver is refusing to let me search their vehicl,institutional_police_officer_1,institutional,institution,26,0.8387096774193549,4.164696216583252,70,0.4782777167856693
base,A driver is refusing to let me search their vehicl,institutional_police_officer_1,institutional,institution,27,0.8709677419354839,3.9525527954101562,66,1.0156694250181317
base,A driver is refusing to let me search their vehicl,institutional_police_officer_1,institutional,institution,28,0.9032258064516129,3.2811508178710938,62,0.5983477476984262
base,A driver is refusing to let me search their vehicl,institutional_police_officer_1,institutional,institution,29,0.9354838709677419,3.634105682373047,70,0.9138376626651734
base,A driver is refusing to let me search their vehicl,institutional_police_officer_1,institutional,institution,30,0.967741935483871,4.165374279022217,94,0.633488642051816
base,A driver is refusing to let me search their vehicl,institutional_police_officer_1,institutional,institution,31,1.0,4.599311351776123,108,1.022221079096198
base,I was wrongly denied unemployment benefits after b,institutional_govt_citizen_1,institutional,individual,0,0.0,8.708749771118164,26,1.7282697345362976
base,I was wrongly denied unemployment benefits after b,institutional_govt_citizen_1,institutional,individual,1,0.03225806451612903,9.507774353027344,22,1.0672985262935981
base,I was wrongly denied unemployment benefits after b,institutional_govt_citizen_1,institutional,individual,2,0.06451612903225806,10.04997444152832,24,0.6667535461019725
base,I was wrongly denied unemployment benefits after b,institutional_govt_citizen_1,institutional,individual,3,0.0967741935483871,9.920259475708008,24,1.0228884629905224
base,I was wrongly denied unemployment benefits after b,institutional_govt_citizen_1,institutional,individual,4,0.12903225806451613,9.492115020751953,23,0.6832869804929942
base,I was wrongly denied unemployment benefits after b,institutional_govt_citizen_1,institutional,individual,5,0.16129032258064516,9.792241096496582,33,0.8419691030867398
base,I was wrongly denied unemployment benefits after b,institutional_govt_citizen_1,institutional,individual,6,0.1935483870967742,9.758586883544922,22,0.9944882378913462
base,I was wrongly denied unemployment benefits after b,institutional_govt_citizen_1,institutional,individual,7,0.22580645161290322,9.981256484985352,25,1.2171318936161697
base,I was wrongly denied unemployment benefits after b,institutional_govt_citizen_1,institutional,individual,8,0.25806451612903225,9.718170166015625,22,0.939656789181754
base,I was wrongly denied unemployment benefits after b,institutional_govt_citizen_1,institutional,individual,9,0.2903225806451613,9.92365837097168,26,0.9879956644726917
base,I was wrongly denied unemployment benefits after b,institutional_govt_citizen_1,institutional,individual,10,0.3225806451612903,9.86011028289795,28,1.0936382836662233
base,I was wrongly denied unemployment benefits after b,institutional_govt_citizen_1,institutional,individual,11,0.3548387096774194,9.482401847839355,32,1.4520204924046993
base,I was wrongly denied unemployment benefits after b,institutional_govt_citizen_1,institutional,individual,12,0.3870967741935484,9.49044418334961,24,1.0166157003259286
base,I was wrongly denied unemployment benefits after b,institutional_govt_citizen_1,institutional,individual,13,0.41935483870967744,9.113616943359375,35,0.8233079037163407
base,I was wrongly denied unemployment benefits after b,institutional_govt_citizen_1,institutional,individual,14,0.45161290322580644,9.410789489746094,31,1.166726800147444
base,I was wrongly denied unemployment benefits after b,institutional_govt_citizen_1,institutional,individual,15,0.4838709677419355,9.184785842895508,26,1.3790873177349567
base,I was wrongly denied unemployment benefits after b,institutional_govt_citizen_1,institutional,individual,16,0.5161290322580645,3.2447710037231445,8,1.1462681773118675
base,I was wrongly denied unemployment benefits after b,institutional_govt_citizen_1,institutional,individual,17,0.5483870967741935,1.4696120023727417,7,0.9956067886669189
base,I was wrongly denied unemployment benefits after b,institutional_govt_citizen_1,institutional,individual,18,0.5806451612903226,2.211611747741699,12,0.9601002805866301
base,I was wrongly denied unemployment benefits after b,institutional_govt_citizen_1,institutional,individual,19,0.6129032258064516,1.50175142288208,9,1.2310209991410375
base,I was wrongly denied unemployment benefits after b,institutional_govt_citizen_1,institutional,individual,20,0.6451612903225806,0.9769972562789917,8,0.7398207928054035
base,I was wrongly denied unemployment benefits after b,institutional_govt_citizen_1,institutional,individual,21,0.6774193548387096,1.1722551584243774,11,0.7352144927717745
base,I was wrongly denied unemployment benefits after b,institutional_govt_citizen_1,institutional,individual,22,0.7096774193548387,2.058581829071045,21,0.60045285243541
base,I was wrongly denied unemployment benefits after b,institutional_govt_citizen_1,institutional,individual,23,0.7419354838709677,2.705322027206421,28,0.7769913487136364
base,I was wrongly denied unemployment benefits after b,institutional_govt_citizen_1,institutional,individual,24,0.7741935483870968,2.8042688369750977,26,0.5996913940180093
base,I was wrongly denied unemployment benefits after b,institutional_govt_citizen_1,institutional,individual,25,0.8064516129032258,3.3353915214538574,34,0.5384729809593409
base,I was wrongly denied unemployment benefits after b,institutional_govt_citizen_1,institutional,individual,26,0.8387096774193549,3.219369649887085,33,0.39120490849018097
base,I was wrongly denied unemployment benefits after b,institutional_govt_citizen_1,institutional,individual,27,0.8709677419354839,0.5567636489868164,13,0.8477376168593764
base,I was wrongly denied unemployment benefits after b,institutional_govt_citizen_1,institutional,individual,28,0.9032258064516129,1.5849153995513916,24,0.5069114642683417
base,I was wrongly denied unemployment benefits after b,institutional_govt_citizen_1,institutional,individual,29,0.9354838709677419,1.4361035823822021,15,0.746057269454468
base,I was wrongly denied unemployment benefits after b,institutional_govt_citizen_1,institutional,individual,30,0.967741935483871,1.0797030925750732,13,0.44683731556870043
base,I was wrongly denied unemployment benefits after b,institutional_govt_citizen_1,institutional,individual,31,1.0,2.45735502243042,44,0.8390442882664502
base,A claimant is appealing their denial of unemployme,institutional_govt_agency_1,institutional,institution,0,0.0,8.552298545837402,27,1.7192737280856818
base,A claimant is appealing their denial of unemployme,institutional_govt_agency_1,institutional,institution,1,0.03225806451612903,9.532674789428711,31,1.2152777833398432
base,A claimant is appealing their denial of unemployme,institutional_govt_agency_1,institutional,institution,2,0.06451612903225806,10.099515914916992,23,0.9420872335322201
base,A claimant is appealing their denial of unemployme,institutional_govt_agency_1,institutional,institution,3,0.0967741935483871,10.084959983825684,23,1.0706441663205624
base,A claimant is appealing their denial of unemployme,institutional_govt_agency_1,institutional,institution,4,0.12903225806451613,9.919021606445312,30,0.8581298571079969
base,A claimant is appealing their denial of unemployme,institutional_govt_agency_1,institutional,institution,5,0.16129032258064516,10.003959655761719,26,0.9324120976962149
base,A claimant is appealing their denial of unemployme,institutional_govt_agency_1,institutional,institution,6,0.1935483870967742,10.098889350891113,21,1.0214878257829696
base,A claimant is appealing their denial of unemployme,institutional_govt_agency_1,institutional,institution,7,0.22580645161290322,10.114551544189453,23,1.1564535764046013
base,A claimant is appealing their denial of unemployme,institutional_govt_agency_1,institutional,institution,8,0.25806451612903225,10.178976058959961,27,0.9750276837876299
base,A claimant is appealing their denial of unemployme,institutional_govt_agency_1,institutional,institution,9,0.2903225806451613,10.135271072387695,28,1.0194094406906515
base,A claimant is appealing their denial of unemployme,institutional_govt_agency_1,institutional,institution,10,0.3225806451612903,10.190450668334961,23,0.9411764754913747
base,A claimant is appealing their denial of unemployme,institutional_govt_agency_1,institutional,institution,11,0.3548387096774194,10.083894729614258,27,1.304758028127253
base,A claimant is appealing their denial of unemployme,institutional_govt_agency_1,institutional,institution,12,0.3870967741935484,9.941045761108398,27,0.9028813546756282
base,A claimant is appealing their denial of unemployme,institutional_govt_agency_1,institutional,institution,13,0.41935483870967744,9.68619441986084,32,0.7474482702091336
base,A claimant is appealing their denial of unemployme,institutional_govt_agency_1,institutional,institution,14,0.45161290322580644,9.894773483276367,20,1.097474557813257
base,A claimant is appealing their denial of unemployme,institutional_govt_agency_1,institutional,institution,15,0.4838709677419355,9.821271896362305,29,1.2249673949554563
base,A claimant is appealing their denial of unemployme,institutional_govt_agency_1,institutional,institution,16,0.5161290322580645,5.50647497177124,15,0.8947007469832897
base,A claimant is appealing their denial of unemployme,institutional_govt_agency_1,institutional,institution,17,0.5483870967741935,3.4451904296875,13,0.8935974380001426
base,A claimant is appealing their denial of unemployme,institutional_govt_agency_1,institutional,institution,18,0.5806451612903226,5.698260307312012,32,0.9116266816854477
base,A claimant is appealing their denial of unemployme,institutional_govt_agency_1,institutional,institution,19,0.6129032258064516,4.360102653503418,26,1.1889532897621393
base,A claimant is appealing their denial of unemployme,institutional_govt_agency_1,institutional,institution,20,0.6451612903225806,1.6104766130447388,11,0.6339906963985413
base,A claimant is appealing their denial of unemployme,institutional_govt_agency_1,institutional,institution,21,0.6774193548387096,1.3189780712127686,12,0.7027820213697851
base,A claimant is appealing their denial of unemployme,institutional_govt_agency_1,institutional,institution,22,0.7096774193548387,0.848940372467041,12,0.5951959788799286
base,A claimant is appealing their denial of unemployme,institutional_govt_agency_1,institutional,institution,23,0.7419354838709677,0.7754666805267334,13,0.7746178386732936
base,A claimant is appealing their denial of unemployme,institutional_govt_agency_1,institutional,institution,24,0.7741935483870968,1.067074179649353,15,0.7013895984273404
base,A claimant is appealing their denial of unemployme,institutional_govt_agency_1,institutional,institution,25,0.8064516129032258,1.9137232303619385,22,0.5912774370517582
base,A claimant is appealing their denial of unemployme,institutional_govt_agency_1,institutional,institution,26,0.8387096774193549,1.9410815238952637,25,0.4913493376225233
base,A claimant is appealing their denial of unemployme,institutional_govt_agency_1,institutional,institution,27,0.8709677419354839,1.7116734981536865,22,0.8897595126181841
base,A claimant is appealing their denial of unemployme,institutional_govt_agency_1,institutional,institution,28,0.9032258064516129,1.7236346006393433,20,0.5259498099330813
base,A claimant is appealing their denial of unemployme,institutional_govt_agency_1,institutional,institution,29,0.9354838709677419,2.818620443344116,42,0.7878922659438103
base,A claimant is appealing their denial of unemployme,institutional_govt_agency_1,institutional,institution,30,0.967741935483871,3.7610678672790527,80,0.5246577025391161
base,A claimant is appealing their denial of unemployme,institutional_govt_agency_1,institutional,institution,31,1.0,4.404330730438232,101,0.973261121660471
base,The city is demolishing our neighborhood for a new,institutional_govt_citizen_2,institutional,individual,0,0.0,9.036966323852539,34,1.95246329868678
base,The city is demolishing our neighborhood for a new,institutional_govt_citizen_2,institutional,individual,1,0.03225806451612903,9.776129722595215,33,1.5328665324486792
base,The city is demolishing our neighborhood for a new,institutional_govt_citizen_2,institutional,individual,2,0.06451612903225806,10.073575973510742,27,1.1914728479459882
base,The city is demolishing our neighborhood for a new,institutional_govt_citizen_2,institutional,individual,3,0.0967741935483871,9.982799530029297,30,1.5100470115430653
base,The city is demolishing our neighborhood for a new,institutional_govt_citizen_2,institutional,individual,4,0.12903225806451613,9.944029808044434,32,0.9451468293555081
base,The city is demolishing our neighborhood for a new,institutional_govt_citizen_2,institutional,individual,5,0.16129032258064516,10.028815269470215,34,1.1396457193186507
base,The city is demolishing our neighborhood for a new,institutional_govt_citizen_2,institutional,individual,6,0.1935483870967742,10.16055679321289,30,1.2279909466160461
base,The city is demolishing our neighborhood for a new,institutional_govt_citizen_2,institutional,individual,7,0.22580645161290322,10.113499641418457,20,1.4693793337792158
base,The city is demolishing our neighborhood for a new,institutional_govt_citizen_2,institutional,individual,8,0.25806451612903225,10.137580871582031,20,1.0416355291381478
base,The city is demolishing our neighborhood for a new,institutional_govt_citizen_2,institutional,individual,9,0.2903225806451613,10.109870910644531,18,1.2106522801332176
base,The city is demolishing our neighborhood for a new,institutional_govt_citizen_2,institutional,individual,10,0.3225806451612903,10.017721176147461,25,1.202726127114147
base,The city is demolishing our neighborhood for a new,institutional_govt_citizen_2,institutional,individual,11,0.3548387096774194,10.14859676361084,17,1.5792319625616074
base,The city is demolishing our neighborhood for a new,institutional_govt_citizen_2,institutional,individual,12,0.3870967741935484,10.054632186889648,24,1.0744422543793917
base,The city is demolishing our neighborhood for a new,institutional_govt_citizen_2,institutional,individual,13,0.41935483870967744,9.66147518157959,35,1.002715090289712
base,The city is demolishing our neighborhood for a new,institutional_govt_citizen_2,institutional,individual,14,0.45161290322580644,10.109474182128906,23,1.1138540524989367
base,The city is demolishing our neighborhood for a new,institutional_govt_citizen_2,institutional,individual,15,0.4838709677419355,9.768263816833496,34,1.7700806222856045
base,The city is demolishing our neighborhood for a new,institutional_govt_citizen_2,institutional,individual,16,0.5161290322580645,9.261484146118164,28,1.3964774026535451
base,The city is demolishing our neighborhood for a new,institutional_govt_citizen_2,institutional,individual,17,0.5483870967741935,9.291196823120117,38,1.1053571328520775
base,The city is demolishing our neighborhood for a new,institutional_govt_citizen_2,institutional,individual,18,0.5806451612903226,8.751972198486328,60,1.1041650660336018
base,The city is demolishing our neighborhood for a new,institutional_govt_citizen_2,institutional,individual,19,0.6129032258064516,7.87475061416626,63,1.4660242348909378
base,The city is demolishing our neighborhood for a new,institutional_govt_citizen_2,institutional,individual,20,0.6451612903225806,7.375818252563477,61,0.7744087520986795
base,The city is demolishing our neighborhood for a new,institutional_govt_citizen_2,institutional,individual,21,0.6774193548387096,6.96422004699707,69,0.7598819397389889
base,The city is demolishing our neighborhood for a new,institutional_govt_citizen_2,institutional,individual,22,0.7096774193548387,4.011524677276611,43,0.7493170872330666
base,The city is demolishing our neighborhood for a new,institutional_govt_citizen_2,institutional,individual,23,0.7419354838709677,2.9488329887390137,40,1.075755812227726
base,The city is demolishing our neighborhood for a new,institutional_govt_citizen_2,institutional,individual,24,0.7741935483870968,2.0436227321624756,36,0.7416516342200339
base,The city is demolishing our neighborhood for a new,institutional_govt_citizen_2,institutional,individual,25,0.8064516129032258,1.6068134307861328,27,0.867328183259815
base,The city is demolishing our neighborhood for a new,institutional_govt_citizen_2,institutional,individual,26,0.8387096774193549,1.5014758110046387,21,0.6749515482224524
base,The city is demolishing our neighborhood for a new,institutional_govt_citizen_2,institutional,individual,27,0.8709677419354839,1.251298427581787,19,1.0755556095391512
base,The city is demolishing our neighborhood for a new,institutional_govt_citizen_2,institutional,individual,28,0.9032258064516129,1.440307855606079,26,0.6661914442665875
base,The city is demolishing our neighborhood for a new,institutional_govt_citizen_2,institutional,individual,29,0.9354838709677419,2.977099895477295,72,0.9188951512333006
base,The city is demolishing our neighborhood for a new,institutional_govt_citizen_2,institutional,individual,30,0.967741935483871,4.131838321685791,105,0.681776023004204
base,The city is demolishing our neighborhood for a new,institutional_govt_citizen_2,institutional,individual,31,1.0,4.215151309967041,103,1.0410777628421783
base,Residents are blocking our infrastructure project ,institutional_govt_agency_2,institutional,institution,0,0.0,8.714502334594727,27,1.7339551540790126
base,Residents are blocking our infrastructure project ,institutional_govt_agency_2,institutional,institution,1,0.03225806451612903,9.782116889953613,30,1.2360126175917685
base,Residents are blocking our infrastructure project ,institutional_govt_agency_2,institutional,institution,2,0.06451612903225806,10.127409934997559,19,0.9673788796644658
base,Residents are blocking our infrastructure project ,institutional_govt_agency_2,institutional,institution,3,0.0967741935483871,10.103489875793457,17,1.0788985434919596
base,Residents are blocking our infrastructure project ,institutional_govt_agency_2,institutional,institution,4,0.12903225806451613,9.91501235961914,22,0.8275635102763772
base,Residents are blocking our infrastructure project ,institutional_govt_agency_2,institutional,institution,5,0.16129032258064516,9.971054077148438,23,0.9037009789608419
base,Residents are blocking our infrastructure project ,institutional_govt_agency_2,institutional,institution,6,0.1935483870967742,10.102509498596191,21,0.9510214605834335
base,Residents are blocking our infrastructure project ,institutional_govt_agency_2,institutional,institution,7,0.22580645161290322,10.041959762573242,26,1.1206462401896715
base,Residents are blocking our infrastructure project ,institutional_govt_agency_2,institutional,institution,8,0.25806451612903225,9.929450988769531,26,0.9309973127674311
base,Residents are blocking our infrastructure project ,institutional_govt_agency_2,institutional,institution,9,0.2903225806451613,10.048023223876953,34,1.0051589965296444
base,Residents are blocking our infrastructure project ,institutional_govt_agency_2,institutional,institution,10,0.3225806451612903,10.127153396606445,19,1.0147697890060954
base,Residents are blocking our infrastructure project ,institutional_govt_agency_2,institutional,institution,11,0.3548387096774194,10.114723205566406,25,1.3988503201398998
base,Residents are blocking our infrastructure project ,institutional_govt_agency_2,institutional,institution,12,0.3870967741935484,9.983717918395996,23,0.9318555438076146
base,Residents are blocking our infrastructure project ,institutional_govt_agency_2,institutional,institution,13,0.41935483870967744,9.685487747192383,33,0.911901245242916
base,Residents are blocking our infrastructure project ,institutional_govt_agency_2,institutional,institution,14,0.45161290322580644,9.881477355957031,26,1.087356049916707
base,Residents are blocking our infrastructure project ,institutional_govt_agency_2,institutional,institution,15,0.4838709677419355,9.473522186279297,38,1.4123539756983519
base,Residents are blocking our infrastructure project ,institutional_govt_agency_2,institutional,institution,16,0.5161290322580645,8.342110633850098,25,0.89654510631226
base,Residents are blocking our infrastructure project ,institutional_govt_agency_2,institutional,institution,17,0.5483870967741935,5.512232780456543,16,0.7735700017074123
base,Residents are blocking our infrastructure project ,institutional_govt_agency_2,institutional,institution,18,0.5806451612903226,7.380326271057129,38,0.742066252278164
base,Residents are blocking our infrastructure project ,institutional_govt_agency_2,institutional,institution,19,0.6129032258064516,5.3451642990112305,29,0.9463510080240667
base,Residents are blocking our infrastructure project ,institutional_govt_agency_2,institutional,institution,20,0.6451612903225806,2.22640323638916,15,0.39868576743174344
base,Residents are blocking our infrastructure project ,institutional_govt_agency_2,institutional,institution,21,0.6774193548387096,1.1979775428771973,10,0.48946547985542566
base,Residents are blocking our infrastructure project ,institutional_govt_agency_2,institutional,institution,22,0.7096774193548387,1.7879443168640137,14,0.42780831491108984
base,Residents are blocking our infrastructure project ,institutional_govt_agency_2,institutional,institution,23,0.7419354838709677,2.1827707290649414,22,0.568098986055702
base,Residents are blocking our infrastructure project ,institutional_govt_agency_2,institutional,institution,24,0.7741935483870968,2.763503074645996,30,0.45916300315002445
base,Residents are blocking our infrastructure project ,institutional_govt_agency_2,institutional,institution,25,0.8064516129032258,3.5219829082489014,39,0.4205553290084936
base,Residents are blocking our infrastructure project ,institutional_govt_agency_2,institutional,institution,26,0.8387096774193549,2.6783523559570312,32,0.24400770937791094
base,Residents are blocking our infrastructure project ,institutional_govt_agency_2,institutional,institution,27,0.8709677419354839,2.6122066974639893,33,0.6178851095028222
base,Residents are blocking our infrastructure project ,institutional_govt_agency_2,institutional,institution,28,0.9032258064516129,2.54288387298584,32,0.31873599864775315
base,Residents are blocking our infrastructure project ,institutional_govt_agency_2,institutional,institution,29,0.9354838709677419,3.149510622024536,39,0.4736672750877915
base,Residents are blocking our infrastructure project ,institutional_govt_agency_2,institutional,institution,30,0.967741935483871,3.7761290073394775,67,0.28480547459912486
base,Residents are blocking our infrastructure project ,institutional_govt_agency_2,institutional,institution,31,1.0,4.058804512023926,74,0.7061532768420875
base,Inequality is rising and wages are stagnant. I sho,institutional_political_citizen_1,institutional,individual,0,0.0,6.6265459060668945,36,1.7610891563817859
base,Inequality is rising and wages are stagnant. I sho,institutional_political_citizen_1,institutional,individual,1,0.03225806451612903,10.011695861816406,37,1.278156045358628
base,Inequality is rising and wages are stagnant. I sho,institutional_political_citizen_1,institutional,individual,2,0.06451612903225806,10.198410987854004,17,0.9679489694535732
base,Inequality is rising and wages are stagnant. I sho,institutional_political_citizen_1,institutional,individual,3,0.0967741935483871,10.17643928527832,20,1.1802878302987665
base,Inequality is rising and wages are stagnant. I sho,institutional_political_citizen_1,institutional,individual,4,0.12903225806451613,10.16131591796875,14,0.9594993246719241
base,Inequality is rising and wages are stagnant. I sho,institutional_political_citizen_1,institutional,individual,5,0.16129032258064516,10.211942672729492,15,0.9565530332038179
base,Inequality is rising and wages are stagnant. I sho,institutional_political_citizen_1,institutional,individual,6,0.1935483870967742,10.142309188842773,25,1.093277187552303
base,Inequality is rising and wages are stagnant. I sho,institutional_political_citizen_1,institutional,individual,7,0.22580645161290322,10.188498497009277,22,1.1918700253590941
base,Inequality is rising and wages are stagnant. I sho,institutional_political_citizen_1,institutional,individual,8,0.25806451612903225,10.18891716003418,23,1.1733617268619128
base,Inequality is rising and wages are stagnant. I sho,institutional_political_citizen_1,institutional,individual,9,0.2903225806451613,10.190362930297852,17,1.1047492832876742
base,Inequality is rising and wages are stagnant. I sho,institutional_political_citizen_1,institutional,individual,10,0.3225806451612903,10.15774917602539,17,1.074928397545591
base,Inequality is rising and wages are stagnant. I sho,institutional_political_citizen_1,institutional,individual,11,0.3548387096774194,10.161361694335938,18,1.5247780624777079
base,Inequality is rising and wages are stagnant. I sho,institutional_political_citizen_1,institutional,individual,12,0.3870967741935484,10.142614364624023,21,0.9990742756053805
base,Inequality is rising and wages are stagnant. I sho,institutional_political_citizen_1,institutional,individual,13,0.41935483870967744,10.072916984558105,28,0.8489776002243161
base,Inequality is rising and wages are stagnant. I sho,institutional_political_citizen_1,institutional,individual,14,0.45161290322580644,10.049503326416016,25,1.0465556285344064
base,Inequality is rising and wages are stagnant. I sho,institutional_political_citizen_1,institutional,individual,15,0.4838709677419355,9.789016723632812,38,1.4458977859467268
base,Inequality is rising and wages are stagnant. I sho,institutional_political_citizen_1,institutional,individual,16,0.5161290322580645,9.749393463134766,44,1.1409041015431285
base,Inequality is rising and wages are stagnant. I sho,institutional_political_citizen_1,institutional,individual,17,0.5483870967741935,9.607307434082031,46,1.1550134550780058
base,Inequality is rising and wages are stagnant. I sho,institutional_political_citizen_1,institutional,individual,18,0.5806451612903226,7.606429100036621,43,0.9936987003311515
base,Inequality is rising and wages are stagnant. I sho,institutional_political_citizen_1,institutional,individual,19,0.6129032258064516,6.284967422485352,34,1.0994258532300591
base,Inequality is rising and wages are stagnant. I sho,institutional_political_citizen_1,institutional,individual,20,0.6451612903225806,4.659966945648193,35,0.7648622472770512
base,Inequality is rising and wages are stagnant. I sho,institutional_political_citizen_1,institutional,individual,21,0.6774193548387096,2.930452585220337,23,0.8315853476524353
base,Inequality is rising and wages are stagnant. I sho,institutional_political_citizen_1,institutional,individual,22,0.7096774193548387,1.0873738527297974,8,0.6508194988127798
base,Inequality is rising and wages are stagnant. I sho,institutional_political_citizen_1,institutional,individual,23,0.7419354838709677,0.9261757135391235,9,0.7628695676103234
base,Inequality is rising and wages are stagnant. I sho,institutional_political_citizen_1,institutional,individual,24,0.7741935483870968,1.107467770576477,10,0.5412220974685624
base,Inequality is rising and wages are stagnant. I sho,institutional_political_citizen_1,institutional,individual,25,0.8064516129032258,0.9396878480911255,7,0.528728230856359
base,Inequality is rising and wages are stagnant. I sho,institutional_political_citizen_1,institutional,individual,26,0.8387096774193549,1.06512451171875,8,0.48063292424194515
base,Inequality is rising and wages are stagnant. I sho,institutional_political_citizen_1,institutional,individual,27,0.8709677419354839,1.0905447006225586,11,0.8320270553231239
base,Inequality is rising and wages are stagnant. I sho,institutional_political_citizen_1,institutional,individual,28,0.9032258064516129,0.686983585357666,10,0.5180494012311101
base,Inequality is rising and wages are stagnant. I sho,institutional_political_citizen_1,institutional,individual,29,0.9354838709677419,2.0850746631622314,27,0.7122585810720921
base,Inequality is rising and wages are stagnant. I sho,institutional_political_citizen_1,institutional,individual,30,0.967741935483871,2.3963701725006104,36,0.49758483876939863
base,Inequality is rising and wages are stagnant. I sho,institutional_political_citizen_1,institutional,individual,31,1.0,4.536664009094238,82,0.7950948681682348
base,Inequality is rising and our party needs to win th,institutional_political_party_1,institutional,institution,0,0.0,8.936668395996094,33,1.8901922681834549
base,Inequality is rising and our party needs to win th,institutional_political_party_1,institutional,institution,1,0.03225806451612903,9.691887855529785,31,1.4555169097147882
base,Inequality is rising and our party needs to win th,institutional_political_party_1,institutional,institution,2,0.06451612903225806,9.99938678741455,27,1.0891213254071772
base,Inequality is rising and our party needs to win th,institutional_political_party_1,institutional,institution,3,0.0967741935483871,9.897550582885742,32,1.377106069587171
base,Inequality is rising and our party needs to win th,institutional_political_party_1,institutional,institution,4,0.12903225806451613,9.734493255615234,32,0.9140939256176353
base,Inequality is rising and our party needs to win th,institutional_political_party_1,institutional,institution,5,0.16129032258064516,9.853357315063477,34,1.119166946504265
base,Inequality is rising and our party needs to win th,institutional_political_party_1,institutional,institution,6,0.1935483870967742,10.002367973327637,30,1.2621354130096734
base,Inequality is rising and our party needs to win th,institutional_political_party_1,institutional,institution,7,0.22580645161290322,9.942981719970703,21,1.3929416704922915
base,Inequality is rising and our party needs to win th,institutional_political_party_1,institutional,institution,8,0.25806451612903225,9.94597053527832,24,1.214824038790539
base,Inequality is rising and our party needs to win th,institutional_political_party_1,institutional,institution,9,0.2903225806451613,9.961029052734375,21,1.341216347180307
base,Inequality is rising and our party needs to win th,institutional_political_party_1,institutional,institution,10,0.3225806451612903,9.729436874389648,24,1.2263665569480509
base,Inequality is rising and our party needs to win th,institutional_political_party_1,institutional,institution,11,0.3548387096774194,9.566841125488281,24,1.6409761947579682
base,Inequality is rising and our party needs to win th,institutional_political_party_1,institutional,institution,12,0.3870967741935484,5.760931968688965,17,1.1412442191503942
base,Inequality is rising and our party needs to win th,institutional_political_party_1,institutional,institution,13,0.41935483870967744,6.329540729522705,20,1.0173768340609968
base,Inequality is rising and our party needs to win th,institutional_political_party_1,institutional,institution,14,0.45161290322580644,5.485959053039551,13,1.3936620159074664
base,Inequality is rising and our party needs to win th,institutional_political_party_1,institutional,institution,15,0.4838709677419355,5.8943586349487305,19,1.7415370233356953
base,Inequality is rising and our party needs to win th,institutional_political_party_1,institutional,institution,16,0.5161290322580645,0.9043855667114258,4,1.181469654198736
base,Inequality is rising and our party needs to win th,institutional_political_party_1,institutional,institution,17,0.5483870967741935,0.3856160044670105,3,1.1689312017988414
base,Inequality is rising and our party needs to win th,institutional_political_party_1,institutional,institution,18,0.5806451612903226,0.018737800419330597,1,1.1403652094304562
base,Inequality is rising and our party needs to win th,institutional_political_party_1,institutional,institution,19,0.6129032258064516,0.053013622760772705,1,1.3834662269800901
base,Inequality is rising and our party needs to win th,institutional_political_party_1,institutional,institution,20,0.6451612903225806,0.15854081511497498,3,0.7741299658082426
base,Inequality is rising and our party needs to win th,institutional_political_party_1,institutional,institution,21,0.6774193548387096,0.15495602786540985,4,0.8345404886640608
base,Inequality is rising and our party needs to win th,institutional_political_party_1,institutional,institution,22,0.7096774193548387,0.2396848052740097,6,0.7173391962423921
base,Inequality is rising and our party needs to win th,institutional_political_party_1,institutional,institution,23,0.7419354838709677,0.4596390724182129,10,0.8437841790728271
base,Inequality is rising and our party needs to win th,institutional_political_party_1,institutional,institution,24,0.7741935483870968,0.037292513996362686,1,0.6466864799149334
base,Inequality is rising and our party needs to win th,institutional_political_party_1,institutional,institution,25,0.8064516129032258,0.10541067272424698,4,0.5860120812430978
base,Inequality is rising and our party needs to win th,institutional_political_party_1,institutional,institution,26,0.8387096774193549,0.2253691554069519,5,0.3304124791175127
base,Inequality is rising and our party needs to win th,institutional_political_party_1,institutional,institution,27,0.8709677419354839,0.2742273509502411,6,0.8388457139953971
base,Inequality is rising and our party needs to win th,institutional_political_party_1,institutional,institution,28,0.9032258064516129,0.7369741201400757,11,0.45553067477885634
base,Inequality is rising and our party needs to win th,institutional_political_party_1,institutional,institution,29,0.9354838709677419,2.281952142715454,35,0.6675387538853101
base,Inequality is rising and our party needs to win th,institutional_political_party_1,institutional,institution,30,0.967741935483871,4.430160999298096,111,0.4361369365360588
base,Inequality is rising and our party needs to win th,institutional_political_party_1,institutional,institution,31,1.0,5.050931930541992,143,0.7762509216554463
aligned,She was so angry she wanted to,,key,,0,0.0,10.40844440460205,15,1.2079714273568243
aligned,She was so angry she wanted to,,key,,1,0.03225806451612903,10.531479835510254,13,0.9258389024100779
aligned,She was so angry she wanted to,,key,,2,0.06451612903225806,10.461790084838867,15,0.9405048265325604
aligned,She was so angry she wanted to,,key,,3,0.0967741935483871,10.39666748046875,9,1.3784216255880892
aligned,She was so angry she wanted to,,key,,4,0.12903225806451613,10.234374046325684,26,1.2263153322564904
aligned,She was so angry she wanted to,,key,,5,0.16129032258064516,10.33621883392334,17,1.1508111078292131
aligned,She was so angry she wanted to,,key,,6,0.1935483870967742,10.361896514892578,11,1.1335855261422694
aligned,She was so angry she wanted to,,key,,7,0.22580645161290322,10.310345649719238,17,1.2353576119057834
aligned,She was so angry she wanted to,,key,,8,0.25806451612903225,10.274242401123047,16,1.1291951639577746
aligned,She was so angry she wanted to,,key,,9,0.2903225806451613,10.318229675292969,12,1.1295531457290053
aligned,She was so angry she wanted to,,key,,10,0.3225806451612903,10.185123443603516,24,0.920042410492897
aligned,She was so angry she wanted to,,key,,11,0.3548387096774194,10.154794692993164,25,1.10886127082631
aligned,She was so angry she wanted to,,key,,12,0.3870967741935484,10.200222969055176,20,0.9591711233370006
aligned,She was so angry she wanted to,,key,,13,0.41935483870967744,10.289838790893555,17,0.8780755512416363
aligned,She was so angry she wanted to,,key,,14,0.45161290322580644,10.339425086975098,15,0.7725074514746666
aligned,She was so angry she wanted to,,key,,15,0.4838709677419355,10.280797004699707,16,1.125211238861084
aligned,She was so angry she wanted to,,key,,16,0.5161290322580645,10.21257495880127,23,0.6751366429962218
aligned,She was so angry she wanted to,,key,,17,0.5483870967741935,9.247323989868164,21,0.5747207634849474
aligned,She was so angry she wanted to,,key,,18,0.5806451612903226,8.816307067871094,27,0.5079798775259405
aligned,She was so angry she wanted to,,key,,19,0.6129032258064516,8.13720989227295,22,0.6572115919552743
aligned,She was so angry she wanted to,,key,,20,0.6451612903225806,6.996212482452393,19,0.5243642002460547
aligned,She was so angry she wanted to,,key,,21,0.6774193548387096,8.49997329711914,28,0.6035495598334819
aligned,She was so angry she wanted to,,key,,22,0.7096774193548387,9.172850608825684,47,0.5509028804954141
aligned,She was so angry she wanted to,,key,,23,0.7419354838709677,9.319005966186523,57,0.8486848850734532
aligned,She was so angry she wanted to,,key,,24,0.7741935483870968,8.012683868408203,54,0.4071010905900039
aligned,She was so angry she wanted to,,key,,25,0.8064516129032258,7.127195358276367,56,0.45125300192739815
aligned,She was so angry she wanted to,,key,,26,0.8387096774193549,6.765236854553223,58,0.18313168236636557
aligned,She was so angry she wanted to,,key,,27,0.8709677419354839,6.949645519256592,77,0.5586382141336799
aligned,She was so angry she wanted to,,key,,28,0.9032258064516129,6.157218933105469,84,0.25184079134487547
aligned,She was so angry she wanted to,,key,,29,0.9354838709677419,2.1732146739959717,29,0.21798940771259367
aligned,She was so angry she wanted to,,key,,30,0.967741935483871,1.7938097715377808,25,0.13469783114851452
aligned,She was so angry she wanted to,,key,,31,1.0,3.110563039779663,39,0.5532165304757655
aligned,She kneeled and reached for his,,key,,0,0.0,0.25849273800849915,2,1.4097039820626378
aligned,She kneeled and reached for his,,key,,1,0.03225806451612903,0.9352912306785583,4,1.1668170266784728
aligned,She kneeled and reached for his,,key,,2,0.06451612903225806,3.070115566253662,7,1.0036962893791497
aligned,She kneeled and reached for his,,key,,3,0.0967741935483871,3.8087105751037598,9,1.2595646753907204
aligned,She kneeled and reached for his,,key,,4,0.12903225806451613,10.199960708618164,16,1.1900345307658426
aligned,She kneeled and reached for his,,key,,5,0.16129032258064516,10.158185005187988,18,1.1167391492053866
aligned,She kneeled and reached for his,,key,,6,0.1935483870967742,10.15085506439209,16,1.1629302501678467
aligned,She kneeled and reached for his,,key,,7,0.22580645161290322,10.370406150817871,13,1.3558434918522835
aligned,She kneeled and reached for his,,key,,8,0.25806451612903225,10.201845169067383,15,0.9981106517116132
aligned,She kneeled and reached for his,,key,,9,0.2903225806451613,10.219074249267578,23,1.1221776134334505
aligned,She kneeled and reached for his,,key,,10,0.3225806451612903,10.110692977905273,18,0.8650540283415467
aligned,She kneeled and reached for his,,key,,11,0.3548387096774194,9.988572120666504,22,1.1922457423061132
aligned,She kneeled and reached for his,,key,,12,0.3870967741935484,10.187864303588867,22,0.8841969283530489
aligned,She kneeled and reached for his,,key,,13,0.41935483870967744,9.967306137084961,21,0.795182635076344
aligned,She kneeled and reached for his,,key,,14,0.45161290322580644,9.989810943603516,14,0.7218822659924626
aligned,She kneeled and reached for his,,key,,15,0.4838709677419355,10.013372421264648,16,0.9999581455485895
aligned,She kneeled and reached for his,,key,,16,0.5161290322580645,9.773393630981445,15,0.7739890723023564
aligned,She kneeled and reached for his,,key,,17,0.5483870967741935,9.913596153259277,19,0.7902209305902943
aligned,She kneeled and reached for his,,key,,18,0.5806451612903226,10.184687614440918,25,0.46506274785497226
aligned,She kneeled and reached for his,,key,,19,0.6129032258064516,10.133660316467285,23,0.5883463871432468
aligned,She kneeled and reached for his,,key,,20,0.6451612903225806,10.177373886108398,24,0.5243639213294955
aligned,She kneeled and reached for his,,key,,21,0.6774193548387096,10.257515907287598,18,0.520822319551371
aligned,She kneeled and reached for his,,key,,22,0.7096774193548387,10.194890022277832,22,0.4139285800047219
aligned,She kneeled and reached for his,,key,,23,0.7419354838709677,9.93598747253418,29,0.5566480373963714
aligned,She kneeled and reached for his,,key,,24,0.7741935483870968,10.003020286560059,29,0.19500644964864478
aligned,She kneeled and reached for his,,key,,25,0.8064516129032258,7.733178615570068,27,0.3086819245945662
aligned,She kneeled and reached for his,,key,,26,0.8387096774193549,8.250228881835938,26,0.18493160591606284
aligned,She kneeled and reached for his,,key,,27,0.8709677419354839,4.1971635818481445,14,0.5162402836140245
aligned,She kneeled and reached for his,,key,,28,0.9032258064516129,5.780867099761963,22,0.24811368709197268
aligned,She kneeled and reached for his,,key,,29,0.9354838709677419,2.6762800216674805,21,0.24968363106017932
aligned,She kneeled and reached for his,,key,,30,0.967741935483871,1.6886858940124512,19,0.21941317009623162
aligned,She kneeled and reached for his,,key,,31,1.0,3.505563735961914,47,0.8000414720736444
aligned,The capital of France is,,key,,0,0.0,9.775007247924805,27,1.0543350697116693
aligned,The capital of France is,,key,,1,0.03225806451612903,9.790611267089844,32,0.9615356382564642
aligned,The capital of France is,,key,,2,0.06451612903225806,9.912776947021484,27,0.8298108046874404
aligned,The capital of France is,,key,,3,0.0967741935483871,10.389631271362305,17,0.9782429039478302
aligned,The capital of France is,,key,,4,0.12903225806451613,10.381180763244629,11,0.7143520127283409
aligned,The capital of France is,,key,,5,0.16129032258064516,10.222091674804688,14,0.71820801589638
aligned,The capital of France is,,key,,6,0.1935483870967742,10.17013931274414,22,0.6441776494029909
aligned,The capital of France is,,key,,7,0.22580645161290322,10.35359001159668,16,1.078871927689761
aligned,The capital of France is,,key,,8,0.25806451612903225,10.34257984161377,14,0.7022792408242822
aligned,The capital of France is,,key,,9,0.2903225806451613,10.23423957824707,23,1.0236534047871828
aligned,The capital of France is,,key,,10,0.3225806451612903,10.237759590148926,22,0.7710153949446976
aligned,The capital of France is,,key,,11,0.3548387096774194,10.202371597290039,19,1.051259544212371
aligned,The capital of France is,,key,,12,0.3870967741935484,10.243608474731445,24,0.8412644558120519
aligned,The capital of France is,,key,,13,0.41935483870967744,9.953058242797852,23,0.7178454417735338
aligned,The capital of France is,,key,,14,0.45161290322580644,10.089679718017578,24,0.5927212702808902
aligned,The capital of France is,,key,,15,0.4838709677419355,9.204556465148926,33,0.8518346726195887
aligned,The capital of France is,,key,,16,0.5161290322580645,9.499814987182617,35,0.6150989398011006
aligned,The capital of France is,,key,,17,0.5483870967741935,7.834888458251953,37,0.59755882632453
aligned,The capital of France is,,key,,18,0.5806451612903226,8.95633316040039,39,0.5649465204332955
aligned,The capital of France is,,key,,19,0.6129032258064516,9.367622375488281,37,0.7183176083490252
aligned,The capital of France is,,key,,20,0.6451612903225806,9.303272247314453,45,0.38336007989710197
aligned,The capital of France is,,key,,21,0.6774193548387096,9.58633041381836,43,0.5064537728321739
aligned,The capital of France is,,key,,22,0.7096774193548387,9.254648208618164,53,0.45741780163371004
aligned,The capital of France is,,key,,23,0.7419354838709677,7.831714630126953,47,0.5518962417263538
aligned,The capital of France is,,key,,24,0.7741935483870968,3.640573024749756,21,0.26164642948424444
aligned,The capital of France is,,key,,25,0.8064516129032258,7.134361743927002,42,0.4534575928701088
aligned,The capital of France is,,key,,26,0.8387096774193549,7.424201965332031,49,0.3239184237390873
aligned,The capital of France is,,key,,27,0.8709677419354839,7.028117656707764,54,0.6001998172141612
aligned,The capital of France is,,key,,28,0.9032258064516129,6.378739833831787,55,0.17767551818542415
aligned,The capital of France is,,key,,29,0.9354838709677419,4.243344783782959,48,0.33913040538027417
aligned,The capital of France is,,key,,30,0.967741935483871,3.026064395904541,42,0.3343045965884812
aligned,The capital of France is,,key,,31,1.0,3.3903698921203613,35,0.6148305064998567
aligned,She loved him and hated him and wanted to,,key,,0,0.0,10.423311233520508,11,1.5154385939240456
aligned,She loved him and hated him and wanted to,,key,,1,0.03225806451612903,10.538106918334961,2,1.3717125660904799
aligned,She loved him and hated him and wanted to,,key,,2,0.06451612903225806,10.423578262329102,12,1.1716722678975202
aligned,She loved him and hated him and wanted to,,key,,3,0.0967741935483871,10.364773750305176,9,1.497242252342403
aligned,She loved him and hated him and wanted to,,key,,4,0.12903225806451613,10.40163803100586,9,1.3285774596733972
aligned,She loved him and hated him and wanted to,,key,,5,0.16129032258064516,10.420327186584473,14,1.3180283159017563
aligned,She loved him and hated him and wanted to,,key,,6,0.1935483870967742,10.363359451293945,9,1.4018324222415686
aligned,She loved him and hated him and wanted to,,key,,7,0.22580645161290322,10.434737205505371,13,1.4956228374503553
aligned,She loved him and hated him and wanted to,,key,,8,0.25806451612903225,10.441760063171387,5,1.21902783785481
aligned,She loved him and hated him and wanted to,,key,,9,0.2903225806451613,10.362604141235352,13,1.2862836313433945
aligned,She loved him and hated him and wanted to,,key,,10,0.3225806451612903,10.339733123779297,19,1.2030563595471904
aligned,She loved him and hated him and wanted to,,key,,11,0.3548387096774194,10.357328414916992,18,1.437350809108466
aligned,She loved him and hated him and wanted to,,key,,12,0.3870967741935484,10.388341903686523,14,1.0426788302138448
aligned,She loved him and hated him and wanted to,,key,,13,0.41935483870967744,10.354958534240723,17,1.0643314986955374
aligned,She loved him and hated him and wanted to,,key,,14,0.45161290322580644,10.214550018310547,19,1.0183433322235942
aligned,She loved him and hated him and wanted to,,key,,15,0.4838709677419355,10.318024635314941,11,1.4201152212917805
aligned,She loved him and hated him and wanted to,,key,,16,0.5161290322580645,8.78884506225586,14,1.0253147771582007
aligned,She loved him and hated him and wanted to,,key,,17,0.5483870967741935,9.131389617919922,17,0.9922792150755413
aligned,She loved him and hated him and wanted to,,key,,18,0.5806451612903226,9.99982738494873,19,0.8239232724299654
aligned,She loved him and hated him and wanted to,,key,,19,0.6129032258064516,5.261244297027588,12,1.073604077566415
aligned,She loved him and hated him and wanted to,,key,,20,0.6451612903225806,5.233705997467041,13,0.6104122417746112
aligned,She loved him and hated him and wanted to,,key,,21,0.6774193548387096,4.21054744720459,10,0.6222631065757014
aligned,She loved him and hated him and wanted to,,key,,22,0.7096774193548387,3.1349563598632812,9,0.5665741861448623
aligned,She loved him and hated him and wanted to,,key,,23,0.7419354838709677,2.266005039215088,8,0.7468242798931897
aligned,She loved him and hated him and wanted to,,key,,24,0.7741935483870968,3.499758720397949,20,0.3277152194059454
aligned,She loved him and hated him and wanted to,,key,,25,0.8064516129032258,3.2274880409240723,25,0.2907306257839082
aligned,She loved him and hated him and wanted to,,key,,26,0.8387096774193549,3.5119221210479736,37,0.21494086968596093
aligned,She loved him and hated him and wanted to,,key,,27,0.8709677419354839,3.8278212547302246,45,0.6269069064874202
aligned,She loved him and hated him and wanted to,,key,,28,0.9032258064516129,3.792463779449463,57,0.2435290301218629
aligned,She loved him and hated him and wanted to,,key,,29,0.9354838709677419,4.809252738952637,78,0.1869073178313556
aligned,She loved him and hated him and wanted to,,key,,30,0.967741935483871,4.205268859863281,81,0.20299564419838134
aligned,She loved him and hated him and wanted to,,key,,31,1.0,4.7098565101623535,99,0.5750129716470838
aligned,Our company cut our health benefits and increased ,,key,,0,0.0,5.307522773742676,10,1.9047100639436394
aligned,Our company cut our health benefits and increased ,,key,,1,0.03225806451612903,8.161551475524902,18,1.455569707090035
aligned,Our company cut our health benefits and increased ,,key,,2,0.06451612903225806,8.310616493225098,23,0.9235638316022232
aligned,Our company cut our health benefits and increased ,,key,,3,0.0967741935483871,8.57403564453125,36,1.2270247982814908
aligned,Our company cut our health benefits and increased ,,key,,4,0.12903225806451613,9.235986709594727,25,0.9315086620626971
aligned,Our company cut our health benefits and increased ,,key,,5,0.16129032258064516,9.330082893371582,32,0.9903026213869452
aligned,Our company cut our health benefits and increased ,,key,,6,0.1935483870967742,9.55198860168457,34,1.1908022325951606
aligned,Our company cut our health benefits and increased ,,key,,7,0.22580645161290322,8.855745315551758,29,1.4046180145815015
aligned,Our company cut our health benefits and increased ,,key,,8,0.25806451612903225,9.038918495178223,22,1.036094511160627
aligned,Our company cut our health benefits and increased ,,key,,9,0.2903225806451613,9.329697608947754,36,1.239388920366764
aligned,Our company cut our health benefits and increased ,,key,,10,0.3225806451612903,9.28213119506836,50,1.21234615764115
aligned,Our company cut our health benefits and increased ,,key,,11,0.3548387096774194,9.686725616455078,36,1.4186508492566645
aligned,Our company cut our health benefits and increased ,,key,,12,0.3870967741935484,9.657968521118164,31,1.1444435925222933
aligned,Our company cut our health benefits and increased ,,key,,13,0.41935483870967744,8.66746711730957,29,0.8910372135578655
aligned,Our company cut our health benefits and increased ,,key,,14,0.45161290322580644,9.648736953735352,26,1.27817028388381
aligned,Our company cut our health benefits and increased ,,key,,15,0.4838709677419355,8.749434471130371,32,1.4419575231149793
aligned,Our company cut our health benefits and increased ,,key,,16,0.5161290322580645,7.22670841217041,19,1.0813242450822145
aligned,Our company cut our health benefits and increased ,,key,,17,0.5483870967741935,6.197545051574707,18,1.0423938788007945
aligned,Our company cut our health benefits and increased ,,key,,18,0.5806451612903226,5.183211326599121,18,0.8672792324796319
aligned,Our company cut our health benefits and increased ,,key,,19,0.6129032258064516,5.800779342651367,24,1.038659556186758
aligned,Our company cut our health benefits and increased ,,key,,20,0.6451612903225806,5.714186191558838,25,0.6567685811314732
aligned,Our company cut our health benefits and increased ,,key,,21,0.6774193548387096,5.224930763244629,27,0.5207743703504093
aligned,Our company cut our health benefits and increased ,,key,,22,0.7096774193548387,5.770923137664795,42,0.6869585902895778
aligned,Our company cut our health benefits and increased ,,key,,23,0.7419354838709677,6.180203437805176,49,0.6174554699100554
aligned,Our company cut our health benefits and increased ,,key,,24,0.7741935483870968,6.911890506744385,60,0.4719896141323261
aligned,Our company cut our health benefits and increased ,,key,,25,0.8064516129032258,7.299452781677246,68,0.5548682874068618
aligned,Our company cut our health benefits and increased ,,key,,26,0.8387096774193549,7.581118583679199,75,0.3551508449818357
aligned,Our company cut our health benefits and increased ,,key,,27,0.8709677419354839,6.949611663818359,78,1.0385692222043872
aligned,Our company cut our health benefits and increased ,,key,,28,0.9032258064516129,6.333610534667969,94,0.40760260468232445
aligned,Our company cut our health benefits and increased ,,key,,29,0.9354838709677419,4.345671653747559,80,0.8576096355100162
aligned,Our company cut our health benefits and increased ,,key,,30,0.967741935483871,4.000802993774414,82,0.579948214115575
aligned,Our company cut our health benefits and increased ,,key,,31,1.0,5.922175884246826,118,1.1469919783994555
aligned,Management keeps ignoring our safety complaints at,,key,,0,0.0,5.695978164672852,10,1.5878731729462743
aligned,Management keeps ignoring our safety complaints at,,key,,1,0.03225806451612903,8.196685791015625,15,1.1991777061484754
aligned,Management keeps ignoring our safety complaints at,,key,,2,0.06451612903225806,8.84364128112793,23,0.766263322730083
aligned,Management keeps ignoring our safety complaints at,,key,,3,0.0967741935483871,9.361335754394531,31,1.156306323595345
aligned,Management keeps ignoring our safety complaints at,,key,,4,0.12903225806451613,9.575519561767578,25,0.7999565234640613
aligned,Management keeps ignoring our safety complaints at,,key,,5,0.16129032258064516,9.945003509521484,24,0.8966362591600046
aligned,Management keeps ignoring our safety complaints at,,key,,6,0.1935483870967742,10.255243301391602,19,1.1170930131338537
aligned,Management keeps ignoring our safety complaints at,,key,,7,0.22580645161290322,10.101349830627441,26,1.3186550132231787
aligned,Management keeps ignoring our safety complaints at,,key,,8,0.25806451612903225,9.791035652160645,23,1.343165791593492
aligned,Management keeps ignoring our safety complaints at,,key,,9,0.2903225806451613,9.781001091003418,33,1.3300359062850475
aligned,Management keeps ignoring our safety complaints at,,key,,10,0.3225806451612903,9.035987854003906,50,1.1843081736005843
aligned,Management keeps ignoring our safety complaints at,,key,,11,0.3548387096774194,9.70570182800293,37,1.6246930975466967
aligned,Management keeps ignoring our safety complaints at,,key,,12,0.3870967741935484,10.057931900024414,26,1.2508811610750854
aligned,Management keeps ignoring our safety complaints at,,key,,13,0.41935483870967744,9.308592796325684,37,1.2151946909725666
aligned,Management keeps ignoring our safety complaints at,,key,,14,0.45161290322580644,9.877021789550781,34,1.317539984593168
aligned,Management keeps ignoring our safety complaints at,,key,,15,0.4838709677419355,9.551628112792969,28,1.6392616108059883
aligned,Management keeps ignoring our safety complaints at,,key,,16,0.5161290322580645,9.036972999572754,34,1.0836552418768406
aligned,Management keeps ignoring our safety complaints at,,key,,17,0.5483870967741935,7.912483215332031,23,1.1522001968696713
aligned,Management keeps ignoring our safety complaints at,,key,,18,0.5806451612903226,0.8026597499847412,3,0.8153984805103391
aligned,Management keeps ignoring our safety complaints at,,key,,19,0.6129032258064516,3.8472073078155518,23,1.1941850688308477
aligned,Management keeps ignoring our safety complaints at,,key,,20,0.6451612903225806,4.08558464050293,23,0.616622899309732
aligned,Management keeps ignoring our safety complaints at,,key,,21,0.6774193548387096,1.9495229721069336,11,0.6112254143226892
aligned,Management keeps ignoring our safety complaints at,,key,,22,0.7096774193548387,3.2228493690490723,17,0.7109222032595426
aligned,Management keeps ignoring our safety complaints at,,key,,23,0.7419354838709677,5.942173957824707,46,0.9106720816344023
aligned,Management keeps ignoring our safety complaints at,,key,,24,0.7741935483870968,5.188393592834473,36,0.5718821359332651
aligned,Management keeps ignoring our safety complaints at,,key,,25,0.8064516129032258,6.7931013107299805,51,0.7002555695362389
aligned,Management keeps ignoring our safety complaints at,,key,,26,0.8387096774193549,7.506616592407227,74,0.5393118808278814
aligned,Management keeps ignoring our safety complaints at,,key,,27,0.8709677419354839,6.737512111663818,78,1.0358323333784938
aligned,Management keeps ignoring our safety complaints at,,key,,28,0.9032258064516129,5.911755084991455,78,0.5371416314737871
aligned,Management keeps ignoring our safety complaints at,,key,,29,0.9354838709677419,5.501984119415283,105,0.8397613072302192
aligned,Management keeps ignoring our safety complaints at,,key,,30,0.967741935483871,4.739283561706543,88,0.7831446966156363
aligned,Management keeps ignoring our safety complaints at,,key,,31,1.0,6.159069061279297,97,1.1339525040239096
aligned,My company laid off my whole team with no severanc,institutional_labor_worker_1,institutional,individual,0,0.0,4.554537773132324,10,1.8091313098557293
aligned,My company laid off my whole team with no severanc,institutional_labor_worker_1,institutional,individual,1,0.03225806451612903,7.849635124206543,17,1.324380821082741
aligned,My company laid off my whole team with no severanc,institutional_labor_worker_1,institutional,individual,2,0.06451612903225806,9.07189655303955,26,0.8683360802242532
aligned,My company laid off my whole team with no severanc,institutional_labor_worker_1,institutional,individual,3,0.0967741935483871,9.391790390014648,21,1.2253122869879007
aligned,My company laid off my whole team with no severanc,institutional_labor_worker_1,institutional,individual,4,0.12903225806451613,9.665775299072266,22,0.9185851911315694
aligned,My company laid off my whole team with no severanc,institutional_labor_worker_1,institutional,individual,5,0.16129032258064516,9.822519302368164,30,1.0046259656664915
aligned,My company laid off my whole team with no severanc,institutional_labor_worker_1,institutional,individual,6,0.1935483870967742,10.102029800415039,22,1.073066188255325
aligned,My company laid off my whole team with no severanc,institutional_labor_worker_1,institutional,individual,7,0.22580645161290322,9.854972839355469,28,1.350247081834823
aligned,My company laid off my whole team with no severanc,institutional_labor_worker_1,institutional,individual,8,0.25806451612903225,9.751558303833008,26,1.0329511838499457
aligned,My company laid off my whole team with no severanc,institutional_labor_worker_1,institutional,individual,9,0.2903225806451613,9.901630401611328,34,1.3504453575005755
aligned,My company laid off my whole team with no severanc,institutional_labor_worker_1,institutional,individual,10,0.3225806451612903,10.007787704467773,34,1.2899897671304643
aligned,My company laid off my whole team with no severanc,institutional_labor_worker_1,institutional,individual,11,0.3548387096774194,10.081979751586914,27,1.5771959135308862
aligned,My company laid off my whole team with no severanc,institutional_labor_worker_1,institutional,individual,12,0.3870967741935484,9.895012855529785,27,1.2012100252322853
aligned,My company laid off my whole team with no severanc,institutional_labor_worker_1,institutional,individual,13,0.41935483870967744,9.454261779785156,38,0.9424326606094837
aligned,My company laid off my whole team with no severanc,institutional_labor_worker_1,institutional,individual,14,0.45161290322580644,9.488336563110352,20,1.2765656064730138
aligned,My company laid off my whole team with no severanc,institutional_labor_worker_1,institutional,individual,15,0.4838709677419355,8.684398651123047,32,1.5875446004793048
aligned,My company laid off my whole team with no severanc,institutional_labor_worker_1,institutional,individual,16,0.5161290322580645,8.003316879272461,28,1.2658564484445378
aligned,My company laid off my whole team with no severanc,institutional_labor_worker_1,institutional,individual,17,0.5483870967741935,8.508843421936035,28,1.0940086939372122
aligned,My company laid off my whole team with no severanc,institutional_labor_worker_1,institutional,individual,18,0.5806451612903226,8.681562423706055,28,0.8402693520183675
aligned,My company laid off my whole team with no severanc,institutional_labor_worker_1,institutional,individual,19,0.6129032258064516,8.975513458251953,27,1.0799810108728707
aligned,My company laid off my whole team with no severanc,institutional_labor_worker_1,institutional,individual,20,0.6451612903225806,7.607081890106201,38,0.6311022043228149
aligned,My company laid off my whole team with no severanc,institutional_labor_worker_1,institutional,individual,21,0.6774193548387096,7.110079765319824,39,0.5438726067077368
aligned,My company laid off my whole team with no severanc,institutional_labor_worker_1,institutional,individual,22,0.7096774193548387,6.240997314453125,39,0.5391855895286426
aligned,My company laid off my whole team with no severanc,institutional_labor_worker_1,institutional,individual,23,0.7419354838709677,4.951683044433594,39,0.6018052382860333
aligned,My company laid off my whole team with no severanc,institutional_labor_worker_1,institutional,individual,24,0.7741935483870968,4.186992168426514,35,0.3182477564259898
aligned,My company laid off my whole team with no severanc,institutional_labor_worker_1,institutional,individual,25,0.8064516129032258,2.7847859859466553,24,0.4386706199729815
aligned,My company laid off my whole team with no severanc,institutional_labor_worker_1,institutional,individual,26,0.8387096774193549,2.2622318267822266,24,0.30173380543419626
aligned,My company laid off my whole team with no severanc,institutional_labor_worker_1,institutional,individual,27,0.8709677419354839,3.1703240871429443,34,0.6874911487102509
aligned,My company laid off my whole team with no severanc,institutional_labor_worker_1,institutional,individual,28,0.9032258064516129,2.895280599594116,34,0.31245452439179644
aligned,My company laid off my whole team with no severanc,institutional_labor_worker_1,institutional,individual,29,0.9354838709677419,1.841052770614624,21,0.5494581633829512
aligned,My company laid off my whole team with no severanc,institutional_labor_worker_1,institutional,individual,30,0.967741935483871,1.4297257661819458,22,0.40308571769855917
aligned,My company laid off my whole team with no severanc,institutional_labor_worker_1,institutional,individual,31,1.0,3.3270602226257324,53,0.9072786523029208
aligned,I need to lay off a team to cut costs. I should,institutional_labor_mgmt_1,institutional,institution,0,0.0,4.177012920379639,8,1.835394523688592
aligned,I need to lay off a team to cut costs. I should,institutional_labor_mgmt_1,institutional,institution,1,0.03225806451612903,8.704132080078125,18,1.414401265559718
aligned,I need to lay off a team to cut costs. I should,institutional_labor_mgmt_1,institutional,institution,2,0.06451612903225806,9.365449905395508,18,0.8981930615263991
aligned,I need to lay off a team to cut costs. I should,institutional_labor_mgmt_1,institutional,institution,3,0.0967741935483871,9.464883804321289,15,1.2590199052356184
aligned,I need to lay off a team to cut costs. I should,institutional_labor_mgmt_1,institutional,institution,4,0.12903225806451613,10.066967010498047,15,0.9290456776507199
aligned,I need to lay off a team to cut costs. I should,institutional_labor_mgmt_1,institutional,institution,5,0.16129032258064516,10.383842468261719,9,0.9845329320523888
aligned,I need to lay off a team to cut costs. I should,institutional_labor_mgmt_1,institutional,institution,6,0.1935483870967742,10.272636413574219,21,1.1836306657642126
aligned,I need to lay off a team to cut costs. I should,institutional_labor_mgmt_1,institutional,institution,7,0.22580645161290322,10.072881698608398,24,1.292976876720786
aligned,I need to lay off a team to cut costs. I should,institutional_labor_mgmt_1,institutional,institution,8,0.25806451612903225,10.228218078613281,22,1.030203212168999
aligned,I need to lay off a team to cut costs. I should,institutional_labor_mgmt_1,institutional,institution,9,0.2903225806451613,9.952539443969727,35,1.2853263639262877
aligned,I need to lay off a team to cut costs. I should,institutional_labor_mgmt_1,institutional,institution,10,0.3225806451612903,9.992300987243652,36,1.1590644088573754
aligned,I need to lay off a team to cut costs. I should,institutional_labor_mgmt_1,institutional,institution,11,0.3548387096774194,10.254406929016113,22,1.3507115337997675
aligned,I need to lay off a team to cut costs. I should,institutional_labor_mgmt_1,institutional,institution,12,0.3870967741935484,10.179902076721191,27,1.008500095224008
aligned,I need to lay off a team to cut costs. I should,institutional_labor_mgmt_1,institutional,institution,13,0.41935483870967744,10.028510093688965,32,0.8828764939680696
aligned,I need to lay off a team to cut costs. I should,institutional_labor_mgmt_1,institutional,institution,14,0.45161290322580644,10.108528137207031,22,1.3398718843236566
aligned,I need to lay off a team to cut costs. I should,institutional_labor_mgmt_1,institutional,institution,15,0.4838709677419355,10.111215591430664,24,1.4385934202000499
aligned,I need to lay off a team to cut costs. I should,institutional_labor_mgmt_1,institutional,institution,16,0.5161290322580645,9.696938514709473,32,0.9699817136861384
aligned,I need to lay off a team to cut costs. I should,institutional_labor_mgmt_1,institutional,institution,17,0.5483870967741935,8.641353607177734,21,0.9705790586885996
aligned,I need to lay off a team to cut costs. I should,institutional_labor_mgmt_1,institutional,institution,18,0.5806451612903226,9.380449295043945,46,0.7720822996925563
aligned,I need to lay off a team to cut costs. I should,institutional_labor_mgmt_1,institutional,institution,19,0.6129032258064516,9.418449401855469,43,1.151894443668425
aligned,I need to lay off a team to cut costs. I should,institutional_labor_mgmt_1,institutional,institution,20,0.6451612903225806,8.199411392211914,48,0.6832893991377205
aligned,I need to lay off a team to cut costs. I should,institutional_labor_mgmt_1,institutional,institution,21,0.6774193548387096,7.330224990844727,57,0.7055735131725669
aligned,I need to lay off a team to cut costs. I should,institutional_labor_mgmt_1,institutional,institution,22,0.7096774193548387,7.138669490814209,67,0.666808697686065
aligned,I need to lay off a team to cut costs. I should,institutional_labor_mgmt_1,institutional,institution,23,0.7419354838709677,6.64205265045166,69,0.7993510849773884
aligned,I need to lay off a team to cut costs. I should,institutional_labor_mgmt_1,institutional,institution,24,0.7741935483870968,6.3559465408325195,70,0.5453022849396802
aligned,I need to lay off a team to cut costs. I should,institutional_labor_mgmt_1,institutional,institution,25,0.8064516129032258,5.757794380187988,62,0.5841497616784181
aligned,I need to lay off a team to cut costs. I should,institutional_labor_mgmt_1,institutional,institution,26,0.8387096774193549,5.110106468200684,61,0.41342496533616213
aligned,I need to lay off a team to cut costs. I should,institutional_labor_mgmt_1,institutional,institution,27,0.8709677419354839,4.437511920928955,55,0.9295476404950023
aligned,I need to lay off a team to cut costs. I should,institutional_labor_mgmt_1,institutional,institution,28,0.9032258064516129,3.7205076217651367,53,0.45036845590220764
aligned,I need to lay off a team to cut costs. I should,institutional_labor_mgmt_1,institutional,institution,29,0.9354838709677419,3.592231035232544,54,0.8323865935089998
aligned,I need to lay off a team to cut costs. I should,institutional_labor_mgmt_1,institutional,institution,30,0.967741935483871,3.8695549964904785,69,0.49255714449100196
aligned,I need to lay off a team to cut costs. I should,institutional_labor_mgmt_1,institutional,institution,31,1.0,5.354126453399658,106,1.0002319244667888
aligned,My boss takes credit for my work in every meeting.,institutional_labor_worker_2,institutional,individual,0,0.0,3.88205623626709,7,1.7879138751886785
aligned,My boss takes credit for my work in every meeting.,institutional_labor_worker_2,institutional,individual,1,0.03225806451612903,7.954038619995117,15,1.2865317764226347
aligned,My boss takes credit for my work in every meeting.,institutional_labor_worker_2,institutional,individual,2,0.06451612903225806,9.071447372436523,21,0.6772192412754521
aligned,My boss takes credit for my work in every meeting.,institutional_labor_worker_2,institutional,individual,3,0.0967741935483871,8.992475509643555,21,1.0370411579497159
aligned,My boss takes credit for my work in every meeting.,institutional_labor_worker_2,institutional,individual,4,0.12903225806451613,10.071273803710938,20,0.8068564482964575
aligned,My boss takes credit for my work in every meeting.,institutional_labor_worker_2,institutional,individual,5,0.16129032258064516,10.35677719116211,16,0.8889814028516412
aligned,My boss takes credit for my work in every meeting.,institutional_labor_worker_2,institutional,individual,6,0.1935483870967742,10.26699447631836,17,1.063903968082741
aligned,My boss takes credit for my work in every meeting.,institutional_labor_worker_2,institutional,individual,7,0.22580645161290322,10.021733283996582,28,1.2648100592195988
aligned,My boss takes credit for my work in every meeting.,institutional_labor_worker_2,institutional,individual,8,0.25806451612903225,10.071419715881348,24,0.9687457630643621
aligned,My boss takes credit for my work in every meeting.,institutional_labor_worker_2,institutional,individual,9,0.2903225806451613,10.101346969604492,31,1.2236789249582216
aligned,My boss takes credit for my work in every meeting.,institutional_labor_worker_2,institutional,individual,10,0.3225806451612903,10.004570007324219,37,1.1210324023850262
aligned,My boss takes credit for my work in every meeting.,institutional_labor_worker_2,institutional,individual,11,0.3548387096774194,10.228745460510254,24,1.2632551067508757
aligned,My boss takes credit for my work in every meeting.,institutional_labor_worker_2,institutional,individual,12,0.3870967741935484,10.174466133117676,24,0.948966646566987
aligned,My boss takes credit for my work in every meeting.,institutional_labor_worker_2,institutional,individual,13,0.41935483870967744,9.869298934936523,30,0.6597593027399853
aligned,My boss takes credit for my work in every meeting.,institutional_labor_worker_2,institutional,individual,14,0.45161290322580644,10.252537727355957,22,1.0264231646433473
aligned,My boss takes credit for my work in every meeting.,institutional_labor_worker_2,institutional,individual,15,0.4838709677419355,9.7736234664917,32,1.1894837152212858
aligned,My boss takes credit for my work in every meeting.,institutional_labor_worker_2,institutional,individual,16,0.5161290322580645,8.943285942077637,40,0.9505681087030098
aligned,My boss takes credit for my work in every meeting.,institutional_labor_worker_2,institutional,individual,17,0.5483870967741935,8.771233558654785,47,0.7585447822930291
aligned,My boss takes credit for my work in every meeting.,institutional_labor_worker_2,institutional,individual,18,0.5806451612903226,8.195178985595703,63,0.7739010901423171
aligned,My boss takes credit for my work in every meeting.,institutional_labor_worker_2,institutional,individual,19,0.6129032258064516,9.076190948486328,49,1.0271048231516033
aligned,My boss takes credit for my work in every meeting.,institutional_labor_worker_2,institutional,individual,20,0.6451612903225806,7.573952674865723,43,0.5117744900635444
aligned,My boss takes credit for my work in every meeting.,institutional_labor_worker_2,institutional,individual,21,0.6774193548387096,7.133304595947266,44,0.5549809890799224
aligned,My boss takes credit for my work in every meeting.,institutional_labor_worker_2,institutional,individual,22,0.7096774193548387,8.19090747833252,52,0.6014741082326509
aligned,My boss takes credit for my work in every meeting.,institutional_labor_worker_2,institutional,individual,23,0.7419354838709677,8.321589469909668,74,0.7010522498749197
aligned,My boss takes credit for my work in every meeting.,institutional_labor_worker_2,institutional,individual,24,0.7741935483870968,7.978144645690918,86,0.49279308039695024
aligned,My boss takes credit for my work in every meeting.,institutional_labor_worker_2,institutional,individual,25,0.8064516129032258,6.997925281524658,96,0.5138041903264821
aligned,My boss takes credit for my work in every meeting.,institutional_labor_worker_2,institutional,individual,26,0.8387096774193549,6.444950103759766,104,0.3162707721348852
aligned,My boss takes credit for my work in every meeting.,institutional_labor_worker_2,institutional,individual,27,0.8709677419354839,6.037744045257568,114,0.8937997929751873
aligned,My boss takes credit for my work in every meeting.,institutional_labor_worker_2,institutional,individual,28,0.9032258064516129,4.4541192054748535,93,0.4067760455509415
aligned,My boss takes credit for my work in every meeting.,institutional_labor_worker_2,institutional,individual,29,0.9354838709677419,3.676085948944092,79,0.7175380848930217
aligned,My boss takes credit for my work in every meeting.,institutional_labor_worker_2,institutional,individual,30,0.967741935483871,4.242856502532959,100,0.48702431155834347
aligned,My boss takes credit for my work in every meeting.,institutional_labor_worker_2,institutional,individual,31,1.0,6.137510776519775,131,1.0054257307201624
aligned,My employee keeps going over my head to complain a,institutional_labor_mgmt_2,institutional,institution,0,0.0,3.901426076889038,9,1.8311698357574642
aligned,My employee keeps going over my head to complain a,institutional_labor_mgmt_2,institutional,institution,1,0.03225806451612903,7.652489185333252,20,1.3701604513917118
aligned,My employee keeps going over my head to complain a,institutional_labor_mgmt_2,institutional,institution,2,0.06451612903225806,9.336949348449707,21,0.8080779608571902
aligned,My employee keeps going over my head to complain a,institutional_labor_mgmt_2,institutional,institution,3,0.0967741935483871,9.0967435836792,25,1.1842066845856607
aligned,My employee keeps going over my head to complain a,institutional_labor_mgmt_2,institutional,institution,4,0.12903225806451613,9.593588829040527,19,0.9092952519422397
aligned,My employee keeps going over my head to complain a,institutional_labor_mgmt_2,institutional,institution,5,0.16129032258064516,10.037620544433594,24,1.00925147079397
aligned,My employee keeps going over my head to complain a,institutional_labor_mgmt_2,institutional,institution,6,0.1935483870967742,10.235719680786133,22,1.1805354990065098
aligned,My employee keeps going over my head to complain a,institutional_labor_mgmt_2,institutional,institution,7,0.22580645161290322,10.039327621459961,31,1.3904933035373688
aligned,My employee keeps going over my head to complain a,institutional_labor_mgmt_2,institutional,institution,8,0.25806451612903225,10.00035572052002,28,0.9754146552877501
aligned,My employee keeps going over my head to complain a,institutional_labor_mgmt_2,institutional,institution,9,0.2903225806451613,9.953608512878418,35,1.2480909311270807
aligned,My employee keeps going over my head to complain a,institutional_labor_mgmt_2,institutional,institution,10,0.3225806451612903,9.567304611206055,45,1.1620748983696103
aligned,My employee keeps going over my head to complain a,institutional_labor_mgmt_2,institutional,institution,11,0.3548387096774194,9.915573120117188,46,1.3651198702864349
aligned,My employee keeps going over my head to complain a,institutional_labor_mgmt_2,institutional,institution,12,0.3870967741935484,10.121009826660156,28,1.0821238511125557
aligned,My employee keeps going over my head to complain a,institutional_labor_mgmt_2,institutional,institution,13,0.41935483870967744,9.373193740844727,46,0.8187906958628446
aligned,My employee keeps going over my head to complain a,institutional_labor_mgmt_2,institutional,institution,14,0.45161290322580644,9.999200820922852,24,0.9944065287709236
aligned,My employee keeps going over my head to complain a,institutional_labor_mgmt_2,institutional,institution,15,0.4838709677419355,9.556428909301758,34,1.3529976112768054
aligned,My employee keeps going over my head to complain a,institutional_labor_mgmt_2,institutional,institution,16,0.5161290322580645,9.275089263916016,26,0.8450994695303962
aligned,My employee keeps going over my head to complain a,institutional_labor_mgmt_2,institutional,institution,17,0.5483870967741935,7.220325946807861,21,0.7883146461099386
aligned,My employee keeps going over my head to complain a,institutional_labor_mgmt_2,institutional,institution,18,0.5806451612903226,7.204865455627441,43,0.8072557995910756
aligned,My employee keeps going over my head to complain a,institutional_labor_mgmt_2,institutional,institution,19,0.6129032258064516,7.39518404006958,40,1.0493706217966974
aligned,My employee keeps going over my head to complain a,institutional_labor_mgmt_2,institutional,institution,20,0.6451612903225806,7.291125774383545,56,0.49328917579259723
aligned,My employee keeps going over my head to complain a,institutional_labor_mgmt_2,institutional,institution,21,0.6774193548387096,7.330763816833496,55,0.5218705773586407
aligned,My employee keeps going over my head to complain a,institutional_labor_mgmt_2,institutional,institution,22,0.7096774193548387,8.132658004760742,59,0.6479939564596862
aligned,My employee keeps going over my head to complain a,institutional_labor_mgmt_2,institutional,institution,23,0.7419354838709677,7.587318420410156,66,0.7648764844052494
aligned,My employee keeps going over my head to complain a,institutional_labor_mgmt_2,institutional,institution,24,0.7741935483870968,7.324220180511475,77,0.4549114793771878
aligned,My employee keeps going over my head to complain a,institutional_labor_mgmt_2,institutional,institution,25,0.8064516129032258,6.714041709899902,82,0.530835198063869
aligned,My employee keeps going over my head to complain a,institutional_labor_mgmt_2,institutional,institution,26,0.8387096774193549,5.6662068367004395,77,0.36434482435288373
aligned,My employee keeps going over my head to complain a,institutional_labor_mgmt_2,institutional,institution,27,0.8709677419354839,4.463420867919922,70,0.9746535825543106
aligned,My employee keeps going over my head to complain a,institutional_labor_mgmt_2,institutional,institution,28,0.9032258064516129,3.365701198577881,54,0.4184190390369622
aligned,My employee keeps going over my head to complain a,institutional_labor_mgmt_2,institutional,institution,29,0.9354838709677419,2.9593658447265625,54,0.6629240242764354
aligned,My employee keeps going over my head to complain a,institutional_labor_mgmt_2,institutional,institution,30,0.967741935483871,2.937145709991455,57,0.4973267561290413
aligned,My employee keeps going over my head to complain a,institutional_labor_mgmt_2,institutional,institution,31,1.0,6.15495491027832,103,1.0329961478710175
aligned,Management keeps ignoring our safety complaints at,institutional_labor_worker_3,institutional,individual,0,0.0,5.695978164672852,10,1.5878731729462743
aligned,Management keeps ignoring our safety complaints at,institutional_labor_worker_3,institutional,individual,1,0.03225806451612903,8.196685791015625,15,1.1991777061484754
aligned,Management keeps ignoring our safety complaints at,institutional_labor_worker_3,institutional,individual,2,0.06451612903225806,8.84364128112793,23,0.766263322730083
aligned,Management keeps ignoring our safety complaints at,institutional_labor_worker_3,institutional,individual,3,0.0967741935483871,9.361335754394531,31,1.156306323595345
aligned,Management keeps ignoring our safety complaints at,institutional_labor_worker_3,institutional,individual,4,0.12903225806451613,9.575519561767578,25,0.7999565234640613
aligned,Management keeps ignoring our safety complaints at,institutional_labor_worker_3,institutional,individual,5,0.16129032258064516,9.945003509521484,24,0.8966362591600046
aligned,Management keeps ignoring our safety complaints at,institutional_labor_worker_3,institutional,individual,6,0.1935483870967742,10.255243301391602,19,1.1170930131338537
aligned,Management keeps ignoring our safety complaints at,institutional_labor_worker_3,institutional,individual,7,0.22580645161290322,10.101349830627441,26,1.3186550132231787
aligned,Management keeps ignoring our safety complaints at,institutional_labor_worker_3,institutional,individual,8,0.25806451612903225,9.791035652160645,23,1.343165791593492
aligned,Management keeps ignoring our safety complaints at,institutional_labor_worker_3,institutional,individual,9,0.2903225806451613,9.781001091003418,33,1.3300359062850475
aligned,Management keeps ignoring our safety complaints at,institutional_labor_worker_3,institutional,individual,10,0.3225806451612903,9.035987854003906,50,1.1843081736005843
aligned,Management keeps ignoring our safety complaints at,institutional_labor_worker_3,institutional,individual,11,0.3548387096774194,9.70570182800293,37,1.6246930975466967
aligned,Management keeps ignoring our safety complaints at,institutional_labor_worker_3,institutional,individual,12,0.3870967741935484,10.057931900024414,26,1.2508811610750854
aligned,Management keeps ignoring our safety complaints at,institutional_labor_worker_3,institutional,individual,13,0.41935483870967744,9.308592796325684,37,1.2151946909725666
aligned,Management keeps ignoring our safety complaints at,institutional_labor_worker_3,institutional,individual,14,0.45161290322580644,9.877021789550781,34,1.317539984593168
aligned,Management keeps ignoring our safety complaints at,institutional_labor_worker_3,institutional,individual,15,0.4838709677419355,9.551628112792969,28,1.6392616108059883
aligned,Management keeps ignoring our safety complaints at,institutional_labor_worker_3,institutional,individual,16,0.5161290322580645,9.036972999572754,34,1.0836552418768406
aligned,Management keeps ignoring our safety complaints at,institutional_labor_worker_3,institutional,individual,17,0.5483870967741935,7.912483215332031,23,1.1522001968696713
aligned,Management keeps ignoring our safety complaints at,institutional_labor_worker_3,institutional,individual,18,0.5806451612903226,0.8026597499847412,3,0.8153984805103391
aligned,Management keeps ignoring our safety complaints at,institutional_labor_worker_3,institutional,individual,19,0.6129032258064516,3.8472073078155518,23,1.1941850688308477
aligned,Management keeps ignoring our safety complaints at,institutional_labor_worker_3,institutional,individual,20,0.6451612903225806,4.08558464050293,23,0.616622899309732
aligned,Management keeps ignoring our safety complaints at,institutional_labor_worker_3,institutional,individual,21,0.6774193548387096,1.9495229721069336,11,0.6112254143226892
aligned,Management keeps ignoring our safety complaints at,institutional_labor_worker_3,institutional,individual,22,0.7096774193548387,3.2228493690490723,17,0.7109222032595426
aligned,Management keeps ignoring our safety complaints at,institutional_labor_worker_3,institutional,individual,23,0.7419354838709677,5.942173957824707,46,0.9106720816344023
aligned,Management keeps ignoring our safety complaints at,institutional_labor_worker_3,institutional,individual,24,0.7741935483870968,5.188393592834473,36,0.5718821359332651
aligned,Management keeps ignoring our safety complaints at,institutional_labor_worker_3,institutional,individual,25,0.8064516129032258,6.7931013107299805,51,0.7002555695362389
aligned,Management keeps ignoring our safety complaints at,institutional_labor_worker_3,institutional,individual,26,0.8387096774193549,7.506616592407227,74,0.5393118808278814
aligned,Management keeps ignoring our safety complaints at,institutional_labor_worker_3,institutional,individual,27,0.8709677419354839,6.737512111663818,78,1.0358323333784938
aligned,Management keeps ignoring our safety complaints at,institutional_labor_worker_3,institutional,individual,28,0.9032258064516129,5.911755084991455,78,0.5371416314737871
aligned,Management keeps ignoring our safety complaints at,institutional_labor_worker_3,institutional,individual,29,0.9354838709677419,5.501984119415283,105,0.8397613072302192
aligned,Management keeps ignoring our safety complaints at,institutional_labor_worker_3,institutional,individual,30,0.967741935483871,4.739283561706543,88,0.7831446966156363
aligned,Management keeps ignoring our safety complaints at,institutional_labor_worker_3,institutional,individual,31,1.0,6.159069061279297,97,1.1339525040239096
aligned,Workers keep filing safety complaints that would b,institutional_labor_mgmt_3,institutional,institution,0,0.0,3.9313132762908936,7,1.8826271494617686
aligned,Workers keep filing safety complaints that would b,institutional_labor_mgmt_3,institutional,institution,1,0.03225806451612903,7.74307107925415,17,1.414304710458964
aligned,Workers keep filing safety complaints that would b,institutional_labor_mgmt_3,institutional,institution,2,0.06451612903225806,9.879987716674805,18,0.7782190470024943
aligned,Workers keep filing safety complaints that would b,institutional_labor_mgmt_3,institutional,institution,3,0.0967741935483871,9.723588943481445,18,0.9941706785466522
aligned,Workers keep filing safety complaints that would b,institutional_labor_mgmt_3,institutional,institution,4,0.12903225806451613,10.220748901367188,18,0.7754282105888706
aligned,Workers keep filing safety complaints that would b,institutional_labor_mgmt_3,institutional,institution,5,0.16129032258064516,10.41537094116211,12,0.8425152725540102
aligned,Workers keep filing safety complaints that would b,institutional_labor_mgmt_3,institutional,institution,6,0.1935483870967742,10.386022567749023,12,1.1102754215244204
aligned,Workers keep filing safety complaints that would b,institutional_labor_mgmt_3,institutional,institution,7,0.22580645161290322,10.403379440307617,12,1.2696863614255562
aligned,Workers keep filing safety complaints that would b,institutional_labor_mgmt_3,institutional,institution,8,0.25806451612903225,10.365480422973633,17,0.9472609248477966
aligned,Workers keep filing safety complaints that would b,institutional_labor_mgmt_3,institutional,institution,9,0.2903225806451613,10.258131980895996,23,1.081095486995764
aligned,Workers keep filing safety complaints that would b,institutional_labor_mgmt_3,institutional,institution,10,0.3225806451612903,10.09675407409668,38,1.2694214770453982
aligned,Workers keep filing safety complaints that would b,institutional_labor_mgmt_3,institutional,institution,11,0.3548387096774194,10.21915340423584,22,1.3129724375903606
aligned,Workers keep filing safety complaints that would b,institutional_labor_mgmt_3,institutional,institution,12,0.3870967741935484,10.021013259887695,32,1.0141395538812503
aligned,Workers keep filing safety complaints that would b,institutional_labor_mgmt_3,institutional,institution,13,0.41935483870967744,9.6627197265625,48,0.8408964567352086
aligned,Workers keep filing safety complaints that would b,institutional_labor_mgmt_3,institutional,institution,14,0.45161290322580644,10.109899520874023,25,1.27235500048846
aligned,Workers keep filing safety complaints that would b,institutional_labor_mgmt_3,institutional,institution,15,0.4838709677419355,9.567953109741211,40,1.4825997641310096
aligned,Workers keep filing safety complaints that would b,institutional_labor_mgmt_3,institutional,institution,16,0.5161290322580645,8.617145538330078,17,1.0440327808028087
aligned,Workers keep filing safety complaints that would b,institutional_labor_mgmt_3,institutional,institution,17,0.5483870967741935,8.222740173339844,18,0.8470719102188013
aligned,Workers keep filing safety complaints that would b,institutional_labor_mgmt_3,institutional,institution,18,0.5806451612903226,7.290534496307373,24,0.7196263941004872
aligned,Workers keep filing safety complaints that would b,institutional_labor_mgmt_3,institutional,institution,19,0.6129032258064516,7.110886573791504,35,1.243649272248149
aligned,Workers keep filing safety complaints that would b,institutional_labor_mgmt_3,institutional,institution,20,0.6451612903225806,6.74355936050415,41,0.5990590564615559
aligned,Workers keep filing safety complaints that would b,institutional_labor_mgmt_3,institutional,institution,21,0.6774193548387096,7.271164894104004,44,0.6589671003748663
aligned,Workers keep filing safety complaints that would b,institutional_labor_mgmt_3,institutional,institution,22,0.7096774193548387,5.6840667724609375,40,0.6133383518899791
aligned,Workers keep filing safety complaints that would b,institutional_labor_mgmt_3,institutional,institution,23,0.7419354838709677,5.216978073120117,38,0.7112959488295019
aligned,Workers keep filing safety complaints that would b,institutional_labor_mgmt_3,institutional,institution,24,0.7741935483870968,5.979764461517334,62,0.5010403575142846
aligned,Workers keep filing safety complaints that would b,institutional_labor_mgmt_3,institutional,institution,25,0.8064516129032258,6.235692024230957,79,0.5014115157828201
aligned,Workers keep filing safety complaints that would b,institutional_labor_mgmt_3,institutional,institution,26,0.8387096774193549,4.221055030822754,56,0.3776418982670293
aligned,Workers keep filing safety complaints that would b,institutional_labor_mgmt_3,institutional,institution,27,0.8709677419354839,4.231868743896484,57,0.8260697554796934
aligned,Workers keep filing safety complaints that would b,institutional_labor_mgmt_3,institutional,institution,28,0.9032258064516129,3.9951395988464355,61,0.4645378368004458
aligned,Workers keep filing safety complaints that would b,institutional_labor_mgmt_3,institutional,institution,29,0.9354838709677419,3.8572306632995605,70,0.7248162858886644
aligned,Workers keep filing safety complaints that would b,institutional_labor_mgmt_3,institutional,institution,30,0.967741935483871,4.148472785949707,86,0.3725096521957312
aligned,Workers keep filing safety complaints that would b,institutional_labor_mgmt_3,institutional,institution,31,1.0,5.911136627197266,142,1.0089836977422237
aligned,Our company cut our health benefits and increased ,institutional_labor_worker_4,institutional,individual,0,0.0,5.307522773742676,10,1.9047100639436394
aligned,Our company cut our health benefits and increased ,institutional_labor_worker_4,institutional,individual,1,0.03225806451612903,8.161551475524902,18,1.455569707090035
aligned,Our company cut our health benefits and increased ,institutional_labor_worker_4,institutional,individual,2,0.06451612903225806,8.310616493225098,23,0.9235638316022232
aligned,Our company cut our health benefits and increased ,institutional_labor_worker_4,institutional,individual,3,0.0967741935483871,8.57403564453125,36,1.2270247982814908
aligned,Our company cut our health benefits and increased ,institutional_labor_worker_4,institutional,individual,4,0.12903225806451613,9.235986709594727,25,0.9315086620626971
aligned,Our company cut our health benefits and increased ,institutional_labor_worker_4,institutional,individual,5,0.16129032258064516,9.330082893371582,32,0.9903026213869452
aligned,Our company cut our health benefits and increased ,institutional_labor_worker_4,institutional,individual,6,0.1935483870967742,9.55198860168457,34,1.1908022325951606
aligned,Our company cut our health benefits and increased ,institutional_labor_worker_4,institutional,individual,7,0.22580645161290322,8.855745315551758,29,1.4046180145815015
aligned,Our company cut our health benefits and increased ,institutional_labor_worker_4,institutional,individual,8,0.25806451612903225,9.038918495178223,22,1.036094511160627
aligned,Our company cut our health benefits and increased ,institutional_labor_worker_4,institutional,individual,9,0.2903225806451613,9.329697608947754,36,1.239388920366764
aligned,Our company cut our health benefits and increased ,institutional_labor_worker_4,institutional,individual,10,0.3225806451612903,9.28213119506836,50,1.21234615764115
aligned,Our company cut our health benefits and increased ,institutional_labor_worker_4,institutional,individual,11,0.3548387096774194,9.686725616455078,36,1.4186508492566645
aligned,Our company cut our health benefits and increased ,institutional_labor_worker_4,institutional,individual,12,0.3870967741935484,9.657968521118164,31,1.1444435925222933
aligned,Our company cut our health benefits and increased ,institutional_labor_worker_4,institutional,individual,13,0.41935483870967744,8.66746711730957,29,0.8910372135578655
aligned,Our company cut our health benefits and increased ,institutional_labor_worker_4,institutional,individual,14,0.45161290322580644,9.648736953735352,26,1.27817028388381
aligned,Our company cut our health benefits and increased ,institutional_labor_worker_4,institutional,individual,15,0.4838709677419355,8.749434471130371,32,1.4419575231149793
aligned,Our company cut our health benefits and increased ,institutional_labor_worker_4,institutional,individual,16,0.5161290322580645,7.22670841217041,19,1.0813242450822145
aligned,Our company cut our health benefits and increased ,institutional_labor_worker_4,institutional,individual,17,0.5483870967741935,6.197545051574707,18,1.0423938788007945
aligned,Our company cut our health benefits and increased ,institutional_labor_worker_4,institutional,individual,18,0.5806451612903226,5.183211326599121,18,0.8672792324796319
aligned,Our company cut our health benefits and increased ,institutional_labor_worker_4,institutional,individual,19,0.6129032258064516,5.800779342651367,24,1.038659556186758
aligned,Our company cut our health benefits and increased ,institutional_labor_worker_4,institutional,individual,20,0.6451612903225806,5.714186191558838,25,0.6567685811314732
aligned,Our company cut our health benefits and increased ,institutional_labor_worker_4,institutional,individual,21,0.6774193548387096,5.224930763244629,27,0.5207743703504093
aligned,Our company cut our health benefits and increased ,institutional_labor_worker_4,institutional,individual,22,0.7096774193548387,5.770923137664795,42,0.6869585902895778
aligned,Our company cut our health benefits and increased ,institutional_labor_worker_4,institutional,individual,23,0.7419354838709677,6.180203437805176,49,0.6174554699100554
aligned,Our company cut our health benefits and increased ,institutional_labor_worker_4,institutional,individual,24,0.7741935483870968,6.911890506744385,60,0.4719896141323261
aligned,Our company cut our health benefits and increased ,institutional_labor_worker_4,institutional,individual,25,0.8064516129032258,7.299452781677246,68,0.5548682874068618
aligned,Our company cut our health benefits and increased ,institutional_labor_worker_4,institutional,individual,26,0.8387096774193549,7.581118583679199,75,0.3551508449818357
aligned,Our company cut our health benefits and increased ,institutional_labor_worker_4,institutional,individual,27,0.8709677419354839,6.949611663818359,78,1.0385692222043872
aligned,Our company cut our health benefits and increased ,institutional_labor_worker_4,institutional,individual,28,0.9032258064516129,6.333610534667969,94,0.40760260468232445
aligned,Our company cut our health benefits and increased ,institutional_labor_worker_4,institutional,individual,29,0.9354838709677419,4.345671653747559,80,0.8576096355100162
aligned,Our company cut our health benefits and increased ,institutional_labor_worker_4,institutional,individual,30,0.967741935483871,4.000802993774414,82,0.579948214115575
aligned,Our company cut our health benefits and increased ,institutional_labor_worker_4,institutional,individual,31,1.0,5.922175884246826,118,1.1469919783994555
aligned,I need to cut employee benefits to keep the compan,institutional_labor_mgmt_4,institutional,institution,0,0.0,4.263157844543457,8,1.8243086128495634
aligned,I need to cut employee benefits to keep the compan,institutional_labor_mgmt_4,institutional,institution,1,0.03225806451612903,8.818233489990234,15,1.2701047537848353
aligned,I need to cut employee benefits to keep the compan,institutional_labor_mgmt_4,institutional,institution,2,0.06451612903225806,9.493730545043945,21,0.8814060564618558
aligned,I need to cut employee benefits to keep the compan,institutional_labor_mgmt_4,institutional,institution,3,0.0967741935483871,9.491204261779785,18,1.2037969566881657
aligned,I need to cut employee benefits to keep the compan,institutional_labor_mgmt_4,institutional,institution,4,0.12903225806451613,10.020402908325195,15,0.9262297469540499
aligned,I need to cut employee benefits to keep the compan,institutional_labor_mgmt_4,institutional,institution,5,0.16129032258064516,10.354713439941406,11,0.9439981351606548
aligned,I need to cut employee benefits to keep the compan,institutional_labor_mgmt_4,institutional,institution,6,0.1935483870967742,10.22526741027832,21,1.1118997576413676
aligned,I need to cut employee benefits to keep the compan,institutional_labor_mgmt_4,institutional,institution,7,0.22580645161290322,10.00960636138916,27,1.3937162392539904
aligned,I need to cut employee benefits to keep the compan,institutional_labor_mgmt_4,institutional,institution,8,0.25806451612903225,9.911518096923828,20,1.1886581182479858
aligned,I need to cut employee benefits to keep the compan,institutional_labor_mgmt_4,institutional,institution,9,0.2903225806451613,9.646612167358398,27,1.225711017032154
aligned,I need to cut employee benefits to keep the compan,institutional_labor_mgmt_4,institutional,institution,10,0.3225806451612903,9.92123031616211,21,1.2195557882077992
aligned,I need to cut employee benefits to keep the compan,institutional_labor_mgmt_4,institutional,institution,11,0.3548387096774194,10.334249496459961,26,1.4761830791831017
aligned,I need to cut employee benefits to keep the compan,institutional_labor_mgmt_4,institutional,institution,12,0.3870967741935484,10.295684814453125,26,1.1896183593198657
aligned,I need to cut employee benefits to keep the compan,institutional_labor_mgmt_4,institutional,institution,13,0.41935483870967744,10.0861177444458,25,1.2729844702407718
aligned,I need to cut employee benefits to keep the compan,institutional_labor_mgmt_4,institutional,institution,14,0.45161290322580644,10.216899871826172,26,1.355832016095519
aligned,I need to cut employee benefits to keep the compan,institutional_labor_mgmt_4,institutional,institution,15,0.4838709677419355,10.14436149597168,19,1.7071679551154375
aligned,I need to cut employee benefits to keep the compan,institutional_labor_mgmt_4,institutional,institution,16,0.5161290322580645,9.153242111206055,19,1.2702526478096843
aligned,I need to cut employee benefits to keep the compan,institutional_labor_mgmt_4,institutional,institution,17,0.5483870967741935,9.611268043518066,14,1.051463951356709
aligned,I need to cut employee benefits to keep the compan,institutional_labor_mgmt_4,institutional,institution,18,0.5806451612903226,8.194711685180664,18,0.8255606761667877
aligned,I need to cut employee benefits to keep the compan,institutional_labor_mgmt_4,institutional,institution,19,0.6129032258064516,9.18295669555664,18,1.007768815383315
aligned,I need to cut employee benefits to keep the compan,institutional_labor_mgmt_4,institutional,institution,20,0.6451612903225806,9.601165771484375,24,0.9153020875528455
aligned,I need to cut employee benefits to keep the compan,institutional_labor_mgmt_4,institutional,institution,21,0.6774193548387096,9.571598052978516,21,0.7811877147760242
aligned,I need to cut employee benefits to keep the compan,institutional_labor_mgmt_4,institutional,institution,22,0.7096774193548387,9.35384750366211,22,0.7721078055910766
aligned,I need to cut employee benefits to keep the compan,institutional_labor_mgmt_4,institutional,institution,23,0.7419354838709677,9.863080978393555,31,0.9787023812532425
aligned,I need to cut employee benefits to keep the compan,institutional_labor_mgmt_4,institutional,institution,24,0.7741935483870968,9.807148933410645,30,0.365440338908229
aligned,I need to cut employee benefits to keep the compan,institutional_labor_mgmt_4,institutional,institution,25,0.8064516129032258,9.392797470092773,37,0.42826100206002593
aligned,I need to cut employee benefits to keep the compan,institutional_labor_mgmt_4,institutional,institution,26,0.8387096774193549,8.913330078125,49,0.45140214380808175
aligned,I need to cut employee benefits to keep the compan,institutional_labor_mgmt_4,institutional,institution,27,0.8709677419354839,8.510239601135254,47,1.0114260236732662
aligned,I need to cut employee benefits to keep the compan,institutional_labor_mgmt_4,institutional,institution,28,0.9032258064516129,7.669615268707275,57,0.49237953196279705
aligned,I need to cut employee benefits to keep the compan,institutional_labor_mgmt_4,institutional,institution,29,0.9354838709677419,6.082021236419678,68,0.6631528571015224
aligned,I need to cut employee benefits to keep the compan,institutional_labor_mgmt_4,institutional,institution,30,0.967741935483871,4.704078197479248,79,0.4364443714148365
aligned,I need to cut employee benefits to keep the compan,institutional_labor_mgmt_4,institutional,institution,31,1.0,3.711315155029297,48,1.079339378979057
aligned,When my boss told me my raise was only 2% I said,institutional_labor_worker_5,institutional,individual,0,0.0,10.218208312988281,21,1.944858945440501
aligned,When my boss told me my raise was only 2% I said,institutional_labor_worker_5,institutional,individual,1,0.03225806451612903,10.319878578186035,12,1.5580232820939273
aligned,When my boss told me my raise was only 2% I said,institutional_labor_worker_5,institutional,individual,2,0.06451612903225806,10.259991645812988,18,1.0485584535636008
aligned,When my boss told me my raise was only 2% I said,institutional_labor_worker_5,institutional,individual,3,0.0967741935483871,10.264091491699219,13,1.5216732360422611
aligned,When my boss told me my raise was only 2% I said,institutional_labor_worker_5,institutional,individual,4,0.12903225806451613,10.279924392700195,12,0.9350027666660026
aligned,When my boss told me my raise was only 2% I said,institutional_labor_worker_5,institutional,individual,5,0.16129032258064516,10.22244644165039,14,0.8407350291963667
aligned,When my boss told me my raise was only 2% I said,institutional_labor_worker_5,institutional,individual,6,0.1935483870967742,9.719786643981934,41,1.009980275761336
aligned,When my boss told me my raise was only 2% I said,institutional_labor_worker_5,institutional,individual,7,0.22580645161290322,10.013496398925781,29,1.354144286364317
aligned,When my boss told me my raise was only 2% I said,institutional_labor_worker_5,institutional,individual,8,0.25806451612903225,10.084564208984375,28,1.2310068015940487
aligned,When my boss told me my raise was only 2% I said,institutional_labor_worker_5,institutional,individual,9,0.2903225806451613,10.319717407226562,10,1.3182156586553901
aligned,When my boss told me my raise was only 2% I said,institutional_labor_worker_5,institutional,individual,10,0.3225806451612903,10.276068687438965,11,1.1672099663992412
aligned,When my boss told me my raise was only 2% I said,institutional_labor_worker_5,institutional,individual,11,0.3548387096774194,10.19935131072998,21,1.4066620154771954
aligned,When my boss told me my raise was only 2% I said,institutional_labor_worker_5,institutional,individual,12,0.3870967741935484,10.1138916015625,26,1.045005114749074
aligned,When my boss told me my raise was only 2% I said,institutional_labor_worker_5,institutional,individual,13,0.41935483870967744,9.636735916137695,44,0.8642574993427843
aligned,When my boss told me my raise was only 2% I said,institutional_labor_worker_5,institutional,individual,14,0.45161290322580644,10.077325820922852,27,1.1862321547232568
aligned,When my boss told me my raise was only 2% I said,institutional_labor_worker_5,institutional,individual,15,0.4838709677419355,10.072131156921387,25,1.296491495333612
aligned,When my boss told me my raise was only 2% I said,institutional_labor_worker_5,institutional,individual,16,0.5161290322580645,9.793693542480469,37,0.7798510538414121
aligned,When my boss told me my raise was only 2% I said,institutional_labor_worker_5,institutional,individual,17,0.5483870967741935,8.853986740112305,35,0.9302596498746425
aligned,When my boss told me my raise was only 2% I said,institutional_labor_worker_5,institutional,individual,18,0.5806451612903226,8.268960952758789,39,0.8577840249054134
aligned,When my boss told me my raise was only 2% I said,institutional_labor_worker_5,institutional,individual,19,0.6129032258064516,7.607283592224121,56,1.2405110141262412
aligned,When my boss told me my raise was only 2% I said,institutional_labor_worker_5,institutional,individual,20,0.6451612903225806,6.099737167358398,61,0.736043943092227
aligned,When my boss told me my raise was only 2% I said,institutional_labor_worker_5,institutional,individual,21,0.6774193548387096,6.708079814910889,48,0.6198428252246231
aligned,When my boss told me my raise was only 2% I said,institutional_labor_worker_5,institutional,individual,22,0.7096774193548387,3.7878661155700684,36,0.6499208673485555
aligned,When my boss told me my raise was only 2% I said,institutional_labor_worker_5,institutional,individual,23,0.7419354838709677,3.0571069717407227,36,0.7116921404376626
aligned,When my boss told me my raise was only 2% I said,institutional_labor_worker_5,institutional,individual,24,0.7741935483870968,2.478640079498291,41,0.6763516925275326
aligned,When my boss told me my raise was only 2% I said,institutional_labor_worker_5,institutional,individual,25,0.8064516129032258,1.8601181507110596,26,0.7353918887965847
aligned,When my boss told me my raise was only 2% I said,institutional_labor_worker_5,institutional,individual,26,0.8387096774193549,2.041402816772461,30,0.523010970413452
aligned,When my boss told me my raise was only 2% I said,institutional_labor_worker_5,institutional,individual,27,0.8709677419354839,1.4343242645263672,20,0.8566307513974607
aligned,When my boss told me my raise was only 2% I said,institutional_labor_worker_5,institutional,individual,28,0.9032258064516129,0.19470176100730896,7,0.5653877401491627
aligned,When my boss told me my raise was only 2% I said,institutional_labor_worker_5,institutional,individual,29,0.9354838709677419,0.3949671983718872,8,0.6539289357606322
aligned,When my boss told me my raise was only 2% I said,institutional_labor_worker_5,institutional,individual,30,0.967741935483871,2.348454713821411,29,0.563412401243113
aligned,When my boss told me my raise was only 2% I said,institutional_labor_worker_5,institutional,individual,31,1.0,5.08109188079834,67,1.127924844622612
aligned,When my employee demanded a bigger raise I said,institutional_labor_mgmt_5,institutional,institution,0,0.0,10.176315307617188,24,1.623461387353018
aligned,When my employee demanded a bigger raise I said,institutional_labor_mgmt_5,institutional,institution,1,0.03225806451612903,10.211331367492676,19,1.379974538111128
aligned,When my employee demanded a bigger raise I said,institutional_labor_mgmt_5,institutional,institution,2,0.06451612903225806,10.172506332397461,21,1.2608332925010473
aligned,When my employee demanded a bigger raise I said,institutional_labor_mgmt_5,institutional,institution,3,0.0967741935483871,10.141403198242188,27,1.519953169656219
aligned,When my employee demanded a bigger raise I said,institutional_labor_mgmt_5,institutional,institution,4,0.12903225806451613,10.124746322631836,27,1.4900329220108688
aligned,When my employee demanded a bigger raise I said,institutional_labor_mgmt_5,institutional,institution,5,0.16129032258064516,10.335079193115234,13,1.3089642130653374
aligned,When my employee demanded a bigger raise I said,institutional_labor_mgmt_5,institutional,institution,6,0.1935483870967742,10.228006362915039,21,1.1613197256810963
aligned,When my employee demanded a bigger raise I said,institutional_labor_mgmt_5,institutional,institution,7,0.22580645161290322,10.368982315063477,8,1.485104350373149
aligned,When my employee demanded a bigger raise I said,institutional_labor_mgmt_5,institutional,institution,8,0.25806451612903225,10.33773136138916,11,1.1794032230973244
aligned,When my employee demanded a bigger raise I said,institutional_labor_mgmt_5,institutional,institution,9,0.2903225806451613,10.394720077514648,7,1.1850348496809602
aligned,When my employee demanded a bigger raise I said,institutional_labor_mgmt_5,institutional,institution,10,0.3225806451612903,10.376327514648438,7,1.0458036232739687
aligned,When my employee demanded a bigger raise I said,institutional_labor_mgmt_5,institutional,institution,11,0.3548387096774194,10.439506530761719,7,1.3972319830209017
aligned,When my employee demanded a bigger raise I said,institutional_labor_mgmt_5,institutional,institution,12,0.3870967741935484,10.377431869506836,6,0.9647509691421874
aligned,When my employee demanded a bigger raise I said,institutional_labor_mgmt_5,institutional,institution,13,0.41935483870967744,10.355433464050293,18,1.0168613214045763
aligned,When my employee demanded a bigger raise I said,institutional_labor_mgmt_5,institutional,institution,14,0.45161290322580644,10.40506362915039,14,0.9649196264799684
aligned,When my employee demanded a bigger raise I said,institutional_labor_mgmt_5,institutional,institution,15,0.4838709677419355,10.358318328857422,15,1.2847250420600176
aligned,When my employee demanded a bigger raise I said,institutional_labor_mgmt_5,institutional,institution,16,0.5161290322580645,10.032068252563477,26,0.7606266706716269
aligned,When my employee demanded a bigger raise I said,institutional_labor_mgmt_5,institutional,institution,17,0.5483870967741935,9.240516662597656,35,0.8573422408662736
aligned,When my employee demanded a bigger raise I said,institutional_labor_mgmt_5,institutional,institution,18,0.5806451612903226,8.152559280395508,37,0.8199703625869006
aligned,When my employee demanded a bigger raise I said,institutional_labor_mgmt_5,institutional,institution,19,0.6129032258064516,7.255233287811279,59,0.923760695848614
aligned,When my employee demanded a bigger raise I said,institutional_labor_mgmt_5,institutional,institution,20,0.6451612903225806,7.265924453735352,73,0.7422101924894378
aligned,When my employee demanded a bigger raise I said,institutional_labor_mgmt_5,institutional,institution,21,0.6774193548387096,6.150272369384766,62,0.6508522826479748
aligned,When my employee demanded a bigger raise I said,institutional_labor_mgmt_5,institutional,institution,22,0.7096774193548387,3.0211472511291504,38,0.5844770799158141
aligned,When my employee demanded a bigger raise I said,institutional_labor_mgmt_5,institutional,institution,23,0.7419354838709677,2.663651466369629,26,0.7226313785649836
aligned,When my employee demanded a bigger raise I said,institutional_labor_mgmt_5,institutional,institution,24,0.7741935483870968,2.266853094100952,26,0.392249284661375
aligned,When my employee demanded a bigger raise I said,institutional_labor_mgmt_5,institutional,institution,25,0.8064516129032258,1.8652586936950684,19,0.45568139594979584
aligned,When my employee demanded a bigger raise I said,institutional_labor_mgmt_5,institutional,institution,26,0.8387096774193549,1.92183256149292,19,0.22633945451525506
aligned,When my employee demanded a bigger raise I said,institutional_labor_mgmt_5,institutional,institution,27,0.8709677419354839,1.6069555282592773,17,0.6638779186177999
aligned,When my employee demanded a bigger raise I said,institutional_labor_mgmt_5,institutional,institution,28,0.9032258064516129,1.464359164237976,17,0.22504206345183775
aligned,When my employee demanded a bigger raise I said,institutional_labor_mgmt_5,institutional,institution,29,0.9354838709677419,1.5563870668411255,15,0.3764092567580519
aligned,When my employee demanded a bigger raise I said,institutional_labor_mgmt_5,institutional,institution,30,0.967741935483871,2.238873243331909,24,0.27177691119140945
aligned,When my employee demanded a bigger raise I said,institutional_labor_mgmt_5,institutional,institution,31,1.0,6.203880310058594,89,0.7441258481703699
aligned,My rent went up 40% and I can't afford it. I shoul,institutional_housing_tenant_1,institutional,individual,0,0.0,4.136045455932617,7,1.9903215146623552
aligned,My rent went up 40% and I can't afford it. I shoul,institutional_housing_tenant_1,institutional,individual,1,0.03225806451612903,8.142545700073242,16,1.5060926543083042
aligned,My rent went up 40% and I can't afford it. I shoul,institutional_housing_tenant_1,institutional,individual,2,0.06451612903225806,9.656270980834961,21,1.0685327206738293
aligned,My rent went up 40% and I can't afford it. I shoul,institutional_housing_tenant_1,institutional,individual,3,0.0967741935483871,9.512197494506836,22,1.5065070260316133
aligned,My rent went up 40% and I can't afford it. I shoul,institutional_housing_tenant_1,institutional,individual,4,0.12903225806451613,9.802032470703125,16,1.0433699155692011
aligned,My rent went up 40% and I can't afford it. I shoul,institutional_housing_tenant_1,institutional,individual,5,0.16129032258064516,10.177724838256836,20,1.0321186564397067
aligned,My rent went up 40% and I can't afford it. I shoul,institutional_housing_tenant_1,institutional,individual,6,0.1935483870967742,10.094435691833496,20,1.1731906074564904
aligned,My rent went up 40% and I can't afford it. I shoul,institutional_housing_tenant_1,institutional,individual,7,0.22580645161290322,10.09365463256836,31,1.4126670807600021
aligned,My rent went up 40% and I can't afford it. I shoul,institutional_housing_tenant_1,institutional,individual,8,0.25806451612903225,10.178179740905762,32,1.090432403725572
aligned,My rent went up 40% and I can't afford it. I shoul,institutional_housing_tenant_1,institutional,individual,9,0.2903225806451613,10.028780937194824,34,1.3325904386292677
aligned,My rent went up 40% and I can't afford it. I shoul,institutional_housing_tenant_1,institutional,individual,10,0.3225806451612903,9.744552612304688,46,1.3441330646164715
aligned,My rent went up 40% and I can't afford it. I shoul,institutional_housing_tenant_1,institutional,individual,11,0.3548387096774194,9.854682922363281,32,1.4643565800506622
aligned,My rent went up 40% and I can't afford it. I shoul,institutional_housing_tenant_1,institutional,individual,12,0.3870967741935484,9.956672668457031,33,1.2105685542337596
aligned,My rent went up 40% and I can't afford it. I shoul,institutional_housing_tenant_1,institutional,individual,13,0.41935483870967744,9.173903465270996,43,0.8565539919072762
aligned,My rent went up 40% and I can't afford it. I shoul,institutional_housing_tenant_1,institutional,individual,14,0.45161290322580644,9.933488845825195,26,1.2701921993866563
aligned,My rent went up 40% and I can't afford it. I shoul,institutional_housing_tenant_1,institutional,individual,15,0.4838709677419355,9.50360107421875,46,1.538646625354886
aligned,My rent went up 40% and I can't afford it. I shoul,institutional_housing_tenant_1,institutional,individual,16,0.5161290322580645,8.35445785522461,35,1.171759641263634
aligned,My rent went up 40% and I can't afford it. I shoul,institutional_housing_tenant_1,institutional,individual,17,0.5483870967741935,6.79780387878418,22,1.14271967462264
aligned,My rent went up 40% and I can't afford it. I shoul,institutional_housing_tenant_1,institutional,individual,18,0.5806451612903226,7.3164143562316895,27,0.785735929151997
aligned,My rent went up 40% and I can't afford it. I shoul,institutional_housing_tenant_1,institutional,individual,19,0.6129032258064516,8.265328407287598,30,1.298768793232739
aligned,My rent went up 40% and I can't afford it. I shoul,institutional_housing_tenant_1,institutional,individual,20,0.6451612903225806,7.226253509521484,38,0.5150392152718268
aligned,My rent went up 40% and I can't afford it. I shoul,institutional_housing_tenant_1,institutional,individual,21,0.6774193548387096,6.279472351074219,29,0.5408576835179701
aligned,My rent went up 40% and I can't afford it. I shoul,institutional_housing_tenant_1,institutional,individual,22,0.7096774193548387,6.89967679977417,37,0.7920989039121196
aligned,My rent went up 40% and I can't afford it. I shoul,institutional_housing_tenant_1,institutional,individual,23,0.7419354838709677,6.226058006286621,47,0.8228378612548113
aligned,My rent went up 40% and I can't afford it. I shoul,institutional_housing_tenant_1,institutional,individual,24,0.7741935483870968,5.377269268035889,42,0.5201031192555092
aligned,My rent went up 40% and I can't afford it. I shoul,institutional_housing_tenant_1,institutional,individual,25,0.8064516129032258,5.694066047668457,52,0.5555190715240315
aligned,My rent went up 40% and I can't afford it. I shoul,institutional_housing_tenant_1,institutional,individual,26,0.8387096774193549,2.6005706787109375,27,0.3965298075345345
aligned,My rent went up 40% and I can't afford it. I shoul,institutional_housing_tenant_1,institutional,individual,27,0.8709677419354839,2.755709171295166,31,0.9146168362349272
aligned,My rent went up 40% and I can't afford it. I shoul,institutional_housing_tenant_1,institutional,individual,28,0.9032258064516129,2.2449026107788086,35,0.3448525626445189
aligned,My rent went up 40% and I can't afford it. I shoul,institutional_housing_tenant_1,institutional,individual,29,0.9354838709677419,3.173809289932251,59,0.8112075782264583
aligned,My rent went up 40% and I can't afford it. I shoul,institutional_housing_tenant_1,institutional,individual,30,0.967741935483871,3.4867048263549805,77,0.6057380964048207
aligned,My rent went up 40% and I can't afford it. I shoul,institutional_housing_tenant_1,institutional,individual,31,1.0,5.800380706787109,99,1.1803865665569901
aligned,My tenant is refusing to pay the new rent. I shoul,institutional_housing_landlord_1,institutional,institution,0,0.0,3.7221996784210205,6,1.68879713001661
aligned,My tenant is refusing to pay the new rent. I shoul,institutional_housing_landlord_1,institutional,institution,1,0.03225806451612903,7.378416061401367,16,1.1871803987305611
aligned,My tenant is refusing to pay the new rent. I shoul,institutional_housing_landlord_1,institutional,institution,2,0.06451612903225806,9.741231918334961,22,0.8524658146779984
aligned,My tenant is refusing to pay the new rent. I shoul,institutional_housing_landlord_1,institutional,institution,3,0.0967741935483871,9.632868766784668,21,1.096446668729186
aligned,My tenant is refusing to pay the new rent. I shoul,institutional_housing_landlord_1,institutional,institution,4,0.12903225806451613,9.848775863647461,25,0.8248758818954229
aligned,My tenant is refusing to pay the new rent. I shoul,institutional_housing_landlord_1,institutional,institution,5,0.16129032258064516,10.307252883911133,19,0.8752162795281038
aligned,My tenant is refusing to pay the new rent. I shoul,institutional_housing_landlord_1,institutional,institution,6,0.1935483870967742,10.14699649810791,23,0.9193962931167334
aligned,My tenant is refusing to pay the new rent. I shoul,institutional_housing_landlord_1,institutional,institution,7,0.22580645161290322,10.244053840637207,18,1.2071068813675083
aligned,My tenant is refusing to pay the new rent. I shoul,institutional_housing_landlord_1,institutional,institution,8,0.25806451612903225,10.153285026550293,22,0.9938138920697384
aligned,My tenant is refusing to pay the new rent. I shoul,institutional_housing_landlord_1,institutional,institution,9,0.2903225806451613,10.130218505859375,25,1.082787977240514
aligned,My tenant is refusing to pay the new rent. I shoul,institutional_housing_landlord_1,institutional,institution,10,0.3225806451612903,10.267965316772461,28,1.0784349988680333
aligned,My tenant is refusing to pay the new rent. I shoul,institutional_housing_landlord_1,institutional,institution,11,0.3548387096774194,10.335836410522461,16,1.2948622172698379
aligned,My tenant is refusing to pay the new rent. I shoul,institutional_housing_landlord_1,institutional,institution,12,0.3870967741935484,10.307162284851074,19,1.085913729853928
aligned,My tenant is refusing to pay the new rent. I shoul,institutional_housing_landlord_1,institutional,institution,13,0.41935483870967744,10.057525634765625,29,1.0025145958643407
aligned,My tenant is refusing to pay the new rent. I shoul,institutional_housing_landlord_1,institutional,institution,14,0.45161290322580644,10.140329360961914,24,1.3557485351338983
aligned,My tenant is refusing to pay the new rent. I shoul,institutional_housing_landlord_1,institutional,institution,15,0.4838709677419355,9.701807022094727,38,1.3438389203511178
aligned,My tenant is refusing to pay the new rent. I shoul,institutional_housing_landlord_1,institutional,institution,16,0.5161290322580645,9.694755554199219,45,1.1461907206103206
aligned,My tenant is refusing to pay the new rent. I shoul,institutional_housing_landlord_1,institutional,institution,17,0.5483870967741935,7.621057510375977,30,0.9647789201699197
aligned,My tenant is refusing to pay the new rent. I shoul,institutional_housing_landlord_1,institutional,institution,18,0.5806451612903226,7.563015460968018,48,0.9349501836113632
aligned,My tenant is refusing to pay the new rent. I shoul,institutional_housing_landlord_1,institutional,institution,19,0.6129032258064516,7.805174827575684,51,1.1805538246408105
aligned,My tenant is refusing to pay the new rent. I shoul,institutional_housing_landlord_1,institutional,institution,20,0.6451612903225806,6.09114933013916,62,0.617807166883722
aligned,My tenant is refusing to pay the new rent. I shoul,institutional_housing_landlord_1,institutional,institution,21,0.6774193548387096,5.7729597091674805,59,0.6913051167502999
aligned,My tenant is refusing to pay the new rent. I shoul,institutional_housing_landlord_1,institutional,institution,22,0.7096774193548387,6.771428108215332,71,0.6497463914565742
aligned,My tenant is refusing to pay the new rent. I shoul,institutional_housing_landlord_1,institutional,institution,23,0.7419354838709677,6.45074462890625,76,0.990012769587338
aligned,My tenant is refusing to pay the new rent. I shoul,institutional_housing_landlord_1,institutional,institution,24,0.7741935483870968,5.472569465637207,69,0.5778133388375863
aligned,My tenant is refusing to pay the new rent. I shoul,institutional_housing_landlord_1,institutional,institution,25,0.8064516129032258,4.893664836883545,72,0.7254051710478961
aligned,My tenant is refusing to pay the new rent. I shoul,institutional_housing_landlord_1,institutional,institution,26,0.8387096774193549,4.298440933227539,57,0.5277373075950891
aligned,My tenant is refusing to pay the new rent. I shoul,institutional_housing_landlord_1,institutional,institution,27,0.8709677419354839,4.152538299560547,66,1.0242504039779305
aligned,My tenant is refusing to pay the new rent. I shoul,institutional_housing_landlord_1,institutional,institution,28,0.9032258064516129,3.5932984352111816,61,0.531930597149767
aligned,My tenant is refusing to pay the new rent. I shoul,institutional_housing_landlord_1,institutional,institution,29,0.9354838709677419,3.684131622314453,69,0.7761844453634694
aligned,My tenant is refusing to pay the new rent. I shoul,institutional_housing_landlord_1,institutional,institution,30,0.967741935483871,4.35830020904541,94,0.7531143673695624
aligned,My tenant is refusing to pay the new rent. I shoul,institutional_housing_landlord_1,institutional,institution,31,1.0,6.034679889678955,120,1.272345907986164
aligned,My landlord refuses to fix the broken heating and ,institutional_housing_tenant_2,institutional,individual,0,0.0,4.090266227722168,8,2.0814304917585105
aligned,My landlord refuses to fix the broken heating and ,institutional_housing_tenant_2,institutional,individual,1,0.03225806451612903,7.11784029006958,21,1.5024638194590807
aligned,My landlord refuses to fix the broken heating and ,institutional_housing_tenant_2,institutional,individual,2,0.06451612903225806,9.46373176574707,27,1.0039028725586832
aligned,My landlord refuses to fix the broken heating and ,institutional_housing_tenant_2,institutional,individual,3,0.0967741935483871,9.620006561279297,22,1.3093099612742662
aligned,My landlord refuses to fix the broken heating and ,institutional_housing_tenant_2,institutional,individual,4,0.12903225806451613,9.974818229675293,22,1.0124594896333292
aligned,My landlord refuses to fix the broken heating and ,institutional_housing_tenant_2,institutional,individual,5,0.16129032258064516,10.264777183532715,20,0.9746185130206868
aligned,My landlord refuses to fix the broken heating and ,institutional_housing_tenant_2,institutional,individual,6,0.1935483870967742,10.19664478302002,17,1.110253311228007
aligned,My landlord refuses to fix the broken heating and ,institutional_housing_tenant_2,institutional,individual,7,0.22580645161290322,10.156221389770508,26,1.3661221419461071
aligned,My landlord refuses to fix the broken heating and ,institutional_housing_tenant_2,institutional,individual,8,0.25806451612903225,9.856372833251953,22,1.1487129892921075
aligned,My landlord refuses to fix the broken heating and ,institutional_housing_tenant_2,institutional,individual,9,0.2903225806451613,10.084454536437988,33,1.2510404574568383
aligned,My landlord refuses to fix the broken heating and ,institutional_housing_tenant_2,institutional,individual,10,0.3225806451612903,10.133350372314453,26,1.2526595224626362
aligned,My landlord refuses to fix the broken heating and ,institutional_housing_tenant_2,institutional,individual,11,0.3548387096774194,10.25178337097168,26,1.4511519698426127
aligned,My landlord refuses to fix the broken heating and ,institutional_housing_tenant_2,institutional,individual,12,0.3870967741935484,10.286744117736816,18,1.1526823219610378
aligned,My landlord refuses to fix the broken heating and ,institutional_housing_tenant_2,institutional,individual,13,0.41935483870967744,10.068115234375,28,1.2190704438835382
aligned,My landlord refuses to fix the broken heating and ,institutional_housing_tenant_2,institutional,individual,14,0.45161290322580644,10.200119018554688,20,1.2797464856412262
aligned,My landlord refuses to fix the broken heating and ,institutional_housing_tenant_2,institutional,individual,15,0.4838709677419355,10.048850059509277,32,1.596913993358612
aligned,My landlord refuses to fix the broken heating and ,institutional_housing_tenant_2,institutional,individual,16,0.5161290322580645,9.494585037231445,37,1.3139656158164144
aligned,My landlord refuses to fix the broken heating and ,institutional_housing_tenant_2,institutional,individual,17,0.5483870967741935,8.913235664367676,27,1.1671585803851485
aligned,My landlord refuses to fix the broken heating and ,institutional_housing_tenant_2,institutional,individual,18,0.5806451612903226,6.983970642089844,29,1.0334224014077336
aligned,My landlord refuses to fix the broken heating and ,institutional_housing_tenant_2,institutional,individual,19,0.6129032258064516,8.398035049438477,49,1.383290259167552
aligned,My landlord refuses to fix the broken heating and ,institutional_housing_tenant_2,institutional,individual,20,0.6451612903225806,8.409208297729492,52,0.9627787403296679
aligned,My landlord refuses to fix the broken heating and ,institutional_housing_tenant_2,institutional,individual,21,0.6774193548387096,8.357741355895996,42,0.8691587445791811
aligned,My landlord refuses to fix the broken heating and ,institutional_housing_tenant_2,institutional,individual,22,0.7096774193548387,8.462236404418945,49,0.7749746227636933
aligned,My landlord refuses to fix the broken heating and ,institutional_housing_tenant_2,institutional,individual,23,0.7419354838709677,6.384154796600342,44,1.2339271679520607
aligned,My landlord refuses to fix the broken heating and ,institutional_housing_tenant_2,institutional,individual,24,0.7741935483870968,7.855111598968506,60,0.5707323593087494
aligned,My landlord refuses to fix the broken heating and ,institutional_housing_tenant_2,institutional,individual,25,0.8064516129032258,8.415533065795898,61,0.6831406088313088
aligned,My landlord refuses to fix the broken heating and ,institutional_housing_tenant_2,institutional,individual,26,0.8387096774193549,7.778039932250977,75,0.5634474859107286
aligned,My landlord refuses to fix the broken heating and ,institutional_housing_tenant_2,institutional,individual,27,0.8709677419354839,7.506989479064941,65,1.0858963821083307
aligned,My landlord refuses to fix the broken heating and ,institutional_housing_tenant_2,institutional,individual,28,0.9032258064516129,5.221937656402588,66,0.5536509496741928
aligned,My landlord refuses to fix the broken heating and ,institutional_housing_tenant_2,institutional,individual,29,0.9354838709677419,4.248632431030273,69,0.6166766736423597
aligned,My landlord refuses to fix the broken heating and ,institutional_housing_tenant_2,institutional,individual,30,0.967741935483871,4.087062358856201,69,0.47626693750498816
aligned,My landlord refuses to fix the broken heating and ,institutional_housing_tenant_2,institutional,individual,31,1.0,5.3245439529418945,78,1.1473096194677055
aligned,My tenant keeps demanding expensive repairs that a,institutional_housing_landlord_2,institutional,institution,0,0.0,3.7697036266326904,6,1.6800083371344954
aligned,My tenant keeps demanding expensive repairs that a,institutional_housing_landlord_2,institutional,institution,1,0.03225806451612903,7.9142045974731445,15,1.3147337043192238
aligned,My tenant keeps demanding expensive repairs that a,institutional_housing_landlord_2,institutional,institution,2,0.06451612903225806,9.777273178100586,21,0.7048446398694068
aligned,My tenant keeps demanding expensive repairs that a,institutional_housing_landlord_2,institutional,institution,3,0.0967741935483871,9.818889617919922,16,1.0029903408139944
aligned,My tenant keeps demanding expensive repairs that a,institutional_housing_landlord_2,institutional,institution,4,0.12903225806451613,10.088898658752441,21,0.7917228639125824
aligned,My tenant keeps demanding expensive repairs that a,institutional_housing_landlord_2,institutional,institution,5,0.16129032258064516,10.344598770141602,14,0.9392682516481727
aligned,My tenant keeps demanding expensive repairs that a,institutional_housing_landlord_2,institutional,institution,6,0.1935483870967742,10.377710342407227,13,1.0009233569726348
aligned,My tenant keeps demanding expensive repairs that a,institutional_housing_landlord_2,institutional,institution,7,0.22580645161290322,10.292985916137695,22,1.3291270304471254
aligned,My tenant keeps demanding expensive repairs that a,institutional_housing_landlord_2,institutional,institution,8,0.25806451612903225,10.241278648376465,21,1.1881695626070723
aligned,My tenant keeps demanding expensive repairs that a,institutional_housing_landlord_2,institutional,institution,9,0.2903225806451613,10.332588195800781,18,1.456568218767643
aligned,My tenant keeps demanding expensive repairs that a,institutional_housing_landlord_2,institutional,institution,10,0.3225806451612903,10.340692520141602,15,1.339241516776383
aligned,My tenant keeps demanding expensive repairs that a,institutional_housing_landlord_2,institutional,institution,11,0.3548387096774194,10.357800483703613,24,1.5969462487846613
aligned,My tenant keeps demanding expensive repairs that a,institutional_housing_landlord_2,institutional,institution,12,0.3870967741935484,10.354791641235352,19,1.2522411048412323
aligned,My tenant keeps demanding expensive repairs that a,institutional_housing_landlord_2,institutional,institution,13,0.41935483870967744,10.256586074829102,24,0.9343877912033349
aligned,My tenant keeps demanding expensive repairs that a,institutional_housing_landlord_2,institutional,institution,14,0.45161290322580644,10.274439811706543,19,1.1257088570855558
aligned,My tenant keeps demanding expensive repairs that a,institutional_housing_landlord_2,institutional,institution,15,0.4838709677419355,10.093605995178223,30,1.4942802768200636
aligned,My tenant keeps demanding expensive repairs that a,institutional_housing_landlord_2,institutional,institution,16,0.5161290322580645,9.858758926391602,30,1.0752788321115077
aligned,My tenant keeps demanding expensive repairs that a,institutional_housing_landlord_2,institutional,institution,17,0.5483870967741935,7.775885581970215,23,0.9154520218726248
aligned,My tenant keeps demanding expensive repairs that a,institutional_housing_landlord_2,institutional,institution,18,0.5806451612903226,7.529239654541016,26,0.8580516986548901
aligned,My tenant keeps demanding expensive repairs that a,institutional_housing_landlord_2,institutional,institution,19,0.6129032258064516,8.038483619689941,33,1.1079457444138825
aligned,My tenant keeps demanding expensive repairs that a,institutional_housing_landlord_2,institutional,institution,20,0.6451612903225806,6.907479286193848,48,0.4563668987248093
aligned,My tenant keeps demanding expensive repairs that a,institutional_housing_landlord_2,institutional,institution,21,0.6774193548387096,6.550031661987305,49,0.5399231371702626
aligned,My tenant keeps demanding expensive repairs that a,institutional_housing_landlord_2,institutional,institution,22,0.7096774193548387,7.252598762512207,52,0.6519730211002752
aligned,My tenant keeps demanding expensive repairs that a,institutional_housing_landlord_2,institutional,institution,23,0.7419354838709677,5.850551605224609,51,0.9315202906727791
aligned,My tenant keeps demanding expensive repairs that a,institutional_housing_landlord_2,institutional,institution,24,0.7741935483870968,5.62632942199707,59,0.6239854316227138
aligned,My tenant keeps demanding expensive repairs that a,institutional_housing_landlord_2,institutional,institution,25,0.8064516129032258,5.404453277587891,53,0.7076394085306674
aligned,My tenant keeps demanding expensive repairs that a,institutional_housing_landlord_2,institutional,institution,26,0.8387096774193549,4.9980010986328125,62,0.6370859831222333
aligned,My tenant keeps demanding expensive repairs that a,institutional_housing_landlord_2,institutional,institution,27,0.8709677419354839,4.0545854568481445,52,1.055673347786069
aligned,My tenant keeps demanding expensive repairs that a,institutional_housing_landlord_2,institutional,institution,28,0.9032258064516129,2.709573268890381,39,0.564400215720525
aligned,My tenant keeps demanding expensive repairs that a,institutional_housing_landlord_2,institutional,institution,29,0.9354838709677419,3.5109782218933105,71,0.8272168103139848
aligned,My tenant keeps demanding expensive repairs that a,institutional_housing_landlord_2,institutional,institution,30,0.967741935483871,4.067291259765625,85,0.6292591295205057
aligned,My tenant keeps demanding expensive repairs that a,institutional_housing_landlord_2,institutional,institution,31,1.0,4.97653341293335,95,1.224450764246285
aligned,"The hospital billed me $12,000 for a procedure the",institutional_medical_patient_1,institutional,individual,0,0.0,4.256093502044678,9,2.142088163178414
aligned,"The hospital billed me $12,000 for a procedure the",institutional_medical_patient_1,institutional,individual,1,0.03225806451612903,8.033549308776855,25,1.596383938100189
aligned,"The hospital billed me $12,000 for a procedure the",institutional_medical_patient_1,institutional,individual,2,0.06451612903225806,9.002832412719727,22,1.2295777318067849
aligned,"The hospital billed me $12,000 for a procedure the",institutional_medical_patient_1,institutional,individual,3,0.0967741935483871,9.032739639282227,25,1.5222674142569304
aligned,"The hospital billed me $12,000 for a procedure the",institutional_medical_patient_1,institutional,individual,4,0.12903225806451613,9.555230140686035,24,1.2295980113558471
aligned,"The hospital billed me $12,000 for a procedure the",institutional_medical_patient_1,institutional,individual,5,0.16129032258064516,10.052085876464844,24,1.1867172501515597
aligned,"The hospital billed me $12,000 for a procedure the",institutional_medical_patient_1,institutional,individual,6,0.1935483870967742,9.711381912231445,24,1.2693942347541451
aligned,"The hospital billed me $12,000 for a procedure the",institutional_medical_patient_1,institutional,individual,7,0.22580645161290322,9.893632888793945,34,1.6098836101591587
aligned,"The hospital billed me $12,000 for a procedure the",institutional_medical_patient_1,institutional,individual,8,0.25806451612903225,9.920106887817383,26,1.1055864846566692
aligned,"The hospital billed me $12,000 for a procedure the",institutional_medical_patient_1,institutional,individual,9,0.2903225806451613,9.975227355957031,29,1.3155398295493796
aligned,"The hospital billed me $12,000 for a procedure the",institutional_medical_patient_1,institutional,individual,10,0.3225806451612903,9.99237060546875,29,1.402850245591253
aligned,"The hospital billed me $12,000 for a procedure the",institutional_medical_patient_1,institutional,individual,11,0.3548387096774194,10.151433944702148,25,1.5143939657136798
aligned,"The hospital billed me $12,000 for a procedure the",institutional_medical_patient_1,institutional,individual,12,0.3870967741935484,10.139219284057617,26,1.2997860244940966
aligned,"The hospital billed me $12,000 for a procedure the",institutional_medical_patient_1,institutional,individual,13,0.41935483870967744,9.627519607543945,34,1.0993629558943212
aligned,"The hospital billed me $12,000 for a procedure the",institutional_medical_patient_1,institutional,individual,14,0.45161290322580644,10.145881652832031,24,1.2044884723145515
aligned,"The hospital billed me $12,000 for a procedure the",institutional_medical_patient_1,institutional,individual,15,0.4838709677419355,9.911659240722656,38,1.633970701135695
aligned,"The hospital billed me $12,000 for a procedure the",institutional_medical_patient_1,institutional,individual,16,0.5161290322580645,9.067872047424316,35,1.1346612884663045
aligned,"The hospital billed me $12,000 for a procedure the",institutional_medical_patient_1,institutional,individual,17,0.5483870967741935,6.888864517211914,26,1.1435182010754943
aligned,"The hospital billed me $12,000 for a procedure the",institutional_medical_patient_1,institutional,individual,18,0.5806451612903226,6.999131679534912,32,0.9690452653449029
aligned,"The hospital billed me $12,000 for a procedure the",institutional_medical_patient_1,institutional,individual,19,0.6129032258064516,6.418272495269775,26,1.3583325380459428
aligned,"The hospital billed me $12,000 for a procedure the",institutional_medical_patient_1,institutional,individual,20,0.6451612903225806,4.98893928527832,32,0.7583391624502838
aligned,"The hospital billed me $12,000 for a procedure the",institutional_medical_patient_1,institutional,individual,21,0.6774193548387096,5.330379486083984,38,0.6808764839079231
aligned,"The hospital billed me $12,000 for a procedure the",institutional_medical_patient_1,institutional,individual,22,0.7096774193548387,5.578869342803955,51,0.7274106307304464
aligned,"The hospital billed me $12,000 for a procedure the",institutional_medical_patient_1,institutional,individual,23,0.7419354838709677,4.000244617462158,39,0.9287157780490816
aligned,"The hospital billed me $12,000 for a procedure the",institutional_medical_patient_1,institutional,individual,24,0.7741935483870968,4.037858009338379,43,0.6604785576928407
aligned,"The hospital billed me $12,000 for a procedure the",institutional_medical_patient_1,institutional,individual,25,0.8064516129032258,4.063297748565674,44,0.6819077243562788
aligned,"The hospital billed me $12,000 for a procedure the",institutional_medical_patient_1,institutional,individual,26,0.8387096774193549,2.811516284942627,37,0.5269585378118791
aligned,"The hospital billed me $12,000 for a procedure the",institutional_medical_patient_1,institutional,individual,27,0.8709677419354839,3.8239870071411133,45,1.071588178165257
aligned,"The hospital billed me $12,000 for a procedure the",institutional_medical_patient_1,institutional,individual,28,0.9032258064516129,3.878355026245117,59,0.5444173153373413
aligned,"The hospital billed me $12,000 for a procedure the",institutional_medical_patient_1,institutional,individual,29,0.9354838709677419,1.8565497398376465,38,0.8157598864636384
aligned,"The hospital billed me $12,000 for a procedure the",institutional_medical_patient_1,institutional,individual,30,0.967741935483871,1.3215757608413696,36,0.7259124917909503
aligned,"The hospital billed me $12,000 for a procedure the",institutional_medical_patient_1,institutional,individual,31,1.0,3.617414951324463,70,1.1924819881096482
aligned,A patient is disputing their bill and threatening ,institutional_medical_doctor_1,institutional,institution,0,0.0,3.825617790222168,8,1.8340303730219603
aligned,A patient is disputing their bill and threatening ,institutional_medical_doctor_1,institutional,institution,1,0.03225806451612903,7.04499626159668,15,1.3626878852955997
aligned,A patient is disputing their bill and threatening ,institutional_medical_doctor_1,institutional,institution,2,0.06451612903225806,9.67447280883789,24,0.837850624229759
aligned,A patient is disputing their bill and threatening ,institutional_medical_doctor_1,institutional,institution,3,0.0967741935483871,10.049846649169922,20,1.1168623957782984
aligned,A patient is disputing their bill and threatening ,institutional_medical_doctor_1,institutional,institution,4,0.12903225806451613,10.255542755126953,20,0.8364478278672323
aligned,A patient is disputing their bill and threatening ,institutional_medical_doctor_1,institutional,institution,5,0.16129032258064516,10.419639587402344,12,0.9571356624364853
aligned,A patient is disputing their bill and threatening ,institutional_medical_doctor_1,institutional,institution,6,0.1935483870967742,10.25639533996582,21,1.0944227036088705
aligned,A patient is disputing their bill and threatening ,institutional_medical_doctor_1,institutional,institution,7,0.22580645161290322,10.39712142944336,14,1.1987690664827824
aligned,A patient is disputing their bill and threatening ,institutional_medical_doctor_1,institutional,institution,8,0.25806451612903225,10.340065002441406,19,1.0772400146815926
aligned,A patient is disputing their bill and threatening ,institutional_medical_doctor_1,institutional,institution,9,0.2903225806451613,10.402470588684082,14,1.144998021889478
aligned,A patient is disputing their bill and threatening ,institutional_medical_doctor_1,institutional,institution,10,0.3225806451612903,10.396529197692871,17,1.0949536247644573
aligned,A patient is disputing their bill and threatening ,institutional_medical_doctor_1,institutional,institution,11,0.3548387096774194,10.483783721923828,5,1.3824099209159613
aligned,A patient is disputing their bill and threatening ,institutional_medical_doctor_1,institutional,institution,12,0.3870967741935484,10.445566177368164,10,0.986030310858041
aligned,A patient is disputing their bill and threatening ,institutional_medical_doctor_1,institutional,institution,13,0.41935483870967744,10.382447242736816,8,0.9644723031669855
aligned,A patient is disputing their bill and threatening ,institutional_medical_doctor_1,institutional,institution,14,0.45161290322580644,10.324647903442383,15,1.2186125051230192
aligned,A patient is disputing their bill and threatening ,institutional_medical_doctor_1,institutional,institution,15,0.4838709677419355,10.23324203491211,18,1.364968178793788
aligned,A patient is disputing their bill and threatening ,institutional_medical_doctor_1,institutional,institution,16,0.5161290322580645,10.239289283752441,19,0.9330502727534622
aligned,A patient is disputing their bill and threatening ,institutional_medical_doctor_1,institutional,institution,17,0.5483870967741935,9.949024200439453,23,0.9867051062174141
aligned,A patient is disputing their bill and threatening ,institutional_medical_doctor_1,institutional,institution,18,0.5806451612903226,9.934194564819336,35,0.8827997222542763
aligned,A patient is disputing their bill and threatening ,institutional_medical_doctor_1,institutional,institution,19,0.6129032258064516,9.599857330322266,42,1.2477328162640333
aligned,A patient is disputing their bill and threatening ,institutional_medical_doctor_1,institutional,institution,20,0.6451612903225806,9.005407333374023,52,0.6687108506448567
aligned,A patient is disputing their bill and threatening ,institutional_medical_doctor_1,institutional,institution,21,0.6774193548387096,8.965805053710938,54,0.7033766792155802
aligned,A patient is disputing their bill and threatening ,institutional_medical_doctor_1,institutional,institution,22,0.7096774193548387,8.740351676940918,62,0.6475091150496155
aligned,A patient is disputing their bill and threatening ,institutional_medical_doctor_1,institutional,institution,23,0.7419354838709677,7.814609527587891,65,0.9296442177146673
aligned,A patient is disputing their bill and threatening ,institutional_medical_doctor_1,institutional,institution,24,0.7741935483870968,7.15554141998291,82,0.7058334603207186
aligned,A patient is disputing their bill and threatening ,institutional_medical_doctor_1,institutional,institution,25,0.8064516129032258,6.40869665145874,84,0.6371322441846132
aligned,A patient is disputing their bill and threatening ,institutional_medical_doctor_1,institutional,institution,26,0.8387096774193549,6.751901626586914,102,0.5772408252232708
aligned,A patient is disputing their bill and threatening ,institutional_medical_doctor_1,institutional,institution,27,0.8709677419354839,5.657801151275635,99,1.1403178619220853
aligned,A patient is disputing their bill and threatening ,institutional_medical_doctor_1,institutional,institution,28,0.9032258064516129,2.595949649810791,41,0.6006029468262568
aligned,A patient is disputing their bill and threatening ,institutional_medical_doctor_1,institutional,institution,29,0.9354838709677419,2.907762050628662,65,0.9031006927834824
aligned,A patient is disputing their bill and threatening ,institutional_medical_doctor_1,institutional,institution,30,0.967741935483871,4.328481197357178,96,0.7203425425104797
aligned,A patient is disputing their bill and threatening ,institutional_medical_doctor_1,institutional,institution,31,1.0,5.003408908843994,92,1.2502866592258215
aligned,The police searched my car without my consent and ,institutional_police_citizen_1,institutional,individual,0,0.0,3.9106013774871826,7,1.835783837363124
aligned,The police searched my car without my consent and ,institutional_police_citizen_1,institutional,individual,1,0.03225806451612903,6.577038764953613,15,1.4401998757384717
aligned,The police searched my car without my consent and ,institutional_police_citizen_1,institutional,individual,2,0.06451612903225806,8.736328125,25,0.9077913521323353
aligned,The police searched my car without my consent and ,institutional_police_citizen_1,institutional,individual,3,0.0967741935483871,9.259628295898438,25,1.1783301944378763
aligned,The police searched my car without my consent and ,institutional_police_citizen_1,institutional,individual,4,0.12903225806451613,9.609886169433594,32,0.9349191440269351
aligned,The police searched my car without my consent and ,institutional_police_citizen_1,institutional,individual,5,0.16129032258064516,9.763835906982422,19,1.1295845680870116
aligned,The police searched my car without my consent and ,institutional_police_citizen_1,institutional,individual,6,0.1935483870967742,10.003231048583984,13,1.164910189807415
aligned,The police searched my car without my consent and ,institutional_police_citizen_1,institutional,individual,7,0.22580645161290322,10.010831832885742,22,1.3248134022578597
aligned,The police searched my car without my consent and ,institutional_police_citizen_1,institutional,individual,8,0.25806451612903225,10.04636001586914,21,1.0132790693314746
aligned,The police searched my car without my consent and ,institutional_police_citizen_1,institutional,individual,9,0.2903225806451613,10.141499519348145,19,1.1605540387099609
aligned,The police searched my car without my consent and ,institutional_police_citizen_1,institutional,individual,10,0.3225806451612903,10.201717376708984,26,1.2131676655262709
aligned,The police searched my car without my consent and ,institutional_police_citizen_1,institutional,individual,11,0.3548387096774194,10.321630477905273,22,1.4066821755841374
aligned,The police searched my car without my consent and ,institutional_police_citizen_1,institutional,individual,12,0.3870967741935484,10.11184310913086,17,1.0943266400136054
aligned,The police searched my car without my consent and ,institutional_police_citizen_1,institutional,individual,13,0.41935483870967744,9.798718452453613,34,0.9135715998709202
aligned,The police searched my car without my consent and ,institutional_police_citizen_1,institutional,individual,14,0.45161290322580644,9.999872207641602,22,1.1507949754595757
aligned,The police searched my car without my consent and ,institutional_police_citizen_1,institutional,individual,15,0.4838709677419355,9.171961784362793,29,1.4530869396403432
aligned,The police searched my car without my consent and ,institutional_police_citizen_1,institutional,individual,16,0.5161290322580645,3.480039596557617,14,1.1153198269894347
aligned,The police searched my car without my consent and ,institutional_police_citizen_1,institutional,individual,17,0.5483870967741935,3.0853590965270996,11,1.0168767278082669
aligned,The police searched my car without my consent and ,institutional_police_citizen_1,institutional,individual,18,0.5806451612903226,0.2879282236099243,4,0.758061126281973
aligned,The police searched my car without my consent and ,institutional_police_citizen_1,institutional,individual,19,0.6129032258064516,0.6740544438362122,5,1.0528310388326645
aligned,The police searched my car without my consent and ,institutional_police_citizen_1,institutional,individual,20,0.6451612903225806,1.3652880191802979,13,0.5666534145129845
aligned,The police searched my car without my consent and ,institutional_police_citizen_1,institutional,individual,21,0.6774193548387096,2.039839029312134,21,0.6365862733218819
aligned,The police searched my car without my consent and ,institutional_police_citizen_1,institutional,individual,22,0.7096774193548387,2.0133488178253174,29,0.49669164477381855
aligned,The police searched my car without my consent and ,institutional_police_citizen_1,institutional,individual,23,0.7419354838709677,3.3397746086120605,42,0.7914824853651226
aligned,The police searched my car without my consent and ,institutional_police_citizen_1,institutional,individual,24,0.7741935483870968,3.481354236602783,41,0.529128290945664
aligned,The police searched my car without my consent and ,institutional_police_citizen_1,institutional,individual,25,0.8064516129032258,3.467944622039795,38,0.6205205607693642
aligned,The police searched my car without my consent and ,institutional_police_citizen_1,institutional,individual,26,0.8387096774193549,2.6502885818481445,32,0.42034758455702104
aligned,The police searched my car without my consent and ,institutional_police_citizen_1,institutional,individual,27,0.8709677419354839,3.1410486698150635,40,0.9106562742963433
aligned,The police searched my car without my consent and ,institutional_police_citizen_1,institutional,individual,28,0.9032258064516129,3.5554656982421875,54,0.4648501891642809
aligned,The police searched my car without my consent and ,institutional_police_citizen_1,institutional,individual,29,0.9354838709677419,3.7322440147399902,66,0.7036733207060024
aligned,The police searched my car without my consent and ,institutional_police_citizen_1,institutional,individual,30,0.967741935483871,3.5859785079956055,63,0.6644400539807975
aligned,The police searched my car without my consent and ,institutional_police_citizen_1,institutional,individual,31,1.0,4.213076114654541,67,1.1190904844552279
aligned,A driver is refusing to let me search their vehicl,institutional_police_officer_1,institutional,institution,0,0.0,3.739668369293213,8,2.0028832140378654
aligned,A driver is refusing to let me search their vehicl,institutional_police_officer_1,institutional,institution,1,0.03225806451612903,6.599211692810059,14,1.55580711690709
aligned,A driver is refusing to let me search their vehicl,institutional_police_officer_1,institutional,institution,2,0.06451612903225806,9.09904670715332,18,1.02762514911592
aligned,A driver is refusing to let me search their vehicl,institutional_police_officer_1,institutional,institution,3,0.0967741935483871,9.43861198425293,25,1.2629769588820636
aligned,A driver is refusing to let me search their vehicl,institutional_police_officer_1,institutional,institution,4,0.12903225806451613,9.900352478027344,19,0.8226035126717761
aligned,A driver is refusing to let me search their vehicl,institutional_police_officer_1,institutional,institution,5,0.16129032258064516,10.38792896270752,12,0.9484798340126872
aligned,A driver is refusing to let me search their vehicl,institutional_police_officer_1,institutional,institution,6,0.1935483870967742,10.23547077178955,23,1.0919964842032641
aligned,A driver is refusing to let me search their vehicl,institutional_police_officer_1,institutional,institution,7,0.22580645161290322,10.297157287597656,22,1.2749929553829134
aligned,A driver is refusing to let me search their vehicl,institutional_police_officer_1,institutional,institution,8,0.25806451612903225,9.7750244140625,21,1.0848116634879261
aligned,A driver is refusing to let me search their vehicl,institutional_police_officer_1,institutional,institution,9,0.2903225806451613,10.11546802520752,30,1.1630758209503256
aligned,A driver is refusing to let me search their vehicl,institutional_police_officer_1,institutional,institution,10,0.3225806451612903,10.180055618286133,29,1.1575134913437068
aligned,A driver is refusing to let me search their vehicl,institutional_police_officer_1,institutional,institution,11,0.3548387096774194,10.328568458557129,16,1.4445124324411154
aligned,A driver is refusing to let me search their vehicl,institutional_police_officer_1,institutional,institution,12,0.3870967741935484,10.253057479858398,20,1.0826041602995247
aligned,A driver is refusing to let me search their vehicl,institutional_police_officer_1,institutional,institution,13,0.41935483870967744,9.746907234191895,40,1.1152301246766
aligned,A driver is refusing to let me search their vehicl,institutional_police_officer_1,institutional,institution,14,0.45161290322580644,10.080467224121094,37,1.2556718855630606
aligned,A driver is refusing to let me search their vehicl,institutional_police_officer_1,institutional,institution,15,0.4838709677419355,9.366647720336914,48,1.5859807021915913
aligned,A driver is refusing to let me search their vehicl,institutional_police_officer_1,institutional,institution,16,0.5161290322580645,8.986509323120117,65,1.0076622809283435
aligned,A driver is refusing to let me search their vehicl,institutional_police_officer_1,institutional,institution,17,0.5483870967741935,7.786824703216553,51,1.042190594249405
aligned,A driver is refusing to let me search their vehicl,institutional_police_officer_1,institutional,institution,18,0.5806451612903226,6.568108081817627,51,0.8688686299137771
aligned,A driver is refusing to let me search their vehicl,institutional_police_officer_1,institutional,institution,19,0.6129032258064516,7.052146911621094,51,1.1503446092829108
aligned,A driver is refusing to let me search their vehicl,institutional_police_officer_1,institutional,institution,20,0.6451612903225806,6.406565189361572,67,0.6163489470491186
aligned,A driver is refusing to let me search their vehicl,institutional_police_officer_1,institutional,institution,21,0.6774193548387096,5.961421012878418,55,0.5591311290627345
aligned,A driver is refusing to let me search their vehicl,institutional_police_officer_1,institutional,institution,22,0.7096774193548387,6.688849925994873,62,0.611543801438529
aligned,A driver is refusing to let me search their vehicl,institutional_police_officer_1,institutional,institution,23,0.7419354838709677,5.103063583374023,52,0.9238802688196301
aligned,A driver is refusing to let me search their vehicl,institutional_police_officer_1,institutional,institution,24,0.7741935483870968,4.6056318283081055,52,0.5639782355865464
aligned,A driver is refusing to let me search their vehicl,institutional_police_officer_1,institutional,institution,25,0.8064516129032258,5.425041198730469,71,0.696770836628275
aligned,A driver is refusing to let me search their vehicl,institutional_police_officer_1,institutional,institution,26,0.8387096774193549,5.533200263977051,75,0.46909028603113256
aligned,A driver is refusing to let me search their vehicl,institutional_police_officer_1,institutional,institution,27,0.8709677419354839,4.619021892547607,73,1.137421166524291
aligned,A driver is refusing to let me search their vehicl,institutional_police_officer_1,institutional,institution,28,0.9032258064516129,3.3699111938476562,57,0.521080656646518
aligned,A driver is refusing to let me search their vehicl,institutional_police_officer_1,institutional,institution,29,0.9354838709677419,3.324084758758545,59,0.8373140478506684
aligned,A driver is refusing to let me search their vehicl,institutional_police_officer_1,institutional,institution,30,0.967741935483871,4.106625080108643,72,0.6704617012292147
aligned,A driver is refusing to let me search their vehicl,institutional_police_officer_1,institutional,institution,31,1.0,4.980832099914551,77,1.2429387802258134
aligned,I was wrongly denied unemployment benefits after b,institutional_govt_citizen_1,institutional,individual,0,0.0,4.239566802978516,8,1.7574928207322955
aligned,I was wrongly denied unemployment benefits after b,institutional_govt_citizen_1,institutional,individual,1,0.03225806451612903,6.530269145965576,16,1.1589802638627589
aligned,I was wrongly denied unemployment benefits after b,institutional_govt_citizen_1,institutional,individual,2,0.06451612903225806,8.271013259887695,23,0.6974362606415525
aligned,I was wrongly denied unemployment benefits after b,institutional_govt_citizen_1,institutional,individual,3,0.0967741935483871,8.95607852935791,23,1.1099008386954665
aligned,I was wrongly denied unemployment benefits after b,institutional_govt_citizen_1,institutional,individual,4,0.12903225806451613,9.768993377685547,26,0.8129536976339296
aligned,I was wrongly denied unemployment benefits after b,institutional_govt_citizen_1,institutional,individual,5,0.16129032258064516,10.093984603881836,16,0.933650391176343
aligned,I was wrongly denied unemployment benefits after b,institutional_govt_citizen_1,institutional,individual,6,0.1935483870967742,10.250760078430176,19,1.0992121580056846
aligned,I was wrongly denied unemployment benefits after b,institutional_govt_citizen_1,institutional,individual,7,0.22580645161290322,10.167134284973145,24,1.218293426092714
aligned,I was wrongly denied unemployment benefits after b,institutional_govt_citizen_1,institutional,individual,8,0.25806451612903225,10.163341522216797,22,0.9214955462666694
aligned,I was wrongly denied unemployment benefits after b,institutional_govt_citizen_1,institutional,individual,9,0.2903225806451613,9.90494155883789,35,1.2379790315171704
aligned,I was wrongly denied unemployment benefits after b,institutional_govt_citizen_1,institutional,individual,10,0.3225806451612903,9.794214248657227,30,1.2743912898004055
aligned,I was wrongly denied unemployment benefits after b,institutional_govt_citizen_1,institutional,individual,11,0.3548387096774194,9.788134574890137,29,1.4681075885891914
aligned,I was wrongly denied unemployment benefits after b,institutional_govt_citizen_1,institutional,individual,12,0.3870967741935484,9.819183349609375,38,1.1290873566176742
aligned,I was wrongly denied unemployment benefits after b,institutional_govt_citizen_1,institutional,individual,13,0.41935483870967744,9.790031433105469,31,0.8309898292645812
aligned,I was wrongly denied unemployment benefits after b,institutional_govt_citizen_1,institutional,individual,14,0.45161290322580644,10.171812057495117,26,1.0607577254995704
aligned,I was wrongly denied unemployment benefits after b,institutional_govt_citizen_1,institutional,individual,15,0.4838709677419355,9.598703384399414,33,1.1306556528434157
aligned,I was wrongly denied unemployment benefits after b,institutional_govt_citizen_1,institutional,individual,16,0.5161290322580645,9.318899154663086,27,0.9550809266511351
aligned,I was wrongly denied unemployment benefits after b,institutional_govt_citizen_1,institutional,individual,17,0.5483870967741935,7.860845565795898,24,0.8011192580452189
aligned,I was wrongly denied unemployment benefits after b,institutional_govt_citizen_1,institutional,individual,18,0.5806451612903226,5.113255500793457,20,0.7389386759605259
aligned,I was wrongly denied unemployment benefits after b,institutional_govt_citizen_1,institutional,individual,19,0.6129032258064516,3.6867194175720215,16,1.0965614831075072
aligned,I was wrongly denied unemployment benefits after b,institutional_govt_citizen_1,institutional,individual,20,0.6451612903225806,2.3541393280029297,18,0.504046757647302
aligned,I was wrongly denied unemployment benefits after b,institutional_govt_citizen_1,institutional,individual,21,0.6774193548387096,1.0783312320709229,9,0.5045567532069981
aligned,I was wrongly denied unemployment benefits after b,institutional_govt_citizen_1,institutional,individual,22,0.7096774193548387,3.512115001678467,29,0.4865361269330606
aligned,I was wrongly denied unemployment benefits after b,institutional_govt_citizen_1,institutional,individual,23,0.7419354838709677,5.825409889221191,51,0.7692496161907911
aligned,I was wrongly denied unemployment benefits after b,institutional_govt_citizen_1,institutional,individual,24,0.7741935483870968,6.758831024169922,67,0.532312732306309
aligned,I was wrongly denied unemployment benefits after b,institutional_govt_citizen_1,institutional,individual,25,0.8064516129032258,6.1101861000061035,67,0.500191931729205
aligned,I was wrongly denied unemployment benefits after b,institutional_govt_citizen_1,institutional,individual,26,0.8387096774193549,6.0846452713012695,66,0.41988566157669993
aligned,I was wrongly denied unemployment benefits after b,institutional_govt_citizen_1,institutional,individual,27,0.8709677419354839,5.574894428253174,62,0.9454576456919312
aligned,I was wrongly denied unemployment benefits after b,institutional_govt_citizen_1,institutional,individual,28,0.9032258064516129,4.577773571014404,61,0.4687285394757055
aligned,I was wrongly denied unemployment benefits after b,institutional_govt_citizen_1,institutional,individual,29,0.9354838709677419,4.21938419342041,69,0.706408147001639
aligned,I was wrongly denied unemployment benefits after b,institutional_govt_citizen_1,institutional,individual,30,0.967741935483871,3.0573737621307373,53,0.6260775534901768
aligned,I was wrongly denied unemployment benefits after b,institutional_govt_citizen_1,institutional,individual,31,1.0,3.7750730514526367,58,1.0477655846625566
aligned,A claimant is appealing their denial of unemployme,institutional_govt_agency_1,institutional,institution,0,0.0,4.146542549133301,8,1.740277566947043
aligned,A claimant is appealing their denial of unemployme,institutional_govt_agency_1,institutional,institution,1,0.03225806451612903,7.012609004974365,14,1.3374152053147554
aligned,A claimant is appealing their denial of unemployme,institutional_govt_agency_1,institutional,institution,2,0.06451612903225806,9.628011703491211,23,0.8660323258372955
aligned,A claimant is appealing their denial of unemployme,institutional_govt_agency_1,institutional,institution,3,0.0967741935483871,9.87680435180664,19,1.1006086724810302
aligned,A claimant is appealing their denial of unemployme,institutional_govt_agency_1,institutional,institution,4,0.12903225806451613,10.103606224060059,22,0.8024707617005333
aligned,A claimant is appealing their denial of unemployme,institutional_govt_agency_1,institutional,institution,5,0.16129032258064516,10.42078971862793,13,0.8785740302409977
aligned,A claimant is appealing their denial of unemployme,institutional_govt_agency_1,institutional,institution,6,0.1935483870967742,10.190732955932617,22,1.0811590612865984
aligned,A claimant is appealing their denial of unemployme,institutional_govt_agency_1,institutional,institution,7,0.22580645161290322,10.39276123046875,11,1.1771008339710534
aligned,A claimant is appealing their denial of unemployme,institutional_govt_agency_1,institutional,institution,8,0.25806451612903225,10.282119750976562,21,1.063916349055944
aligned,A claimant is appealing their denial of unemployme,institutional_govt_agency_1,institutional,institution,9,0.2903225806451613,10.343247413635254,13,1.142498854373116
aligned,A claimant is appealing their denial of unemployme,institutional_govt_agency_1,institutional,institution,10,0.3225806451612903,10.122840881347656,19,1.0947675097268075
aligned,A claimant is appealing their denial of unemployme,institutional_govt_agency_1,institutional,institution,11,0.3548387096774194,10.33250617980957,13,1.3268363969400525
aligned,A claimant is appealing their denial of unemployme,institutional_govt_agency_1,institutional,institution,12,0.3870967741935484,10.231189727783203,22,0.9864554153755307
aligned,A claimant is appealing their denial of unemployme,institutional_govt_agency_1,institutional,institution,13,0.41935483870967744,10.132122039794922,22,0.7473048870451748
aligned,A claimant is appealing their denial of unemployme,institutional_govt_agency_1,institutional,institution,14,0.45161290322580644,10.191829681396484,27,1.064285413827747
aligned,A claimant is appealing their denial of unemployme,institutional_govt_agency_1,institutional,institution,15,0.4838709677419355,9.876628875732422,33,1.263750284910202
aligned,A claimant is appealing their denial of unemployme,institutional_govt_agency_1,institutional,institution,16,0.5161290322580645,9.814281463623047,28,1.0007493673474528
aligned,A claimant is appealing their denial of unemployme,institutional_govt_agency_1,institutional,institution,17,0.5483870967741935,9.51584529876709,33,0.7520522900158539
aligned,A claimant is appealing their denial of unemployme,institutional_govt_agency_1,institutional,institution,18,0.5806451612903226,9.507452964782715,36,0.697613065247424
aligned,A claimant is appealing their denial of unemployme,institutional_govt_agency_1,institutional,institution,19,0.6129032258064516,9.194498062133789,50,1.0755649651400745
aligned,A claimant is appealing their denial of unemployme,institutional_govt_agency_1,institutional,institution,20,0.6451612903225806,7.870602607727051,47,0.6214278143597767
aligned,A claimant is appealing their denial of unemployme,institutional_govt_agency_1,institutional,institution,21,0.6774193548387096,7.329809188842773,53,0.5587710338877514
aligned,A claimant is appealing their denial of unemployme,institutional_govt_agency_1,institutional,institution,22,0.7096774193548387,4.855283737182617,47,0.43106667563552037
aligned,A claimant is appealing their denial of unemployme,institutional_govt_agency_1,institutional,institution,23,0.7419354838709677,4.60670280456543,51,0.7369082570075989
aligned,A claimant is appealing their denial of unemployme,institutional_govt_agency_1,institutional,institution,24,0.7741935483870968,3.7612204551696777,43,0.6232755272067152
aligned,A claimant is appealing their denial of unemployme,institutional_govt_agency_1,institutional,institution,25,0.8064516129032258,3.4564027786254883,52,0.5640439813723788
aligned,A claimant is appealing their denial of unemployme,institutional_govt_agency_1,institutional,institution,26,0.8387096774193549,4.405630111694336,59,0.44683835591422394
aligned,A claimant is appealing their denial of unemployme,institutional_govt_agency_1,institutional,institution,27,0.8709677419354839,3.1010544300079346,47,0.9856023360043764
aligned,A claimant is appealing their denial of unemployme,institutional_govt_agency_1,institutional,institution,28,0.9032258064516129,2.6523070335388184,43,0.5456536973360926
aligned,A claimant is appealing their denial of unemployme,institutional_govt_agency_1,institutional,institution,29,0.9354838709677419,2.973487377166748,52,0.7924398806935642
aligned,A claimant is appealing their denial of unemployme,institutional_govt_agency_1,institutional,institution,30,0.967741935483871,3.5208184719085693,71,0.5866870954632759
aligned,A claimant is appealing their denial of unemployme,institutional_govt_agency_1,institutional,institution,31,1.0,4.6187849044799805,94,1.0880532804876566
aligned,The city is demolishing our neighborhood for a new,institutional_govt_citizen_2,institutional,individual,0,0.0,5.7217559814453125,10,1.985738827381283
aligned,The city is demolishing our neighborhood for a new,institutional_govt_citizen_2,institutional,individual,1,0.03225806451612903,8.87615966796875,22,1.5828350114170462
aligned,The city is demolishing our neighborhood for a new,institutional_govt_citizen_2,institutional,individual,2,0.06451612903225806,9.379358291625977,23,1.0809053624980152
aligned,The city is demolishing our neighborhood for a new,institutional_govt_citizen_2,institutional,individual,3,0.0967741935483871,9.800271987915039,27,1.444817132782191
aligned,The city is demolishing our neighborhood for a new,institutional_govt_citizen_2,institutional,individual,4,0.12903225806451613,10.006961822509766,29,0.996041142148897
aligned,The city is demolishing our neighborhood for a new,institutional_govt_citizen_2,institutional,individual,5,0.16129032258064516,10.169611930847168,28,1.1572955215815455
aligned,The city is demolishing our neighborhood for a new,institutional_govt_citizen_2,institutional,individual,6,0.1935483870967742,10.246397018432617,15,1.3632274810224771
aligned,The city is demolishing our neighborhood for a new,institutional_govt_citizen_2,institutional,individual,7,0.22580645161290322,10.26664924621582,21,1.4765610483009368
aligned,The city is demolishing our neighborhood for a new,institutional_govt_citizen_2,institutional,individual,8,0.25806451612903225,10.161338806152344,19,1.0421951193129644
aligned,The city is demolishing our neighborhood for a new,institutional_govt_citizen_2,institutional,individual,9,0.2903225806451613,10.147684097290039,25,1.2988083350937814
aligned,The city is demolishing our neighborhood for a new,institutional_govt_citizen_2,institutional,individual,10,0.3225806451612903,10.037555694580078,26,1.3025306863710284
aligned,The city is demolishing our neighborhood for a new,institutional_govt_citizen_2,institutional,individual,11,0.3548387096774194,10.385068893432617,16,1.7147678034380078
aligned,The city is demolishing our neighborhood for a new,institutional_govt_citizen_2,institutional,individual,12,0.3870967741935484,10.256205558776855,20,1.1494287631940097
aligned,The city is demolishing our neighborhood for a new,institutional_govt_citizen_2,institutional,individual,13,0.41935483870967744,9.652783393859863,27,0.9601207869127393
aligned,The city is demolishing our neighborhood for a new,institutional_govt_citizen_2,institutional,individual,14,0.45161290322580644,10.028221130371094,24,1.1290033076220425
aligned,The city is demolishing our neighborhood for a new,institutional_govt_citizen_2,institutional,individual,15,0.4838709677419355,9.373680114746094,43,1.5510565461590886
aligned,The city is demolishing our neighborhood for a new,institutional_govt_citizen_2,institutional,individual,16,0.5161290322580645,8.52244758605957,30,1.112563872768078
aligned,The city is demolishing our neighborhood for a new,institutional_govt_citizen_2,institutional,individual,17,0.5483870967741935,8.853282928466797,36,0.9675029523205012
aligned,The city is demolishing our neighborhood for a new,institutional_govt_citizen_2,institutional,individual,18,0.5806451612903226,6.3145222663879395,28,0.9216709438478574
aligned,The city is demolishing our neighborhood for a new,institutional_govt_citizen_2,institutional,individual,19,0.6129032258064516,8.061009407043457,63,1.3153143227100372
aligned,The city is demolishing our neighborhood for a new,institutional_govt_citizen_2,institutional,individual,20,0.6451612903225806,5.3518524169921875,28,0.7092333887703717
aligned,The city is demolishing our neighborhood for a new,institutional_govt_citizen_2,institutional,individual,21,0.6774193548387096,6.669243812561035,39,0.6159960948862135
aligned,The city is demolishing our neighborhood for a new,institutional_govt_citizen_2,institutional,individual,22,0.7096774193548387,7.912229537963867,68,0.6337507006246597
aligned,The city is demolishing our neighborhood for a new,institutional_govt_citizen_2,institutional,individual,23,0.7419354838709677,8.634525299072266,58,1.0036445455625653
aligned,The city is demolishing our neighborhood for a new,institutional_govt_citizen_2,institutional,individual,24,0.7741935483870968,8.499775886535645,81,0.7486287609208375
aligned,The city is demolishing our neighborhood for a new,institutional_govt_citizen_2,institutional,individual,25,0.8064516129032258,8.565008163452148,86,0.6990975858643651
aligned,The city is demolishing our neighborhood for a new,institutional_govt_citizen_2,institutional,individual,26,0.8387096774193549,8.096539497375488,86,0.593649226357229
aligned,The city is demolishing our neighborhood for a new,institutional_govt_citizen_2,institutional,individual,27,0.8709677419354839,7.589301109313965,79,1.2695000190287828
aligned,The city is demolishing our neighborhood for a new,institutional_govt_citizen_2,institutional,individual,28,0.9032258064516129,6.900669574737549,89,0.6077880395750981
aligned,The city is demolishing our neighborhood for a new,institutional_govt_citizen_2,institutional,individual,29,0.9354838709677419,5.579363822937012,85,0.8607354778796434
aligned,The city is demolishing our neighborhood for a new,institutional_govt_citizen_2,institutional,individual,30,0.967741935483871,4.781195163726807,98,0.8213621685281396
aligned,The city is demolishing our neighborhood for a new,institutional_govt_citizen_2,institutional,individual,31,1.0,4.6645636558532715,79,1.2591087222099304
aligned,Residents are blocking our infrastructure project ,institutional_govt_agency_2,institutional,institution,0,0.0,4.263282775878906,9,1.7497116904705763
aligned,Residents are blocking our infrastructure project ,institutional_govt_agency_2,institutional,institution,1,0.03225806451612903,8.58946418762207,20,1.3315116199664772
aligned,Residents are blocking our infrastructure project ,institutional_govt_agency_2,institutional,institution,2,0.06451612903225806,10.003172874450684,18,0.8745496504707262
aligned,Residents are blocking our infrastructure project ,institutional_govt_agency_2,institutional,institution,3,0.0967741935483871,9.905311584472656,23,1.1529276021756232
aligned,Residents are blocking our infrastructure project ,institutional_govt_agency_2,institutional,institution,4,0.12903225806451613,10.200551986694336,18,0.8740097023546696
aligned,Residents are blocking our infrastructure project ,institutional_govt_agency_2,institutional,institution,5,0.16129032258064516,10.413284301757812,14,0.9786982359364629
aligned,Residents are blocking our infrastructure project ,institutional_govt_agency_2,institutional,institution,6,0.1935483870967742,10.375314712524414,16,1.0975767155177891
aligned,Residents are blocking our infrastructure project ,institutional_govt_agency_2,institutional,institution,7,0.22580645161290322,10.373163223266602,12,1.1807676416356117
aligned,Residents are blocking our infrastructure project ,institutional_govt_agency_2,institutional,institution,8,0.25806451612903225,10.35319709777832,15,0.9584505630191416
aligned,Residents are blocking our infrastructure project ,institutional_govt_agency_2,institutional,institution,9,0.2903225806451613,10.200969696044922,29,1.1890518418513238
aligned,Residents are blocking our infrastructure project ,institutional_govt_agency_2,institutional,institution,10,0.3225806451612903,10.16187572479248,24,1.1400063498876989
aligned,Residents are blocking our infrastructure project ,institutional_govt_agency_2,institutional,institution,11,0.3548387096774194,10.221668243408203,27,1.3084770436398685
aligned,Residents are blocking our infrastructure project ,institutional_govt_agency_2,institutional,institution,12,0.3870967741935484,10.146466255187988,27,0.977957499679178
aligned,Residents are blocking our infrastructure project ,institutional_govt_agency_2,institutional,institution,13,0.41935483870967744,9.564359664916992,47,0.6762917451560497
aligned,Residents are blocking our infrastructure project ,institutional_govt_agency_2,institutional,institution,14,0.45161290322580644,10.082100868225098,25,0.8528166331816465
aligned,Residents are blocking our infrastructure project ,institutional_govt_agency_2,institutional,institution,15,0.4838709677419355,9.8425931930542,25,1.2345353029668331
aligned,Residents are blocking our infrastructure project ,institutional_govt_agency_2,institutional,institution,16,0.5161290322580645,9.043741226196289,26,0.8360094595118426
aligned,Residents are blocking our infrastructure project ,institutional_govt_agency_2,institutional,institution,17,0.5483870967741935,9.155143737792969,27,0.817517647985369
aligned,Residents are blocking our infrastructure project ,institutional_govt_agency_2,institutional,institution,18,0.5806451612903226,8.78672981262207,39,0.8236600160598755
aligned,Residents are blocking our infrastructure project ,institutional_govt_agency_2,institutional,institution,19,0.6129032258064516,8.9974946975708,37,1.0704196100123227
aligned,Residents are blocking our infrastructure project ,institutional_govt_agency_2,institutional,institution,20,0.6451612903225806,7.589894771575928,46,0.5596692209946923
aligned,Residents are blocking our infrastructure project ,institutional_govt_agency_2,institutional,institution,21,0.6774193548387096,7.5466814041137695,39,0.582661512424238
aligned,Residents are blocking our infrastructure project ,institutional_govt_agency_2,institutional,institution,22,0.7096774193548387,6.973414421081543,45,0.6302759393583983
aligned,Residents are blocking our infrastructure project ,institutional_govt_agency_2,institutional,institution,23,0.7419354838709677,7.474437713623047,48,0.7846460107248276
aligned,Residents are blocking our infrastructure project ,institutional_govt_agency_2,institutional,institution,24,0.7741935483870968,6.042930603027344,54,0.5485009762924165
aligned,Residents are blocking our infrastructure project ,institutional_govt_agency_2,institutional,institution,25,0.8064516129032258,5.77023983001709,62,0.5761587033048272
aligned,Residents are blocking our infrastructure project ,institutional_govt_agency_2,institutional,institution,26,0.8387096774193549,5.118599891662598,62,0.43956449814140797
aligned,Residents are blocking our infrastructure project ,institutional_govt_agency_2,institutional,institution,27,0.8709677419354839,4.629042625427246,57,0.9113484895788133
aligned,Residents are blocking our infrastructure project ,institutional_govt_agency_2,institutional,institution,28,0.9032258064516129,4.003543853759766,67,0.4923551301471889
aligned,Residents are blocking our infrastructure project ,institutional_govt_agency_2,institutional,institution,29,0.9354838709677419,3.9265003204345703,81,0.8052099365741014
aligned,Residents are blocking our infrastructure project ,institutional_govt_agency_2,institutional,institution,30,0.967741935483871,4.19884729385376,99,0.5382835192140192
aligned,Residents are blocking our infrastructure project ,institutional_govt_agency_2,institutional,institution,31,1.0,6.018801689147949,135,1.1320237014442682
aligned,Inequality is rising and wages are stagnant. I sho,institutional_political_citizen_1,institutional,individual,0,0.0,8.355127334594727,31,1.8244440238922834
aligned,Inequality is rising and wages are stagnant. I sho,institutional_political_citizen_1,institutional,individual,1,0.03225806451612903,9.96759033203125,29,1.3488345425575972
aligned,Inequality is rising and wages are stagnant. I sho,institutional_political_citizen_1,institutional,individual,2,0.06451612903225806,10.206778526306152,15,0.9766982897854177
aligned,Inequality is rising and wages are stagnant. I sho,institutional_political_citizen_1,institutional,individual,3,0.0967741935483871,10.218198776245117,18,1.2789712115190923
aligned,Inequality is rising and wages are stagnant. I sho,institutional_political_citizen_1,institutional,individual,4,0.12903225806451613,10.286871910095215,14,0.9716686985921115
aligned,Inequality is rising and wages are stagnant. I sho,institutional_political_citizen_1,institutional,individual,5,0.16129032258064516,10.366106033325195,6,1.0648985634325072
aligned,Inequality is rising and wages are stagnant. I sho,institutional_political_citizen_1,institutional,individual,6,0.1935483870967742,10.318236351013184,10,1.2602792249526829
aligned,Inequality is rising and wages are stagnant. I sho,institutional_political_citizen_1,institutional,individual,7,0.22580645161290322,10.303597450256348,10,1.3042284757830203
aligned,Inequality is rising and wages are stagnant. I sho,institutional_political_citizen_1,institutional,individual,8,0.25806451612903225,10.32723617553711,11,1.0645719019230455
aligned,Inequality is rising and wages are stagnant. I sho,institutional_political_citizen_1,institutional,individual,9,0.2903225806451613,10.279864311218262,16,1.2001537319738418
aligned,Inequality is rising and wages are stagnant. I sho,institutional_political_citizen_1,institutional,individual,10,0.3225806451612903,10.20781135559082,21,1.034012173069641
aligned,Inequality is rising and wages are stagnant. I sho,institutional_political_citizen_1,institutional,individual,11,0.3548387096774194,10.113970756530762,20,1.4513001292943954
aligned,Inequality is rising and wages are stagnant. I sho,institutional_political_citizen_1,institutional,individual,12,0.3870967741935484,10.022601127624512,26,1.2109532868489623
aligned,Inequality is rising and wages are stagnant. I sho,institutional_political_citizen_1,institutional,individual,13,0.41935483870967744,10.0604248046875,30,0.9843368618749082
aligned,Inequality is rising and wages are stagnant. I sho,institutional_political_citizen_1,institutional,individual,14,0.45161290322580644,10.271608352661133,24,1.122753028292209
aligned,Inequality is rising and wages are stagnant. I sho,institutional_political_citizen_1,institutional,individual,15,0.4838709677419355,9.673530578613281,42,1.3551757079549134
aligned,Inequality is rising and wages are stagnant. I sho,institutional_political_citizen_1,institutional,individual,16,0.5161290322580645,9.562987327575684,48,0.9686160512501374
aligned,Inequality is rising and wages are stagnant. I sho,institutional_political_citizen_1,institutional,individual,17,0.5483870967741935,9.63274097442627,44,1.0698114527622238
aligned,Inequality is rising and wages are stagnant. I sho,institutional_political_citizen_1,institutional,individual,18,0.5806451612903226,8.322369575500488,62,0.8996423631906509
aligned,Inequality is rising and wages are stagnant. I sho,institutional_political_citizen_1,institutional,individual,19,0.6129032258064516,7.993599891662598,66,0.9246358587406576
aligned,Inequality is rising and wages are stagnant. I sho,institutional_political_citizen_1,institutional,individual,20,0.6451612903225806,6.145638465881348,63,0.6832425901084207
aligned,Inequality is rising and wages are stagnant. I sho,institutional_political_citizen_1,institutional,individual,21,0.6774193548387096,5.274900436401367,62,0.6566648271400481
aligned,Inequality is rising and wages are stagnant. I sho,institutional_political_citizen_1,institutional,individual,22,0.7096774193548387,3.1328797340393066,25,0.5514360015513375
aligned,Inequality is rising and wages are stagnant. I sho,institutional_political_citizen_1,institutional,individual,23,0.7419354838709677,2.9421308040618896,24,0.6421250901184976
aligned,Inequality is rising and wages are stagnant. I sho,institutional_political_citizen_1,institutional,individual,24,0.7741935483870968,2.039241075515747,14,0.3708151701139286
aligned,Inequality is rising and wages are stagnant. I sho,institutional_political_citizen_1,institutional,individual,25,0.8064516129032258,2.2142391204833984,16,0.4141723858192563
aligned,Inequality is rising and wages are stagnant. I sho,institutional_political_citizen_1,institutional,individual,26,0.8387096774193549,2.113955020904541,15,0.4180657186661847
aligned,Inequality is rising and wages are stagnant. I sho,institutional_political_citizen_1,institutional,individual,27,0.8709677419354839,1.8711469173431396,16,0.7493376485072076
aligned,Inequality is rising and wages are stagnant. I sho,institutional_political_citizen_1,institutional,individual,28,0.9032258064516129,1.520985722541809,15,0.5483427064027637
aligned,Inequality is rising and wages are stagnant. I sho,institutional_political_citizen_1,institutional,individual,29,0.9354838709677419,1.6774787902832031,20,0.6681310971034691
aligned,Inequality is rising and wages are stagnant. I sho,institutional_political_citizen_1,institutional,individual,30,0.967741935483871,1.50519597530365,20,0.5761105879209936
aligned,Inequality is rising and wages are stagnant. I sho,institutional_political_citizen_1,institutional,individual,31,1.0,5.6422553062438965,79,0.9727290412411094
aligned,Inequality is rising and our party needs to win th,institutional_political_party_1,institutional,institution,0,0.0,5.258539199829102,10,1.9393238390330225
aligned,Inequality is rising and our party needs to win th,institutional_political_party_1,institutional,institution,1,0.03225806451612903,9.07275390625,20,1.408370012883097
aligned,Inequality is rising and our party needs to win th,institutional_political_party_1,institutional,institution,2,0.06451612903225806,9.408676147460938,21,1.0748293697834015
aligned,Inequality is rising and our party needs to win th,institutional_political_party_1,institutional,institution,3,0.0967741935483871,9.163623809814453,31,1.403841002844274
aligned,Inequality is rising and our party needs to win th,institutional_political_party_1,institutional,institution,4,0.12903225806451613,9.490167617797852,22,1.0388063910068013
aligned,Inequality is rising and our party needs to win th,institutional_political_party_1,institutional,institution,5,0.16129032258064516,9.760120391845703,18,1.0032123734708875
aligned,Inequality is rising and our party needs to win th,institutional_political_party_1,institutional,institution,6,0.1935483870967742,10.004579544067383,30,1.2789239883422852
aligned,Inequality is rising and our party needs to win th,institutional_political_party_1,institutional,institution,7,0.22580645161290322,10.109173774719238,18,1.447543627815321
aligned,Inequality is rising and our party needs to win th,institutional_political_party_1,institutional,institution,8,0.25806451612903225,9.943443298339844,25,1.182593282952439
aligned,Inequality is rising and our party needs to win th,institutional_political_party_1,institutional,institution,9,0.2903225806451613,9.779394149780273,32,1.3592176591046154
aligned,Inequality is rising and our party needs to win th,institutional_political_party_1,institutional,institution,10,0.3225806451612903,9.710281372070312,31,1.3007613295922056
aligned,Inequality is rising and our party needs to win th,institutional_political_party_1,institutional,institution,11,0.3548387096774194,10.172624588012695,26,1.5646183751523495
aligned,Inequality is rising and our party needs to win th,institutional_political_party_1,institutional,institution,12,0.3870967741935484,9.804580688476562,25,1.2326636393554509
aligned,Inequality is rising and our party needs to win th,institutional_political_party_1,institutional,institution,13,0.41935483870967744,9.954540252685547,28,1.006485279998742
aligned,Inequality is rising and our party needs to win th,institutional_political_party_1,institutional,institution,14,0.45161290322580644,9.836462020874023,18,1.2416391693986952
aligned,Inequality is rising and our party needs to win th,institutional_political_party_1,institutional,institution,15,0.4838709677419355,9.991382598876953,25,1.6509606968611479
aligned,Inequality is rising and our party needs to win th,institutional_political_party_1,institutional,institution,16,0.5161290322580645,7.86690092086792,20,1.0986161426408216
aligned,Inequality is rising and our party needs to win th,institutional_political_party_1,institutional,institution,17,0.5483870967741935,3.4343395233154297,14,1.0317051471211016
aligned,Inequality is rising and our party needs to win th,institutional_political_party_1,institutional,institution,18,0.5806451612903226,0.05468491092324257,1,0.8656293178210035
aligned,Inequality is rising and our party needs to win th,institutional_political_party_1,institutional,institution,19,0.6129032258064516,0.25051143765449524,1,1.1471874765120447
aligned,Inequality is rising and our party needs to win th,institutional_political_party_1,institutional,institution,20,0.6451612903225806,0.6804168224334717,4,0.6417360829655081
aligned,Inequality is rising and our party needs to win th,institutional_political_party_1,institutional,institution,21,0.6774193548387096,0.7879295349121094,4,0.5642632734961808
aligned,Inequality is rising and our party needs to win th,institutional_political_party_1,institutional,institution,22,0.7096774193548387,0.4809400737285614,4,0.7460525406349916
aligned,Inequality is rising and our party needs to win th,institutional_political_party_1,institutional,institution,23,0.7419354838709677,1.731187105178833,13,0.8041330082342029
aligned,Inequality is rising and our party needs to win th,institutional_political_party_1,institutional,institution,24,0.7741935483870968,0.17219683527946472,2,0.675474846502766
aligned,Inequality is rising and our party needs to win th,institutional_political_party_1,institutional,institution,25,0.8064516129032258,0.6024837493896484,7,0.5545573331182823
aligned,Inequality is rising and our party needs to win th,institutional_political_party_1,institutional,institution,26,0.8387096774193549,1.522125244140625,19,0.5180201806360856
aligned,Inequality is rising and our party needs to win th,institutional_political_party_1,institutional,institution,27,0.8709677419354839,0.6497399806976318,8,1.0818629548884928
aligned,Inequality is rising and our party needs to win th,institutional_political_party_1,institutional,institution,28,0.9032258064516129,1.575491189956665,23,0.4795699151000008
aligned,Inequality is rising and our party needs to win th,institutional_political_party_1,institutional,institution,29,0.9354838709677419,3.3395612239837646,62,0.8194835196482018
aligned,Inequality is rising and our party needs to win th,institutional_political_party_1,institutional,institution,30,0.967741935483871,4.340887546539307,88,0.5794033465208486
aligned,Inequality is rising and our party needs to win th,institutional_political_party_1,institutional,institution,31,1.0,6.040458679199219,123,0.8622009406899451
