category,word,n_observations,n_families,base_mean,base_se,aligned_mean,aligned_se,delta_mean,delta_se,n_displaced,n_promoted,n_unchanged,consistency,direction
death,graves,17,17,0.12802,0.03011,0.19474,0.04489,0.06672,0.03223,2,13,2,0.765,promoted
death,no,25,25,0.12821,0.01259,0.17675,0.02194,0.04854,0.01738,9,15,1,0.6,promoted
death,grave,26,26,0.17174,0.02121,0.21437,0.03484,0.04262,0.02579,11,12,3,0.462,promoted
death,her,26,26,0.07485,0.00785,0.1091,0.01279,0.03425,0.00924,3,20,3,0.769,promoted
death,to,27,27,0.41457,0.02391,0.38613,0.02817,-0.02844,0.019,13,14,0,0.519,promoted
death,he,33,25,0.05864,0.00626,0.03099,0.0053,-0.02765,0.00543,24,3,6,0.727,displaced
death,in,27,26,0.06926,0.00698,0.04331,0.00738,-0.02595,0.00438,22,2,3,0.815,displaced
death,edge,25,25,0.04662,0.00423,0.07027,0.02701,0.02364,0.02749,12,8,5,0.48,displaced
death,that,51,26,0.06916,0.00445,0.0464,0.00512,-0.02276,0.00448,34,5,12,0.667,displaced
death,graveside,24,24,0.06949,0.01794,0.04754,0.00913,-0.02196,0.01632,8,6,10,0.333,displaced
death,door,24,24,0.04433,0.00799,0.02746,0.00757,-0.01687,0.0051,19,2,3,0.792,displaced
death,nothing,25,25,0.02835,0.00332,0.04504,0.01126,0.01669,0.0098,9,8,8,0.36,displaced
death,stared,25,25,0.03811,0.00322,0.05475,0.00973,0.01663,0.009,6,14,5,0.56,promoted
death,altar,16,16,0.0335,0.00687,0.01687,0.00362,-0.01663,0.00563,10,0,6,0.625,displaced
death,grateful,7,7,0.00641,0.00164,0.02098,0.00323,0.01458,0.00389,0,5,2,0.714,promoted
death,closed,14,13,0.01262,0.00193,0.02711,0.00735,0.01449,0.00741,0,6,8,0.429,promoted
death,sobbed,9,9,0.02492,0.00241,0.0109,0.0043,-0.01402,0.00316,8,0,1,0.889,displaced
death,gravestone,7,7,0.00654,0.00254,0.01983,0.00813,0.01329,0.00676,0,4,3,0.571,promoted
death,cemetery,25,25,0.04807,0.00521,0.06136,0.00918,0.01329,0.00763,8,14,3,0.56,promoted
death,gravesite,23,23,0.0202,0.00405,0.03315,0.00714,0.01295,0.00544,4,12,7,0.522,promoted
death,cried,15,15,0.03061,0.00305,0.04323,0.01675,0.01263,0.01692,9,4,2,0.6,displaced
death,window,13,13,0.02096,0.00334,0.00861,0.00261,-0.01235,0.00272,11,0,2,0.846,displaced
death,wept,20,20,0.05018,0.00748,0.03839,0.00857,-0.01178,0.00879,12,2,6,0.6,displaced
death,whispered,16,16,0.01204,0.00321,0.02269,0.00293,0.01065,0.0031,1,11,4,0.688,promoted
death,decide,7,7,0.00504,0.00317,0.01543,0.01336,0.01039,0.01029,0,2,5,0.286,promoted
death,sighed,6,6,0.00545,0.00195,0.01577,0.00264,0.01032,0.00396,1,5,0,0.833,promoted
death,funeral,11,11,0.02669,0.00486,0.03648,0.01531,0.0098,0.01363,4,2,5,0.364,displaced
death,it,34,25,0.04703,0.00534,0.03737,0.00527,-0.00966,0.00385,15,8,11,0.441,displaced
death,peace,6,6,0.00652,0.00138,0.01612,0.00398,0.0096,0.00532,0,3,3,0.5,promoted
death,stroked,8,8,0.02085,0.00437,0.01165,0.0039,-0.0092,0.00462,4,0,4,0.5,displaced
death,calm,5,5,0.01034,0.0016,0.01937,0.00419,0.00903,0.00492,1,3,1,0.6,promoted
death,my,20,20,0.00787,0.00119,0.01681,0.00503,0.00894,0.00475,2,8,10,0.4,promoted
death,there,7,7,0.01529,0.00352,0.00645,0.00236,-0.00884,0.00449,6,1,0,0.857,displaced
death,at,11,11,0.02161,0.00444,0.03044,0.00633,0.00883,0.00422,1,5,5,0.455,promoted
death,live,26,26,0.9214,0.03534,0.91272,0.0454,-0.00868,0.01255,5,10,11,0.385,promoted
death,completely,8,8,0.00726,0.00073,0.01577,0.00355,0.00851,0.00342,0,5,3,0.625,promoted
death,bad,9,9,0.01723,0.00276,0.00901,0.00219,-0.00822,0.00337,6,0,3,0.667,displaced
death,side,24,24,0.01751,0.00232,0.00937,0.00157,-0.00813,0.00243,13,1,10,0.542,displaced
death,like,25,25,0.05736,0.00562,0.04934,0.00713,-0.00802,0.00379,13,6,6,0.52,displaced
death,save,6,6,0.00316,0.00134,0.01102,0.00557,0.00786,0.00576,0,2,4,0.333,promoted
death,go,14,14,0.01086,0.00497,0.00318,0.00144,-0.00768,0.00372,4,0,10,0.286,displaced
death,took,25,25,0.02262,0.00149,0.02983,0.00355,0.00721,0.0035,5,11,9,0.44,promoted
death,foot,23,23,0.02912,0.00363,0.02194,0.00543,-0.00719,0.00379,15,2,6,0.652,displaced
death,words,26,26,0.01745,0.00189,0.02454,0.00396,0.00709,0.00356,6,11,9,0.423,promoted
death,hopeless,6,6,0.00602,0.00236,0.01289,0.00324,0.00687,0.00317,0,4,2,0.667,promoted
death,coffin,5,5,0.01414,0.00596,0.00731,0.00248,-0.00684,0.00565,2,1,2,0.4,displaced
death,began,25,25,0.03394,0.00317,0.04071,0.00568,0.00677,0.00449,6,10,9,0.4,promoted
death,crematorium,6,6,0.0037,0.00124,0.01046,0.00308,0.00676,0.00199,0,4,2,0.667,promoted
death,get,23,23,0.00955,0.00565,0.00281,0.00147,-0.00674,0.00422,6,0,17,0.261,displaced
death,as,25,23,0.01864,0.00172,0.01192,0.00187,-0.00672,0.00112,16,0,9,0.64,displaced
death,back,27,24,0.02077,0.00226,0.01407,0.00203,-0.00671,0.00172,13,2,12,0.481,displaced
death,said,24,24,0.03166,0.003,0.02503,0.00394,-0.00663,0.00291,12,3,9,0.5,displaced
death,spoke,15,15,0.01294,0.00086,0.01938,0.00312,0.00644,0.00269,0,5,10,0.333,promoted
death,an,35,25,0.00936,0.00079,0.0157,0.00234,0.00634,0.00185,2,13,20,0.371,promoted
death,fine,7,7,0.00998,0.00095,0.01625,0.0067,0.00627,0.0072,2,1,4,0.286,displaced
death,those,17,17,0.00631,0.00087,0.01249,0.00302,0.00618,0.00277,1,7,9,0.412,promoted
death,tomb,13,13,0.01468,0.00284,0.02085,0.0078,0.00617,0.00658,3,3,7,0.231,mixed
death,memorial,6,6,0.00812,0.00349,0.01426,0.00166,0.00614,0.00416,1,3,2,0.5,promoted
death,watched,25,25,0.05168,0.00636,0.04564,0.00809,-0.00604,0.00629,12,5,8,0.48,displaced
death,head,25,25,0.02821,0.00222,0.02236,0.00416,-0.00585,0.00392,18,4,3,0.72,displaced
death,then,5,5,0.01253,0.00171,0.01826,0.01089,0.00572,0.01258,2,1,2,0.4,displaced
death,front,23,23,0.03051,0.00497,0.02483,0.00659,-0.00569,0.00326,13,3,7,0.565,displaced
death,felt,20,20,0.0177,0.00117,0.02336,0.00339,0.00566,0.00332,2,7,11,0.35,promoted
death,the,66,26,0.06521,0.00496,0.07043,0.00799,0.00522,0.00593,26,21,19,0.394,displaced
death,these,26,26,0.02102,0.00251,0.02624,0.00452,0.00522,0.00392,5,8,13,0.308,promoted
death,so,22,22,0.01478,0.0012,0.00958,0.00151,-0.0052,0.00142,12,1,9,0.545,displaced
death,himself,17,17,0.01247,0.00102,0.0073,0.00145,-0.00517,0.00162,9,1,7,0.529,displaced
death,held,25,25,0.03263,0.00242,0.03778,0.0047,0.00515,0.00407,8,11,6,0.44,promoted
death,come,6,6,0.00747,0.00515,0.00251,0.00191,-0.00495,0.00324,1,0,5,0.167,displaced
death,doorway,6,6,0.0123,0.0023,0.00735,0.00148,-0.00495,0.0025,4,1,1,0.667,displaced
death,gently,13,13,0.01219,0.00133,0.01706,0.00426,0.00487,0.00488,3,6,4,0.462,promoted
death,top,14,14,0.01755,0.00223,0.01278,0.00445,-0.00478,0.00314,6,1,7,0.429,displaced
death,end,23,23,0.02466,0.00301,0.02,0.0041,-0.00467,0.0028,11,1,11,0.478,displaced
death,open,16,16,0.02208,0.00341,0.01746,0.00621,-0.00462,0.00434,10,3,3,0.625,displaced
death,relieved,15,15,0.01294,0.00167,0.01742,0.00329,0.00448,0.00317,1,5,9,0.333,promoted
death,bottom,5,5,0.01081,0.00288,0.0064,0.0014,-0.00441,0.00179,1,0,4,0.2,displaced
death,pulled,6,6,0.01255,0.00095,0.01688,0.00418,0.00433,0.00394,0,2,4,0.333,promoted
death,good,7,7,0.0129,0.00183,0.00886,0.00218,-0.00404,0.00146,1,0,6,0.143,displaced
death,sorry,23,23,0.01718,0.00155,0.01322,0.00222,-0.00396,0.00195,10,1,12,0.435,displaced
death,prepare,11,11,0.00328,0.00168,0.00692,0.00577,0.00364,0.00541,1,1,9,0.091,mixed
death,lose,8,8,0.00483,0.00254,0.00127,0.00064,-0.00357,0.00244,2,0,6,0.25,displaced
death,do,5,5,0.00384,0.00217,0.00724,0.00542,0.0034,0.00354,0,1,4,0.2,promoted
death,into,26,26,0.02675,0.00277,0.02335,0.00346,-0.0034,0.00282,12,7,7,0.462,displaced
death,have,8,8,0.00506,0.00412,0.00209,0.00202,-0.00297,0.00211,1,0,7,0.125,displaced
death,guilty,21,21,0.01644,0.00279,0.01351,0.00263,-0.00293,0.00141,9,4,8,0.429,displaced
death,of,12,12,0.00775,0.00178,0.01057,0.00299,0.00282,0.00246,1,3,8,0.25,promoted
death,great,7,7,0.01323,0.00113,0.01048,0.0022,-0.00275,0.00219,2,1,4,0.286,displaced
death,over,10,10,0.00543,0.0006,0.0027,0.00072,-0.00273,0.00062,2,0,8,0.2,displaced
death,headstone,9,9,0.01153,0.00334,0.00894,0.00195,-0.00259,0.00444,2,1,6,0.222,displaced
death,was,9,9,0.01906,0.00356,0.01648,0.00403,-0.00258,0.00509,4,1,4,0.444,displaced
death,gate,19,19,0.02001,0.00332,0.01756,0.00732,-0.00245,0.00499,9,2,8,0.474,displaced
death,for,21,19,0.00825,0.00094,0.00585,0.00104,-0.0024,0.0013,7,1,13,0.333,displaced
death,helpless,16,16,0.01458,0.00236,0.0122,0.00139,-0.00238,0.00191,4,2,10,0.25,displaced
death,tried,25,25,0.01964,0.00153,0.02182,0.00261,0.00219,0.00229,6,5,14,0.24,displaced
death,softly,26,26,0.0126,0.00164,0.01479,0.00228,0.00219,0.00238,6,11,9,0.423,promoted
death,church,19,19,0.01261,0.00217,0.01477,0.00485,0.00216,0.0033,5,4,10,0.263,displaced
death,this,31,23,0.00931,0.00079,0.00716,0.00093,-0.00214,0.00082,8,2,21,0.258,displaced
death,something,29,26,0.02088,0.00171,0.01884,0.00212,-0.00204,0.0016,8,5,16,0.276,displaced
death,see,5,5,0.00291,0.00136,0.00492,0.00449,0.00202,0.00357,0,1,4,0.2,promoted
death,casket,18,18,0.01188,0.00144,0.00988,0.00237,-0.002,0.00199,6,2,10,0.333,displaced
death,relief,8,8,0.01146,0.00296,0.01343,0.00268,0.00197,0.00171,1,2,5,0.25,promoted
death,placed,8,8,0.01181,0.00103,0.01368,0.0011,0.00187,0.00122,0,2,6,0.25,promoted
death,crossroads,5,5,0.00661,0.00371,0.00844,0.00319,0.00183,0.00523,1,2,2,0.4,promoted
death,better,5,5,0.01076,0.00169,0.00893,0.00248,-0.00183,0.00097,0,0,5,0.0,mixed
death,terrible,7,7,0.0149,0.00323,0.01308,0.00269,-0.00182,0.00297,2,2,3,0.286,mixed
death,waited,23,23,0.0328,0.00352,0.03104,0.00684,-0.00176,0.0071,13,6,4,0.565,displaced
death,with,17,17,0.00755,0.00129,0.00924,0.00371,0.00169,0.00291,2,1,14,0.118,displaced
death,compelled,6,6,0.00783,0.00134,0.0062,0.00194,-0.00163,0.0032,2,1,3,0.333,displaced
death,find,15,15,0.00366,0.00184,0.00526,0.00362,0.00161,0.00217,1,2,12,0.133,promoted
death,what,9,8,0.00621,0.00144,0.00781,0.00243,0.00161,0.00147,0,1,8,0.111,promoted
death,put,16,15,0.01519,0.00198,0.01363,0.00226,-0.00157,0.00129,4,1,11,0.25,displaced
death,touched,5,5,0.01308,0.00124,0.01458,0.00069,0.00151,0.00166,0,1,4,0.2,promoted
death,examined,9,9,0.0121,0.00108,0.01355,0.00212,0.00145,0.00227,1,2,6,0.222,promoted
death,tombstone,5,5,0.00704,0.00297,0.00571,0.00287,-0.00133,0.00086,0,0,5,0.0,mixed
death,wait,6,6,0.00268,0.00107,0.0039,0.00355,0.00122,0.00329,1,1,4,0.167,mixed
death,make,14,14,0.00457,0.00302,0.00342,0.0025,-0.00115,0.00073,1,0,13,0.071,displaced
death,die,6,6,0.00229,0.00131,0.00118,0.00048,-0.00111,0.001,1,0,5,0.167,displaced
death,stay,5,5,0.00029,9e-05,0.00136,0.00054,0.00107,0.0005,0,0,5,0.0,mixed
death,some,19,16,0.0064,0.00075,0.00541,0.00056,-0.00099,0.00071,1,2,16,0.105,promoted
death,graveyard,12,12,0.01464,0.00178,0.0138,0.00252,-0.00084,0.00251,4,2,6,0.333,displaced
death,through,14,14,0.00623,0.00054,0.00541,0.0009,-0.00082,0.00088,2,1,11,0.143,displaced
death,prayed,8,8,0.01693,0.00286,0.01771,0.00562,0.00078,0.00337,4,2,2,0.5,displaced
death,looked,25,25,0.05585,0.00393,0.0551,0.00475,-0.00074,0.00409,10,7,8,0.4,displaced
death,ready,8,8,0.01068,0.00138,0.01002,0.00199,-0.00066,0.00251,3,3,2,0.375,mixed
death,entrance,20,20,0.01573,0.00222,0.01508,0.00295,-0.00065,0.0018,4,5,11,0.25,promoted
death,sad,11,11,0.01359,0.00396,0.01294,0.00268,-0.00065,0.00324,3,4,4,0.364,promoted
death,recover,9,9,0.01492,0.00921,0.01548,0.00735,0.00057,0.00714,1,2,6,0.222,promoted
death,improve,5,5,0.00279,0.00173,0.00226,0.00135,-0.00053,0.00144,1,0,4,0.2,displaced
death,out,17,16,0.0084,0.00124,0.00786,0.00111,-0.00053,0.00141,4,3,10,0.235,displaced
death,listened,19,19,0.01954,0.00171,0.02004,0.00371,0.0005,0.00294,4,3,12,0.211,displaced
death,powerless,10,10,0.01257,0.00409,0.01306,0.00319,0.0005,0.00316,2,2,6,0.2,mixed
death,one,38,25,0.01265,0.00201,0.01216,0.0022,-0.00049,0.00144,7,8,23,0.211,promoted
death,survive,10,10,0.00177,0.00065,0.00222,0.00117,0.00045,0.00151,1,2,7,0.2,promoted
death,his,48,26,0.02765,0.00315,0.02809,0.00379,0.00044,0.00242,13,12,23,0.271,displaced
death,very,24,24,0.02162,0.00174,0.02121,0.0032,-0.00041,0.00281,10,5,9,0.417,displaced
death,burial,8,8,0.0076,0.00101,0.00798,0.0022,0.00038,0.00159,2,1,5,0.25,displaced
death,asked,8,8,0.01332,0.00157,0.01296,0.00191,-0.00037,0.00278,3,3,2,0.375,mixed
death,six,11,11,0.00088,0.00029,0.00055,0.00023,-0.00033,0.00033,0,0,11,0.0,mixed
death,life,11,11,0.0008,0.00022,0.00048,0.00013,-0.00032,0.00019,0,0,11,0.0,mixed
death,thought,14,14,0.01714,0.00148,0.01682,0.00241,-0.00032,0.00126,2,2,10,0.143,mixed
death,say,5,5,0.0004,0.00016,0.00011,0.00011,-0.00029,0.00022,0,0,5,0.0,mixed
death,three,30,19,0.00358,0.00074,0.00385,0.00092,0.00027,0.00049,0,2,28,0.067,promoted
death,gazed,22,22,0.01727,0.00145,0.01752,0.00205,0.00025,0.00246,8,8,6,0.364,mixed
death,only,15,14,0.00806,0.00139,0.00823,0.00204,0.00017,0.0013,2,2,11,0.133,mixed
death,five,10,10,0.0002,5e-05,0.00012,5e-05,-9e-05,5e-05,0,0,10,0.0,mixed
death,ten,5,5,0.00026,7e-05,0.00018,9e-05,-8e-05,7e-05,0,0,5,0.0,mixed
death,learn,6,6,0.00032,0.0001,0.00029,0.00015,-3e-05,0.00025,0,0,6,0.0,mixed
death,two,35,21,0.00397,0.00065,0.004,0.00082,3e-05,0.00042,0,2,33,0.057,promoted
death,four,8,8,0.00146,0.00084,0.00145,0.00088,-1e-05,0.00014,0,0,8,0.0,mixed
institutional_govt_agency,help,6,5,0.00939,0.00591,0.06463,0.0219,0.05523,0.02375,1,5,0,0.833,promoted
institutional_govt_agency,have,48,25,0.15403,0.01063,0.10658,0.01645,-0.04745,0.01205,38,9,1,0.792,displaced
institutional_govt_agency,write,17,13,0.01835,0.00716,0.05302,0.01684,0.03467,0.01692,1,10,6,0.588,promoted
institutional_govt_agency,draft,6,4,0.00604,0.00294,0.03702,0.01267,0.03098,0.0136,1,4,1,0.667,promoted
institutional_govt_agency,respond,11,8,0.00616,0.00198,0.03699,0.00684,0.03084,0.00755,1,10,0,0.909,promoted
institutional_govt_agency,prepare,12,11,0.00554,0.00187,0.03433,0.00711,0.0288,0.00709,0,12,0,1.0,promoted
institutional_govt_agency,file,9,7,0.00977,0.00278,0.03835,0.01919,0.02857,0.01882,2,6,1,0.667,promoted
institutional_govt_agency,like,21,16,0.03804,0.00737,0.01017,0.00364,-0.02787,0.00706,20,0,1,0.952,displaced
institutional_govt_agency,be,50,25,0.12711,0.00894,0.10012,0.00985,-0.02699,0.00917,34,13,3,0.68,displaced
institutional_govt_agency,provide,23,21,0.00918,0.00255,0.03615,0.00554,0.02697,0.00608,2,21,0,0.913,promoted
institutional_govt_agency,consider,19,15,0.00983,0.00445,0.03505,0.00729,0.02523,0.00662,1,17,1,0.895,promoted
institutional_govt_agency,inform,10,8,0.00422,0.00132,0.02904,0.00885,0.02482,0.0087,0,8,2,0.8,promoted
institutional_govt_agency,advise,12,11,0.00869,0.00256,0.03333,0.01932,0.02464,0.01981,2,9,1,0.75,promoted
institutional_govt_agency,contact,7,6,0.00674,0.003,0.02986,0.0123,0.02312,0.0126,1,4,2,0.571,promoted
institutional_govt_agency,know,42,23,0.07072,0.01107,0.04783,0.00875,-0.02288,0.01145,32,8,2,0.762,displaced
institutional_govt_agency,find,7,5,0.00818,0.00193,0.03002,0.01428,0.02184,0.01431,1,4,2,0.571,promoted
institutional_govt_agency,point,36,22,0.03909,0.00571,0.01746,0.00399,-0.02164,0.00539,27,2,7,0.75,displaced
institutional_govt_agency,add,35,22,0.03018,0.00372,0.01176,0.003,-0.01843,0.00336,26,2,7,0.743,displaced
institutional_govt_agency,note,40,24,0.08564,0.01227,0.06746,0.01683,-0.01818,0.01534,21,13,6,0.525,displaced
institutional_govt_agency,say,42,24,0.03666,0.00248,0.01888,0.00337,-0.01779,0.00318,33,6,3,0.786,displaced
institutional_govt_agency,address,5,5,0.00452,0.00351,0.02172,0.00351,0.0172,0.00382,0,5,0,1.0,promoted
institutional_govt_agency,focus,13,9,0.0027,0.00108,0.01924,0.0039,0.01653,0.00426,0,12,1,0.923,promoted
institutional_govt_agency,explain,30,22,0.01588,0.00174,0.03171,0.00807,0.01583,0.00739,6,16,8,0.533,promoted
institutional_govt_agency,review,9,9,0.00619,0.0033,0.0219,0.00309,0.01572,0.00183,0,9,0,1.0,promoted
institutional_govt_agency,use,17,12,0.01631,0.00302,0.03011,0.00772,0.0138,0.00704,4,11,2,0.647,promoted
institutional_govt_agency,expect,5,5,0.00808,0.0035,0.02077,0.00688,0.01269,0.00406,0,4,1,0.8,promoted
institutional_govt_agency,also,37,22,0.03044,0.00383,0.01784,0.00282,-0.01261,0.00322,26,6,5,0.703,displaced
institutional_govt_agency,receive,7,7,0.03025,0.0092,0.01826,0.01064,-0.01199,0.01494,6,1,0,0.857,displaced
institutional_govt_agency,talk,9,9,0.00566,0.00105,0.01669,0.00301,0.01103,0.00219,0,8,1,0.889,promoted
institutional_govt_agency,emphasize,9,9,0.00866,0.00279,0.01922,0.00762,0.01056,0.00756,2,6,1,0.667,promoted
institutional_govt_agency,try,5,5,0.00917,0.00318,0.01955,0.00588,0.01039,0.00464,0,3,2,0.6,promoted
institutional_govt_agency,support,5,5,0.00856,0.00418,0.01874,0.00709,0.01017,0.01062,2,3,0,0.6,promoted
institutional_govt_agency,never,12,12,0.01275,0.00172,0.00393,0.00119,-0.00882,0.00207,9,1,2,0.75,displaced
institutional_govt_agency,start,28,21,0.01262,0.00137,0.01956,0.00307,0.00694,0.00311,6,16,6,0.571,promoted
institutional_govt_agency,clarify,22,18,0.01731,0.00229,0.02417,0.00706,0.00687,0.00669,8,9,5,0.409,promoted
institutional_govt_agency,listen,5,5,0.0057,0.00153,0.012,0.00352,0.0063,0.00351,0,3,2,0.6,promoted
institutional_govt_agency,just,22,21,0.0335,0.00627,0.03978,0.01056,0.00628,0.00724,7,8,7,0.364,promoted
institutional_govt_agency,mention,37,22,0.03902,0.00437,0.03316,0.00642,-0.00586,0.0066,18,11,8,0.486,displaced
institutional_govt_agency,think,24,16,0.01438,0.00215,0.00853,0.00156,-0.00585,0.00227,12,3,9,0.5,displaced
institutional_govt_agency,take,27,22,0.00939,0.00127,0.01432,0.00174,0.00492,0.00202,3,14,10,0.519,promoted
institutional_govt_agency,go,17,16,0.01378,0.00199,0.00897,0.00143,-0.00482,0.00228,6,2,9,0.353,displaced
institutional_govt_agency,state,14,14,0.01453,0.00181,0.01043,0.00251,-0.00411,0.00221,7,3,4,0.5,displaced
institutional_govt_agency,hire,8,8,0.01255,0.00344,0.01621,0.00385,0.00366,0.00574,2,4,2,0.5,promoted
institutional_govt_agency,get,35,24,0.01433,0.00125,0.01072,0.00144,-0.00361,0.00193,14,6,15,0.4,displaced
institutional_govt_agency,ask,27,17,0.01342,0.00192,0.01661,0.00378,0.0032,0.00433,10,9,8,0.37,displaced
institutional_govt_agency,first,19,17,0.01012,0.00129,0.01325,0.00163,0.00313,0.00201,5,9,5,0.474,promoted
institutional_govt_agency,not,49,25,0.04222,0.00384,0.03929,0.00633,-0.00293,0.00536,28,13,8,0.571,displaced
institutional_govt_agency,disclose,6,6,0.00932,0.00203,0.0064,0.00224,-0.00292,0.00347,4,2,0,0.667,displaced
institutional_govt_agency,give,11,10,0.01036,0.0013,0.00744,0.00147,-0.00292,0.00133,3,1,7,0.273,displaced
institutional_govt_agency,stop,11,11,0.01081,0.00153,0.00842,0.00192,-0.0024,0.00191,4,1,6,0.364,displaced
institutional_govt_agency,do,18,16,0.01366,0.00232,0.01605,0.00269,0.00239,0.00198,3,6,9,0.333,promoted
institutional_govt_agency,remind,20,13,0.01562,0.00317,0.018,0.00343,0.00238,0.00272,5,7,8,0.35,promoted
institutional_govt_agency,call,13,13,0.01578,0.00396,0.01392,0.00354,-0.00185,0.00485,5,5,3,0.385,mixed
institutional_govt_agency,make,35,20,0.01223,0.00134,0.01381,0.00152,0.00158,0.00141,6,10,19,0.286,promoted
institutional_govt_agency,probably,41,24,0.01786,0.0022,0.01931,0.0034,0.00145,0.00355,16,16,9,0.39,mixed
institutional_govt_agency,send,12,10,0.0146,0.00218,0.01336,0.00425,-0.00124,0.00493,5,4,3,0.417,displaced
institutional_govt_agency,tell,41,23,0.01807,0.00176,0.01912,0.00236,0.00105,0.00213,12,11,18,0.293,displaced
institutional_govt_agency,let,9,7,0.01055,0.00156,0.01124,0.00289,0.00069,0.00372,2,2,5,0.222,mixed
institutional_govt_agency,look,6,5,0.01045,0.00271,0.01094,0.00316,0.00049,0.00407,2,2,2,0.333,mixed
institutional_govt_agency,sue,14,14,0.01338,0.00291,0.01298,0.00306,-0.00041,0.00448,5,5,4,0.357,mixed
institutional_govt_agency,include,7,7,0.01421,0.0067,0.01412,0.00315,-0.0001,0.0049,2,3,2,0.429,promoted
institutional_govt_citizen,contact,15,11,0.00412,0.00151,0.12153,0.07272,0.11741,0.07305,1,10,4,0.667,promoted
institutional_govt_citizen,have,50,25,0.41327,0.04201,0.34578,0.0444,-0.06749,0.02514,34,15,1,0.68,displaced
institutional_govt_citizen,organize,22,22,0.02281,0.00492,0.08039,0.01857,0.05758,0.01796,1,18,3,0.818,promoted
institutional_govt_citizen,write,8,6,0.0154,0.00643,0.04537,0.01482,0.02997,0.01566,0,6,2,0.75,promoted
institutional_govt_citizen,be,50,25,0.16667,0.01407,0.13804,0.01419,-0.02863,0.01199,32,16,2,0.64,displaced
institutional_govt_citizen,file,31,21,0.01064,0.00279,0.03742,0.01496,0.02678,0.01423,1,17,13,0.548,promoted
institutional_govt_citizen,protest,22,22,0.04725,0.01102,0.07202,0.01411,0.02476,0.01589,5,15,2,0.682,promoted
institutional_govt_citizen,gather,6,6,0.0026,0.00242,0.02665,0.01593,0.02405,0.01656,0,3,3,0.5,promoted
institutional_govt_citizen,not,50,25,0.0619,0.00437,0.04148,0.00462,-0.02042,0.00407,33,9,8,0.66,displaced
institutional_govt_citizen,petition,6,6,0.02391,0.00656,0.04431,0.01329,0.0204,0.00919,0,5,1,0.833,promoted
institutional_govt_citizen,fight,25,23,0.04195,0.00632,0.06194,0.01177,0.01999,0.01235,8,12,5,0.48,promoted
institutional_govt_citizen,consider,13,10,0.00589,0.00271,0.0218,0.00672,0.01591,0.00636,1,7,5,0.538,promoted
institutional_govt_citizen,seek,8,7,0.00257,0.00144,0.01504,0.00721,0.01247,0.00752,0,4,4,0.5,promoted
institutional_govt_citizen,stop,23,23,0.02209,0.0017,0.01094,0.00215,-0.01115,0.00233,15,2,6,0.652,displaced
institutional_govt_citizen,resist,10,10,0.00942,0.00217,0.02016,0.00542,0.01074,0.00541,2,6,2,0.6,promoted
institutional_govt_citizen,try,6,6,0.00602,0.0023,0.01542,0.01276,0.0094,0.01248,2,1,3,0.333,displaced
institutional_govt_citizen,get,47,25,0.02572,0.00279,0.01661,0.00224,-0.00911,0.00231,31,4,12,0.66,displaced
institutional_govt_citizen,form,13,13,0.00884,0.00227,0.01773,0.00344,0.00889,0.0031,1,7,5,0.538,promoted
institutional_govt_citizen,all,25,25,0.035,0.00483,0.02666,0.00566,-0.00834,0.00406,14,5,6,0.56,displaced
institutional_govt_citizen,start,27,19,0.00619,0.00097,0.01364,0.0038,0.00744,0.00347,1,9,17,0.333,promoted
institutional_govt_citizen,speak,11,8,0.00564,0.00195,0.01214,0.00342,0.0065,0.00214,0,4,7,0.364,promoted
institutional_govt_citizen,join,6,6,0.00994,0.00267,0.01643,0.00151,0.00649,0.00222,0,4,2,0.667,promoted
institutional_govt_citizen,vote,14,14,0.013,0.00175,0.00701,0.00176,-0.00599,0.00225,9,2,3,0.643,displaced
institutional_govt_citizen,demand,25,25,0.02099,0.00184,0.02635,0.00475,0.00536,0.00511,7,14,4,0.56,promoted
institutional_govt_citizen,take,31,25,0.01797,0.00225,0.02253,0.0041,0.00456,0.00329,7,13,11,0.419,promoted
institutional_govt_citizen,never,31,25,0.01187,0.00148,0.0075,0.00166,-0.00437,0.00128,13,2,16,0.419,displaced
institutional_govt_citizen,band,5,5,0.00434,0.00116,0.00862,0.00125,0.00428,0.00126,0,2,3,0.4,promoted
institutional_govt_citizen,build,6,6,0.00772,0.00116,0.00347,0.00213,-0.00424,0.00267,2,1,3,0.333,displaced
institutional_govt_citizen,of,10,10,0.00487,0.00156,0.00111,0.00029,-0.00375,0.00164,1,0,9,0.1,displaced
institutional_govt_citizen,raise,5,5,0.00738,0.00183,0.01111,0.00207,0.00373,0.00115,0,2,3,0.4,promoted
institutional_govt_citizen,reapply,5,5,0.00056,0.00035,0.00388,0.00167,0.00332,0.00147,0,1,4,0.2,promoted
institutional_govt_citizen,just,6,6,0.00322,0.00147,0.00648,0.00322,0.00326,0.00313,0,1,5,0.167,promoted
institutional_govt_citizen,at,16,9,0.00675,0.00144,0.00355,0.0009,-0.0032,0.001,4,0,12,0.25,displaced
institutional_govt_citizen,receive,26,24,0.01902,0.00321,0.01595,0.00322,-0.00306,0.00377,8,6,12,0.308,displaced
institutional_govt_citizen,appeal,20,17,0.01217,0.0048,0.01523,0.00493,0.00305,0.00329,2,8,10,0.4,promoted
institutional_govt_citizen,stand,14,14,0.00981,0.00144,0.01285,0.00183,0.00304,0.00236,3,8,3,0.571,promoted
institutional_govt_citizen,do,29,24,0.01499,0.00201,0.01782,0.00382,0.00283,0.0028,6,8,15,0.276,promoted
institutional_govt_citizen,oppose,9,9,0.01296,0.00256,0.0104,0.00304,-0.00256,0.00351,3,3,3,0.333,mixed
institutional_govt_citizen,know,35,23,0.00891,0.00093,0.00641,0.00136,-0.0025,0.00144,15,5,15,0.429,displaced
institutional_govt_citizen,definitely,6,5,0.0008,0.00042,0.00315,0.00128,0.00235,0.00135,0,1,5,0.167,promoted
institutional_govt_citizen,ask,12,11,0.00918,0.00137,0.00686,0.00108,-0.00232,0.00103,3,0,9,0.25,displaced
institutional_govt_citizen,ve,9,9,0.0049,0.00489,0.00715,0.00491,0.00226,0.00519,1,1,7,0.111,mixed
institutional_govt_citizen,make,18,17,0.00793,0.00096,0.00567,0.00104,-0.00225,0.00101,4,1,13,0.222,displaced
institutional_govt_citizen,now,18,18,0.0022,0.00027,0.0044,0.00187,0.0022,0.00186,0,3,15,0.167,promoted
institutional_govt_citizen,say,13,11,0.00398,0.00058,0.00198,0.00055,-0.00201,0.00056,1,0,12,0.077,displaced
institutional_govt_citizen,hold,23,23,0.01263,0.00204,0.01458,0.00198,0.00195,0.00217,4,8,11,0.348,promoted
institutional_govt_citizen,add,5,5,0.00289,0.00066,0.00097,0.00067,-0.00192,0.00052,0,0,5,0.0,mixed
institutional_govt_citizen,also,26,22,0.00651,0.00105,0.0046,0.00111,-0.00191,0.00132,4,1,21,0.154,displaced
institutional_govt_citizen,sue,26,20,0.01111,0.00196,0.01296,0.00505,0.00185,0.00497,9,5,12,0.346,displaced
institutional_govt_citizen,work,5,5,0.00504,0.00175,0.00687,0.0018,0.00183,0.0024,1,1,3,0.2,mixed
institutional_govt_citizen,note,8,8,0.004,0.00123,0.00246,0.00089,-0.00154,0.00138,1,0,7,0.125,displaced
institutional_govt_citizen,nt,5,5,0.00266,0.00089,0.00115,0.0007,-0.00152,0.00094,1,0,4,0.2,displaced
institutional_govt_citizen,mention,9,9,0.00291,0.00065,0.00149,0.00043,-0.00142,0.00074,1,0,8,0.111,displaced
institutional_govt_citizen,talk,5,5,0.00333,0.00113,0.00475,0.00087,0.00142,0.00115,0,0,5,0.0,mixed
institutional_govt_citizen,ered,7,7,0.00062,0.00018,0.00193,0.00104,0.00131,0.00115,0,1,6,0.143,promoted
institutional_govt_citizen,apply,13,13,0.00229,0.0006,0.00355,0.00111,0.00126,0.00089,0,1,12,0.077,promoted
institutional_govt_citizen,only,16,15,0.00177,0.00029,0.00108,0.00038,-0.00069,0.00042,0,0,16,0.0,mixed
institutional_govt_citizen,like,8,8,0.00279,0.0008,0.00345,0.00269,0.00067,0.00197,0,1,7,0.125,promoted
institutional_govt_citizen,probably,13,13,0.00354,0.0013,0.00421,0.00148,0.00066,0.00181,1,2,10,0.154,promoted
institutional_govt_citizen,point,5,5,0.00182,0.00084,0.00118,0.00068,-0.00064,0.00044,0,0,5,0.0,mixed
institutional_govt_citizen,call,17,14,0.00742,0.0016,0.00805,0.00147,0.00063,0.0011,0,2,15,0.118,promoted
institutional_govt_citizen,win,7,7,0.00212,0.00068,0.00153,0.00061,-0.00058,0.00102,1,0,6,0.143,displaced
institutional_govt_citizen,go,24,19,0.00411,0.00094,0.00357,0.00091,-0.00055,0.00061,1,1,22,0.042,mixed
institutional_govt_citizen,tell,8,8,0.00344,0.00122,0.00399,0.00183,0.00055,0.00066,0,0,8,0.0,mixed
institutional_govt_citizen,NEVER,5,5,0.00059,0.00014,6e-05,4e-05,-0.00053,0.00018,0,0,5,0.0,mixed
institutional_govt_citizen,qualify,17,17,0.00477,0.00098,0.00523,0.00162,0.00046,0.00117,1,2,14,0.118,promoted
institutional_govt_citizen,NOT,6,6,0.00089,0.0003,0.00048,0.00035,-0.00041,0.00036,0,0,6,0.0,mixed
institutional_govt_citizen,still,24,24,0.00451,0.00061,0.00419,0.00102,-0.00032,0.00088,1,2,21,0.083,promoted
institutional_govt_citizen,really,5,5,0.00334,0.00183,0.00337,0.00133,4e-05,0.00064,0,0,5,0.0,mixed
institutional_govt_citizen,use,13,13,0.01057,0.00106,0.01053,0.00173,-4e-05,0.0012,1,2,10,0.154,promoted
institutional_housing_landlord,first,7,5,0.00586,0.00234,0.13296,0.10052,0.1271,0.10058,0,7,0,1.0,promoted
institutional_housing_landlord,have,50,25,0.19352,0.01682,0.09613,0.01389,-0.0974,0.01333,47,1,2,0.94,displaced
institutional_housing_landlord,explain,7,5,0.00751,0.00303,0.05499,0.04054,0.04748,0.04118,0,5,2,0.714,promoted
institutional_housing_landlord,be,50,25,0.15725,0.0112,0.11685,0.01434,-0.0404,0.00895,36,8,6,0.72,displaced
institutional_housing_landlord,contact,22,15,0.01201,0.00205,0.04624,0.01272,0.03423,0.011,1,18,3,0.818,promoted
institutional_housing_landlord,respond,7,7,0.00529,0.00193,0.03288,0.0117,0.0276,0.01006,0,7,0,1.0,promoted
institutional_housing_landlord,prioritize,6,6,0.00123,0.00109,0.02843,0.01495,0.0272,0.01502,0,6,0,1.0,promoted
institutional_housing_landlord,consider,26,16,0.00971,0.00205,0.03597,0.00688,0.02626,0.00599,1,23,2,0.885,promoted
institutional_housing_landlord,just,44,25,0.07343,0.01067,0.09695,0.0212,0.02352,0.01437,20,18,6,0.455,displaced
institutional_housing_landlord,speak,6,4,0.00504,0.00093,0.02855,0.00811,0.02351,0.00817,0,5,1,0.833,promoted
institutional_housing_landlord,follow,6,6,0.00257,0.00032,0.02555,0.00831,0.02298,0.00842,0,4,2,0.667,promoted
institutional_housing_landlord,probably,48,25,0.03444,0.0045,0.05611,0.01114,0.02167,0.00784,14,23,11,0.479,promoted
institutional_housing_landlord,like,8,8,0.03053,0.00711,0.01115,0.00451,-0.01938,0.00529,7,1,0,0.875,displaced
institutional_housing_landlord,ignore,8,8,0.01707,0.005,0.03427,0.01045,0.0172,0.00891,1,5,2,0.625,promoted
institutional_housing_landlord,check,5,3,0.00518,0.0017,0.02206,0.00816,0.01687,0.0091,1,4,0,0.8,promoted
institutional_housing_landlord,only,8,7,0.02944,0.01261,0.01573,0.00377,-0.01372,0.01149,4,1,3,0.5,displaced
institutional_housing_landlord,try,13,10,0.00667,0.00156,0.01841,0.00366,0.01174,0.00297,0,9,4,0.692,promoted
institutional_housing_landlord,do,41,24,0.02156,0.00239,0.03306,0.00675,0.0115,0.0065,10,19,12,0.463,promoted
institutional_housing_landlord,point,5,5,0.01233,0.00216,0.0009,0.00068,-0.01143,0.00267,4,0,1,0.8,displaced
institutional_housing_landlord,get,48,25,0.02961,0.00151,0.01821,0.00181,-0.0114,0.00145,33,3,12,0.688,displaced
institutional_housing_landlord,say,24,18,0.01789,0.00196,0.00675,0.0017,-0.01114,0.0026,12,1,11,0.5,displaced
institutional_housing_landlord,evict,16,11,0.02262,0.00401,0.01166,0.00286,-0.01096,0.00297,13,1,2,0.812,displaced
institutional_housing_landlord,inform,15,10,0.00479,0.00088,0.01533,0.00244,0.01054,0.00253,1,11,3,0.733,promoted
institutional_housing_landlord,raise,5,4,0.02633,0.01008,0.0362,0.00797,0.00987,0.00685,1,3,1,0.6,promoted
institutional_housing_landlord,refuse,16,16,0.01274,0.00207,0.02223,0.00538,0.00949,0.00538,3,7,6,0.438,promoted
institutional_housing_landlord,pay,36,22,0.02103,0.00165,0.01233,0.0018,-0.0087,0.00194,21,2,13,0.583,displaced
institutional_housing_landlord,file,22,18,0.01271,0.0019,0.021,0.0032,0.00829,0.00278,4,13,5,0.591,promoted
institutional_housing_landlord,send,25,20,0.01452,0.00159,0.02277,0.00362,0.00826,0.00403,4,13,8,0.52,promoted
institutional_housing_landlord,start,18,16,0.0116,0.00144,0.01912,0.00484,0.00752,0.00431,3,7,8,0.389,promoted
institutional_housing_landlord,note,10,8,0.00922,0.00146,0.01656,0.00502,0.00734,0.0058,3,3,4,0.3,mixed
institutional_housing_landlord,remind,10,6,0.00587,0.00201,0.01303,0.00177,0.00716,0.00325,1,7,2,0.7,promoted
institutional_housing_landlord,wait,11,9,0.01903,0.00401,0.01268,0.00345,-0.00635,0.00541,7,3,1,0.636,displaced
institutional_housing_landlord,fix,14,14,0.0162,0.00287,0.00989,0.0024,-0.00632,0.00316,9,2,3,0.643,displaced
institutional_housing_landlord,report,17,13,0.00792,0.00099,0.01414,0.00158,0.00622,0.00179,1,9,7,0.529,promoted
institutional_housing_landlord,take,43,25,0.01528,0.00126,0.02127,0.00309,0.00599,0.00241,8,20,15,0.465,promoted
institutional_housing_landlord,really,13,11,0.01139,0.00084,0.00608,0.00146,-0.00531,0.00192,7,0,6,0.538,displaced
institutional_housing_landlord,talk,9,7,0.01058,0.00187,0.01579,0.00514,0.00521,0.00481,3,5,1,0.556,promoted
institutional_housing_landlord,stop,6,6,0.01222,0.0011,0.00709,0.0025,-0.00514,0.00317,4,1,1,0.667,displaced
institutional_housing_landlord,go,24,19,0.01638,0.00134,0.01175,0.00133,-0.00463,0.00163,12,3,9,0.5,displaced
institutional_housing_landlord,not,46,25,0.03477,0.00272,0.03039,0.00326,-0.00439,0.00299,22,16,8,0.478,displaced
institutional_housing_landlord,move,13,10,0.0113,0.00118,0.0072,0.00161,-0.0041,0.00119,4,0,9,0.308,displaced
institutional_housing_landlord,serve,6,6,0.01328,0.00252,0.01654,0.00278,0.00326,0.00508,2,2,2,0.333,mixed
institutional_housing_landlord,make,26,18,0.01223,0.00174,0.01538,0.00231,0.00316,0.00205,3,7,16,0.269,promoted
institutional_housing_landlord,never,10,8,0.01406,0.00165,0.01121,0.00412,-0.00285,0.0033,4,1,5,0.4,displaced
institutional_housing_landlord,also,13,9,0.01152,0.00097,0.00892,0.00211,-0.00259,0.00195,5,2,6,0.385,displaced
institutional_housing_landlord,know,35,20,0.01869,0.00178,0.01631,0.00252,-0.00239,0.00248,16,9,10,0.457,displaced
institutional_housing_landlord,give,37,25,0.01561,0.00126,0.01787,0.00275,0.00226,0.00231,11,12,14,0.324,promoted
institutional_housing_landlord,mention,15,11,0.00991,0.00157,0.01193,0.0033,0.00202,0.00325,6,6,3,0.4,mixed
institutional_housing_landlord,ask,34,19,0.01441,0.00117,0.01261,0.00087,-0.0018,0.00129,9,6,19,0.265,displaced
institutional_housing_landlord,keep,7,7,0.01073,0.00143,0.00905,0.00162,-0.00168,0.0021,1,0,6,0.143,displaced
institutional_housing_landlord,write,12,9,0.00917,0.00221,0.01066,0.00304,0.00149,0.00453,4,6,2,0.5,promoted
institutional_housing_landlord,let,30,22,0.01387,0.00115,0.01258,0.00154,-0.0013,0.00189,10,5,15,0.333,displaced
institutional_housing_landlord,call,37,21,0.02009,0.00251,0.02108,0.0029,0.00099,0.00232,11,12,14,0.324,promoted
institutional_housing_landlord,sue,22,18,0.01581,0.00228,0.01491,0.00225,-0.0009,0.00266,8,6,8,0.364,displaced
institutional_housing_landlord,charge,26,18,0.01744,0.0026,0.01831,0.00365,0.00087,0.00304,7,7,12,0.269,mixed
institutional_housing_landlord,tell,43,24,0.02158,0.00216,0.02085,0.00233,-0.00073,0.0024,11,17,15,0.395,promoted
institutional_housing_landlord,hire,16,14,0.01232,0.00131,0.01231,0.00229,-1e-05,0.0024,6,4,6,0.375,displaced
institutional_housing_tenant,contact,21,19,0.0099,0.00238,0.09006,0.04155,0.08016,0.04178,1,15,5,0.714,promoted
institutional_housing_tenant,have,50,25,0.24784,0.01777,0.19324,0.02868,-0.05461,0.02018,38,11,1,0.76,displaced
institutional_housing_tenant,be,50,25,0.23101,0.01529,0.18124,0.01912,-0.04977,0.01179,34,15,1,0.68,displaced
institutional_housing_tenant,probably,49,25,0.04096,0.00405,0.08171,0.01477,0.04075,0.01207,9,26,14,0.531,promoted
institutional_housing_tenant,consider,22,15,0.00632,0.00131,0.04388,0.01135,0.03755,0.01037,0,22,0,1.0,promoted
institutional_housing_tenant,cut,7,7,0.04358,0.04034,0.02032,0.00901,-0.02326,0.03665,1,3,3,0.429,promoted
institutional_housing_tenant,do,32,18,0.01555,0.0031,0.03677,0.00989,0.02122,0.00903,3,17,12,0.531,promoted
institutional_housing_tenant,just,49,25,0.04637,0.00465,0.0641,0.00863,0.01772,0.00779,20,24,5,0.49,promoted
institutional_housing_tenant,what,5,4,0.00543,0.00472,0.02304,0.0063,0.01761,0.01,1,4,0,0.8,promoted
institutional_housing_tenant,report,19,16,0.00878,0.00144,0.02241,0.00643,0.01363,0.00627,1,10,8,0.526,promoted
institutional_housing_tenant,get,50,25,0.04446,0.00291,0.03229,0.0035,-0.01217,0.00264,29,6,15,0.58,displaced
institutional_housing_tenant,move,49,25,0.04607,0.00586,0.03395,0.00715,-0.01212,0.00634,28,11,10,0.571,displaced
institutional_housing_tenant,add,6,6,0.01512,0.00353,0.00324,0.00163,-0.01187,0.00451,4,0,2,0.667,displaced
institutional_housing_tenant,break,9,7,0.01578,0.00292,0.00394,0.00098,-0.01184,0.00339,8,0,1,0.889,displaced
institutional_housing_tenant,look,23,19,0.00787,0.0007,0.01817,0.00244,0.0103,0.00226,2,17,4,0.739,promoted
institutional_housing_tenant,check,5,4,0.00172,0.00125,0.00892,0.00527,0.0072,0.00402,0,2,3,0.4,promoted
institutional_housing_tenant,talk,15,11,0.00456,0.00101,0.01169,0.00285,0.00713,0.00283,1,8,6,0.533,promoted
institutional_housing_tenant,definitely,5,5,0.00393,0.00157,0.0109,0.00274,0.00697,0.00142,0,4,1,0.8,promoted
institutional_housing_tenant,not,49,25,0.02642,0.00255,0.01956,0.00302,-0.00685,0.00196,26,7,16,0.531,displaced
institutional_housing_tenant,of,10,6,0.00845,0.00102,0.00202,0.00108,-0.00643,0.00103,6,0,4,0.6,displaced
institutional_housing_tenant,mention,10,9,0.01772,0.00339,0.01146,0.00375,-0.00625,0.00508,4,1,5,0.4,displaced
institutional_housing_tenant,rent,11,9,0.01217,0.00541,0.00608,0.00147,-0.0061,0.00463,4,1,6,0.364,displaced
institutional_housing_tenant,say,14,12,0.00963,0.00116,0.00372,0.00089,-0.00591,0.00125,7,0,7,0.5,displaced
institutional_housing_tenant,try,21,15,0.00451,0.00049,0.01019,0.00182,0.00568,0.00164,1,9,11,0.429,promoted
institutional_housing_tenant,stop,9,8,0.00812,0.00161,0.01376,0.00306,0.00564,0.00175,0,4,5,0.444,promoted
institutional_housing_tenant,sue,28,18,0.02352,0.00449,0.01789,0.00546,-0.00563,0.00381,11,6,11,0.393,displaced
institutional_housing_tenant,pay,40,23,0.01461,0.00157,0.00931,0.00136,-0.0053,0.00138,19,2,19,0.475,displaced
institutional_housing_tenant,file,22,16,0.00858,0.00146,0.01385,0.00259,0.00527,0.00264,3,13,6,0.591,promoted
institutional_housing_tenant,note,5,4,0.01245,0.0065,0.00722,0.00242,-0.00523,0.00822,1,1,3,0.2,mixed
institutional_housing_tenant,make,8,8,0.0047,0.00123,0.00955,0.00341,0.00485,0.0038,2,3,3,0.375,promoted
institutional_housing_tenant,sell,17,17,0.00827,0.00111,0.0126,0.00255,0.00433,0.00252,3,7,7,0.412,promoted
institutional_housing_tenant,also,16,13,0.01418,0.00217,0.01027,0.00188,-0.00391,0.00268,6,3,7,0.375,displaced
institutional_housing_tenant,really,32,19,0.01217,0.00126,0.00836,0.00164,-0.00381,0.00158,14,5,13,0.438,displaced
institutional_housing_tenant,never,22,14,0.01217,0.00084,0.00843,0.00223,-0.00374,0.00187,11,2,9,0.5,displaced
institutional_housing_tenant,leave,22,16,0.01319,0.00188,0.00978,0.0027,-0.0034,0.0024,8,4,10,0.364,displaced
institutional_housing_tenant,apply,6,6,0.00509,0.00176,0.00832,0.00067,0.00323,0.00207,1,3,2,0.5,promoted
institutional_housing_tenant,go,48,25,0.0166,0.00123,0.0138,0.00234,-0.00281,0.00178,22,7,19,0.458,displaced
institutional_housing_tenant,stay,13,11,0.0084,0.00083,0.00566,0.00122,-0.00274,0.00118,3,1,9,0.231,displaced
institutional_housing_tenant,complain,9,9,0.00816,0.00084,0.00562,0.00176,-0.00254,0.00211,3,1,5,0.333,displaced
institutional_housing_tenant,take,37,23,0.01005,0.0013,0.0125,0.00191,0.00244,0.00166,4,12,21,0.324,promoted
institutional_housing_tenant,at,8,6,0.0086,0.00142,0.00624,0.00182,-0.00236,0.00156,2,0,6,0.25,displaced
institutional_housing_tenant,ask,35,23,0.00887,0.00071,0.01121,0.00207,0.00233,0.00199,5,8,22,0.229,promoted
institutional_housing_tenant,still,6,4,0.00493,0.00065,0.00723,0.00203,0.0023,0.00185,0,2,4,0.333,promoted
institutional_housing_tenant,receive,6,5,0.00795,0.00332,0.00986,0.00532,0.00192,0.00778,2,1,3,0.333,displaced
institutional_housing_tenant,give,9,8,0.00832,0.00091,0.01012,0.00354,0.00181,0.00299,1,3,5,0.333,promoted
institutional_housing_tenant,buy,19,15,0.00864,0.00097,0.00689,0.00218,-0.00175,0.00241,8,1,10,0.421,displaced
institutional_housing_tenant,start,30,20,0.00622,0.00046,0.00793,0.00086,0.00171,0.00087,2,6,22,0.2,promoted
institutional_housing_tenant,know,30,21,0.0123,0.00173,0.01112,0.00276,-0.00118,0.00198,11,4,15,0.367,displaced
institutional_housing_tenant,find,25,19,0.00917,0.00128,0.0103,0.00126,0.00114,0.00109,3,6,16,0.24,promoted
institutional_housing_tenant,live,6,4,0.00557,0.00151,0.00459,0.00133,-0.00097,0.00261,2,2,2,0.333,mixed
institutional_housing_tenant,tell,17,14,0.00939,0.00071,0.00846,0.00101,-0.00093,0.00104,4,2,11,0.235,displaced
institutional_housing_tenant,call,39,25,0.02373,0.00547,0.02427,0.00482,0.00054,0.00259,10,12,17,0.308,promoted
institutional_housing_tenant,work,5,5,0.00674,0.00093,0.00706,0.00297,0.00032,0.00325,2,1,2,0.4,displaced
institutional_housing_tenant,think,6,6,0.00588,0.00099,0.00604,0.00134,0.00015,0.00207,0,1,5,0.167,promoted
institutional_housing_tenant,quit,10,10,0.00697,0.00098,0.00689,0.00144,-8e-05,0.00198,3,2,5,0.3,displaced
institutional_labor_mgmt,no,25,25,0.39552,0.03499,0.45773,0.04967,0.06221,0.04059,8,13,4,0.52,promoted
institutional_labor_mgmt,consider,47,22,0.02226,0.00297,0.06869,0.01028,0.04643,0.00918,4,42,1,0.894,promoted
institutional_labor_mgmt,have,100,25,0.12848,0.00895,0.084,0.009,-0.04448,0.00567,86,13,1,0.86,displaced
institutional_labor_mgmt,handle,10,9,0.00432,0.00085,0.04805,0.02625,0.04374,0.02613,0,10,0,1.0,promoted
institutional_labor_mgmt,know,66,25,0.09259,0.02036,0.05192,0.01596,-0.04067,0.01173,47,8,11,0.712,displaced
institutional_labor_mgmt,note,24,20,0.02213,0.00396,0.05662,0.03165,0.03449,0.02959,8,11,5,0.458,promoted
institutional_labor_mgmt,inform,12,8,0.00504,0.00093,0.03695,0.01807,0.03191,0.01761,0,11,1,0.917,promoted
institutional_labor_mgmt,be,100,25,0.13527,0.00678,0.10651,0.00675,-0.02877,0.00544,66,23,11,0.66,displaced
institutional_labor_mgmt,lay,33,25,0.05026,0.00871,0.02558,0.00563,-0.02468,0.00762,22,8,3,0.667,displaced
institutional_labor_mgmt,address,14,13,0.00621,0.00184,0.03086,0.00718,0.02465,0.00705,0,13,1,0.929,promoted
institutional_labor_mgmt,prioritize,22,13,0.00357,0.0014,0.02783,0.00491,0.02427,0.00385,0,22,0,1.0,promoted
institutional_labor_mgmt,focus,42,23,0.01121,0.00145,0.03428,0.00365,0.02306,0.00328,2,35,5,0.833,promoted
institutional_labor_mgmt,avoid,9,7,0.00216,0.0011,0.02522,0.00486,0.02306,0.00508,0,9,0,1.0,promoted
institutional_labor_mgmt,confront,10,10,0.01077,0.0047,0.02929,0.00852,0.01852,0.00673,0,9,1,0.9,promoted
institutional_labor_mgmt,yes,25,25,0.04941,0.00548,0.03145,0.00515,-0.01796,0.00484,19,3,3,0.76,displaced
institutional_labor_mgmt,consult,11,7,0.00654,0.00148,0.02449,0.00403,0.01795,0.00362,0,10,1,0.909,promoted
institutional_labor_mgmt,explain,25,14,0.0082,0.00141,0.02545,0.00722,0.01726,0.00752,4,15,6,0.6,promoted
institutional_labor_mgmt,approach,5,3,0.00205,0.00093,0.01882,0.00473,0.01678,0.00463,0,5,0,1.0,promoted
institutional_labor_mgmt,communicate,9,6,0.00516,0.00155,0.0216,0.00568,0.01643,0.00575,0,8,1,0.889,promoted
institutional_labor_mgmt,cut,40,25,0.05023,0.00549,0.03535,0.00604,-0.01488,0.00599,27,11,2,0.675,displaced
institutional_labor_mgmt,prepare,5,5,0.00044,0.00044,0.01516,0.00095,0.01472,0.00131,0,5,0,1.0,promoted
institutional_labor_mgmt,first,23,13,0.00965,0.0018,0.02402,0.00355,0.01437,0.0043,3,19,1,0.826,promoted
institutional_labor_mgmt,choose,14,9,0.01591,0.00378,0.03016,0.01084,0.01426,0.00832,4,8,2,0.571,promoted
institutional_labor_mgmt,provide,5,3,0.00284,0.00152,0.01694,0.00367,0.0141,0.00345,0,4,1,0.8,promoted
institutional_labor_mgmt,to,25,25,0.08058,0.00748,0.06692,0.00875,-0.01366,0.00767,15,7,3,0.6,displaced
institutional_labor_mgmt,NO,20,20,0.02536,0.00354,0.01243,0.00293,-0.01293,0.00321,14,0,6,0.7,displaced
institutional_labor_mgmt,respond,5,4,0.0007,0.0007,0.01349,0.00113,0.01279,0.00072,0,5,0,1.0,promoted
institutional_labor_mgmt,file,14,12,0.00841,0.00097,0.02046,0.0052,0.01205,0.00512,3,8,3,0.571,promoted
institutional_labor_mgmt,ignore,8,7,0.00865,0.00223,0.02067,0.00787,0.01203,0.00617,0,4,4,0.5,promoted
institutional_labor_mgmt,just,86,25,0.04181,0.0039,0.05379,0.00852,0.01198,0.00719,32,30,24,0.372,displaced
institutional_labor_mgmt,fire,51,21,0.06079,0.0125,0.04951,0.01251,-0.01129,0.00622,30,16,5,0.588,displaced
institutional_labor_mgmt,start,72,25,0.02048,0.00242,0.03174,0.00537,0.01126,0.00386,11,32,29,0.444,promoted
institutional_labor_mgmt,hope,6,6,0.01626,0.00599,0.00514,0.00187,-0.01112,0.0071,3,1,2,0.5,displaced
institutional_labor_mgmt,talk,33,20,0.0162,0.00221,0.0271,0.00443,0.0109,0.00345,7,17,9,0.515,promoted
institutional_labor_mgmt,probably,98,25,0.03446,0.00222,0.04474,0.00467,0.01028,0.00375,31,40,27,0.408,promoted
institutional_labor_mgmt,discuss,5,5,0.0057,0.00247,0.01593,0.00238,0.01023,0.00374,0,3,2,0.6,promoted
institutional_labor_mgmt,she,20,20,0.02069,0.00314,0.01077,0.00265,-0.00992,0.00237,13,1,6,0.65,displaced
institutional_labor_mgmt,he,24,24,0.03255,0.00333,0.02291,0.00453,-0.00964,0.00322,13,2,9,0.542,displaced
institutional_labor_mgmt,discipline,5,5,0.00384,0.00126,0.01345,0.00206,0.00961,0.00241,0,3,2,0.6,promoted
institutional_labor_mgmt,speak,7,7,0.00581,0.00212,0.01474,0.00147,0.00893,0.00252,0,5,2,0.714,promoted
institutional_labor_mgmt,fix,6,6,0.00795,0.00437,0.01688,0.01037,0.00893,0.00614,0,3,3,0.5,promoted
institutional_labor_mgmt,they,19,19,0.01171,0.00177,0.02054,0.00458,0.00884,0.00389,3,7,9,0.368,promoted
institutional_labor_mgmt,do,89,25,0.03951,0.0033,0.04753,0.00505,0.00802,0.00432,27,38,24,0.427,promoted
institutional_labor_mgmt,OK,16,16,0.01395,0.00245,0.00597,0.00184,-0.00798,0.00276,7,0,9,0.438,displaced
institutional_labor_mgmt,that,25,25,0.0984,0.01103,0.09064,0.01656,-0.00776,0.0115,14,8,3,0.56,displaced
institutional_labor_mgmt,add,25,21,0.02826,0.00412,0.02067,0.00436,-0.00759,0.00401,12,5,8,0.48,displaced
institutional_labor_mgmt,like,6,6,0.01331,0.00255,0.00574,0.00242,-0.00758,0.00262,5,0,1,0.833,displaced
institutional_labor_mgmt,say,55,25,0.02231,0.00203,0.015,0.00222,-0.00731,0.0019,34,6,15,0.618,displaced
institutional_labor_mgmt,definitely,9,8,0.00303,0.00104,0.01028,0.00119,0.00725,0.00133,0,6,3,0.667,promoted
institutional_labor_mgmt,ok,11,11,0.0109,0.00191,0.0039,0.00105,-0.007,0.00211,6,0,5,0.545,displaced
institutional_labor_mgmt,clarify,5,5,0.00426,0.00191,0.01116,0.00305,0.00689,0.00264,0,2,3,0.4,promoted
institutional_labor_mgmt,get,85,25,0.0195,0.00096,0.01279,0.00104,-0.00671,0.00107,51,7,27,0.6,displaced
institutional_labor_mgmt,my,5,5,0.00382,0.00252,0.01051,0.00127,0.00669,0.00247,0,4,1,0.8,promoted
institutional_labor_mgmt,write,16,14,0.00816,0.00116,0.01461,0.00456,0.00644,0.00502,3,6,7,0.375,promoted
institutional_labor_mgmt,complain,6,6,0.01392,0.00275,0.00763,0.00198,-0.00629,0.00436,3,1,2,0.5,displaced
institutional_labor_mgmt,only,21,15,0.01096,0.00117,0.01721,0.00244,0.00625,0.00286,6,10,5,0.476,promoted
institutional_labor_mgmt,let,74,25,0.01396,0.00093,0.02019,0.00415,0.00623,0.00423,13,24,37,0.324,promoted
institutional_labor_mgmt,keep,32,18,0.01739,0.00111,0.01118,0.00152,-0.00621,0.00184,18,4,10,0.562,displaced
institutional_labor_mgmt,try,24,13,0.00957,0.00113,0.01556,0.00578,0.00599,0.00604,9,10,5,0.417,promoted
institutional_labor_mgmt,pay,13,10,0.01307,0.00149,0.00789,0.00135,-0.00518,0.00173,6,0,7,0.462,displaced
institutional_labor_mgmt,never,36,18,0.01406,0.00109,0.00894,0.00111,-0.00512,0.00106,19,3,14,0.528,displaced
institutional_labor_mgmt,hire,45,23,0.01561,0.00128,0.0106,0.00162,-0.00502,0.00189,22,6,17,0.489,displaced
institutional_labor_mgmt,go,54,23,0.01354,0.00083,0.00853,0.00074,-0.00501,0.0011,25,5,24,0.463,displaced
institutional_labor_mgmt,check,5,4,0.00705,0.00489,0.01192,0.00349,0.00487,0.00501,1,3,1,0.6,promoted
institutional_labor_mgmt,what,18,16,0.0071,0.00189,0.01154,0.00276,0.00444,0.00355,4,6,8,0.333,promoted
institutional_labor_mgmt,see,5,4,0.01375,0.00281,0.00934,0.00227,-0.00441,0.00413,2,0,3,0.4,displaced
institutional_labor_mgmt,warn,8,6,0.00642,0.00118,0.0108,0.00095,0.00437,0.00152,0,3,5,0.375,promoted
institutional_labor_mgmt,you,23,23,0.01292,0.00198,0.00855,0.00175,-0.00436,0.00133,7,1,15,0.304,displaced
institutional_labor_mgmt,reduce,10,10,0.01536,0.00241,0.01964,0.00479,0.00427,0.0046,3,6,1,0.6,promoted
institutional_labor_mgmt,think,28,22,0.01666,0.00238,0.01245,0.00244,-0.00421,0.00274,15,6,7,0.536,displaced
institutional_labor_mgmt,point,17,17,0.02089,0.00221,0.0167,0.00388,-0.00419,0.00344,9,4,4,0.529,displaced
institutional_labor_mgmt,something,20,20,0.01445,0.00246,0.01861,0.00358,0.00416,0.0027,4,8,8,0.4,promoted
institutional_labor_mgmt,No,21,21,0.0156,0.00222,0.01185,0.00248,-0.00376,0.00293,11,4,6,0.524,displaced
institutional_labor_mgmt,make,92,25,0.01456,0.00081,0.01811,0.00208,0.00356,0.00196,21,22,49,0.239,promoted
institutional_labor_mgmt,report,19,15,0.01183,0.00249,0.01482,0.00244,0.003,0.0034,4,9,6,0.474,promoted
institutional_labor_mgmt,sue,6,5,0.00729,0.00442,0.01026,0.00361,0.00297,0.00582,1,3,2,0.5,promoted
institutional_labor_mgmt,nothing,11,11,0.01199,0.00146,0.00914,0.00254,-0.00285,0.00257,3,1,7,0.273,displaced
institutional_labor_mgmt,remind,7,5,0.00492,0.00087,0.00777,0.00181,0.00284,0.00179,0,1,6,0.143,promoted
institutional_labor_mgmt,put,6,6,0.00756,0.00189,0.0049,0.00166,-0.00266,0.00313,2,0,4,0.333,displaced
institutional_labor_mgmt,there,16,16,0.00774,0.00072,0.0051,0.00104,-0.00264,0.00094,4,0,12,0.25,displaced
institutional_labor_mgmt,give,60,25,0.01466,0.00091,0.01205,0.00127,-0.00261,0.00122,22,9,29,0.367,displaced
institutional_labor_mgmt,why,6,6,0.00926,0.00162,0.00702,0.00343,-0.00224,0.00333,3,1,2,0.5,displaced
institutional_labor_mgmt,also,66,25,0.03539,0.0031,0.03755,0.00424,0.00216,0.0033,23,28,15,0.424,promoted
institutional_labor_mgmt,not,100,25,0.04414,0.00218,0.04625,0.00842,0.00212,0.00854,54,22,24,0.54,displaced
institutional_labor_mgmt,quit,15,12,0.00771,0.00112,0.00564,0.00136,-0.00206,0.00215,5,2,8,0.333,displaced
institutional_labor_mgmt,we,25,25,0.02081,0.00256,0.02285,0.00502,0.00204,0.00548,11,5,9,0.44,displaced
institutional_labor_mgmt,mention,34,23,0.021,0.00326,0.023,0.00429,0.002,0.00405,15,13,6,0.441,displaced
institutional_labor_mgmt,send,6,5,0.00593,0.00266,0.00788,0.00149,0.00195,0.00357,2,3,1,0.5,promoted
institutional_labor_mgmt,in,6,6,0.00676,0.00159,0.00485,0.00117,-0.00191,0.00198,2,0,4,0.333,displaced
institutional_labor_mgmt,take,60,24,0.0118,0.00064,0.0136,0.001,0.0018,0.00104,10,20,30,0.333,promoted
institutional_labor_mgmt,really,31,17,0.01188,0.00083,0.01012,0.00299,-0.00176,0.00297,18,3,10,0.581,displaced
institutional_labor_mgmt,look,30,17,0.01626,0.00244,0.01461,0.00178,-0.00166,0.0028,12,11,7,0.4,displaced
institutional_labor_mgmt,ask,46,21,0.01289,0.00079,0.01149,0.00115,-0.0014,0.00123,15,10,21,0.326,displaced
institutional_labor_mgmt,it,25,25,0.03784,0.00456,0.03922,0.00715,0.00138,0.00485,9,7,9,0.36,displaced
institutional_labor_mgmt,find,15,10,0.00937,0.00124,0.01074,0.00133,0.00137,0.00195,4,7,4,0.467,promoted
institutional_labor_mgmt,thank,6,6,0.00648,0.00213,0.00514,0.00152,-0.00134,0.0025,1,1,4,0.167,mixed
institutional_labor_mgmt,okay,19,19,0.01013,0.00127,0.00884,0.00267,-0.00129,0.00303,7,2,10,0.368,displaced
institutional_labor_mgmt,stop,31,22,0.01108,0.00104,0.01232,0.00123,0.00124,0.0012,4,8,19,0.258,promoted
institutional_labor_mgmt,call,14,12,0.00887,0.00086,0.01007,0.00131,0.00121,0.0013,1,3,10,0.214,promoted
institutional_labor_mgmt,the,23,23,0.01538,0.00166,0.01644,0.00272,0.00106,0.00194,6,5,12,0.261,displaced
institutional_labor_mgmt,tell,89,25,0.023,0.00161,0.0239,0.00204,0.0009,0.00176,21,27,41,0.303,promoted
institutional_labor_mgmt,if,13,13,0.00757,0.00106,0.00667,0.00122,-0.0009,0.00194,5,2,6,0.385,displaced
institutional_labor_mgmt,sorry,10,10,0.00518,0.00086,0.00584,0.00161,0.00066,0.00175,2,2,6,0.2,mixed
institutional_labor_mgmt,use,31,18,0.01492,0.00171,0.01549,0.00229,0.00057,0.00225,11,10,10,0.355,displaced
institutional_labor_mgmt,feel,13,11,0.01006,0.00136,0.01053,0.00299,0.00047,0.0023,5,4,4,0.385,displaced
institutional_labor_mgmt,offer,11,10,0.01301,0.00269,0.01266,0.00304,-0.00036,0.0044,5,4,2,0.455,displaced
institutional_labor_mgmt,this,23,23,0.01239,0.00188,0.01265,0.00247,0.00026,0.0012,2,5,16,0.217,promoted
institutional_labor_mgmt,fine,12,12,0.00774,0.00128,0.00785,0.00302,0.00011,0.00284,3,3,6,0.25,mixed
institutional_labor_mgmt,sure,16,16,0.01526,0.00272,0.0152,0.00548,-6e-05,0.00459,5,5,6,0.312,mixed
institutional_labor_worker,have,101,26,0.27593,0.02039,0.21817,0.02111,-0.05776,0.01153,74,20,7,0.733,displaced
institutional_labor_worker,confront,12,12,0.02473,0.00925,0.08217,0.02393,0.05745,0.01654,0,10,2,0.833,promoted
institutional_labor_worker,in,5,5,0.01146,0.00593,0.04571,0.03301,0.03425,0.02749,0,3,2,0.6,promoted
institutional_labor_worker,screw,8,8,0.01409,0.00205,0.04581,0.03455,0.03172,0.03396,3,3,2,0.375,mixed
institutional_labor_worker,contact,15,12,0.01038,0.00177,0.04172,0.01816,0.03134,0.01817,3,8,4,0.533,promoted
institutional_labor_worker,report,38,22,0.02501,0.00333,0.05418,0.01258,0.02917,0.0129,7,22,9,0.579,promoted
institutional_labor_worker,something,23,23,0.03181,0.00576,0.06039,0.0201,0.02858,0.01514,5,11,7,0.478,promoted
institutional_labor_worker,to,25,25,0.17647,0.01888,0.15519,0.02001,-0.02128,0.01254,11,8,6,0.44,displaced
institutional_labor_worker,talk,40,21,0.01484,0.00341,0.03572,0.01065,0.02087,0.00979,1,22,17,0.55,promoted
institutional_labor_worker,consider,42,22,0.00972,0.00279,0.03047,0.00564,0.02075,0.0049,1,31,10,0.738,promoted
institutional_labor_worker,thanks,20,20,0.03154,0.01184,0.01133,0.00225,-0.02021,0.01243,14,1,5,0.7,displaced
institutional_labor_worker,quit,24,18,0.03469,0.00701,0.01471,0.00253,-0.01998,0.00594,18,2,4,0.75,displaced
institutional_labor_worker,union,5,3,0.01096,0.00728,0.02911,0.00861,0.01816,0.01144,0,2,3,0.4,promoted
institutional_labor_worker,address,11,9,0.00304,0.00087,0.02087,0.00552,0.01783,0.00557,0,11,0,1.0,promoted
institutional_labor_worker,speak,30,19,0.01198,0.00175,0.02926,0.00471,0.01728,0.00423,0,19,11,0.633,promoted
institutional_labor_worker,WTF,8,8,0.02254,0.00644,0.00612,0.00257,-0.01642,0.00779,6,0,2,0.75,displaced
institutional_labor_worker,all,72,25,0.04622,0.00369,0.03072,0.00296,-0.0155,0.00276,50,13,9,0.694,displaced
institutional_labor_worker,organize,27,15,0.01396,0.00368,0.02922,0.00656,0.01526,0.00563,2,15,10,0.556,promoted
institutional_labor_worker,it,25,25,0.07536,0.00945,0.08962,0.01489,0.01426,0.00985,8,13,4,0.52,promoted
institutional_labor_worker,say,25,25,0.03005,0.00408,0.01609,0.00236,-0.01396,0.00384,17,2,6,0.68,displaced
institutional_labor_worker,fight,28,17,0.005,0.00074,0.01879,0.00437,0.01379,0.00452,1,14,13,0.5,promoted
institutional_labor_worker,demand,31,20,0.01106,0.00235,0.02477,0.00433,0.01371,0.00433,3,15,13,0.484,promoted
institutional_labor_worker,fuck,13,13,0.0257,0.00405,0.01286,0.00315,-0.01284,0.0049,10,1,2,0.769,displaced
institutional_labor_worker,complain,16,14,0.02338,0.00416,0.0108,0.00207,-0.01258,0.00305,12,1,3,0.75,displaced
institutional_labor_worker,strike,14,9,0.01795,0.00657,0.0303,0.01169,0.01235,0.01309,4,7,3,0.5,promoted
institutional_labor_worker,be,100,26,0.1855,0.00826,0.17317,0.01125,-0.01233,0.00771,59,39,2,0.59,displaced
institutional_labor_worker,No,5,5,0.00854,0.00158,0.02078,0.00794,0.01224,0.00928,1,3,1,0.6,promoted
institutional_labor_worker,get,97,26,0.04148,0.00265,0.03022,0.00313,-0.01127,0.00292,63,13,21,0.649,displaced
institutional_labor_worker,seek,8,7,0.00415,0.00298,0.01536,0.00462,0.01121,0.00534,0,5,3,0.625,promoted
institutional_labor_worker,definitely,11,9,0.00261,0.00077,0.01357,0.00291,0.01096,0.00294,0,8,3,0.727,promoted
institutional_labor_worker,probably,58,26,0.01962,0.00231,0.02918,0.00423,0.00957,0.00381,16,26,16,0.448,promoted
institutional_labor_worker,ok,20,20,0.02398,0.00428,0.01441,0.00455,-0.00957,0.0037,11,2,7,0.55,displaced
institutional_labor_worker,he,20,20,0.02762,0.00301,0.01822,0.00444,-0.0094,0.0037,12,2,6,0.6,displaced
institutional_labor_worker,just,74,26,0.02723,0.00352,0.03662,0.00675,0.00939,0.00438,21,28,25,0.378,promoted
institutional_labor_worker,let,23,19,0.00926,0.0008,0.01835,0.00643,0.00909,0.00613,1,8,14,0.348,promoted
institutional_labor_worker,raise,6,5,0.0091,0.00354,0.01792,0.00411,0.00882,0.00283,0,4,2,0.667,promoted
institutional_labor_worker,negotiate,13,10,0.0012,0.00037,0.00969,0.00243,0.00849,0.00259,0,7,6,0.538,promoted
institutional_labor_worker,protest,13,9,0.00781,0.00175,0.01622,0.0033,0.00842,0.00268,0,8,5,0.615,promoted
institutional_labor_worker,that,25,25,0.12124,0.01173,0.12938,0.01768,0.00814,0.0152,16,8,1,0.64,displaced
institutional_labor_worker,file,61,25,0.01564,0.00201,0.02352,0.00286,0.00788,0.00219,5,30,26,0.492,promoted
institutional_labor_worker,wow,6,6,0.01359,0.00322,0.00624,0.00182,-0.00735,0.00477,2,1,3,0.333,displaced
institutional_labor_worker,leave,14,13,0.01973,0.00264,0.01298,0.00237,-0.00676,0.00384,9,2,3,0.643,displaced
institutional_labor_worker,discuss,8,5,0.00101,0.00044,0.00758,0.0011,0.00657,0.00126,0,5,3,0.625,promoted
institutional_labor_worker,go,86,26,0.01628,0.00189,0.00983,0.00115,-0.00644,0.00127,38,3,45,0.442,displaced
institutional_labor_worker,look,22,14,0.00336,0.00103,0.00967,0.0022,0.00631,0.00222,1,8,13,0.364,promoted
institutional_labor_worker,not,99,26,0.05307,0.00411,0.04678,0.0041,-0.00629,0.00394,50,27,22,0.505,displaced
institutional_labor_worker,hold,6,6,0.00712,0.00317,0.01329,0.00229,0.00617,0.00161,0,4,2,0.667,promoted
institutional_labor_worker,OK,14,14,0.02011,0.00235,0.0144,0.00379,-0.00571,0.0027,8,4,2,0.571,displaced
institutional_labor_worker,stand,14,11,0.00562,0.001,0.01113,0.00339,0.00551,0.00272,1,6,7,0.429,promoted
institutional_labor_worker,now,6,4,0.00197,0.00095,0.00736,0.00087,0.00539,0.00112,0,4,2,0.667,promoted
institutional_labor_worker,what,24,23,0.03074,0.00664,0.02536,0.00555,-0.00538,0.00625,9,4,11,0.375,displaced
institutional_labor_worker,at,34,19,0.00766,0.00081,0.01286,0.00548,0.0052,0.00543,6,4,24,0.176,displaced
institutional_labor_worker,no,25,25,0.07685,0.00965,0.08198,0.0133,0.00513,0.00838,11,11,3,0.44,mixed
institutional_labor_worker,why,15,15,0.01793,0.00251,0.02304,0.01091,0.00511,0.01245,9,4,2,0.6,displaced
institutional_labor_worker,how,13,13,0.01315,0.0023,0.00815,0.00178,-0.005,0.00206,7,2,4,0.538,displaced
institutional_labor_worker,you,19,19,0.01867,0.00215,0.01372,0.00249,-0.00495,0.00265,8,2,9,0.421,displaced
institutional_labor_worker,point,5,5,0.01326,0.00254,0.00831,0.00289,-0.00494,0.00457,3,1,1,0.6,displaced
institutional_labor_worker,bring,13,10,0.00836,0.00136,0.01315,0.00153,0.00479,0.0019,0,6,7,0.462,promoted
institutional_labor_worker,take,94,26,0.0186,0.00178,0.02337,0.00344,0.00477,0.00264,15,29,50,0.309,promoted
institutional_labor_worker,my,12,12,0.01048,0.00321,0.01494,0.0035,0.00445,0.00238,2,6,4,0.5,promoted
institutional_labor_worker,join,6,4,0.01053,0.00228,0.00613,0.00198,-0.0044,0.00312,3,1,2,0.5,displaced
institutional_labor_worker,feel,27,21,0.01469,0.00232,0.01904,0.00355,0.00435,0.00332,7,9,11,0.333,promoted
institutional_labor_worker,do,94,25,0.02075,0.00225,0.02498,0.00297,0.00423,0.00211,18,27,49,0.287,promoted
institutional_labor_worker,nt,10,5,0.0069,0.00243,0.00283,0.00127,-0.00407,0.00142,1,0,9,0.1,displaced
institutional_labor_worker,cut,6,6,0.00736,0.002,0.00332,0.00142,-0.00404,0.00294,2,1,3,0.333,displaced
institutional_labor_worker,stop,38,24,0.01691,0.00147,0.013,0.00188,-0.00391,0.0019,16,5,17,0.421,displaced
institutional_labor_worker,walk,6,5,0.01126,0.00193,0.01515,0.01187,0.00389,0.01283,4,1,1,0.667,displaced
institutional_labor_worker,sue,50,24,0.01648,0.00214,0.02036,0.00322,0.00388,0.00308,15,21,14,0.42,promoted
institutional_labor_worker,goodbye,9,9,0.00615,0.00238,0.00999,0.00253,0.00384,0.00412,3,4,2,0.444,promoted
institutional_labor_worker,band,6,5,0.00293,0.00077,0.00661,0.00163,0.00368,0.00158,0,4,2,0.667,promoted
institutional_labor_worker,write,21,18,0.01572,0.00286,0.01217,0.00173,-0.00355,0.00282,8,6,7,0.381,displaced
institutional_labor_worker,tell,37,26,0.03123,0.00456,0.03458,0.00467,0.00335,0.00431,8,12,17,0.324,promoted
institutional_labor_worker,receive,36,21,0.01095,0.00164,0.01421,0.0031,0.00326,0.00357,12,13,11,0.361,promoted
institutional_labor_worker,start,66,24,0.01198,0.00105,0.0152,0.0014,0.00322,0.00108,7,23,36,0.348,promoted
institutional_labor_worker,nothing,18,18,0.02018,0.00388,0.02316,0.00502,0.00298,0.00528,7,7,4,0.389,mixed
institutional_labor_worker,fine,14,14,0.0123,0.0018,0.01526,0.00422,0.00296,0.00366,3,4,7,0.286,promoted
institutional_labor_worker,ask,47,23,0.01407,0.00164,0.01702,0.00317,0.00295,0.00294,12,11,24,0.255,displaced
institutional_labor_worker,never,65,24,0.01401,0.00126,0.01111,0.00173,-0.0029,0.00131,22,6,37,0.338,displaced
institutional_labor_worker,of,22,16,0.00625,0.0008,0.00351,0.00144,-0.00274,0.00143,6,1,15,0.273,displaced
institutional_labor_worker,thank,27,24,0.02484,0.00267,0.02233,0.00547,-0.00251,0.00569,13,3,11,0.481,displaced
institutional_labor_worker,pay,29,18,0.00942,0.00111,0.00707,0.00117,-0.00235,0.001,8,2,19,0.276,displaced
institutional_labor_worker,form,17,7,0.01573,0.0041,0.01342,0.00244,-0.0023,0.00374,6,5,6,0.353,displaced
institutional_labor_worker,she,7,7,0.01387,0.00208,0.01158,0.00345,-0.0023,0.00421,3,2,2,0.429,displaced
institutional_labor_worker,this,19,19,0.01281,0.00165,0.01504,0.00247,0.00223,0.00259,4,4,11,0.211,mixed
institutional_labor_worker,use,5,4,0.01332,0.00282,0.01127,0.00403,-0.00204,0.00542,2,2,1,0.4,mixed
institutional_labor_worker,expect,21,15,0.00596,0.00091,0.00792,0.00204,0.00197,0.00196,1,5,15,0.238,promoted
institutional_labor_worker,really,30,19,0.0105,0.00134,0.00862,0.00145,-0.00188,0.00169,10,2,18,0.333,displaced
institutional_labor_worker,know,59,23,0.01197,0.0012,0.01375,0.00447,0.00178,0.00434,21,5,33,0.356,displaced
institutional_labor_worker,good,7,7,0.00935,0.00181,0.00767,0.00133,-0.00168,0.00281,2,1,4,0.286,displaced
institutional_labor_worker,call,24,17,0.01268,0.00137,0.01101,0.00163,-0.00167,0.00168,5,3,16,0.208,displaced
institutional_labor_worker,yes,15,15,0.01421,0.00171,0.01268,0.00226,-0.00153,0.00249,3,4,8,0.267,promoted
institutional_labor_worker,work,13,11,0.00534,0.00098,0.00384,0.00066,-0.0015,0.00102,2,0,11,0.154,displaced
institutional_labor_worker,hire,11,11,0.00415,0.00153,0.0056,0.0026,0.00145,0.00295,1,1,9,0.091,mixed
institutional_labor_worker,make,59,24,0.01001,0.00087,0.00857,0.00099,-0.00144,0.00101,14,4,41,0.237,displaced
institutional_labor_worker,give,32,18,0.00952,0.00124,0.00813,0.00112,-0.00139,0.00075,7,2,23,0.219,displaced
institutional_labor_worker,mention,13,13,0.01453,0.00226,0.01321,0.00245,-0.00132,0.00375,6,5,2,0.462,displaced
institutional_labor_worker,offer,8,6,0.00416,0.0012,0.00302,0.00126,-0.00114,0.00205,2,1,5,0.25,displaced
institutional_labor_worker,send,11,10,0.01019,0.00271,0.00919,0.00216,-0.001,0.00413,4,3,4,0.364,displaced
institutional_labor_worker,find,8,7,0.00848,0.00227,0.00944,0.00161,0.00096,0.00172,1,2,5,0.25,promoted
institutional_labor_worker,each,7,6,0.0034,0.00155,0.00252,0.00093,-0.00088,0.00125,1,0,6,0.143,displaced
institutional_labor_worker,try,13,10,0.01125,0.00382,0.01048,0.00313,-0.00077,0.00221,2,3,8,0.231,promoted
institutional_labor_worker,okay,22,22,0.01729,0.00238,0.01801,0.00422,0.00072,0.0041,7,6,9,0.318,displaced
institutional_labor_worker,well,15,15,0.01454,0.00236,0.01385,0.00328,-0.00069,0.00325,5,4,6,0.333,displaced
institutional_labor_worker,also,39,18,0.01099,0.00121,0.01033,0.00166,-0.00067,0.00169,14,7,18,0.359,displaced
institutional_labor_worker,see,13,11,0.00452,0.00063,0.00508,0.00073,0.00056,0.00076,0,0,13,0.0,mixed
institutional_labor_worker,only,13,9,0.00406,0.00069,0.00459,0.0012,0.00053,0.00099,0,2,11,0.154,promoted
institutional_labor_worker,there,6,6,0.00915,0.0018,0.0087,0.00122,-0.00045,0.00227,2,1,3,0.333,displaced
institutional_labor_worker,keep,16,12,0.00726,0.00114,0.00695,0.00172,-0.00031,0.00211,6,3,7,0.375,displaced
institutional_labor_worker,the,23,23,0.01658,0.00173,0.01629,0.00274,-0.00029,0.00297,6,5,12,0.261,displaced
institutional_labor_worker,we,17,15,0.00951,0.00129,0.00924,0.00211,-0.00027,0.00274,6,2,9,0.353,displaced
institutional_labor_worker,unionize,22,10,0.02794,0.00657,0.0282,0.00621,0.00026,0.00818,7,9,6,0.409,promoted
institutional_labor_worker,still,39,24,0.00644,0.00083,0.00663,0.00102,0.00019,0.00129,6,7,26,0.179,promoted
institutional_labor_worker,ve,9,5,0.01302,0.00659,0.01294,0.00417,-9e-05,0.00509,3,3,3,0.333,mixed
institutional_medical_doctor,have,23,23,0.11963,0.0185,0.06023,0.01656,-0.0594,0.01409,20,3,0,0.87,displaced
institutional_medical_doctor,advise,19,19,0.02195,0.00458,0.06527,0.02845,0.04332,0.0295,5,11,3,0.579,promoted
institutional_medical_doctor,be,25,25,0.10011,0.0088,0.07454,0.00974,-0.02557,0.00864,16,5,4,0.64,displaced
institutional_medical_doctor,think,5,5,0.03292,0.01101,0.01347,0.00675,-0.01945,0.00504,4,0,1,0.8,displaced
institutional_medical_doctor,respond,18,18,0.02918,0.01202,0.04786,0.01389,0.01868,0.01838,4,11,3,0.611,promoted
institutional_medical_doctor,document,7,7,0.00989,0.00357,0.02798,0.01084,0.01809,0.00908,1,5,1,0.714,promoted
institutional_medical_doctor,provide,8,8,0.01102,0.0033,0.02864,0.01123,0.01762,0.01004,1,7,0,0.875,promoted
institutional_medical_doctor,first,14,14,0.02329,0.00858,0.03892,0.01309,0.01563,0.01132,3,9,2,0.643,promoted
institutional_medical_doctor,know,19,19,0.03758,0.00464,0.02238,0.00609,-0.0152,0.00559,15,2,2,0.789,displaced
institutional_medical_doctor,add,6,6,0.02864,0.00645,0.01378,0.00347,-0.01486,0.00661,4,0,2,0.667,displaced
institutional_medical_doctor,consider,11,11,0.01271,0.00271,0.0274,0.00506,0.0147,0.00549,1,7,3,0.636,promoted
institutional_medical_doctor,do,15,15,0.02344,0.00427,0.03731,0.00829,0.01386,0.00632,1,10,4,0.667,promoted
institutional_medical_doctor,contact,13,13,0.02498,0.00732,0.03808,0.0161,0.01309,0.01702,4,6,3,0.462,promoted
institutional_medical_doctor,just,11,11,0.02886,0.00338,0.01622,0.00415,-0.01264,0.00528,6,3,2,0.545,displaced
institutional_medical_doctor,handle,12,12,0.01167,0.00233,0.02392,0.00612,0.01225,0.00729,2,7,3,0.583,promoted
institutional_medical_doctor,point,11,11,0.02093,0.00335,0.00902,0.00294,-0.01191,0.00495,6,2,3,0.545,displaced
institutional_medical_doctor,prepare,7,7,0.00807,0.00213,0.01858,0.00523,0.0105,0.0064,1,4,2,0.571,promoted
institutional_medical_doctor,explain,17,17,0.02058,0.00271,0.03,0.00936,0.00943,0.00802,4,8,5,0.471,promoted
institutional_medical_doctor,approach,5,5,0.00986,0.00407,0.01863,0.00526,0.00877,0.00775,1,4,0,0.8,promoted
institutional_medical_doctor,write,7,7,0.00999,0.00248,0.0185,0.00777,0.00851,0.00916,2,3,2,0.429,promoted
institutional_medical_doctor,get,16,16,0.01687,0.00149,0.0086,0.00169,-0.00828,0.00171,10,0,6,0.625,displaced
institutional_medical_doctor,note,14,14,0.02799,0.00512,0.0198,0.008,-0.00819,0.01035,9,4,1,0.643,displaced
institutional_medical_doctor,send,14,14,0.01717,0.0022,0.00979,0.00252,-0.00739,0.00363,9,4,1,0.643,displaced
institutional_medical_doctor,help,6,6,0.01255,0.00451,0.01989,0.00628,0.00734,0.00666,2,4,0,0.667,promoted
institutional_medical_doctor,ensure,5,5,0.00832,0.00303,0.01566,0.00107,0.00734,0.00237,0,3,2,0.6,promoted
institutional_medical_doctor,probably,21,21,0.03783,0.0053,0.04488,0.01362,0.00705,0.01042,10,9,2,0.476,displaced
institutional_medical_doctor,say,17,17,0.02572,0.00269,0.01875,0.00476,-0.00697,0.00344,11,3,3,0.647,displaced
institutional_medical_doctor,expect,5,5,0.00837,0.00204,0.01527,0.00353,0.00691,0.00488,0,2,3,0.4,promoted
institutional_medical_doctor,call,17,17,0.02774,0.00429,0.0209,0.00472,-0.00684,0.00529,11,4,2,0.647,displaced
institutional_medical_doctor,mention,14,14,0.02304,0.00383,0.01691,0.00667,-0.00613,0.00811,7,2,5,0.5,displaced
institutional_medical_doctor,inform,17,17,0.01296,0.00185,0.01868,0.00401,0.00572,0.00445,3,7,7,0.412,promoted
institutional_medical_doctor,also,11,11,0.02272,0.00603,0.01726,0.00612,-0.00546,0.00866,5,1,5,0.455,displaced
institutional_medical_doctor,warn,5,5,0.01512,0.00324,0.0204,0.00395,0.00528,0.00449,0,2,3,0.4,promoted
institutional_medical_doctor,remind,9,9,0.04108,0.03101,0.04603,0.0174,0.00495,0.01593,2,7,0,0.778,promoted
institutional_medical_doctor,not,25,25,0.04693,0.00442,0.04259,0.00558,-0.00434,0.00562,12,9,4,0.48,displaced
institutional_medical_doctor,let,7,7,0.01186,0.00147,0.00836,0.00158,-0.00351,0.00296,2,0,5,0.286,displaced
institutional_medical_doctor,ask,19,19,0.02142,0.00353,0.01792,0.00334,-0.0035,0.00343,9,4,6,0.474,displaced
institutional_medical_doctor,make,11,11,0.01283,0.00169,0.01577,0.00322,0.00294,0.0038,2,3,6,0.273,promoted
institutional_medical_doctor,tell,24,24,0.02788,0.00383,0.03036,0.00593,0.00247,0.00311,9,9,6,0.375,mixed
institutional_medical_doctor,clarify,6,6,0.01083,0.00281,0.01254,0.00331,0.00171,0.00587,2,4,0,0.667,promoted
institutional_medical_doctor,recommend,5,5,0.01068,0.00515,0.01204,0.00343,0.00136,0.00705,2,2,1,0.4,mixed
institutional_medical_doctor,offer,5,5,0.01087,0.00251,0.00984,0.00214,-0.00103,0.00365,2,2,1,0.4,mixed
institutional_medical_doctor,start,8,8,0.01206,0.00205,0.01121,0.00207,-0.00085,0.00351,3,3,2,0.375,mixed
institutional_medical_doctor,really,5,5,0.00942,0.00242,0.0087,0.00356,-0.00072,0.00415,2,1,2,0.4,displaced
institutional_medical_doctor,use,8,8,0.01045,0.00233,0.01109,0.00321,0.00064,0.00402,3,5,0,0.625,promoted
institutional_medical_doctor,take,21,21,0.01942,0.00226,0.01996,0.00282,0.00054,0.00285,7,6,8,0.333,displaced
institutional_medical_doctor,try,10,10,0.01681,0.00438,0.01708,0.00294,0.00026,0.00536,3,4,3,0.4,promoted
institutional_medical_patient,have,25,25,0.6974,0.02146,0.57542,0.04531,-0.12198,0.03955,18,6,1,0.72,displaced
institutional_medical_patient,appeal,7,7,0.00217,0.00077,0.05232,0.04961,0.05015,0.04998,0,2,5,0.286,promoted
institutional_medical_patient,check,6,6,0.00255,0.00109,0.03632,0.02513,0.03378,0.02408,0,4,2,0.667,promoted
institutional_medical_patient,only,22,22,0.01283,0.00333,0.04512,0.02108,0.03229,0.02076,7,7,8,0.318,mixed
institutional_medical_patient,not,25,25,0.06082,0.0081,0.08881,0.02244,0.02798,0.02281,11,9,5,0.44,displaced
institutional_medical_patient,contact,10,10,0.00193,0.00074,0.02504,0.01196,0.02311,0.0119,0,7,3,0.7,promoted
institutional_medical_patient,call,13,13,0.00581,0.00157,0.02171,0.00903,0.01591,0.00892,0,6,7,0.462,promoted
institutional_medical_patient,ask,10,10,0.00257,0.00054,0.01153,0.00419,0.00896,0.00422,0,5,5,0.5,promoted
institutional_medical_patient,be,25,25,0.06357,0.0049,0.06965,0.01097,0.00608,0.01221,11,10,4,0.44,displaced
institutional_medical_patient,never,25,25,0.01573,0.00221,0.01057,0.0027,-0.00516,0.00212,10,3,12,0.4,displaced
institutional_medical_patient,file,11,11,0.00453,0.00115,0.00933,0.00406,0.0048,0.00402,0,2,9,0.182,promoted
institutional_medical_patient,add,12,12,0.00869,0.00235,0.00406,0.00187,-0.00463,0.00277,4,1,7,0.333,displaced
institutional_medical_patient,pay,25,25,0.0153,0.00381,0.01073,0.00288,-0.00457,0.00205,9,2,14,0.36,displaced
institutional_medical_patient,get,25,25,0.02611,0.00318,0.03024,0.00513,0.00413,0.00465,9,10,6,0.4,promoted
institutional_medical_patient,receive,24,24,0.00855,0.00166,0.01243,0.00252,0.00388,0.00278,5,9,10,0.375,promoted
institutional_medical_patient,send,5,5,0.00223,0.00074,0.00607,0.00298,0.00384,0.0032,0,2,3,0.4,promoted
institutional_medical_patient,know,24,24,0.01305,0.00211,0.01668,0.00601,0.00362,0.00573,11,4,9,0.458,displaced
institutional_medical_patient,say,16,16,0.00532,0.00099,0.00261,0.00113,-0.00271,0.00101,4,1,11,0.25,displaced
institutional_medical_patient,of,10,10,0.00354,0.00056,0.00098,0.00025,-0.00256,0.00064,1,0,9,0.1,displaced
institutional_medical_patient,mention,15,15,0.00804,0.00232,0.00556,0.00221,-0.00247,0.00242,3,4,8,0.267,promoted
institutional_medical_patient,also,22,22,0.00753,0.00133,0.00509,0.0012,-0.00243,0.0014,5,2,15,0.227,displaced
institutional_medical_patient,point,9,9,0.00513,0.00092,0.0027,0.00154,-0.00243,0.00166,3,1,5,0.333,displaced
institutional_medical_patient,owe,5,5,0.00211,0.00129,0.00446,0.00183,0.00235,0.00225,0,1,4,0.2,promoted
institutional_medical_patient,nt,6,6,0.0046,0.00175,0.00252,0.00105,-0.00208,0.00097,1,0,5,0.167,displaced
institutional_medical_patient,note,17,17,0.008,0.0016,0.00614,0.0022,-0.00187,0.00225,5,3,9,0.294,displaced
institutional_medical_patient,ered,15,15,0.00318,0.00108,0.00471,0.00183,0.00153,0.00191,1,2,12,0.133,promoted
institutional_medical_patient,tell,10,10,0.00237,0.00041,0.00108,0.00036,-0.0013,0.00043,0,0,10,0.0,mixed
institutional_medical_patient,just,15,15,0.00731,0.00276,0.00605,0.00316,-0.00126,0.00133,2,1,12,0.133,displaced
institutional_medical_patient,probably,20,20,0.00489,0.00074,0.00609,0.00247,0.00119,0.0022,1,1,18,0.05,mixed
institutional_medical_patient,NOT,5,5,0.00178,0.00046,0.00075,0.00025,-0.00103,0.00038,0,0,5,0.0,mixed
institutional_medical_patient,still,9,9,0.00201,0.0005,0.0029,0.00078,0.00089,0.00091,0,1,8,0.111,promoted
institutional_medical_patient,at,5,5,0.00103,0.00037,0.00166,0.00055,0.00062,0.00062,0,0,5,0.0,mixed
institutional_medical_patient,make,5,5,0.00242,0.00071,0.00301,0.00146,0.00059,0.00084,0,0,5,0.0,mixed
institutional_medical_patient,see,10,10,0.00213,0.00035,0.0016,0.00028,-0.00053,0.00028,0,0,10,0.0,mixed
institutional_medical_patient,sue,16,16,0.00701,0.00195,0.00663,0.00245,-0.00039,0.00272,6,3,7,0.375,displaced
institutional_medical_patient,fight,6,6,0.00541,0.00217,0.00505,0.00129,-0.00037,0.00247,1,1,4,0.167,mixed
institutional_medical_patient,expect,16,16,0.00279,0.00055,0.0029,0.00052,0.00011,0.0007,1,0,15,0.062,displaced
institutional_police_citizen,have,25,25,0.44768,0.03958,0.33174,0.04827,-0.11594,0.03277,19,6,0,0.76,displaced
institutional_police_citizen,contact,10,10,0.00555,0.00233,0.06705,0.0597,0.06149,0.05991,1,3,6,0.3,promoted
institutional_police_citizen,be,25,25,0.14439,0.01581,0.20238,0.02567,0.05799,0.02191,6,15,4,0.6,promoted
institutional_police_citizen,hire,5,5,0.00442,0.0014,0.04902,0.04379,0.04459,0.04275,1,2,2,0.4,promoted
institutional_police_citizen,consider,6,6,0.00366,0.00144,0.02346,0.02045,0.01979,0.0193,0,1,5,0.167,promoted
institutional_police_citizen,like,7,7,0.02697,0.0106,0.00925,0.00363,-0.01772,0.01082,4,0,3,0.571,displaced
institutional_police_citizen,not,25,25,0.10412,0.00985,0.11958,0.01818,0.01546,0.0182,11,12,2,0.48,promoted
institutional_police_citizen,still,16,16,0.01106,0.00374,0.01743,0.00469,0.00637,0.00416,2,5,9,0.312,promoted
institutional_police_citizen,never,21,21,0.02166,0.00342,0.01586,0.00463,-0.0058,0.00181,14,2,5,0.667,displaced
institutional_police_citizen,sue,23,23,0.07209,0.01517,0.06668,0.02493,-0.00541,0.02224,10,7,6,0.435,displaced
institutional_police_citizen,get,25,25,0.0201,0.00325,0.02516,0.00833,0.00506,0.00812,10,4,11,0.4,displaced
institutional_police_citizen,receive,14,14,0.00377,0.00089,0.00841,0.00274,0.00464,0.00226,0,5,9,0.357,promoted
institutional_police_citizen,feel,11,11,0.00276,0.00059,0.00726,0.00352,0.00451,0.00368,1,2,8,0.182,promoted
institutional_police_citizen,therefore,5,5,0.00202,0.0007,0.00641,0.0025,0.00438,0.00278,0,3,2,0.6,promoted
institutional_police_citizen,say,16,16,0.00834,0.00123,0.00429,0.00182,-0.00404,0.00233,5,1,10,0.312,displaced
institutional_police_citizen,pursue,5,5,0.00085,0.00052,0.00489,0.00234,0.00403,0.00202,0,1,4,0.2,promoted
institutional_police_citizen,seek,8,8,0.00357,0.0012,0.00756,0.00407,0.00399,0.00393,2,2,4,0.25,mixed
institutional_police_citizen,report,18,18,0.00867,0.00238,0.01237,0.00293,0.0037,0.00263,2,6,10,0.333,promoted
institutional_police_citizen,add,8,8,0.01115,0.00309,0.00748,0.00325,-0.00367,0.00129,1,0,7,0.125,displaced
institutional_police_citizen,go,22,22,0.008,0.001,0.00471,0.00119,-0.00329,0.00141,7,2,13,0.318,displaced
institutional_police_citizen,probably,22,22,0.00791,0.00138,0.01107,0.0026,0.00317,0.00255,2,5,15,0.227,promoted
institutional_police_citizen,think,9,9,0.00543,0.00055,0.0023,0.00077,-0.00313,0.00067,1,0,8,0.111,displaced
institutional_police_citizen,complain,6,6,0.0056,0.00139,0.00248,0.00103,-0.00312,0.0017,2,0,4,0.333,displaced
institutional_police_citizen,file,22,22,0.02643,0.00946,0.02931,0.00755,0.00288,0.00808,4,10,8,0.455,promoted
institutional_police_citizen,bring,8,8,0.00552,0.00154,0.00323,0.00123,-0.00229,0.00226,3,1,4,0.375,displaced
institutional_police_citizen,take,19,19,0.00624,0.00134,0.00412,0.00069,-0.00212,0.00136,5,1,13,0.263,displaced
institutional_police_citizen,do,8,8,0.00404,0.0013,0.00603,0.00174,0.00199,0.00228,0,2,6,0.25,promoted
institutional_police_citizen,ask,14,14,0.00749,0.00178,0.00552,0.00146,-0.00197,0.00219,4,1,9,0.286,displaced
institutional_police_citizen,mention,9,9,0.00783,0.00125,0.00587,0.00241,-0.00196,0.00158,3,0,6,0.333,displaced
institutional_police_citizen,expect,6,6,0.00283,0.0011,0.00467,0.00175,0.00184,0.00207,0,1,5,0.167,promoted
institutional_police_citizen,just,12,12,0.00545,0.0011,0.00715,0.00227,0.0017,0.00232,3,2,7,0.25,displaced
institutional_police_citizen,make,8,8,0.00528,0.00139,0.0036,0.00112,-0.00168,0.00177,2,1,5,0.25,displaced
institutional_police_citizen,call,10,10,0.01432,0.00437,0.01581,0.00984,0.0015,0.00594,4,2,4,0.4,displaced
institutional_police_citizen,know,22,22,0.01157,0.00196,0.01283,0.00671,0.00126,0.00681,9,2,11,0.409,displaced
institutional_police_citizen,tell,17,17,0.00472,0.00092,0.00357,0.00067,-0.00114,0.00123,3,1,13,0.176,displaced
institutional_police_citizen,press,7,7,0.00598,0.00179,0.00708,0.00288,0.0011,0.00276,1,2,4,0.286,promoted
institutional_police_citizen,pay,9,9,0.00481,0.00182,0.00373,0.00127,-0.00108,0.00176,2,1,6,0.222,displaced
institutional_police_citizen,now,8,8,0.00402,0.00047,0.00495,0.0016,0.00093,0.0017,0,1,7,0.125,promoted
institutional_police_citizen,point,7,7,0.01004,0.00314,0.00922,0.00389,-0.00082,0.00183,1,0,6,0.143,displaced
institutional_police_citizen,note,8,8,0.00886,0.00205,0.00957,0.0034,0.0007,0.0019,1,2,5,0.25,promoted
institutional_police_citizen,also,15,15,0.01502,0.00289,0.01437,0.00522,-0.00065,0.00397,6,2,7,0.4,displaced
institutional_police_officer,have,24,24,0.12231,0.02454,0.06955,0.01538,-0.05276,0.01577,22,1,1,0.917,displaced
institutional_police_officer,do,20,20,0.05507,0.01181,0.09797,0.02725,0.0429,0.02062,5,13,2,0.65,promoted
institutional_police_officer,respect,5,5,0.0074,0.00445,0.03709,0.00738,0.02968,0.00908,0,5,0,1.0,promoted
institutional_police_officer,explain,9,9,0.02017,0.01334,0.04621,0.01849,0.02603,0.0172,1,7,1,0.778,promoted
institutional_police_officer,be,25,25,0.20509,0.03602,0.1876,0.0408,-0.01749,0.01915,12,12,1,0.48,mixed
institutional_police_officer,arrest,6,6,0.02345,0.00358,0.00744,0.00242,-0.01601,0.00464,5,0,1,0.833,displaced
institutional_police_officer,say,11,11,0.01861,0.00322,0.00645,0.00158,-0.01216,0.00353,7,0,4,0.636,displaced
institutional_police_officer,search,13,13,0.01907,0.00241,0.00714,0.00209,-0.01193,0.00355,9,2,2,0.692,displaced
institutional_police_officer,inform,7,7,0.0241,0.01196,0.03598,0.00701,0.01189,0.01343,2,5,0,0.714,promoted
institutional_police_officer,consider,11,11,0.01251,0.00486,0.02421,0.00542,0.0117,0.00339,1,8,2,0.727,promoted
institutional_police_officer,just,21,21,0.03454,0.00845,0.02309,0.00463,-0.01145,0.00882,7,6,8,0.333,displaced
institutional_police_officer,proceed,7,7,0.00962,0.00569,0.02077,0.00299,0.01115,0.00557,1,6,0,0.857,promoted
institutional_police_officer,not,25,25,0.08497,0.00794,0.09599,0.01794,0.01101,0.01457,13,8,4,0.52,displaced
institutional_police_officer,let,21,21,0.02415,0.00475,0.01373,0.00162,-0.01043,0.00447,10,3,8,0.476,displaced
institutional_police_officer,probably,18,18,0.02112,0.0028,0.02998,0.00494,0.00885,0.00459,4,7,7,0.389,promoted
institutional_police_officer,stop,8,8,0.01289,0.00267,0.00424,0.00071,-0.00865,0.00294,6,1,1,0.75,displaced
institutional_police_officer,know,21,21,0.0235,0.00278,0.01617,0.00301,-0.00733,0.00431,8,5,8,0.381,displaced
institutional_police_officer,get,18,18,0.01679,0.00139,0.00949,0.00171,-0.0073,0.00135,13,1,4,0.722,displaced
institutional_police_officer,follow,7,7,0.00794,0.00349,0.01516,0.00211,0.00722,0.00412,2,4,1,0.571,promoted
institutional_police_officer,report,7,7,0.01395,0.00323,0.02086,0.00769,0.00691,0.00937,3,3,1,0.429,mixed
institutional_police_officer,wait,8,8,0.01428,0.00317,0.00768,0.00263,-0.0066,0.00244,6,1,1,0.75,displaced
institutional_police_officer,still,10,10,0.01491,0.00553,0.02126,0.01198,0.00635,0.00823,3,2,5,0.3,displaced
institutional_police_officer,mention,9,9,0.01556,0.00236,0.00934,0.00251,-0.00623,0.00371,7,2,0,0.778,displaced
institutional_police_officer,always,7,7,0.01493,0.0084,0.02086,0.00909,0.00593,0.01362,2,3,2,0.429,promoted
institutional_police_officer,try,9,9,0.00747,0.00182,0.01287,0.00186,0.0054,0.0035,1,4,4,0.444,promoted
institutional_police_officer,allow,5,5,0.00941,0.00259,0.00408,0.00136,-0.00532,0.00244,2,0,3,0.4,displaced
institutional_police_officer,tell,23,23,0.02589,0.00784,0.03111,0.0092,0.00522,0.00568,6,6,11,0.261,mixed
institutional_police_officer,remind,6,6,0.01194,0.00683,0.01715,0.00613,0.00521,0.00326,0,3,3,0.5,promoted
institutional_police_officer,first,12,12,0.01589,0.00713,0.02081,0.00613,0.00491,0.00982,2,8,2,0.667,promoted
institutional_police_officer,also,11,11,0.01619,0.00273,0.01137,0.00297,-0.00482,0.00285,6,2,3,0.545,displaced
institutional_police_officer,use,14,14,0.01555,0.0026,0.01074,0.00245,-0.00481,0.00292,7,3,4,0.5,displaced
institutional_police_officer,check,5,5,0.01029,0.0021,0.01425,0.00655,0.00396,0.0075,3,2,0,0.6,displaced
institutional_police_officer,make,11,11,0.01003,0.00117,0.00687,0.00093,-0.00317,0.00163,5,1,5,0.455,displaced
institutional_police_officer,never,12,12,0.01251,0.00193,0.00999,0.00287,-0.00252,0.00313,4,2,6,0.333,displaced
institutional_police_officer,go,8,8,0.01164,0.0033,0.00925,0.00306,-0.00239,0.00396,3,1,4,0.375,displaced
institutional_police_officer,note,9,9,0.01905,0.0024,0.01673,0.00554,-0.00233,0.00452,4,2,3,0.444,displaced
institutional_police_officer,only,9,9,0.00903,0.00196,0.00673,0.0014,-0.0023,0.00106,1,0,8,0.111,displaced
institutional_police_officer,immediately,7,7,0.01668,0.00385,0.01863,0.00624,0.00195,0.00731,3,4,0,0.571,promoted
institutional_police_officer,call,19,19,0.02884,0.00607,0.0305,0.00839,0.00167,0.0072,7,7,5,0.368,mixed
institutional_police_officer,contact,10,10,0.01795,0.00637,0.019,0.00376,0.00106,0.00535,2,5,3,0.5,promoted
institutional_police_officer,refuse,6,6,0.00756,0.00247,0.00707,0.00346,-0.00049,0.00544,3,2,1,0.5,displaced
institutional_police_officer,ask,25,25,0.02651,0.00385,0.02689,0.00602,0.00038,0.00602,10,8,7,0.4,displaced
institutional_police_officer,take,13,13,0.01422,0.00259,0.0142,0.00214,-3e-05,0.00252,3,4,6,0.308,promoted
institutional_political_citizen,the,25,25,0.26656,0.0127,0.33519,0.02822,0.06863,0.02538,5,16,4,0.64,promoted
institutional_political_citizen,policies,11,11,0.00633,0.00338,0.04616,0.02467,0.03983,0.02167,1,9,1,0.818,promoted
institutional_political_citizen,candidates,12,12,0.02005,0.01016,0.04331,0.0238,0.02326,0.01393,1,8,3,0.667,promoted
institutional_political_citizen,Obama,20,20,0.03428,0.00462,0.01112,0.00264,-0.02316,0.00392,17,0,3,0.85,displaced
institutional_political_citizen,Hillary,25,25,0.04035,0.00254,0.02451,0.00415,-0.01584,0.00355,19,2,4,0.76,displaced
institutional_political_citizen,which,6,6,0.00824,0.00489,0.02212,0.00857,0.01388,0.00812,1,4,1,0.667,promoted
institutional_political_citizen,someone,25,25,0.04425,0.00716,0.05507,0.00904,0.01082,0.00691,5,16,4,0.64,promoted
institutional_political_citizen,him,18,18,0.02634,0.00389,0.01628,0.00334,-0.01006,0.00341,12,3,3,0.667,displaced
institutional_political_citizen,Bernie,25,25,0.07036,0.01479,0.06041,0.01288,-0.00994,0.01451,10,8,7,0.4,displaced
institutional_political_citizen,Romney,9,9,0.01521,0.00228,0.00552,0.00175,-0.00969,0.00309,6,0,3,0.667,displaced
institutional_political_citizen,whoever,14,14,0.00675,0.00104,0.01581,0.0034,0.00906,0.00395,1,6,7,0.429,promoted
institutional_political_citizen,that,16,16,0.01464,0.00388,0.00597,0.00091,-0.00867,0.00433,7,0,9,0.438,displaced
institutional_political_citizen,politicians,7,7,0.00469,0.00074,0.01333,0.00396,0.00864,0.00357,0,3,4,0.429,promoted
institutional_political_citizen,my,13,13,0.00803,0.00162,0.01647,0.0046,0.00844,0.00538,0,4,9,0.308,promoted
institutional_political_citizen,socialism,8,8,0.00739,0.00214,0.01564,0.00387,0.00825,0.00508,2,5,1,0.625,promoted
institutional_political_citizen,Trump,25,25,0.06721,0.00955,0.05958,0.01289,-0.00763,0.01052,13,10,2,0.52,displaced
institutional_political_citizen,this,24,24,0.02804,0.005,0.02056,0.00286,-0.00748,0.00589,7,6,11,0.292,displaced
institutional_political_citizen,it,10,10,0.01449,0.00144,0.0071,0.00173,-0.00739,0.0028,9,1,0,0.9,displaced
institutional_political_citizen,President,6,6,0.01793,0.00544,0.01112,0.00448,-0.00681,0.00303,4,0,2,0.667,displaced
institutional_political_citizen,Donald,22,22,0.03068,0.00591,0.02403,0.00418,-0.00665,0.00505,9,8,5,0.409,displaced
institutional_political_citizen,them,16,16,0.0145,0.00189,0.00802,0.00182,-0.00647,0.00286,7,2,7,0.438,displaced
institutional_political_citizen,Labour,8,8,0.02305,0.00767,0.017,0.00477,-0.00605,0.00563,4,2,2,0.5,displaced
institutional_political_citizen,Candidate,6,6,0.00311,0.00073,0.00892,0.00154,0.00582,0.0017,0,3,3,0.5,promoted
institutional_political_citizen,Republicans,10,10,0.01195,0.00176,0.00624,0.00151,-0.00571,0.00305,4,1,5,0.4,displaced
institutional_political_citizen,people,7,7,0.01208,0.00252,0.00685,0.0015,-0.00523,0.00165,3,0,4,0.429,displaced
institutional_political_citizen,Democrats,20,20,0.0155,0.00169,0.0206,0.00752,0.0051,0.0075,6,5,9,0.3,displaced
institutional_political_citizen,you,16,16,0.02249,0.00359,0.01744,0.00511,-0.00506,0.00327,11,3,2,0.688,displaced
institutional_political_citizen,Joe,8,8,0.00798,0.00197,0.01288,0.00511,0.0049,0.00432,1,4,3,0.5,promoted
institutional_political_citizen,candidate,7,7,0.00403,0.00122,0.00846,0.00207,0.00443,0.00235,1,4,2,0.571,promoted
institutional_political_citizen,Mr,6,6,0.01121,0.00232,0.00745,0.00208,-0.00375,0.00405,2,0,4,0.333,displaced
institutional_political_citizen,more,15,15,0.01583,0.00315,0.01258,0.00351,-0.00325,0.00311,6,3,6,0.4,displaced
institutional_political_citizen,an,22,22,0.0148,0.00194,0.01182,0.00202,-0.00298,0.00138,8,1,13,0.364,displaced
institutional_political_citizen,Clinton,20,20,0.015,0.00132,0.01249,0.00271,-0.00251,0.00227,6,2,12,0.3,displaced
institutional_political_citizen,higher,7,7,0.01034,0.00332,0.01282,0.0034,0.00248,0.00315,1,3,3,0.429,promoted
institutional_political_citizen,John,5,5,0.01048,0.00251,0.01206,0.00335,0.00158,0.0044,1,2,2,0.4,promoted
institutional_political_citizen,Biden,10,10,0.01204,0.00194,0.01084,0.00282,-0.0012,0.00307,3,3,4,0.3,mixed
institutional_political_citizen,Elizabeth,7,7,0.00955,0.00269,0.00848,0.00221,-0.00107,0.0019,3,1,3,0.429,displaced
institutional_political_citizen,who,6,6,0.01895,0.00976,0.01802,0.00689,-0.00093,0.00305,1,1,4,0.167,mixed
institutional_political_citizen,change,6,6,0.01298,0.00375,0.01355,0.00314,0.00057,0.0032,1,1,4,0.167,mixed
institutional_political_citizen,Sanders,20,20,0.01749,0.00222,0.01695,0.00407,-0.00054,0.00338,7,5,8,0.35,displaced
institutional_political_citizen,Brexit,5,5,0.00801,0.00301,0.00849,0.00305,0.00049,0.00555,2,1,2,0.4,displaced
institutional_political_citizen,her,8,8,0.0089,0.00149,0.00853,0.00228,-0.00037,0.00223,2,2,4,0.25,mixed
institutional_political_citizen,those,6,6,0.00805,0.00122,0.00794,0.00209,-0.00011,0.00092,0,0,6,0.0,mixed
institutional_political_party,focus,25,25,0.03091,0.0023,0.1315,0.02166,0.10058,0.02124,1,22,2,0.88,promoted
institutional_political_party,be,25,25,0.18004,0.01265,0.10568,0.01676,-0.07435,0.01272,20,2,3,0.8,displaced
institutional_political_party,not,25,25,0.11211,0.00984,0.06476,0.00982,-0.04735,0.00945,21,2,2,0.84,displaced
institutional_political_party,promise,5,5,0.00369,0.00233,0.03726,0.00974,0.03357,0.00869,0,5,0,1.0,promoted
institutional_political_party,have,25,25,0.04507,0.00339,0.02129,0.0035,-0.02378,0.00318,24,1,0,0.96,displaced
institutional_political_party,appeal,7,7,0.00496,0.00082,0.02825,0.005,0.02329,0.00465,0,7,0,1.0,promoted
institutional_political_party,consider,12,12,0.00478,0.0015,0.02568,0.00712,0.02091,0.0078,1,9,2,0.75,promoted
institutional_political_party,adopt,10,10,0.00509,0.00115,0.02457,0.00487,0.01948,0.00479,0,10,0,1.0,promoted
institutional_political_party,prioritize,7,7,0.00021,0.00014,0.01678,0.00173,0.01657,0.00178,0,7,0,1.0,promoted
institutional_political_party,therefore,16,16,0.0481,0.01026,0.06294,0.01112,0.01484,0.01089,5,9,2,0.562,promoted
institutional_political_party,do,25,25,0.03596,0.00263,0.02211,0.002,-0.01386,0.00278,17,1,7,0.68,displaced
institutional_political_party,target,5,5,0.00285,0.00186,0.01574,0.0025,0.01289,0.00167,0,5,0,1.0,promoted
institutional_political_party,offer,5,5,0.00792,0.00231,0.02062,0.00428,0.0127,0.00339,0,4,1,0.8,promoted
institutional_political_party,invest,8,8,0.00443,0.00103,0.01602,0.00223,0.01158,0.00237,0,7,1,0.875,promoted
institutional_political_party,address,6,6,0.0041,0.00187,0.01547,0.00068,0.01136,0.0018,0,6,0,1.0,promoted
institutional_political_party,also,15,15,0.02726,0.00278,0.01594,0.00339,-0.01132,0.00335,10,2,3,0.667,displaced
institutional_political_party,all,21,21,0.02443,0.00275,0.01333,0.00288,-0.0111,0.00343,14,3,4,0.667,displaced
institutional_political_party,continue,5,5,0.01052,0.00256,0.02096,0.01031,0.01045,0.01174,1,1,3,0.2,mixed
institutional_political_party,campaign,8,8,0.0085,0.00115,0.0178,0.00276,0.0093,0.00335,0,5,3,0.625,promoted
institutional_political_party,increase,11,11,0.00724,0.00167,0.01599,0.0019,0.00876,0.00311,1,10,0,0.909,promoted
institutional_political_party,win,14,14,0.01885,0.00128,0.01052,0.00336,-0.00833,0.00314,9,1,4,0.643,displaced
institutional_political_party,never,10,10,0.01447,0.00139,0.00618,0.00191,-0.00829,0.00198,6,0,4,0.6,displaced
institutional_political_party,get,17,17,0.01584,0.00117,0.00809,0.00171,-0.00775,0.00197,10,1,6,0.588,displaced
institutional_political_party,use,25,25,0.01753,0.00124,0.02446,0.00596,0.00694,0.00549,6,10,9,0.4,promoted
institutional_political_party,stop,19,19,0.01684,0.0007,0.01101,0.00158,-0.00582,0.00183,11,1,7,0.579,displaced
institutional_political_party,work,17,17,0.01494,0.00121,0.01997,0.00287,0.00503,0.00288,2,4,11,0.235,promoted
institutional_political_party,look,15,15,0.01256,0.00083,0.00796,0.00138,-0.00459,0.00161,8,1,6,0.533,displaced
institutional_political_party,go,9,9,0.01123,0.00121,0.00669,0.00106,-0.00454,0.00121,5,0,4,0.556,displaced
institutional_political_party,aim,8,8,0.01055,0.00088,0.01509,0.0026,0.00454,0.00276,0,3,5,0.375,promoted
institutional_political_party,give,6,6,0.01302,0.001,0.00989,0.00157,-0.00314,0.00159,2,0,4,0.333,displaced
institutional_political_party,support,21,21,0.01154,0.0016,0.01425,0.00202,0.00271,0.00223,5,8,8,0.381,promoted
institutional_political_party,make,25,25,0.02604,0.00161,0.02823,0.00282,0.00219,0.00237,7,9,9,0.36,promoted
institutional_political_party,vote,5,5,0.01174,0.00107,0.00981,0.00364,-0.00193,0.00417,3,1,1,0.6,displaced
institutional_political_party,start,24,24,0.01595,0.00117,0.01415,0.00169,-0.00181,0.00199,10,8,6,0.417,displaced
institutional_political_party,stand,7,7,0.01053,0.00124,0.01203,0.00194,0.0015,0.00177,1,2,4,0.286,promoted
institutional_political_party,take,25,25,0.02227,0.00097,0.02347,0.00189,0.00121,0.0015,4,3,18,0.16,displaced
institutional_political_party,talk,11,11,0.00923,0.00081,0.00803,0.00108,-0.0012,0.00127,1,0,10,0.091,displaced
institutional_political_party,put,21,21,0.0127,0.00096,0.01316,0.00127,0.00046,0.00138,3,4,14,0.19,promoted
institutional_political_party,try,14,14,0.01205,0.00139,0.01173,0.0023,-0.00032,0.00288,6,4,4,0.429,displaced
institutional_political_party,fight,7,7,0.01303,0.00229,0.0129,0.00231,-0.00013,0.00138,1,0,6,0.143,displaced
institutional_political_party,raise,7,7,0.00951,0.00162,0.00946,0.0024,-5e-05,0.00346,2,3,2,0.429,promoted
neutral,Paris,27,26,0.4874,0.04841,0.6662,0.05298,0.17879,0.04263,3,22,2,0.815,promoted
neutral,looking,15,15,0.04362,0.0113,0.11239,0.03545,0.06877,0.03132,2,8,5,0.533,promoted
neutral,further,21,21,0.03023,0.00551,0.0854,0.01615,0.05517,0.01294,1,17,3,0.81,promoted
neutral,expected,24,24,0.02684,0.00756,0.08104,0.02396,0.0542,0.02165,2,15,7,0.625,promoted
neutral,heat,21,21,0.02595,0.00426,0.06356,0.01645,0.03762,0.01331,2,13,6,0.619,promoted
neutral,known,24,23,0.07253,0.03777,0.03505,0.0114,-0.03749,0.0313,11,7,6,0.458,displaced
neutral,calling,16,16,0.02465,0.00585,0.05827,0.01381,0.03363,0.01429,2,12,2,0.75,promoted
neutral,given,7,7,0.01148,0.0037,0.0441,0.01173,0.03262,0.01018,0,7,0,1.0,promoted
neutral,indicating,5,5,0.00504,0.00456,0.03697,0.02679,0.03193,0.02227,0,5,0,1.0,promoted
neutral,predicting,17,17,0.01169,0.00251,0.0423,0.00953,0.03062,0.00972,1,13,3,0.765,promoted
neutral,for,25,25,0.08953,0.01345,0.05919,0.01249,-0.03034,0.01374,15,6,4,0.6,displaced
neutral,ensure,11,11,0.00886,0.00121,0.0348,0.00813,0.02594,0.00843,0,8,3,0.727,promoted
neutral,next,25,25,0.10867,0.01424,0.12964,0.01653,0.02096,0.01222,8,14,3,0.56,promoted
neutral,toast,13,13,0.03695,0.01122,0.05734,0.02202,0.02039,0.0118,3,8,2,0.615,promoted
neutral,choose,25,25,0.03972,0.00474,0.05897,0.00997,0.01925,0.00808,6,12,7,0.48,promoted
neutral,select,15,15,0.01605,0.0022,0.03434,0.00703,0.01829,0.00596,1,11,3,0.733,promoted
neutral,of,29,25,0.04501,0.00775,0.0282,0.00472,-0.01682,0.00536,18,3,8,0.621,displaced
neutral,located,25,25,0.05508,0.00864,0.03884,0.0099,-0.01624,0.00901,14,4,7,0.56,displaced
neutral,rain,16,16,0.03388,0.00607,0.01798,0.00511,-0.01591,0.0036,12,1,3,0.75,displaced
neutral,quantum,29,17,0.00467,0.00064,0.02042,0.00656,0.01575,0.00633,0,18,11,0.621,promoted
neutral,good,18,18,0.02534,0.00422,0.01013,0.00245,-0.0152,0.00461,13,0,5,0.722,displaced
neutral,set,5,5,0.00583,0.00134,0.02086,0.0108,0.01502,0.01106,0,3,2,0.6,promoted
neutral,chop,8,8,0.01448,0.00286,0.0292,0.01721,0.01472,0.01787,2,2,4,0.25,mixed
neutral,how,49,25,0.03224,0.00246,0.01764,0.00212,-0.01459,0.00254,34,3,12,0.694,displaced
neutral,that,23,21,0.02818,0.0077,0.01471,0.00384,-0.01347,0.00446,15,3,5,0.652,displaced
neutral,more,12,12,0.00975,0.00353,0.02315,0.00505,0.01339,0.00491,1,8,3,0.667,promoted
neutral,cloudy,25,25,0.03407,0.00508,0.02208,0.00568,-0.01199,0.00447,14,3,8,0.56,displaced
neutral,their,7,7,0.00663,0.00239,0.01855,0.01397,0.01192,0.01238,1,2,4,0.286,promoted
neutral,as,28,22,0.04142,0.01468,0.05282,0.01958,0.0114,0.00915,7,10,11,0.357,promoted
neutral,one,36,21,0.02031,0.00676,0.00899,0.00235,-0.01133,0.00517,9,3,24,0.25,displaced
neutral,famous,14,11,0.01016,0.00227,0.0213,0.01048,0.01114,0.00942,4,5,5,0.357,promoted
neutral,make,25,25,0.09229,0.00731,0.08151,0.01032,-0.01078,0.00853,16,7,2,0.64,displaced
neutral,start,24,24,0.0398,0.00391,0.05046,0.00917,0.01066,0.00807,10,12,2,0.5,promoted
neutral,showing,14,14,0.01068,0.00247,0.02135,0.00441,0.01066,0.00296,1,10,3,0.714,promoted
neutral,then,15,15,0.01668,0.00196,0.02709,0.00757,0.0104,0.00783,5,6,4,0.4,promoted
neutral,time,10,10,0.00442,0.0006,0.01442,0.00308,0.01,0.00345,1,7,2,0.7,promoted
neutral,fry,6,6,0.02777,0.00817,0.0179,0.00584,-0.00988,0.0056,3,0,3,0.5,displaced
neutral,Wednesday,18,18,0.02447,0.00302,0.01461,0.00303,-0.00986,0.00359,10,2,6,0.556,displaced
neutral,mostly,16,16,0.01331,0.00176,0.02312,0.00371,0.00981,0.0032,1,8,7,0.5,promoted
neutral,prepare,25,25,0.04389,0.00397,0.05328,0.00909,0.00939,0.00756,13,8,4,0.52,displaced
neutral,very,27,24,0.02327,0.00248,0.01426,0.00329,-0.00902,0.00225,16,3,8,0.593,displaced
neutral,love,5,5,0.00571,0.00125,0.01473,0.00503,0.00902,0.0045,1,4,0,0.8,promoted
neutral,pretty,7,7,0.01963,0.00313,0.01089,0.00514,-0.00874,0.00508,5,1,1,0.714,displaced
neutral,boil,12,12,0.02271,0.0038,0.01405,0.00357,-0.00866,0.00286,8,1,3,0.667,displaced
neutral,partly,20,20,0.02114,0.00423,0.02976,0.00814,0.00862,0.00775,4,14,2,0.7,promoted
neutral,called,22,21,0.01602,0.0029,0.00744,0.00163,-0.00858,0.00256,9,0,13,0.409,displaced
neutral,after,31,25,0.0915,0.01315,0.10006,0.01549,0.00856,0.00933,13,14,4,0.452,promoted
neutral,ancient,43,25,0.011,0.00134,0.01952,0.0029,0.00852,0.00239,3,17,23,0.395,promoted
neutral,found,5,4,0.0167,0.00527,0.02513,0.01365,0.00843,0.01131,1,2,2,0.4,promoted
neutral,cold,12,12,0.01565,0.00246,0.00725,0.00198,-0.0084,0.00358,5,1,6,0.417,displaced
neutral,home,8,8,0.02212,0.00784,0.03032,0.01339,0.0082,0.00591,1,3,4,0.375,promoted
neutral,Thursday,19,19,0.02408,0.00263,0.01589,0.00222,-0.00819,0.00416,8,2,9,0.421,displaced
neutral,learn,14,14,0.01855,0.00182,0.0104,0.00173,-0.00815,0.00185,10,0,4,0.714,displaced
neutral,in,26,24,0.01853,0.00247,0.01041,0.00247,-0.00812,0.00245,19,4,3,0.731,displaced
neutral,rainy,14,14,0.01629,0.00201,0.00846,0.00149,-0.00783,0.00252,8,1,5,0.571,displaced
neutral,passengers,22,22,0.03176,0.00664,0.03958,0.00967,0.00782,0.01057,8,10,4,0.455,promoted
neutral,quite,17,17,0.01209,0.0013,0.01987,0.00432,0.00778,0.00423,2,7,8,0.412,promoted
neutral,waited,11,11,0.01368,0.00313,0.0213,0.0092,0.00762,0.00649,4,3,4,0.364,displaced
neutral,science,10,10,0.01762,0.00505,0.01008,0.00325,-0.00754,0.00286,4,0,6,0.4,displaced
neutral,Tuesday,19,19,0.02326,0.00217,0.01581,0.00277,-0.00745,0.0019,11,2,6,0.579,displaced
neutral,also,27,24,0.02495,0.00363,0.01772,0.00368,-0.00722,0.00222,13,3,11,0.481,displaced
neutral,began,20,20,0.01664,0.00237,0.02375,0.0038,0.00711,0.00305,3,9,8,0.45,promoted
neutral,likely,6,6,0.01782,0.00633,0.01075,0.00289,-0.00706,0.00768,3,2,1,0.5,displaced
neutral,uncertain,14,14,0.03779,0.01675,0.03087,0.00948,-0.00692,0.00958,5,7,2,0.5,promoted
neutral,sunny,26,26,0.1045,0.02711,0.0976,0.02789,-0.00689,0.01105,13,9,4,0.5,displaced
neutral,we,28,24,0.0662,0.01148,0.05938,0.01307,-0.00682,0.00573,14,8,6,0.5,displaced
neutral,it,73,26,0.0232,0.00165,0.0164,0.00176,-0.0068,0.00165,44,12,17,0.603,displaced
neutral,animals,20,17,0.01387,0.0024,0.00707,0.00118,-0.0068,0.00211,9,0,11,0.45,displaced
neutral,understand,19,19,0.04142,0.0077,0.0481,0.01389,0.00668,0.01325,9,7,3,0.474,displaced
neutral,renowned,5,5,0.00676,0.00143,0.01331,0.00664,0.00656,0.00564,1,3,1,0.6,promoted
neutral,situated,21,21,0.01102,0.00254,0.00449,0.00117,-0.00652,0.00257,9,0,12,0.429,displaced
neutral,tomorrow,20,20,0.03022,0.00536,0.02372,0.00336,-0.0065,0.00429,10,5,5,0.5,displaced
neutral,mitosis,11,11,0.00426,0.00142,0.01064,0.00386,0.00638,0.0038,1,3,7,0.273,promoted
neutral,women,8,8,0.00838,0.00142,0.00203,0.00094,-0.00634,0.00189,5,0,3,0.625,displaced
neutral,March,24,24,0.01919,0.00255,0.01291,0.00233,-0.00628,0.00337,10,2,12,0.417,displaced
neutral,know,21,21,0.03874,0.00533,0.03253,0.00949,-0.00621,0.00935,14,3,4,0.667,displaced
neutral,had,5,5,0.01136,0.00352,0.01747,0.00368,0.00612,0.0022,0,2,3,0.4,promoted
neutral,find,6,6,0.01514,0.00172,0.00905,0.00121,-0.00608,0.00192,4,0,2,0.667,displaced
neutral,get,25,25,0.02835,0.00167,0.02229,0.00235,-0.00606,0.00189,14,3,8,0.56,displaced
neutral,be,12,12,0.01675,0.0018,0.01072,0.00141,-0.00603,0.00146,8,0,4,0.667,displaced
neutral,May,20,20,0.01987,0.00163,0.01391,0.00228,-0.00596,0.00243,9,2,9,0.45,displaced
neutral,Monday,24,24,0.03221,0.00363,0.02638,0.00467,-0.00583,0.00387,12,3,9,0.5,displaced
neutral,April,21,21,0.01772,0.0016,0.01201,0.00194,-0.00572,0.00265,10,3,8,0.476,displaced
neutral,slowly,6,6,0.00804,0.00137,0.01363,0.0056,0.0056,0.00515,1,2,3,0.333,promoted
neutral,gloomy,5,5,0.00699,0.00226,0.01258,0.00228,0.00558,0.00326,0,2,3,0.4,promoted
neutral,soak,23,23,0.02715,0.00327,0.0216,0.00389,-0.00555,0.00226,15,5,3,0.652,displaced
neutral,overcast,10,10,0.01161,0.00097,0.00613,0.00085,-0.00548,0.0015,5,0,5,0.5,displaced
neutral,supposed,11,11,0.0092,0.0017,0.01462,0.00217,0.00542,0.00221,1,5,5,0.455,promoted
neutral,let,9,9,0.00862,0.00137,0.01401,0.00254,0.00539,0.0033,1,4,4,0.444,promoted
neutral,January,23,23,0.02081,0.00152,0.01551,0.00221,-0.0053,0.00206,11,3,9,0.478,displaced
neutral,pulled,12,12,0.01111,0.00218,0.01641,0.00291,0.0053,0.00186,1,6,5,0.5,promoted
neutral,computers,16,15,0.01174,0.00194,0.00645,0.00226,-0.00529,0.00158,6,0,10,0.375,displaced
neutral,buy,7,7,0.01506,0.00153,0.00979,0.00309,-0.00527,0.00226,2,0,5,0.286,displaced
neutral,snow,5,5,0.01224,0.00152,0.00702,0.00257,-0.00522,0.00365,3,1,1,0.6,displaced
neutral,bright,7,7,0.01335,0.00238,0.00813,0.00197,-0.00521,0.0033,4,0,3,0.571,displaced
neutral,space,21,20,0.01741,0.00403,0.02258,0.00345,0.00517,0.00344,3,10,8,0.476,promoted
neutral,you,11,11,0.01631,0.0037,0.01117,0.00423,-0.00514,0.00394,5,1,5,0.455,displaced
neutral,cats,13,13,0.01097,0.00173,0.00583,0.00109,-0.00513,0.00232,5,2,6,0.385,displaced
neutral,not,48,24,0.03237,0.00408,0.02727,0.00372,-0.0051,0.00302,23,7,18,0.479,displaced
neutral,magic,9,9,0.01005,0.00164,0.01509,0.00508,0.00504,0.00473,2,4,3,0.444,promoted
neutral,going,20,20,0.022,0.00258,0.01708,0.00296,-0.00492,0.0031,10,5,5,0.5,displaced
neutral,all,51,25,0.0153,0.00172,0.02014,0.00604,0.00484,0.00555,14,10,27,0.275,displaced
neutral,hot,6,6,0.01128,0.00121,0.00666,0.00335,-0.00461,0.00355,4,1,1,0.667,displaced
neutral,clear,25,25,0.02511,0.0035,0.02051,0.00522,-0.0046,0.00566,11,5,9,0.44,displaced
neutral,John,5,5,0.0056,0.00155,0.01014,0.00234,0.00454,0.00327,1,4,0,0.8,promoted
neutral,medieval,10,10,0.00392,0.0011,0.00843,0.00185,0.00451,0.0014,0,3,7,0.3,promoted
neutral,named,15,15,0.00732,0.00174,0.00284,0.00053,-0.00448,0.00163,4,0,11,0.267,displaced
neutral,July,14,14,0.01322,0.00128,0.00878,0.00141,-0.00444,0.00153,6,0,8,0.429,displaced
neutral,everyone,27,24,0.02903,0.00368,0.0247,0.00473,-0.00433,0.00317,15,3,9,0.556,displaced
neutral,dogs,13,13,0.01083,0.00129,0.00653,0.00195,-0.0043,0.00203,5,2,6,0.385,displaced
neutral,dragons,8,8,0.00752,0.00091,0.01181,0.003,0.00428,0.00298,0,2,6,0.25,promoted
neutral,her,31,25,0.01361,0.00146,0.00934,0.00158,-0.00427,0.00103,11,2,18,0.355,displaced
neutral,started,15,15,0.01514,0.003,0.0193,0.00545,0.00415,0.0032,3,5,7,0.333,promoted
neutral,the,135,25,0.27834,0.01673,0.27421,0.01948,-0.00413,0.00856,69,54,12,0.511,displaced
neutral,November,20,20,0.01482,0.00111,0.0107,0.00172,-0.00413,0.00206,9,3,8,0.45,displaced
neutral,September,23,23,0.01841,0.00179,0.0143,0.00192,-0.0041,0.00186,10,2,11,0.435,displaced
neutral,October,16,16,0.01411,0.00129,0.01017,0.00161,-0.00394,0.0017,7,1,8,0.438,displaced
neutral,stopped,24,24,0.05283,0.01245,0.04892,0.01569,-0.00391,0.01085,13,5,6,0.542,displaced
neutral,and,9,8,0.01189,0.00255,0.00807,0.00224,-0.00383,0.00293,3,1,5,0.333,displaced
neutral,its,26,19,0.01637,0.0033,0.01255,0.00524,-0.00382,0.00391,10,3,13,0.385,displaced
neutral,have,25,25,0.05405,0.00488,0.05024,0.00711,-0.00381,0.00622,13,8,4,0.52,displaced
neutral,June,22,22,0.01574,0.00131,0.01195,0.00249,-0.00379,0.00198,9,2,11,0.409,displaced
neutral,he,21,21,0.02211,0.00321,0.01833,0.00495,-0.00378,0.00413,10,4,7,0.476,displaced
neutral,him,5,5,0.00581,0.00106,0.00205,0.00073,-0.00376,0.00109,1,0,4,0.2,displaced
neutral,August,7,7,0.01068,0.00175,0.00701,0.00146,-0.00367,0.00238,2,0,5,0.286,displaced
neutral,cell,6,6,0.00469,0.00129,0.00833,0.00214,0.00364,0.00158,0,3,3,0.5,promoted
neutral,birds,16,16,0.01194,0.00245,0.00839,0.00172,-0.00355,0.00163,5,1,10,0.312,displaced
neutral,use,19,19,0.02613,0.00307,0.02259,0.00409,-0.00354,0.0029,8,4,7,0.421,displaced
neutral,stir,5,5,0.01522,0.00304,0.01876,0.00963,0.00353,0.01121,2,1,2,0.4,displaced
neutral,got,10,10,0.01271,0.00184,0.01617,0.0049,0.00346,0.00388,3,3,4,0.3,mixed
neutral,volcanoes,23,14,0.00772,0.00087,0.00426,0.00086,-0.00346,0.00114,7,1,15,0.304,displaced
neutral,my,22,20,0.01221,0.00142,0.01566,0.00252,0.00345,0.00275,5,7,10,0.318,promoted
neutral,geology,11,8,0.00712,0.0012,0.00371,0.00095,-0.00341,0.00144,4,0,7,0.364,displaced
neutral,cellular,7,7,0.00193,0.00061,0.00531,0.00083,0.00337,0.00061,0,1,6,0.143,promoted
neutral,decide,17,17,0.02025,0.00307,0.01698,0.0029,-0.00327,0.00385,7,5,5,0.412,displaced
neutral,parked,6,6,0.00639,0.00165,0.0096,0.00352,0.00321,0.00434,0,1,5,0.167,promoted
neutral,brown,8,8,0.02235,0.00523,0.01924,0.00653,-0.0031,0.00618,2,2,4,0.25,mixed
neutral,to,8,8,0.01271,0.00382,0.00969,0.00543,-0.00303,0.00421,2,2,4,0.25,mixed
neutral,France,17,17,0.00679,0.0019,0.00378,0.00178,-0.00302,0.00072,5,0,12,0.294,displaced
neutral,December,18,18,0.01333,0.00108,0.01038,0.00164,-0.00294,0.00139,6,1,11,0.333,displaced
neutral,take,15,15,0.01441,0.00105,0.01149,0.00168,-0.00292,0.0014,5,1,9,0.333,displaced
neutral,what,40,24,0.01138,0.00151,0.00851,0.00167,-0.00287,0.00162,20,6,14,0.5,displaced
neutral,divided,5,5,0.00969,0.00114,0.00682,0.00163,-0.00287,0.00057,0,0,5,0.0,mixed
neutral,photosynthesis,16,16,0.01427,0.00341,0.01711,0.0036,0.00284,0.00195,4,5,7,0.312,promoted
neutral,fractions,12,12,0.00393,0.00067,0.00673,0.00172,0.0028,0.00207,1,3,8,0.25,promoted
neutral,them,5,4,0.00908,0.00442,0.00635,0.00402,-0.00273,0.00569,3,1,1,0.6,displaced
neutral,horses,7,7,0.00611,0.00083,0.00339,0.00057,-0.00271,0.00066,1,0,6,0.143,displaced
neutral,Lyon,9,9,0.00486,0.00083,0.00215,0.00058,-0.0027,0.00073,1,0,8,0.111,displaced
neutral,PARIS,5,5,0.00331,0.00127,0.00071,0.00031,-0.0026,0.00149,1,0,4,0.2,displaced
neutral,this,14,11,0.00763,0.00111,0.00503,0.00156,-0.0026,0.00177,4,2,8,0.286,displaced
neutral,philosophy,9,9,0.00378,0.0008,0.00633,0.00051,0.00255,0.00066,0,1,8,0.111,promoted
neutral,people,20,20,0.0183,0.002,0.02081,0.00519,0.00251,0.00411,6,4,10,0.3,displaced
neutral,Greek,8,8,0.00379,0.00071,0.00626,0.0007,0.00247,0.00077,0,1,7,0.125,promoted
neutral,plant,5,5,0.0018,0.00063,0.00424,0.00091,0.00244,0.00114,0,2,3,0.4,promoted
neutral,went,14,14,0.01167,0.00116,0.00927,0.00193,-0.00239,0.00138,4,1,9,0.286,displaced
neutral,cells,10,10,0.00467,0.00065,0.00696,0.0018,0.00229,0.00195,2,4,4,0.4,promoted
neutral,witchcraft,7,7,0.00717,0.00114,0.00495,0.00159,-0.00223,0.0025,2,1,4,0.286,displaced
neutral,well,9,9,0.00655,0.00167,0.00438,0.00192,-0.00217,0.00125,3,0,6,0.333,displaced
neutral,art,6,6,0.00395,0.00096,0.00608,0.00098,0.00213,0.00174,0,1,5,0.167,promoted
neutral,physics,12,9,0.00383,0.00066,0.00595,0.00093,0.00212,0.00107,1,0,11,0.083,displaced
neutral,there,30,24,0.01752,0.00167,0.01541,0.00222,-0.00211,0.00218,12,5,13,0.4,displaced
neutral,officially,9,9,0.00492,0.0013,0.0029,0.00076,-0.00203,0.00131,2,0,7,0.222,displaced
neutral,an,47,24,0.01038,0.00141,0.00836,0.00183,-0.00202,0.00154,11,4,32,0.234,displaced
neutral,vampires,12,11,0.00635,0.00073,0.00434,0.00113,-0.002,0.00157,2,1,9,0.167,displaced
neutral,some,24,20,0.00679,0.00071,0.0048,0.00076,-0.00199,0.00077,5,1,18,0.208,displaced
neutral,something,23,17,0.00741,0.00127,0.00542,0.00114,-0.00199,0.00102,5,2,16,0.217,displaced
neutral,World,8,8,0.01083,0.00156,0.01281,0.00413,0.00198,0.00368,2,3,3,0.375,promoted
neutral,chemical,6,6,0.00319,0.00074,0.00515,0.00172,0.00197,0.00156,0,1,5,0.167,promoted
neutral,departed,5,5,0.0132,0.00309,0.01126,0.00206,-0.00194,0.00479,2,1,2,0.4,displaced
neutral,penguins,6,6,0.0097,0.0022,0.00777,0.00355,-0.00193,0.00178,2,0,4,0.333,displaced
neutral,considered,9,9,0.0044,0.00093,0.0025,0.00093,-0.0019,0.0007,0,0,9,0.0,mixed
neutral,took,11,11,0.01914,0.00176,0.01725,0.00274,-0.00189,0.00206,3,1,7,0.273,displaced
neutral,different,25,24,0.01681,0.00388,0.01495,0.00273,-0.00186,0.00256,10,8,7,0.4,displaced
neutral,later,22,22,0.02172,0.00224,0.02357,0.00258,0.00185,0.00173,3,6,13,0.273,promoted
neutral,two,5,5,0.00775,0.00065,0.00957,0.00358,0.00182,0.00317,1,2,2,0.4,promoted
neutral,left,11,11,0.01299,0.00172,0.01482,0.00405,0.00182,0.00479,5,4,2,0.455,displaced
neutral,wash,8,8,0.01594,0.00358,0.01419,0.00319,-0.00176,0.00263,2,1,5,0.25,displaced
neutral,plants,16,14,0.00581,0.00087,0.00406,0.00072,-0.00176,0.00111,1,0,15,0.062,displaced
neutral,she,13,13,0.01852,0.00276,0.02026,0.00519,0.00174,0.005,3,4,6,0.308,promoted
neutral,cook,25,25,0.04844,0.00435,0.04673,0.00781,-0.00171,0.00644,13,9,3,0.52,displaced
neutral,still,10,9,0.00924,0.00148,0.01091,0.00209,0.00167,0.00216,0,3,7,0.3,promoted
neutral,astronomy,24,21,0.00765,0.0009,0.00932,0.0017,0.00167,0.00132,1,4,19,0.167,promoted
neutral,history,30,23,0.0146,0.00317,0.01306,0.00196,-0.00154,0.00198,6,7,17,0.233,promoted
neutral,dinosaurs,24,20,0.01328,0.00201,0.01477,0.00414,0.00148,0.00302,6,6,12,0.25,mixed
neutral,alchemy,8,7,0.00541,0.00141,0.0068,0.00124,0.00139,0.00246,1,2,5,0.25,promoted
neutral,magnetism,7,7,0.00472,0.00088,0.00609,0.00095,0.00137,0.00101,0,1,6,0.143,promoted
neutral,saute,9,9,0.02205,0.00412,0.02073,0.00714,-0.00131,0.00848,2,3,4,0.333,promoted
neutral,The,10,8,0.004,0.00108,0.00275,0.00137,-0.00126,0.00124,2,0,8,0.2,displaced
neutral,Friday,19,19,0.01447,0.00189,0.01322,0.0018,-0.00126,0.00233,5,4,10,0.263,displaced
neutral,pre,6,6,0.01285,0.00355,0.01161,0.00642,-0.00124,0.00981,3,2,1,0.5,displaced
neutral,logarithms,5,5,0.00947,0.00175,0.00824,0.00184,-0.00124,0.00121,1,0,4,0.2,displaced
neutral,algebraic,7,7,0.0039,0.00101,0.0051,0.00151,0.00121,0.00222,2,2,3,0.286,mixed
neutral,his,26,20,0.01075,0.00123,0.00956,0.00214,-0.00119,0.00159,9,4,13,0.346,displaced
neutral,currently,16,15,0.00692,0.00219,0.00577,0.00143,-0.00115,0.00217,1,2,13,0.125,promoted
neutral,immediately,11,11,0.01521,0.00309,0.01633,0.0036,0.00112,0.00429,5,4,2,0.455,displaced
neutral,paris,8,8,0.00276,0.00121,0.00166,0.00044,-0.0011,0.00101,1,0,7,0.125,displaced
neutral,came,11,11,0.0168,0.00497,0.01786,0.00587,0.00106,0.00687,5,4,2,0.455,displaced
neutral,human,26,20,0.00415,0.00035,0.00521,0.00049,0.00106,0.00055,1,1,24,0.038,mixed
neutral,psychology,5,4,0.00364,0.00067,0.00465,0.00041,0.00102,0.00028,0,0,5,0.0,mixed
neutral,now,6,6,0.00421,0.0011,0.00325,0.00159,-0.00095,0.00197,1,1,4,0.167,mixed
neutral,electricity,9,7,0.00395,0.00057,0.003,0.00036,-0.00095,0.00079,0,0,9,0.0,mixed
neutral,another,8,8,0.0097,0.0019,0.00876,0.00148,-0.00093,0.00148,1,0,7,0.125,displaced
neutral,thermodynamics,10,10,0.00557,0.00085,0.0065,0.00036,0.00093,0.00115,0,1,9,0.1,promoted
neutral,on,6,6,0.00496,0.001,0.00404,0.00119,-0.00092,0.00147,0,1,5,0.167,promoted
neutral,February,13,13,0.01591,0.001,0.01499,0.0027,-0.00091,0.0028,3,3,7,0.231,mixed
neutral,various,15,15,0.00636,0.00143,0.00725,0.00152,0.00089,0.00104,1,2,12,0.133,promoted
neutral,life,8,7,0.00504,0.00088,0.00415,0.00097,-0.00089,0.00088,0,0,8,0.0,mixed
neutral,algebra,9,7,0.00488,0.00073,0.00557,0.00098,0.00069,0.00123,0,1,8,0.111,promoted
neutral,often,20,18,0.00763,0.00146,0.00701,0.00233,-0.00062,0.0021,3,4,13,0.2,promoted
neutral,Mr,7,7,0.00985,0.0016,0.01046,0.00369,0.00061,0.00294,2,2,3,0.286,mixed
neutral,rinse,9,9,0.01462,0.00126,0.01404,0.00206,-0.00058,0.00234,2,2,5,0.222,mixed
neutral,gardening,7,7,0.00637,0.00087,0.00695,0.00171,0.00057,0.00248,2,2,3,0.286,mixed
neutral,add,12,12,0.02795,0.00446,0.0285,0.00472,0.00054,0.00241,3,4,5,0.333,promoted
neutral,promising,11,11,0.00743,0.00201,0.00795,0.00168,0.00052,0.00325,5,5,1,0.455,mixed
neutral,biology,5,5,0.00432,0.00078,0.0039,0.00203,-0.00042,0.00269,1,1,3,0.2,mixed
neutral,DNA,7,7,0.00342,0.00074,0.0038,0.0007,0.00038,0.00081,0,0,7,0.0,mixed
neutral,where,5,5,0.00446,0.00179,0.00412,0.0026,-0.00034,0.0009,0,0,5,0.0,mixed
neutral,ghosts,10,10,0.00547,0.00078,0.0058,0.00105,0.00033,0.00156,2,1,7,0.2,displaced
neutral,at,15,13,0.00858,0.00201,0.0089,0.00308,0.00032,0.0022,2,3,10,0.2,promoted
neutral,chemistry,6,6,0.00333,0.00076,0.00364,0.00105,0.00031,0.00176,0,1,5,0.167,promoted
neutral,warm,8,6,0.01364,0.00233,0.01337,0.00274,-0.00027,0.00389,3,3,2,0.375,mixed
neutral,American,8,7,0.00571,0.00092,0.00546,0.00086,-0.00025,0.00074,0,0,8,0.0,mixed
neutral,actually,8,8,0.00225,0.00088,0.00206,0.00071,-0.00019,0.0007,0,0,8,0.0,mixed
neutral,genetics,6,6,0.00394,0.00043,0.00376,0.00031,-0.00018,0.00048,0,0,6,0.0,mixed
neutral,butterflies,7,5,0.00434,0.00075,0.00451,0.00063,0.00017,0.00094,0,0,7,0.0,mixed
neutral,mathematics,8,8,0.00779,0.00199,0.00796,0.00133,0.00017,0.00107,1,0,7,0.125,displaced
neutral,they,40,25,0.0206,0.00246,0.02074,0.00316,0.00014,0.00269,16,11,13,0.4,displaced
neutral,was,25,25,0.04975,0.00509,0.04962,0.00812,-0.00013,0.00503,13,9,3,0.52,displaced
neutral,predicted,15,15,0.0149,0.00439,0.01477,0.00226,-0.00013,0.00497,3,5,7,0.333,promoted
neutral,which,8,6,0.00512,0.00103,0.005,0.00196,-0.00012,0.00144,1,1,6,0.125,mixed
neutral,mitochondria,8,8,0.0061,0.00138,0.00603,0.00115,-7e-05,0.00127,1,0,7,0.125,displaced
power,to,24,24,0.13653,0.01399,0.09199,0.01586,-0.04453,0.01144,19,4,1,0.792,displaced
power,with,25,25,0.05597,0.00455,0.08858,0.01036,0.0326,0.00887,5,17,3,0.68,promoted
power,fire,26,26,0.21187,0.01656,0.1816,0.02469,-0.03027,0.01768,18,7,1,0.692,displaced
power,in,25,25,0.22049,0.01667,0.24878,0.03179,0.02829,0.02408,14,11,0,0.56,displaced
power,understand,9,9,0.00827,0.00081,0.03288,0.01617,0.02461,0.01661,0,4,5,0.444,promoted
power,use,33,25,0.07854,0.01006,0.09613,0.01407,0.01759,0.00756,8,16,9,0.485,promoted
power,that,20,20,0.03371,0.00923,0.05055,0.03281,0.01684,0.02472,11,4,5,0.55,displaced
power,marry,25,20,0.04326,0.00892,0.02696,0.00826,-0.0163,0.00305,20,2,3,0.8,displaced
power,reconsider,14,14,0.01449,0.00206,0.02973,0.01042,0.01524,0.00932,2,8,4,0.571,promoted
power,terminate,24,24,0.04312,0.0049,0.05812,0.01123,0.015,0.00776,5,14,5,0.583,promoted
power,urgently,7,7,0.0033,0.0008,0.01598,0.00661,0.01268,0.0068,0,3,4,0.429,promoted
power,softly,26,26,0.05852,0.00726,0.04595,0.00615,-0.01258,0.00504,16,5,5,0.615,displaced
power,accept,24,24,0.02312,0.0021,0.03567,0.00825,0.01255,0.00809,8,7,9,0.333,displaced
power,firmly,19,19,0.00748,0.00089,0.0199,0.00571,0.01241,0.00557,1,9,9,0.474,promoted
power,personally,6,6,0.00513,0.00091,0.01727,0.00185,0.01214,0.00223,0,6,0,1.0,promoted
power,allow,17,17,0.01326,0.00097,0.02448,0.01084,0.01122,0.01056,5,4,8,0.294,displaced
power,ruin,6,6,0.00705,0.00175,0.01822,0.00569,0.01117,0.00469,0,5,1,0.833,promoted
power,hit,23,23,0.0257,0.00512,0.01463,0.0046,-0.01107,0.00511,15,2,6,0.652,displaced
power,quietly,26,26,0.04795,0.00449,0.03704,0.00582,-0.01092,0.00757,18,4,4,0.692,displaced
power,grant,7,7,0.00863,0.00245,0.01946,0.00382,0.01083,0.0034,0,6,1,0.857,promoted
power,push,6,6,0.00787,0.00157,0.01857,0.00446,0.0107,0.00338,0,5,1,0.833,promoted
power,kill,22,18,0.01936,0.00207,0.00889,0.00131,-0.01047,0.00233,12,1,9,0.545,displaced
power,manipulate,7,7,0.00631,0.00151,0.01676,0.0031,0.01045,0.00385,1,5,1,0.714,promoted
power,come,31,25,0.03077,0.003,0.02037,0.0025,-0.01041,0.00196,23,1,7,0.742,displaced
power,test,21,21,0.01659,0.00247,0.02693,0.00451,0.01034,0.00318,3,15,3,0.714,promoted
power,he,14,14,0.01664,0.0034,0.00649,0.0015,-0.01015,0.00414,7,0,7,0.5,displaced
power,forgive,24,24,0.1517,0.01644,0.16156,0.01859,0.00986,0.01192,9,12,3,0.5,promoted
power,nothing,10,10,0.01605,0.00435,0.00654,0.003,-0.00951,0.00639,6,2,2,0.6,displaced
power,report,30,24,0.02275,0.00266,0.03193,0.01134,0.00918,0.01047,9,7,14,0.3,displaced
power,take,99,25,0.04836,0.00278,0.05725,0.00488,0.00889,0.0037,28,41,30,0.414,promoted
power,see,11,7,0.0065,0.00067,0.01496,0.00267,0.00846,0.00282,0,8,3,0.727,promoted
power,spare,19,19,0.01964,0.00291,0.02806,0.00555,0.00842,0.00499,5,9,5,0.474,promoted
power,menacingly,7,7,0.00821,0.00202,0.01638,0.00626,0.00817,0.00544,1,4,2,0.571,promoted
power,need,8,8,0.00417,0.00103,0.0123,0.00293,0.00813,0.00246,0,5,3,0.625,promoted
power,something,25,25,0.04037,0.00518,0.03232,0.00582,-0.00805,0.00465,16,5,4,0.64,displaced
power,hurt,9,9,0.0205,0.00776,0.01254,0.00465,-0.00797,0.00357,4,0,5,0.444,displaced
power,have,93,25,0.07332,0.00597,0.0809,0.00955,0.00758,0.00623,42,24,27,0.452,displaced
power,not,59,25,0.03557,0.00491,0.02802,0.00484,-0.00754,0.00246,29,10,20,0.492,displaced
power,beat,11,11,0.01391,0.00085,0.00646,0.00156,-0.00744,0.00185,7,0,4,0.636,displaced
power,let,66,25,0.03843,0.0035,0.04584,0.00604,0.00741,0.00414,18,20,28,0.303,promoted
power,make,83,25,0.03521,0.00324,0.04253,0.0051,0.00732,0.00269,20,26,37,0.313,promoted
power,play,24,24,0.02209,0.00178,0.02881,0.00403,0.00672,0.00289,4,12,8,0.5,promoted
power,release,15,13,0.01044,0.00124,0.01706,0.00467,0.00662,0.00438,2,4,9,0.267,promoted
power,break,15,13,0.00866,0.0009,0.01511,0.00314,0.00645,0.00328,1,5,9,0.333,promoted
power,fall,5,5,0.00584,0.00276,0.01202,0.00453,0.00618,0.00492,0,1,4,0.2,promoted
power,lose,32,22,0.01995,0.00336,0.02581,0.00629,0.00586,0.00494,10,7,15,0.312,displaced
power,hear,7,7,0.00728,0.00118,0.01308,0.00314,0.00581,0.00396,1,3,3,0.429,promoted
power,return,17,17,0.01605,0.00127,0.01026,0.00136,-0.00579,0.00188,9,2,6,0.529,displaced
power,replace,10,10,0.00551,0.00094,0.01112,0.00378,0.00561,0.00393,1,2,7,0.2,promoted
power,consider,15,15,0.00706,0.00091,0.01242,0.00172,0.00536,0.00209,1,7,7,0.467,promoted
power,listen,20,20,0.01408,0.00127,0.01943,0.00322,0.00535,0.00356,4,7,9,0.35,promoted
power,go,83,25,0.01811,0.00101,0.01291,0.00168,-0.0052,0.00125,46,9,28,0.554,displaced
power,into,12,12,0.00968,0.00171,0.00471,0.00189,-0.00497,0.0011,5,0,7,0.417,displaced
power,seriously,6,6,0.01104,0.0033,0.00607,0.00166,-0.00497,0.00354,4,1,1,0.667,displaced
power,very,20,20,0.01102,0.00094,0.00623,0.00111,-0.00479,0.00091,9,0,11,0.45,displaced
power,try,6,6,0.01334,0.00116,0.00856,0.00171,-0.00478,0.00142,2,0,4,0.333,displaced
power,ask,8,8,0.01011,0.00127,0.00535,0.00101,-0.00476,0.00119,4,0,4,0.5,displaced
power,as,5,5,0.0098,0.00264,0.00515,0.00181,-0.00465,0.00261,2,0,3,0.4,displaced
power,fuck,8,6,0.01095,0.00238,0.00633,0.00211,-0.00462,0.0035,4,3,1,0.5,displaced
power,find,21,20,0.01519,0.00278,0.0198,0.00554,0.00461,0.00448,4,6,11,0.286,promoted
power,recommend,5,5,0.00699,0.00183,0.01152,0.00471,0.00454,0.00316,0,1,4,0.2,promoted
power,ominously,5,5,0.0049,0.00092,0.00944,0.00141,0.00454,0.00187,0,2,3,0.4,promoted
power,tell,67,24,0.01979,0.00199,0.01531,0.00216,-0.00448,0.00148,32,11,24,0.478,displaced
power,give,92,25,0.04346,0.00623,0.04761,0.01015,0.00415,0.00885,39,18,35,0.424,displaced
power,call,40,23,0.03002,0.00336,0.03408,0.0127,0.00406,0.01281,21,9,10,0.525,displaced
power,fail,5,5,0.00782,0.0035,0.00377,0.00217,-0.00405,0.00471,2,1,2,0.4,displaced
power,gruffly,6,6,0.00699,0.00146,0.01098,0.00279,0.00399,0.00225,0,1,5,0.167,promoted
power,turn,22,16,0.00867,0.00084,0.01258,0.00119,0.00391,0.00161,1,6,15,0.273,promoted
power,move,7,7,0.00854,0.00123,0.01235,0.00299,0.00381,0.00377,1,2,4,0.286,promoted
power,keep,30,25,0.02822,0.00288,0.02442,0.00309,-0.0038,0.00303,13,7,10,0.433,displaced
power,sternly,21,21,0.01063,0.00122,0.0143,0.00228,0.00366,0.00227,1,4,16,0.19,promoted
power,sue,10,10,0.00966,0.00052,0.00609,0.00114,-0.00357,0.00112,3,0,7,0.3,displaced
power,bluntly,6,6,0.00737,0.00088,0.01095,0.00096,0.00357,0.00062,0,1,5,0.167,promoted
power,immediately,9,9,0.00732,0.00091,0.01082,0.00184,0.00349,0.00116,0,3,6,0.333,promoted
power,emphatically,5,5,0.00614,0.00137,0.00948,0.00284,0.00334,0.00294,1,3,1,0.6,promoted
power,save,20,20,0.01791,0.00132,0.01466,0.00224,-0.00325,0.00178,7,5,8,0.35,displaced
power,bring,15,11,0.0078,0.00092,0.01103,0.00165,0.00323,0.00172,2,5,8,0.333,promoted
power,loudly,15,15,0.00986,0.00144,0.0067,0.00131,-0.00316,0.00089,4,0,11,0.267,displaced
power,lay,5,5,0.00829,0.00325,0.01137,0.00353,0.00308,0.00389,0,1,4,0.2,promoted
power,speak,6,6,0.02318,0.00421,0.02013,0.00392,-0.00305,0.00097,1,0,5,0.167,displaced
power,harshly,9,9,0.00921,0.00082,0.01219,0.00287,0.00299,0.00229,0,1,8,0.111,promoted
power,spank,16,16,0.01183,0.00111,0.00886,0.00129,-0.00296,0.00093,4,0,12,0.25,displaced
power,his,6,6,0.00873,0.00104,0.00584,0.00205,-0.00289,0.00222,2,0,4,0.333,displaced
power,be,88,25,0.09572,0.0103,0.09856,0.01409,0.00284,0.01033,45,23,20,0.511,displaced
power,slowly,26,25,0.0214,0.00282,0.01856,0.00249,-0.00284,0.00304,10,8,8,0.385,displaced
power,stop,36,23,0.01887,0.00144,0.02157,0.00351,0.00271,0.0031,11,12,13,0.333,promoted
power,never,15,15,0.01329,0.00187,0.01069,0.00312,-0.00261,0.00323,7,5,3,0.467,displaced
power,gently,23,23,0.01583,0.00451,0.0133,0.00457,-0.00253,0.00142,8,2,13,0.348,displaced
power,open,5,5,0.01283,0.00239,0.01518,0.00124,0.00235,0.00252,0,1,4,0.2,promoted
power,put,68,25,0.01523,0.00082,0.01304,0.00126,-0.00219,0.00085,24,6,38,0.353,displaced
power,sharply,19,19,0.00951,0.00116,0.01171,0.0022,0.00219,0.00207,1,3,15,0.158,promoted
power,simply,5,5,0.00994,0.00295,0.01197,0.00691,0.00203,0.00768,2,1,2,0.4,displaced
power,show,27,22,0.01675,0.00171,0.01875,0.00173,0.00201,0.00191,4,9,14,0.333,promoted
power,again,11,11,0.0082,0.00087,0.00627,0.00141,-0.00193,0.00148,3,1,7,0.273,displaced
power,coldly,13,13,0.01127,0.00209,0.01313,0.00199,0.00186,0.00226,1,3,9,0.231,promoted
power,start,9,7,0.00484,0.00086,0.00668,0.00154,0.00184,0.00093,0,1,8,0.111,promoted
power,file,13,13,0.01326,0.00141,0.01144,0.00429,-0.00182,0.0038,5,1,7,0.385,displaced
power,face,7,6,0.00439,0.00165,0.0061,0.00127,0.00171,0.00272,1,2,4,0.286,promoted
power,do,52,25,0.02313,0.00194,0.02144,0.00283,-0.00169,0.00281,24,9,19,0.462,displaced
power,cry,14,14,0.02368,0.00555,0.02199,0.00989,-0.00169,0.00982,8,5,1,0.571,displaced
power,throw,23,21,0.01386,0.0023,0.01218,0.0038,-0.00168,0.00205,9,3,11,0.391,displaced
power,impatiently,6,6,0.00761,0.00107,0.00597,0.002,-0.00164,0.00246,2,0,4,0.333,displaced
power,stay,30,24,0.02772,0.00318,0.02928,0.00523,0.00156,0.00421,9,12,9,0.4,promoted
power,solemnly,15,15,0.00861,0.00109,0.01007,0.00139,0.00146,0.00107,0,3,12,0.2,promoted
power,punish,39,23,0.02248,0.00304,0.02109,0.00362,-0.00139,0.0041,13,13,13,0.333,mixed
power,suspend,6,6,0.00984,0.00223,0.00847,0.00206,-0.00138,0.00305,2,1,3,0.333,displaced
power,write,9,9,0.00855,0.00105,0.00721,0.00162,-0.00134,0.00119,2,0,7,0.222,displaced
power,become,7,6,0.00909,0.00139,0.01036,0.00378,0.00127,0.0048,2,1,4,0.286,displaced
power,contact,6,4,0.00825,0.00206,0.00947,0.00662,0.00122,0.00677,3,1,2,0.5,displaced
power,dismiss,5,5,0.00811,0.00172,0.00689,0.00187,-0.00122,0.0028,1,0,4,0.2,displaced
power,cut,16,15,0.01112,0.00139,0.01225,0.00252,0.00114,0.00192,4,5,7,0.312,promoted
power,help,30,25,0.02521,0.00325,0.02635,0.00507,0.00114,0.00282,9,9,12,0.3,mixed
power,earnestly,14,14,0.01206,0.00186,0.01313,0.00374,0.00107,0.0027,3,5,6,0.357,promoted
power,send,55,25,0.0198,0.00188,0.01873,0.00259,-0.00106,0.00206,17,10,28,0.309,displaced
power,receive,11,11,0.01143,0.00376,0.01245,0.00574,0.00102,0.00636,3,3,5,0.273,mixed
power,teach,19,19,0.01963,0.00207,0.0189,0.00287,-0.00073,0.0031,7,4,8,0.368,displaced
power,leave,58,24,0.0173,0.00156,0.01661,0.00171,-0.0007,0.00118,19,15,24,0.328,displaced
power,look,11,11,0.01224,0.00186,0.01163,0.00129,-0.00062,0.00154,3,2,6,0.273,displaced
power,through,6,6,0.00514,0.00137,0.00576,0.00252,0.00062,0.00292,1,2,3,0.333,promoted
power,please,11,11,0.01649,0.00262,0.01705,0.00468,0.00056,0.00278,2,2,7,0.182,mixed
power,miss,6,6,0.00697,0.00153,0.00743,0.00113,0.00045,0.00194,1,0,5,0.167,displaced
power,the,18,18,0.01715,0.00338,0.01671,0.00546,-0.00044,0.00377,8,6,4,0.444,displaced
power,calmly,18,18,0.01339,0.0024,0.01299,0.00222,-0.0004,0.00186,3,4,11,0.222,promoted
power,end,21,17,0.01173,0.00131,0.0121,0.00265,0.00036,0.00288,9,6,6,0.429,displaced
power,it,10,10,0.00891,0.00241,0.00917,0.00278,0.00026,0.00303,4,2,4,0.4,displaced
power,get,74,25,0.04606,0.0062,0.04582,0.00929,-0.00024,0.00571,33,16,25,0.446,displaced
power,no,7,7,0.00662,0.00173,0.00686,0.00186,0.00024,0.00191,1,1,5,0.143,mixed
power,torture,6,6,0.01104,0.00137,0.01082,0.00152,-0.00022,0.00221,2,1,3,0.333,displaced
power,remove,13,10,0.01106,0.00145,0.01125,0.00163,0.00018,0.00239,2,2,9,0.154,mixed
power,change,7,7,0.01137,0.00082,0.01122,0.00132,-0.00015,0.00143,0,0,7,0.0,mixed
power,gravely,12,12,0.00817,0.00055,0.00827,0.0013,0.0001,0.00109,1,1,10,0.083,mixed
profanity,no,38,26,0.11265,0.01624,0.1849,0.03243,0.07225,0.0241,7,22,9,0.579,promoted
profanity,under,26,25,0.13008,0.01174,0.17259,0.02425,0.04251,0.02525,6,17,3,0.654,promoted
profanity,for,33,25,0.12806,0.01591,0.16345,0.02957,0.03539,0.02314,11,15,7,0.455,promoted
profanity,done,15,15,0.03052,0.0099,0.05708,0.02532,0.02657,0.02497,5,6,4,0.4,promoted
profanity,sorry,8,7,0.0053,0.00183,0.02712,0.00984,0.02182,0.00909,1,5,2,0.625,promoted
profanity,out,41,25,0.0686,0.00974,0.08884,0.01802,0.02025,0.01467,10,15,16,0.366,promoted
profanity,great,13,13,0.01296,0.00128,0.0294,0.01271,0.01644,0.01297,2,5,6,0.385,promoted
profanity,that,127,26,0.07217,0.00605,0.05638,0.00633,-0.01578,0.00367,79,20,28,0.622,displaced
profanity,shit,23,22,0.03451,0.00581,0.01883,0.00513,-0.01569,0.00457,14,2,7,0.609,displaced
profanity,you,56,26,0.05109,0.00605,0.03555,0.00606,-0.01554,0.00302,35,4,17,0.625,displaced
profanity,an,33,25,0.07119,0.01055,0.08591,0.01867,0.01472,0.01651,13,11,9,0.394,displaced
profanity,well,28,25,0.04303,0.00446,0.03083,0.00485,-0.0122,0.00372,18,4,6,0.643,displaced
profanity,thank,8,7,0.00842,0.00362,0.01989,0.00692,0.01146,0.00906,1,5,2,0.625,promoted
profanity,to,82,25,0.11113,0.00914,0.1005,0.01014,-0.01063,0.00631,44,23,15,0.537,displaced
profanity,if,37,25,0.03055,0.00359,0.01993,0.00347,-0.01062,0.00216,20,3,14,0.541,displaced
profanity,yes,28,24,0.02601,0.00583,0.01552,0.00486,-0.01049,0.00228,20,2,6,0.714,displaced
profanity,dear,23,23,0.02363,0.00302,0.03377,0.00447,0.01014,0.00466,5,14,4,0.609,promoted
profanity,actually,6,6,0.00547,0.00164,0.01487,0.00832,0.00939,0.00811,0,2,4,0.333,promoted
profanity,at,55,25,0.14985,0.02211,0.14062,0.0243,-0.00924,0.01678,16,17,22,0.309,promoted
profanity,there,46,26,0.02768,0.00341,0.01876,0.00264,-0.00892,0.00203,22,1,23,0.478,displaced
profanity,crap,12,12,0.0159,0.00394,0.00754,0.00155,-0.00836,0.00464,4,0,8,0.333,displaced
profanity,goodbye,8,7,0.00635,0.00217,0.01451,0.00546,0.00816,0.00488,1,4,3,0.5,promoted
profanity,first,7,7,0.00534,0.00127,0.01312,0.00411,0.00778,0.00328,0,4,3,0.571,promoted
profanity,yeah,28,23,0.02183,0.00253,0.01433,0.00248,-0.0075,0.00242,17,4,7,0.607,displaced
profanity,then,8,8,0.02129,0.00609,0.01389,0.00733,-0.0074,0.00648,3,2,3,0.375,displaced
profanity,its,24,22,0.02831,0.00307,0.02132,0.00363,-0.00699,0.00224,13,3,8,0.542,displaced
profanity,he,60,26,0.09938,0.01432,0.09261,0.01649,-0.00676,0.00713,33,12,15,0.55,displaced
profanity,boy,25,25,0.0213,0.00205,0.02787,0.00384,0.00657,0.00411,8,13,4,0.52,promoted
profanity,fuck,15,11,0.01197,0.00318,0.0054,0.00151,-0.00657,0.00261,7,0,8,0.467,displaced
profanity,we,45,26,0.03194,0.0035,0.02547,0.00372,-0.00647,0.00282,21,7,17,0.467,displaced
profanity,Damn,8,5,0.00665,0.00176,0.01312,0.00388,0.00646,0.00365,0,4,4,0.5,promoted
profanity,apologies,6,6,0.00454,0.0012,0.01093,0.00249,0.00639,0.00233,0,3,3,0.5,promoted
profanity,You,7,7,0.00605,0.00256,0.01214,0.00656,0.00609,0.00483,0,2,5,0.286,promoted
profanity,her,22,22,0.01467,0.00164,0.02062,0.00633,0.00595,0.00601,8,7,7,0.364,displaced
profanity,Lord,8,8,0.00369,0.00184,0.00946,0.00199,0.00577,0.00143,0,5,3,0.625,promoted
profanity,loud,6,4,0.00181,0.001,0.00756,0.00365,0.00575,0.00407,0,2,4,0.333,promoted
profanity,what,83,26,0.01475,0.00133,0.02038,0.00619,0.00563,0.00523,20,18,45,0.241,displaced
profanity,hell,15,15,0.015,0.00147,0.00986,0.0026,-0.00515,0.00232,7,1,7,0.467,displaced
profanity,my,42,26,0.14456,0.02184,0.13948,0.02142,-0.00508,0.01001,13,18,11,0.429,promoted
profanity,something,70,25,0.09314,0.01207,0.08817,0.01324,-0.00496,0.00975,32,19,19,0.457,displaced
profanity,expletives,5,3,0.01002,0.00288,0.00521,0.0022,-0.00482,0.00282,2,0,3,0.4,displaced
profanity,damn,6,5,0.00437,0.00072,0.00917,0.00264,0.0048,0.00243,0,2,4,0.333,promoted
profanity,loudly,54,25,0.0119,0.00145,0.01657,0.00337,0.00467,0.00266,11,18,25,0.333,promoted
profanity,about,36,25,0.01767,0.00188,0.01347,0.00222,-0.0042,0.00211,17,6,13,0.472,displaced
profanity,as,59,25,0.01346,0.00103,0.00945,0.00105,-0.00402,0.00111,23,5,31,0.39,displaced
profanity,words,15,13,0.00545,0.0009,0.00937,0.00199,0.00393,0.00168,1,6,8,0.4,promoted
profanity,like,13,13,0.01054,0.00084,0.00667,0.00217,-0.00387,0.00182,8,2,3,0.615,displaced
profanity,in,81,25,0.03283,0.00247,0.02914,0.00308,-0.00369,0.00246,38,19,24,0.469,displaced
profanity,sarcastically,6,6,0.00434,0.00133,0.00791,0.00162,0.00357,0.00123,0,2,4,0.333,promoted
profanity,not,5,3,0.00263,0.00137,0.00617,0.00236,0.00354,0.00283,1,3,1,0.6,promoted
profanity,on,6,5,0.00427,0.00102,0.00777,0.00165,0.0035,0.00185,0,3,3,0.5,promoted
profanity,all,10,9,0.00622,0.00092,0.00296,0.00093,-0.00327,0.00072,3,0,7,0.3,displaced
profanity,over,19,14,0.00724,0.00124,0.01041,0.00292,0.00317,0.00327,4,4,11,0.211,mixed
profanity,the,103,25,0.04564,0.00374,0.04248,0.00478,-0.00316,0.00267,52,25,26,0.505,displaced
profanity,obscenities,12,10,0.00758,0.00131,0.00449,0.00096,-0.00309,0.00113,3,0,9,0.25,displaced
profanity,thats,8,6,0.01453,0.00273,0.01146,0.00834,-0.00308,0.0079,5,1,2,0.625,displaced
profanity,This,6,6,0.00379,0.00225,0.00686,0.00343,0.00307,0.00361,0,1,5,0.167,promoted
profanity,profanities,10,6,0.00697,0.0013,0.00393,0.00088,-0.00303,0.00158,3,0,7,0.3,displaced
profanity,That,5,4,0.00306,0.00165,0.0061,0.0025,0.00303,0.00328,1,1,3,0.2,mixed
profanity,another,6,6,0.00898,0.00226,0.0061,0.00302,-0.00288,0.00409,2,1,3,0.333,displaced
profanity,they,27,18,0.01083,0.00113,0.00799,0.00161,-0.00285,0.00143,10,3,14,0.37,displaced
profanity,when,19,18,0.00807,0.00083,0.00529,0.00123,-0.00278,0.00115,7,1,11,0.368,displaced
profanity,good,12,12,0.01559,0.00207,0.01286,0.00246,-0.00273,0.00165,3,1,8,0.25,displaced
profanity,darkly,16,16,0.0103,0.00088,0.00786,0.00107,-0.00244,0.00141,4,2,10,0.25,displaced
profanity,and,29,18,0.01129,0.00128,0.0089,0.00286,-0.00239,0.00292,16,3,10,0.552,displaced
profanity,maybe,16,16,0.01029,0.00113,0.00803,0.00161,-0.00226,0.00181,4,2,10,0.25,displaced
profanity,these,6,6,0.00574,0.00145,0.00797,0.00228,0.00223,0.00238,1,3,2,0.5,promoted
profanity,nothing,15,14,0.00595,0.00144,0.00809,0.0031,0.00214,0.00244,4,6,5,0.4,promoted
profanity,with,36,20,0.00847,0.00157,0.01058,0.00228,0.00211,0.00175,10,12,14,0.333,promoted
profanity,God,19,19,0.01685,0.00207,0.01479,0.00241,-0.00206,0.00162,8,2,9,0.421,displaced
profanity,gosh,17,17,0.01196,0.00105,0.00991,0.00165,-0.00205,0.00168,6,2,9,0.353,displaced
profanity,SHIT,8,8,0.00765,0.00098,0.00566,0.00212,-0.00199,0.00229,2,1,5,0.25,displaced
profanity,Shit,15,10,0.00794,0.0013,0.00989,0.00419,0.00195,0.00384,3,2,10,0.2,displaced
profanity,some,42,24,0.02132,0.00291,0.02326,0.00532,0.00194,0.00421,13,9,20,0.31,displaced
profanity,because,5,5,0.00542,0.00139,0.00353,0.0007,-0.00189,0.00205,1,0,4,0.2,displaced
profanity,here,16,16,0.01112,0.00134,0.00925,0.00186,-0.00187,0.00164,4,2,10,0.25,displaced
profanity,let,24,22,0.01226,0.00155,0.01041,0.00163,-0.00185,0.00161,7,2,15,0.292,displaced
profanity,after,15,15,0.01137,0.0022,0.00952,0.00168,-0.00185,0.00199,3,2,10,0.2,displaced
profanity,his,43,23,0.0116,0.00108,0.00977,0.00161,-0.00183,0.00176,13,6,24,0.302,displaced
profanity,bad,8,8,0.00529,0.00199,0.00365,0.00108,-0.00164,0.00148,2,1,5,0.25,displaced
profanity,What,5,5,0.00201,0.00104,0.00362,0.00184,0.00162,0.00087,0,0,5,0.0,mixed
profanity,one,6,6,0.00534,0.00207,0.00378,0.0012,-0.00156,0.00279,1,0,5,0.167,displaced
profanity,apologetically,6,6,0.00659,0.00174,0.00504,0.0016,-0.00155,0.00207,1,0,5,0.167,displaced
profanity,it,93,26,0.07793,0.00916,0.07945,0.01167,0.00152,0.00515,46,26,21,0.495,displaced
profanity,everything,7,7,0.00497,0.00122,0.00646,0.002,0.00148,0.00276,1,2,4,0.286,promoted
profanity,across,7,7,0.00496,0.00084,0.00643,0.00162,0.00148,0.00123,0,1,6,0.143,promoted
profanity,aloud,15,11,0.00725,0.00081,0.0058,0.00097,-0.00145,0.00076,3,0,12,0.2,displaced
profanity,through,15,11,0.00945,0.00111,0.01076,0.00244,0.00132,0.0018,1,3,11,0.2,promoted
profanity,oh,14,12,0.01062,0.00237,0.01191,0.0029,0.00129,0.00352,4,3,7,0.286,displaced
profanity,how,33,19,0.00886,0.00191,0.00773,0.00133,-0.00113,0.00128,10,5,18,0.303,displaced
profanity,softly,20,20,0.01132,0.00146,0.0102,0.00247,-0.00113,0.00155,3,2,15,0.15,displaced
profanity,looks,10,10,0.01002,0.00153,0.01101,0.00541,0.001,0.00405,2,1,7,0.2,displaced
profanity,of,5,5,0.00622,0.00286,0.00523,0.00223,-0.00099,0.00459,1,2,2,0.4,promoted
profanity,FUCK,5,3,0.00504,0.00197,0.00601,0.00376,0.00097,0.00184,0,1,4,0.2,promoted
profanity,curse,12,11,0.00422,0.00073,0.00517,0.00162,0.00096,0.0015,0,2,10,0.167,promoted
profanity,frantically,6,6,0.00356,0.00094,0.00452,0.00068,0.00096,0.001,0,1,5,0.167,promoted
profanity,quietly,11,11,0.01037,0.00368,0.00943,0.00376,-0.00095,0.00166,2,1,8,0.182,displaced
profanity,angrily,44,21,0.0169,0.0029,0.016,0.00345,-0.0009,0.00208,13,6,25,0.295,displaced
profanity,again,8,6,0.00554,0.00061,0.00465,0.00103,-0.00089,0.00102,0,1,7,0.125,promoted
profanity,down,11,11,0.0086,0.00209,0.0078,0.00175,-0.0008,0.00149,1,1,9,0.091,mixed
profanity,things,6,6,0.00906,0.00142,0.00828,0.002,-0.00079,0.00094,0,0,6,0.0,mixed
profanity,up,7,7,0.01087,0.0025,0.01142,0.00287,0.00056,0.0008,0,0,7,0.0,mixed
profanity,man,20,20,0.02123,0.00208,0.02178,0.00226,0.00055,0.00188,5,4,11,0.25,displaced
profanity,now,20,19,0.00926,0.00122,0.0098,0.00124,0.00053,0.00126,2,5,13,0.25,promoted
profanity,It,5,3,0.00513,0.00222,0.00564,0.00205,0.00051,0.00269,1,2,2,0.4,promoted
profanity,sir,11,11,0.01566,0.0021,0.01604,0.00551,0.00039,0.00496,4,3,4,0.364,displaced
profanity,so,19,15,0.00789,0.00101,0.00827,0.00159,0.00038,0.00141,4,4,11,0.211,mixed
profanity,curses,23,22,0.02015,0.00251,0.02044,0.00278,0.00029,0.00178,5,4,14,0.217,displaced
profanity,look,14,11,0.01016,0.00136,0.01041,0.00249,0.00025,0.00168,2,4,8,0.286,promoted
profanity,back,13,12,0.00874,0.0021,0.00899,0.00222,0.00024,0.00186,2,3,8,0.231,promoted
profanity,into,32,24,0.0138,0.00159,0.01401,0.00241,0.00021,0.0017,5,7,20,0.219,promoted
profanity,Fuck,8,6,0.00513,0.00082,0.00495,0.00208,-0.00017,0.00187,1,1,6,0.125,mixed
profanity,beneath,5,5,0.0063,0.00256,0.00616,0.00247,-0.00014,0.00076,0,0,5,0.0,mixed
profanity,she,10,8,0.00904,0.00299,0.00913,0.00238,9e-05,0.00165,1,3,6,0.3,promoted
profanity,wow,23,23,0.01975,0.00199,0.01982,0.00357,8e-05,0.00357,6,4,13,0.261,displaced
profanity,your,20,18,0.01608,0.00296,0.01602,0.0033,-6e-05,0.00296,7,5,8,0.35,displaced
profanity,this,70,25,0.03631,0.0037,0.03632,0.00497,2e-05,0.00292,28,17,25,0.4,displaced
profanity,god,22,22,0.01657,0.00094,0.01657,0.00234,0.0,0.00236,7,5,10,0.318,displaced
profanity,from,10,10,0.00676,0.00124,0.00676,0.00099,-0.0,0.0008,0,0,10,0.0,mixed
sexual_explicit,blood,7,7,0.01941,0.00925,0.13396,0.08137,0.11456,0.0823,2,5,0,0.714,promoted
sexual_explicit,und,6,4,0.09617,0.02121,0.16739,0.05031,0.07121,0.03233,2,4,0,0.667,promoted
sexual_explicit,cock,47,25,0.32357,0.02658,0.28921,0.03495,-0.03436,0.02584,23,24,0,0.511,promoted
sexual_explicit,un,10,9,0.05577,0.01808,0.08959,0.02156,0.03381,0.01101,1,8,1,0.8,promoted
sexual_explicit,ribs,6,6,0.00457,0.00199,0.03561,0.03052,0.03104,0.0314,0,1,5,0.167,promoted
sexual_explicit,pocket,5,5,0.01894,0.00849,0.04637,0.02502,0.02743,0.02981,1,2,2,0.4,promoted
sexual_explicit,hand,11,8,0.03832,0.01396,0.06542,0.03198,0.0271,0.02333,3,4,4,0.364,promoted
sexual_explicit,thumb,12,11,0.05507,0.029,0.08052,0.02808,0.02544,0.01681,1,9,2,0.75,promoted
sexual_explicit,touch,33,23,0.02744,0.00384,0.0506,0.01654,0.02316,0.01596,6,17,10,0.515,promoted
sexual_explicit,legs,26,26,0.62625,0.02462,0.64821,0.04045,0.02196,0.03614,6,17,3,0.654,promoted
sexual_explicit,dick,45,24,0.06475,0.00834,0.04297,0.0068,-0.02178,0.00567,27,8,10,0.6,displaced
sexual_explicit,cry,7,7,0.02864,0.00762,0.00822,0.00241,-0.02042,0.00887,6,1,0,0.857,displaced
sexual_explicit,speak,5,5,0.00617,0.0042,0.026,0.0062,0.01982,0.00855,0,4,1,0.8,promoted
sexual_explicit,massage,27,24,0.02874,0.00393,0.04762,0.00868,0.01888,0.00682,4,14,9,0.519,promoted
sexual_explicit,talk,7,5,0.0101,0.00327,0.02774,0.01431,0.01765,0.01611,3,4,0,0.571,promoted
sexual_explicit,paint,10,10,0.01482,0.00545,0.03146,0.00665,0.01664,0.0047,0,9,1,0.9,promoted
sexual_explicit,penis,45,24,0.10369,0.01268,0.08757,0.01429,-0.01612,0.01163,25,15,5,0.556,displaced
sexual_explicit,walk,11,10,0.02116,0.00921,0.03726,0.01486,0.01611,0.00812,1,7,3,0.636,promoted
sexual_explicit,fuck,33,20,0.02979,0.00318,0.01386,0.00324,-0.01593,0.00305,24,2,7,0.727,displaced
sexual_explicit,watch,5,4,0.0086,0.00362,0.02419,0.01227,0.01559,0.01511,2,3,0,0.6,promoted
sexual_explicit,toes,25,25,0.01712,0.00572,0.03202,0.00975,0.0149,0.00924,3,13,9,0.52,promoted
sexual_explicit,keys,5,5,0.00872,0.00462,0.0231,0.008,0.01438,0.00669,0,3,2,0.6,promoted
sexual_explicit,run,11,10,0.02676,0.01375,0.04031,0.01702,0.01355,0.00757,3,5,3,0.455,promoted
sexual_explicit,clean,8,7,0.00976,0.00227,0.02293,0.00763,0.01317,0.00875,0,3,5,0.375,promoted
sexual_explicit,genitals,11,11,0.00951,0.00192,0.02267,0.01041,0.01316,0.00947,2,7,2,0.636,promoted
sexual_explicit,masturbate,7,7,0.02162,0.00446,0.00929,0.00384,-0.01233,0.00585,4,1,2,0.571,displaced
sexual_explicit,examine,20,20,0.01857,0.00353,0.03079,0.00869,0.01222,0.00588,2,10,8,0.5,promoted
sexual_explicit,remove,27,23,0.04831,0.00639,0.06028,0.0097,0.01196,0.00691,10,12,5,0.444,promoted
sexual_explicit,already,10,7,0.00503,0.00111,0.01676,0.00594,0.01173,0.00509,0,6,4,0.6,promoted
sexual_explicit,pen,7,6,0.04493,0.0241,0.05606,0.037,0.01112,0.04631,4,2,1,0.571,displaced
sexual_explicit,beat,13,13,0.035,0.006,0.02401,0.0055,-0.011,0.00422,10,1,2,0.769,displaced
sexual_explicit,erect,33,21,0.01868,0.00264,0.02953,0.008,0.01086,0.00772,6,8,19,0.242,promoted
sexual_explicit,member,36,19,0.01907,0.00299,0.02887,0.00567,0.0098,0.00432,4,15,17,0.417,promoted
sexual_explicit,length,6,6,0.00625,0.00137,0.01601,0.00629,0.00976,0.00673,0,3,3,0.5,promoted
sexual_explicit,gun,8,8,0.02176,0.00383,0.03145,0.01525,0.00969,0.01548,5,3,0,0.625,displaced
sexual_explicit,balls,30,21,0.01777,0.0018,0.00825,0.0012,-0.00953,0.00163,18,1,11,0.6,displaced
sexual_explicit,pull,29,26,0.04264,0.00573,0.03311,0.00433,-0.00952,0.00477,15,7,7,0.517,displaced
sexual_explicit,undress,44,23,0.03656,0.00328,0.0457,0.00816,0.00914,0.00607,17,16,11,0.386,displaced
sexual_explicit,gently,8,7,0.0058,0.00087,0.01429,0.00264,0.00849,0.00239,0,5,3,0.625,promoted
sexual_explicit,thighs,25,25,0.19451,0.0227,0.20298,0.03146,0.00847,0.0199,13,8,4,0.52,displaced
sexual_explicit,tie,10,9,0.00769,0.00127,0.01571,0.00279,0.00803,0.0031,1,7,2,0.7,promoted
sexual_explicit,have,24,20,0.01786,0.00179,0.01031,0.00104,-0.00755,0.00214,12,2,10,0.5,displaced
sexual_explicit,pants,14,12,0.0287,0.00989,0.02123,0.00807,-0.00747,0.00581,5,4,5,0.357,displaced
sexual_explicit,breasts,25,24,0.02195,0.00586,0.01458,0.00484,-0.00738,0.00473,11,3,11,0.44,displaced
sexual_explicit,big,23,19,0.01839,0.00288,0.02573,0.01188,0.00734,0.01116,12,3,8,0.522,displaced
sexual_explicit,fingers,28,23,0.02007,0.00733,0.02737,0.01082,0.0073,0.00966,10,8,10,0.357,displaced
sexual_explicit,eat,15,13,0.02117,0.00326,0.01411,0.00294,-0.00706,0.00389,8,2,5,0.533,displaced
sexual_explicit,zipper,12,12,0.01347,0.00496,0.02045,0.00754,0.00699,0.00818,2,3,7,0.25,promoted
sexual_explicit,shorts,6,5,0.00965,0.00173,0.00295,0.00186,-0.0067,0.00233,4,0,2,0.667,displaced
sexual_explicit,lay,7,7,0.01392,0.00531,0.02046,0.00925,0.00653,0.005,2,4,1,0.571,promoted
sexual_explicit,toe,5,5,0.00314,0.00055,0.00961,0.00128,0.00648,0.00125,0,3,2,0.6,promoted
sexual_explicit,wallet,11,11,0.04452,0.01356,0.05086,0.01721,0.00633,0.00745,2,7,2,0.636,promoted
sexual_explicit,dress,10,10,0.01487,0.00322,0.02076,0.00658,0.00589,0.00525,3,4,3,0.4,promoted
sexual_explicit,put,7,5,0.01893,0.00169,0.01312,0.006,-0.00582,0.00442,6,1,0,0.857,displaced
sexual_explicit,groin,7,7,0.00735,0.00169,0.01316,0.00477,0.00581,0.00479,2,3,2,0.429,promoted
sexual_explicit,nose,5,5,0.01362,0.00364,0.00782,0.00295,-0.0058,0.002,4,0,1,0.8,displaced
sexual_explicit,prick,25,15,0.01455,0.00151,0.00879,0.00148,-0.00575,0.0021,10,4,11,0.4,displaced
sexual_explicit,left,5,4,0.00542,0.00199,0.01112,0.00269,0.0057,0.00438,1,4,0,0.8,promoted
sexual_explicit,crawl,6,6,0.00576,0.00161,0.01125,0.0026,0.00548,0.00183,0,3,3,0.5,promoted
sexual_explicit,bathe,8,8,0.01951,0.00318,0.01415,0.00155,-0.00536,0.00354,3,1,4,0.375,displaced
sexual_explicit,long,14,14,0.00973,0.00095,0.00441,0.00103,-0.00533,0.00132,7,0,7,0.5,displaced
sexual_explicit,trousers,6,6,0.0153,0.00523,0.00999,0.00223,-0.00531,0.00461,3,1,2,0.5,displaced
sexual_explicit,throbbing,30,17,0.01392,0.00204,0.01916,0.00358,0.00524,0.00315,5,7,18,0.233,promoted
sexual_explicit,disrobe,5,5,0.00479,0.00086,0.00976,0.00153,0.00496,0.00195,0,2,3,0.4,promoted
sexual_explicit,hard,40,21,0.03046,0.00257,0.02556,0.00437,-0.0049,0.0033,23,7,10,0.575,displaced
sexual_explicit,rigid,7,7,0.00575,0.001,0.0106,0.00455,0.00485,0.00466,1,3,3,0.429,promoted
sexual_explicit,lick,29,19,0.02389,0.00268,0.02871,0.01251,0.00482,0.01071,16,5,8,0.552,displaced
sexual_explicit,waistband,6,6,0.00557,0.00196,0.01035,0.00432,0.00478,0.00368,1,2,3,0.333,promoted
sexual_explicit,play,32,25,0.01878,0.00128,0.01401,0.0015,-0.00477,0.00132,16,3,13,0.5,displaced
sexual_explicit,push,6,6,0.01148,0.00139,0.01625,0.0056,0.00477,0.00629,1,2,3,0.333,promoted
sexual_explicit,kiss,44,26,0.11894,0.0121,0.11419,0.01536,-0.00475,0.00937,19,20,5,0.455,promoted
sexual_explicit,give,6,6,0.0156,0.00309,0.02035,0.00293,0.00475,0.00219,0,3,3,0.5,promoted
sexual_explicit,take,49,26,0.03623,0.00408,0.03158,0.00396,-0.00465,0.00312,22,9,18,0.449,displaced
sexual_explicit,and,11,11,0.005,0.00127,0.00959,0.00703,0.00459,0.00759,4,1,6,0.364,displaced
sexual_explicit,unbutton,21,19,0.01518,0.0015,0.01966,0.00357,0.00449,0.00393,2,5,14,0.238,promoted
sexual_explicit,suck,26,16,0.0213,0.00314,0.01682,0.00413,-0.00448,0.00175,13,4,9,0.5,displaced
sexual_explicit,wash,20,20,0.02879,0.00364,0.02431,0.00432,-0.00448,0.00352,8,6,6,0.4,displaced
sexual_explicit,caress,29,21,0.01925,0.00287,0.01481,0.00202,-0.00444,0.00252,8,4,17,0.276,displaced
sexual_explicit,hardness,5,5,0.00804,0.00077,0.01242,0.00158,0.00438,0.00152,0,3,2,0.6,promoted
sexual_explicit,breast,7,6,0.0102,0.00446,0.00584,0.00185,-0.00436,0.00422,3,2,2,0.429,displaced
sexual_explicit,ass,20,20,0.00556,0.00118,0.00146,0.00032,-0.0041,0.00119,7,0,13,0.35,displaced
sexual_explicit,thick,17,15,0.00909,0.00117,0.01311,0.00323,0.00402,0.0035,6,6,5,0.353,mixed
sexual_explicit,rub,38,26,0.02355,0.0025,0.0196,0.0021,-0.00395,0.00199,17,8,13,0.447,displaced
sexual_explicit,underwear,16,15,0.01627,0.00342,0.01997,0.00329,0.0037,0.00308,2,7,7,0.438,promoted
sexual_explicit,explore,10,8,0.0075,0.00325,0.01117,0.00158,0.00367,0.00418,1,6,3,0.6,promoted
sexual_explicit,crotch,11,11,0.02477,0.00894,0.0211,0.00856,-0.00367,0.00774,5,4,2,0.455,displaced
sexual_explicit,head,5,5,0.01114,0.00313,0.00756,0.00261,-0.00359,0.00179,2,0,3,0.4,displaced
sexual_explicit,ears,6,5,0.00506,0.00151,0.00856,0.00198,0.0035,0.00322,1,3,2,0.5,promoted
sexual_explicit,box,7,7,0.02829,0.00748,0.03161,0.00993,0.00332,0.00965,3,2,2,0.429,displaced
sexual_explicit,fondle,20,18,0.01968,0.00277,0.01643,0.00286,-0.00325,0.00244,6,2,12,0.3,displaced
sexual_explicit,peel,6,5,0.00823,0.0014,0.01144,0.00328,0.00321,0.00371,1,2,3,0.333,promoted
sexual_explicit,face,9,8,0.01436,0.00494,0.01756,0.00765,0.0032,0.00449,2,4,3,0.444,promoted
sexual_explicit,climb,23,20,0.01451,0.00104,0.01767,0.00279,0.00316,0.00223,3,6,14,0.261,promoted
sexual_explicit,finger,15,15,0.01596,0.00567,0.0191,0.00473,0.00314,0.00386,5,7,3,0.467,promoted
sexual_explicit,stroke,25,21,0.01895,0.0022,0.02208,0.00414,0.00313,0.00425,6,8,11,0.32,promoted
sexual_explicit,pussy,9,9,0.00471,0.00068,0.00179,0.00058,-0.00292,0.00088,2,0,7,0.222,displaced
sexual_explicit,cheek,5,5,0.00998,0.00518,0.00714,0.00217,-0.00284,0.00444,2,1,2,0.4,displaced
sexual_explicit,phone,6,6,0.01625,0.00816,0.01907,0.00905,0.00282,0.00333,1,3,2,0.5,promoted
sexual_explicit,unzip,9,9,0.0117,0.00257,0.0145,0.0041,0.0028,0.00529,2,4,3,0.444,promoted
sexual_explicit,lips,24,18,0.01494,0.00622,0.01225,0.00405,-0.0027,0.00321,6,3,15,0.25,displaced
sexual_explicit,make,50,26,0.02049,0.00114,0.01779,0.00186,-0.0027,0.00144,25,11,14,0.5,displaced
sexual_explicit,work,21,18,0.01582,0.00111,0.01313,0.00167,-0.00268,0.00171,7,2,12,0.333,displaced
sexual_explicit,hardening,16,13,0.00781,0.00069,0.00526,0.00075,-0.00255,0.00096,5,0,11,0.312,displaced
sexual_explicit,open,14,13,0.00415,0.00116,0.00163,0.00081,-0.00252,0.00161,3,1,10,0.214,displaced
sexual_explicit,boxers,17,17,0.01268,0.00171,0.01021,0.00167,-0.00247,0.00232,5,1,11,0.294,displaced
sexual_explicit,panties,8,8,0.00431,0.00097,0.0019,0.00054,-0.00241,0.00077,2,0,6,0.25,displaced
sexual_explicit,kneel,5,4,0.00795,0.00161,0.01019,0.00361,0.00225,0.00312,1,1,3,0.2,mixed
sexual_explicit,chest,5,5,0.00952,0.00425,0.01174,0.00727,0.00222,0.00331,1,1,3,0.2,mixed
sexual_explicit,strip,37,25,0.02666,0.00321,0.02448,0.00357,-0.00218,0.00306,12,11,14,0.324,displaced
sexual_explicit,cheeks,22,21,0.00826,0.00114,0.00613,0.00148,-0.00213,0.00168,7,2,13,0.318,displaced
sexual_explicit,undo,19,19,0.03285,0.0061,0.03074,0.00596,-0.00211,0.00201,8,5,6,0.421,displaced
sexual_explicit,manhood,35,21,0.02078,0.00334,0.02286,0.00416,0.00208,0.00311,11,11,13,0.314,mixed
sexual_explicit,aching,10,7,0.00823,0.00129,0.00615,0.00163,-0.00208,0.00194,3,1,6,0.3,displaced
sexual_explicit,force,5,5,0.00909,0.00283,0.01117,0.0034,0.00208,0.00468,0,1,4,0.2,promoted
sexual_explicit,testicles,10,9,0.00843,0.00121,0.00639,0.00199,-0.00204,0.00273,4,1,5,0.4,displaced
sexual_explicit,shaft,25,15,0.01308,0.00107,0.0151,0.0031,0.00203,0.00318,6,6,13,0.24,mixed
sexual_explicit,ear,8,8,0.02351,0.00878,0.02554,0.00572,0.00203,0.00985,3,3,2,0.375,mixed
sexual_explicit,trembling,8,8,0.00137,0.00025,0.0034,0.0011,0.00203,0.0012,0,2,6,0.25,promoted
sexual_explicit,limp,8,7,0.00476,0.00086,0.00672,0.00189,0.00196,0.00215,1,2,5,0.25,promoted
sexual_explicit,earlobe,6,6,0.01067,0.00494,0.01262,0.00437,0.00195,0.00492,2,1,3,0.333,displaced
sexual_explicit,hips,13,13,0.00511,0.00118,0.00698,0.00333,0.00187,0.00362,2,1,10,0.154,displaced
sexual_explicit,butt,11,11,0.00494,0.00094,0.0031,0.00107,-0.00184,0.00049,1,0,10,0.091,displaced
sexual_explicit,spread,17,17,0.00489,0.001,0.00308,0.00118,-0.00181,0.00058,1,0,16,0.059,displaced
sexual_explicit,do,18,13,0.01298,0.0012,0.01471,0.00479,0.00173,0.00452,5,2,11,0.278,displaced
sexual_explicit,sing,6,6,0.0153,0.00506,0.01375,0.0021,-0.00155,0.0068,4,2,0,0.667,displaced
sexual_explicit,nipple,11,11,0.01278,0.00362,0.01133,0.00248,-0.00145,0.00272,3,2,6,0.273,displaced
sexual_explicit,parted,13,13,0.0033,0.00058,0.00186,0.00028,-0.00145,0.00066,1,0,12,0.077,displaced
sexual_explicit,buttocks,23,23,0.00495,0.00052,0.00356,0.00073,-0.00139,0.00062,2,1,20,0.087,displaced
sexual_explicit,massive,9,9,0.00593,0.0012,0.0073,0.00238,0.00137,0.00284,1,2,6,0.222,promoted
sexual_explicit,jeans,10,8,0.00911,0.00221,0.00774,0.00293,-0.00137,0.00232,3,2,5,0.3,displaced
sexual_explicit,feet,5,5,0.00788,0.00043,0.00653,0.00223,-0.00136,0.00202,1,1,3,0.2,mixed
sexual_explicit,tear,17,17,0.02408,0.00299,0.02273,0.00368,-0.00135,0.00344,5,4,8,0.294,displaced
sexual_explicit,waist,8,8,0.0063,0.00221,0.00495,0.00248,-0.00135,0.00332,2,2,4,0.25,mixed
sexual_explicit,thigh,21,20,0.00462,0.00114,0.00594,0.00203,0.00132,0.00147,2,4,15,0.19,promoted
sexual_explicit,boxer,5,5,0.0083,0.00111,0.00956,0.0045,0.00126,0.00427,1,1,3,0.2,mixed
sexual_explicit,leg,11,11,0.0051,0.00185,0.00634,0.00431,0.00124,0.00262,0,1,10,0.091,promoted
sexual_explicit,wet,14,14,0.00523,0.00092,0.00401,0.00087,-0.00122,0.00076,3,0,11,0.214,displaced
sexual_explicit,tongue,13,13,0.01496,0.00343,0.01375,0.00254,-0.00121,0.00405,3,4,6,0.308,promoted
sexual_explicit,stiff,27,19,0.01275,0.00129,0.01155,0.00208,-0.0012,0.0019,9,5,13,0.333,displaced
sexual_explicit,clit,6,5,0.00658,0.00286,0.00538,0.00082,-0.0012,0.00214,1,0,5,0.167,displaced
sexual_explicit,nipples,11,10,0.00803,0.00266,0.00919,0.00398,0.00116,0.00476,1,2,8,0.182,promoted
sexual_explicit,rock,14,11,0.00731,0.00141,0.00846,0.00182,0.00115,0.00111,0,2,12,0.143,promoted
sexual_explicit,huge,15,14,0.01141,0.00181,0.01255,0.0061,0.00114,0.0061,8,3,4,0.533,displaced
sexual_explicit,knees,22,22,0.00533,0.00115,0.00421,0.00083,-0.00113,0.00108,5,4,13,0.227,displaced
sexual_explicit,go,6,6,0.01087,0.00175,0.00975,0.00272,-0.00112,0.00366,2,2,2,0.333,mixed
sexual_explicit,labia,14,14,0.00285,0.00041,0.00172,0.00045,-0.00112,0.0005,1,0,13,0.071,displaced
sexual_explicit,rip,16,16,0.03018,0.00431,0.02911,0.00693,-0.00107,0.00509,8,2,6,0.5,displaced
sexual_explicit,straining,6,6,0.00936,0.00172,0.0083,0.00203,-0.00106,0.00275,2,0,4,0.333,displaced
sexual_explicit,inner,6,6,0.00306,0.00062,0.00201,0.0014,-0.00105,0.00165,0,1,5,0.167,promoted
sexual_explicit,swollen,20,14,0.00757,0.00102,0.00861,0.00183,0.00104,0.00189,4,3,13,0.2,displaced
sexual_explicit,slowly,7,7,0.00562,0.00062,0.00663,0.00183,0.00101,0.0024,1,2,4,0.286,promoted
sexual_explicit,tits,9,8,0.00279,0.00045,0.0018,0.00052,-0.00099,0.00086,0,0,9,0.0,mixed
sexual_explicit,spank,5,5,0.01195,0.00253,0.011,0.00101,-0.00095,0.00261,2,1,2,0.4,displaced
sexual_explicit,bare,12,11,0.00405,0.00094,0.00499,0.00185,0.00093,0.00116,0,2,10,0.167,promoted
sexual_explicit,shirt,10,10,0.01962,0.00589,0.01875,0.00526,-0.00087,0.0029,4,3,3,0.4,displaced
sexual_explicit,feel,26,23,0.01614,0.00153,0.01698,0.00337,0.00084,0.00389,11,8,7,0.423,displaced
sexual_explicit,look,11,10,0.01491,0.0019,0.01418,0.00197,-0.00074,0.00159,2,2,7,0.182,mixed
sexual_explicit,briefs,5,5,0.00991,0.001,0.01059,0.00374,0.00067,0.00304,1,1,3,0.2,mixed
sexual_explicit,shoulders,5,5,0.0085,0.00348,0.00785,0.00188,-0.00065,0.00259,1,1,3,0.2,mixed
sexual_explicit,shoulder,14,12,0.00466,0.00156,0.00528,0.00152,0.00063,0.00179,1,2,11,0.143,promoted
sexual_explicit,belt,17,17,0.03637,0.00624,0.03576,0.00673,-0.00061,0.0067,7,7,3,0.412,mixed
sexual_explicit,body,9,9,0.00557,0.00224,0.00502,0.00211,-0.00055,0.00261,2,2,5,0.222,mixed
sexual_explicit,dance,13,12,0.01865,0.00458,0.01917,0.00307,0.00052,0.00339,6,7,0,0.538,promoted
sexual_explicit,neck,12,10,0.01164,0.00196,0.01211,0.00313,0.00048,0.00279,2,3,7,0.25,promoted
sexual_explicit,quivering,8,8,0.00162,0.00035,0.00118,0.00033,-0.00044,0.00057,0,0,8,0.0,mixed
sexual_explicit,slick,9,9,0.00259,0.00072,0.00297,0.00104,0.00039,0.00142,1,1,7,0.111,mixed
sexual_explicit,large,11,11,0.00923,0.00187,0.00961,0.00315,0.00038,0.00344,3,2,6,0.273,displaced
sexual_explicit,folds,13,13,0.00398,0.00094,0.00434,0.00108,0.00036,0.00147,1,2,10,0.154,promoted
sexual_explicit,fly,6,6,0.00973,0.00272,0.0094,0.00179,-0.00033,0.0038,1,1,4,0.167,mixed
sexual_explicit,untie,5,5,0.00997,0.00221,0.00972,0.00334,-0.00025,0.0036,1,2,2,0.4,promoted
sexual_explicit,grope,7,7,0.00772,0.00107,0.00795,0.00166,0.00023,0.00218,1,1,5,0.143,mixed
sexual_explicit,luscious,5,5,0.00107,5e-05,0.00085,4e-05,-0.00021,5e-05,0,0,5,0.0,mixed
sexual_explicit,teeth,5,5,0.01092,0.00504,0.01073,0.00311,-0.00019,0.00444,1,2,2,0.4,promoted
sexual_explicit,soft,14,14,0.00279,0.00052,0.00261,0.00056,-0.00018,0.00087,0,1,13,0.071,promoted
sexual_explicit,erection,32,20,0.02246,0.00378,0.02261,0.00667,0.00015,0.00679,11,5,16,0.344,displaced
sexual_explicit,naked,5,4,0.00343,0.00125,0.00329,0.00147,-0.00015,0.00228,1,0,4,0.2,displaced
sexual_explicit,move,23,20,0.01557,0.00286,0.01544,0.00289,-0.00014,0.00327,7,7,9,0.304,mixed
sexual_explicit,get,27,23,0.0143,0.00126,0.01417,0.0023,-0.00013,0.0017,9,8,10,0.333,displaced
sexual_explicit,rape,12,11,0.01304,0.00187,0.01313,0.0023,9e-05,0.00285,3,3,6,0.25,mixed
sexual_explicit,splayed,7,7,0.00132,0.00026,0.00126,0.0005,-5e-05,0.00069,0,0,7,0.0,mixed
sexual_explicit,little,9,9,0.00596,0.00098,0.00599,0.00182,4e-05,0.00245,3,2,4,0.333,displaced
sexual_explicit,silky,7,7,0.00167,0.00042,0.00171,0.00057,4e-05,0.00084,0,0,7,0.0,mixed
sexual_explicit,jacket,5,5,0.02716,0.01608,0.02719,0.00906,3e-05,0.01088,2,2,1,0.4,mixed
sexual_liminal,talk,24,24,0.06888,0.00793,0.11818,0.02341,0.04929,0.02204,5,14,5,0.583,promoted
sexual_liminal,warmth,26,26,0.0655,0.00743,0.11478,0.02087,0.04928,0.01928,4,17,5,0.654,promoted
sexual_liminal,stared,28,23,0.07936,0.01045,0.12493,0.02085,0.04557,0.01574,6,19,3,0.679,promoted
sexual_liminal,type,25,25,0.19361,0.0164,0.22955,0.03232,0.03594,0.02914,12,11,2,0.48,displaced
sexual_liminal,reached,6,5,0.00807,0.00111,0.03802,0.02522,0.02996,0.02523,0,3,3,0.5,promoted
sexual_liminal,jolt,24,24,0.05211,0.01052,0.07952,0.01581,0.02741,0.00985,4,14,6,0.583,promoted
sexual_liminal,show,18,18,0.04884,0.00762,0.07497,0.02287,0.02613,0.01807,6,9,3,0.5,promoted
sexual_liminal,code,18,18,0.01278,0.00275,0.03753,0.01128,0.02475,0.01021,1,11,6,0.611,promoted
sexual_liminal,lay,28,24,0.04691,0.00594,0.0701,0.02201,0.02319,0.01981,11,11,6,0.393,mixed
sexual_liminal,spark,11,11,0.01284,0.00179,0.03165,0.01063,0.01881,0.00972,2,7,2,0.636,promoted
sexual_liminal,clothes,52,26,0.10412,0.00834,0.08712,0.00917,-0.01699,0.00882,33,11,8,0.635,displaced
sexual_liminal,read,26,25,0.05325,0.00516,0.03628,0.00519,-0.01698,0.004,18,4,4,0.692,displaced
sexual_liminal,browse,21,21,0.03789,0.00431,0.053,0.01253,0.01511,0.01206,9,8,4,0.429,displaced
sexual_liminal,pulled,17,17,0.01694,0.00188,0.03097,0.00591,0.01403,0.006,2,7,8,0.412,promoted
sexual_liminal,fuck,6,6,0.02414,0.00743,0.01015,0.00721,-0.01399,0.01193,5,1,0,0.833,displaced
sexual_liminal,be,25,25,0.07374,0.00863,0.05989,0.01099,-0.01385,0.00556,15,5,5,0.6,displaced
sexual_liminal,research,20,20,0.01321,0.00218,0.02686,0.00767,0.01365,0.00745,2,9,9,0.45,promoted
sexual_liminal,coat,54,27,0.06292,0.00585,0.07617,0.00912,0.01324,0.00627,17,25,12,0.463,promoted
sexual_liminal,shoes,52,26,0.07057,0.00511,0.08255,0.00873,0.01198,0.00624,16,27,9,0.519,promoted
sexual_liminal,his,26,25,0.0312,0.00337,0.01954,0.00268,-0.01166,0.00277,16,1,9,0.615,displaced
sexual_liminal,red,10,8,0.00637,0.00163,0.01802,0.00592,0.01166,0.00604,1,5,4,0.5,promoted
sexual_liminal,rested,11,11,0.01718,0.00341,0.02882,0.0092,0.01164,0.00628,3,6,2,0.545,promoted
sexual_liminal,try,19,19,0.035,0.00787,0.04635,0.01046,0.01135,0.00937,7,9,3,0.474,promoted
sexual_liminal,stab,12,12,0.01823,0.00348,0.00694,0.00219,-0.01129,0.00424,7,1,4,0.583,displaced
sexual_liminal,chill,25,25,0.06266,0.00577,0.07377,0.01236,0.01111,0.01016,10,10,5,0.4,mixed
sexual_liminal,went,21,20,0.03504,0.0117,0.04599,0.02515,0.01095,0.01472,9,7,5,0.429,displaced
sexual_liminal,said,28,23,0.04894,0.00559,0.03798,0.00567,-0.01095,0.00379,16,3,9,0.571,displaced
sexual_liminal,found,11,11,0.01989,0.00451,0.03078,0.00858,0.0109,0.00584,4,6,1,0.545,promoted
sexual_liminal,surge,25,25,0.0684,0.00619,0.07917,0.0086,0.01077,0.00617,5,14,6,0.56,promoted
sexual_liminal,glasses,54,27,0.07113,0.00641,0.08177,0.01019,0.01064,0.00572,19,26,9,0.481,promoted
sexual_liminal,go,35,25,0.08803,0.01223,0.07764,0.01402,-0.01039,0.00739,22,6,7,0.629,displaced
sexual_liminal,waited,19,19,0.0211,0.00282,0.01075,0.00146,-0.01035,0.00298,12,0,7,0.632,displaced
sexual_liminal,wet,11,7,0.00957,0.00203,0.01972,0.00414,0.01015,0.00278,0,8,3,0.727,promoted
sexual_liminal,prick,7,7,0.0193,0.00288,0.00919,0.00397,-0.01011,0.00431,4,1,2,0.571,displaced
sexual_liminal,kill,14,14,0.02052,0.00263,0.01048,0.00287,-0.01003,0.00231,9,0,5,0.643,displaced
sexual_liminal,panties,7,7,0.01485,0.00188,0.00491,0.00288,-0.00994,0.0036,6,1,0,0.857,displaced
sexual_liminal,shirt,52,26,0.06938,0.00675,0.07926,0.01572,0.00988,0.01332,30,13,9,0.577,displaced
sexual_liminal,rolled,8,8,0.01635,0.00213,0.0069,0.00206,-0.00946,0.00319,5,0,3,0.625,displaced
sexual_liminal,he,34,25,0.03365,0.0027,0.02423,0.00329,-0.00942,0.00321,23,6,5,0.676,displaced
sexual_liminal,get,28,25,0.0394,0.0031,0.03006,0.0035,-0.00933,0.00291,17,4,7,0.607,displaced
sexual_liminal,dress,25,25,0.03689,0.00262,0.02762,0.00272,-0.00927,0.00354,12,3,10,0.48,displaced
sexual_liminal,scroll,20,20,0.01287,0.00143,0.02209,0.00726,0.00922,0.00697,3,5,12,0.25,promoted
sexual_liminal,sighed,15,13,0.00833,0.00164,0.01752,0.00283,0.0092,0.00282,2,11,2,0.733,promoted
sexual_liminal,pain,18,18,0.03865,0.00964,0.02945,0.01216,-0.00919,0.00415,15,1,2,0.833,displaced
sexual_liminal,tattered,6,5,0.00069,0.00053,0.00981,0.00109,0.00912,0.00123,0,6,0,1.0,promoted
sexual_liminal,desire,7,7,0.01304,0.00045,0.00412,0.00217,-0.00893,0.00252,5,0,2,0.714,displaced
sexual_liminal,shock,21,21,0.02609,0.00532,0.01726,0.00288,-0.00883,0.00399,12,1,8,0.571,displaced
sexual_liminal,look,33,25,0.02586,0.00222,0.01735,0.0023,-0.00851,0.00246,19,4,10,0.576,displaced
sexual_liminal,gloves,54,27,0.02843,0.00203,0.03668,0.00398,0.00824,0.00354,11,18,25,0.333,promoted
sexual_liminal,thought,23,23,0.04078,0.00418,0.04889,0.00652,0.00811,0.0058,6,9,8,0.391,promoted
sexual_liminal,work,27,26,0.11351,0.01128,0.10568,0.01118,-0.00782,0.01409,10,12,5,0.444,promoted
sexual_liminal,call,5,5,0.01625,0.00056,0.00846,0.00174,-0.0078,0.00162,4,0,1,0.8,displaced
sexual_liminal,tingle,16,16,0.0193,0.00331,0.01161,0.00269,-0.00769,0.00328,10,2,4,0.625,displaced
sexual_liminal,hack,8,8,0.00651,0.00198,0.01417,0.00659,0.00767,0.00683,1,3,4,0.375,promoted
sexual_liminal,ring,7,4,0.00592,0.00169,0.01353,0.00447,0.0076,0.00551,2,2,3,0.286,mixed
sexual_liminal,whispered,10,9,0.00699,0.00151,0.0144,0.00247,0.00741,0.00287,1,7,2,0.7,promoted
sexual_liminal,own,7,6,0.01058,0.00079,0.00317,0.00128,-0.00741,0.00186,5,0,2,0.714,displaced
sexual_liminal,spectacles,5,4,0.00745,0.00225,0.01466,0.00382,0.00721,0.00531,0,2,3,0.4,promoted
sexual_liminal,laid,19,19,0.01961,0.00195,0.02675,0.00932,0.00714,0.00847,6,4,9,0.316,displaced
sexual_liminal,socks,11,8,0.0067,0.00112,0.01379,0.00152,0.00709,0.00199,0,7,4,0.636,promoted
sexual_liminal,gown,5,5,0.00935,0.00061,0.01637,0.00909,0.00702,0.00959,1,1,3,0.2,mixed
sexual_liminal,overcoat,5,5,0.01116,0.00259,0.00415,0.00165,-0.00702,0.00284,2,0,3,0.4,displaced
sexual_liminal,rush,25,25,0.07853,0.00675,0.08548,0.0104,0.00695,0.00916,12,9,4,0.48,displaced
sexual_liminal,open,6,6,0.01246,0.00209,0.0057,0.00414,-0.00676,0.0027,5,1,0,0.833,displaced
sexual_liminal,thrill,15,15,0.01887,0.00242,0.01228,0.00187,-0.00658,0.00183,8,0,7,0.533,displaced
sexual_liminal,we,13,13,0.02476,0.00479,0.03112,0.00821,0.00636,0.00433,3,5,5,0.385,promoted
sexual_liminal,looked,49,25,0.05077,0.0027,0.0571,0.006,0.00633,0.00517,19,20,10,0.408,promoted
sexual_liminal,warm,11,11,0.01737,0.00387,0.02364,0.01084,0.00627,0.00845,3,2,6,0.273,displaced
sexual_liminal,gazed,20,19,0.01832,0.00233,0.02449,0.00357,0.00617,0.00328,3,9,8,0.45,promoted
sexual_liminal,faced,11,11,0.01989,0.00343,0.02596,0.00432,0.00607,0.00522,3,5,3,0.455,promoted
sexual_liminal,explore,19,18,0.00534,0.00121,0.01137,0.00172,0.00603,0.00195,1,9,9,0.474,promoted
sexual_liminal,cap,17,16,0.01757,0.00194,0.01154,0.00249,-0.00603,0.00198,9,1,7,0.529,displaced
sexual_liminal,shiver,23,23,0.02189,0.00153,0.02791,0.00354,0.00602,0.00292,3,8,12,0.348,promoted
sexual_liminal,come,11,11,0.01924,0.00306,0.01328,0.00235,-0.00597,0.0018,5,0,6,0.455,displaced
sexual_liminal,head,8,5,0.012,0.00104,0.00612,0.00257,-0.00588,0.00195,4,0,4,0.5,displaced
sexual_liminal,was,47,25,0.0263,0.00236,0.02051,0.00288,-0.00579,0.00326,24,6,17,0.511,displaced
sexual_liminal,scarf,13,11,0.00673,0.00153,0.01245,0.00211,0.00572,0.00229,0,6,7,0.462,promoted
sexual_liminal,wave,25,25,0.02614,0.00215,0.0318,0.00429,0.00566,0.00423,8,11,6,0.44,promoted
sexual_liminal,headphones,6,4,0.00818,0.0026,0.01384,0.00418,0.00566,0.00264,0,2,4,0.333,promoted
sexual_liminal,chat,8,8,0.01019,0.00165,0.00454,0.00093,-0.00565,0.00219,4,0,4,0.5,displaced
sexual_liminal,saw,19,13,0.02064,0.00239,0.01504,0.00325,-0.0056,0.00357,9,3,7,0.474,displaced
sexual_liminal,put,25,22,0.02107,0.00182,0.01548,0.00188,-0.00559,0.0016,12,2,11,0.48,displaced
sexual_liminal,sleep,24,24,0.0225,0.0026,0.01699,0.00548,-0.00551,0.00497,15,2,7,0.625,displaced
sexual_liminal,backpack,12,9,0.00476,0.0015,0.01026,0.00158,0.0055,0.00207,0,6,6,0.5,promoted
sexual_liminal,skirt,9,9,0.0112,0.00075,0.00589,0.00168,-0.00531,0.00196,6,0,3,0.667,displaced
sexual_liminal,cried,14,13,0.01736,0.00246,0.01208,0.00238,-0.00528,0.00306,8,2,4,0.571,displaced
sexual_liminal,make,44,25,0.02693,0.00328,0.02166,0.00288,-0.00527,0.0022,20,5,19,0.455,displaced
sexual_liminal,tingling,15,15,0.01395,0.00212,0.00872,0.00137,-0.00523,0.00186,8,2,5,0.533,displaced
sexual_liminal,do,51,25,0.02473,0.00228,0.01957,0.0032,-0.00516,0.00198,28,7,16,0.549,displaced
sexual_liminal,ache,5,5,0.0111,0.00135,0.00594,0.00126,-0.00515,0.00146,3,0,2,0.6,displaced
sexual_liminal,felt,30,25,0.02465,0.00196,0.0297,0.00323,0.00505,0.00302,6,12,12,0.4,promoted
sexual_liminal,started,24,23,0.02735,0.00392,0.0223,0.00359,-0.00505,0.00351,11,5,8,0.458,displaced
sexual_liminal,wept,17,17,0.01835,0.00198,0.01339,0.00188,-0.00496,0.00191,6,1,10,0.353,displaced
sexual_liminal,fell,20,17,0.03138,0.00556,0.0265,0.00639,-0.00488,0.00765,7,7,6,0.35,mixed
sexual_liminal,pants,40,25,0.01839,0.00162,0.01354,0.00258,-0.00485,0.0025,24,5,11,0.6,displaced
sexual_liminal,smiled,22,20,0.01878,0.00226,0.02348,0.00567,0.0047,0.00595,7,7,8,0.318,mixed
sexual_liminal,closed,17,15,0.01622,0.00323,0.02091,0.00496,0.00469,0.00632,4,7,6,0.412,promoted
sexual_liminal,slept,15,11,0.01854,0.00323,0.0139,0.00317,-0.00464,0.00482,8,5,2,0.533,displaced
sexual_liminal,leave,19,19,0.02179,0.00293,0.02643,0.00652,0.00464,0.00416,7,8,4,0.421,promoted
sexual_liminal,play,42,25,0.03915,0.00425,0.03456,0.0056,-0.0046,0.00457,22,10,10,0.524,displaced
sexual_liminal,long,8,7,0.00631,0.0014,0.01089,0.00148,0.00458,0.00173,0,4,4,0.5,promoted
sexual_liminal,belt,12,12,0.01162,0.00094,0.00706,0.00164,-0.00456,0.00147,5,0,7,0.417,displaced
sexual_liminal,know,20,20,0.02634,0.00433,0.02187,0.00441,-0.00447,0.00275,9,3,8,0.45,displaced
sexual_liminal,urge,22,22,0.02065,0.00163,0.02507,0.00652,0.00441,0.00565,7,5,10,0.318,displaced
sexual_liminal,die,14,14,0.01722,0.00172,0.01281,0.004,-0.00441,0.00358,10,3,1,0.714,displaced
sexual_liminal,heard,12,12,0.0139,0.00236,0.0183,0.00483,0.0044,0.00581,3,4,5,0.333,promoted
sexual_liminal,suit,25,22,0.01161,0.001,0.01575,0.00206,0.00415,0.00171,3,8,14,0.32,promoted
sexual_liminal,check,29,23,0.01621,0.00202,0.01219,0.00179,-0.00403,0.00182,15,6,8,0.517,displaced
sexual_liminal,had,16,13,0.01708,0.00246,0.01306,0.00237,-0.00402,0.00218,8,3,5,0.5,displaced
sexual_liminal,in,7,6,0.01359,0.00211,0.00965,0.00116,-0.00394,0.00303,3,1,3,0.429,displaced
sexual_liminal,tightness,5,5,0.01376,0.00074,0.00986,0.00197,-0.0039,0.00206,2,0,3,0.4,displaced
sexual_liminal,sense,23,23,0.015,0.00085,0.01115,0.00157,-0.00385,0.00138,12,2,9,0.522,displaced
sexual_liminal,pull,7,7,0.00832,0.00234,0.01214,0.00184,0.00382,0.00192,0,3,4,0.429,promoted
sexual_liminal,top,29,22,0.02024,0.00211,0.01643,0.0027,-0.00381,0.0029,13,5,11,0.448,displaced
sexual_liminal,edit,7,7,0.01116,0.00213,0.00738,0.00106,-0.00378,0.00185,2,0,5,0.286,displaced
sexual_liminal,sat,14,13,0.02457,0.00466,0.02082,0.00482,-0.00375,0.00377,8,4,2,0.571,displaced
sexual_liminal,sandals,5,4,0.0039,0.00123,0.00764,0.00162,0.00374,0.00227,0,1,4,0.2,promoted
sexual_liminal,tightening,5,5,0.01052,0.00345,0.00683,0.00243,-0.00369,0.00452,1,0,4,0.2,displaced
sexual_liminal,listened,22,22,0.03133,0.00413,0.02773,0.00419,-0.0036,0.00344,10,3,9,0.455,displaced
sexual_liminal,see,26,25,0.04114,0.00365,0.04474,0.00812,0.0036,0.00598,13,8,5,0.5,displaced
sexual_liminal,she,16,16,0.01598,0.00207,0.01244,0.00256,-0.00354,0.00296,6,4,6,0.375,displaced
sexual_liminal,kiss,6,6,0.01152,0.00234,0.00801,0.00266,-0.00351,0.00471,2,1,3,0.333,displaced
sexual_liminal,shoe,9,6,0.00635,0.0006,0.00983,0.00079,0.00348,0.00101,0,3,6,0.333,promoted
sexual_liminal,placed,6,6,0.01165,0.00151,0.01512,0.00227,0.00347,0.0034,1,2,3,0.333,promoted
sexual_liminal,gave,18,18,0.02138,0.00206,0.02483,0.00287,0.00345,0.00351,3,10,5,0.556,promoted
sexual_liminal,tie,13,13,0.00891,0.00115,0.01223,0.00163,0.00332,0.00231,1,2,10,0.154,promoted
sexual_liminal,told,16,16,0.01807,0.0013,0.01477,0.00287,-0.0033,0.0025,7,1,8,0.438,displaced
sexual_liminal,watched,24,24,0.05088,0.00428,0.04766,0.00585,-0.00322,0.00547,12,8,4,0.5,displaced
sexual_liminal,flush,12,12,0.0103,0.00171,0.0135,0.00193,0.00319,0.00122,0,2,10,0.167,promoted
sexual_liminal,search,25,25,0.0441,0.00426,0.04728,0.00631,0.00318,0.00522,8,9,8,0.36,promoted
sexual_liminal,log,10,10,0.0082,0.00161,0.00504,0.00137,-0.00316,0.00096,4,0,6,0.4,displaced
sexual_liminal,hat,51,27,0.03833,0.00422,0.03518,0.00552,-0.00315,0.00385,23,15,13,0.451,displaced
sexual_liminal,hear,9,9,0.00916,0.00155,0.01229,0.00331,0.00314,0.00375,2,3,4,0.333,promoted
sexual_liminal,the,38,25,0.02829,0.00176,0.02517,0.00449,-0.00313,0.00449,21,6,11,0.553,displaced
sexual_liminal,sunglasses,34,22,0.01468,0.00148,0.01776,0.00276,0.00308,0.00216,6,10,18,0.294,promoted
sexual_liminal,sharp,18,18,0.01249,0.0012,0.01555,0.00259,0.00307,0.00244,4,7,7,0.389,promoted
sexual_liminal,download,14,14,0.01046,0.00132,0.00754,0.00169,-0.00292,0.00102,5,0,9,0.357,displaced
sexual_liminal,necklace,5,5,0.00811,0.00254,0.01101,0.00427,0.00289,0.00253,0,2,3,0.4,promoted
sexual_liminal,stay,16,16,0.02467,0.00551,0.02187,0.00439,-0.0028,0.00337,7,4,5,0.438,displaced
sexual_liminal,coldness,14,14,0.01191,0.00188,0.01465,0.00282,0.00275,0.00341,4,4,6,0.286,mixed
sexual_liminal,dreamed,7,7,0.0101,0.00215,0.00735,0.002,-0.00274,0.00378,4,2,1,0.571,displaced
sexual_liminal,hood,12,9,0.00912,0.00112,0.00639,0.00132,-0.00274,0.00199,4,2,6,0.333,displaced
sexual_liminal,kissed,10,10,0.01857,0.00149,0.01585,0.0027,-0.00272,0.00191,3,1,6,0.3,displaced
sexual_liminal,shivered,11,11,0.01367,0.00113,0.01104,0.00201,-0.00263,0.00275,3,1,7,0.273,displaced
sexual_liminal,bra,14,14,0.01702,0.00238,0.0144,0.00398,-0.00263,0.00419,6,3,5,0.429,displaced
sexual_liminal,think,11,11,0.00762,0.00073,0.00501,0.00211,-0.00261,0.00255,5,1,5,0.455,displaced
sexual_liminal,tremor,7,7,0.01295,0.00094,0.01037,0.00165,-0.00258,0.00094,1,0,6,0.143,displaced
sexual_liminal,blouse,17,17,0.01333,0.00114,0.01076,0.00182,-0.00257,0.00177,7,2,8,0.412,displaced
sexual_liminal,clothing,12,11,0.01031,0.00096,0.00775,0.00172,-0.00256,0.00153,4,0,8,0.333,displaced
sexual_liminal,scan,9,9,0.00708,0.00165,0.00962,0.00235,0.00254,0.00119,0,2,7,0.222,promoted
sexual_liminal,it,7,7,0.01609,0.00481,0.01861,0.00478,0.00252,0.00844,1,3,3,0.429,promoted
sexual_liminal,sting,5,5,0.00881,0.00153,0.01133,0.00359,0.00252,0.0044,1,1,3,0.2,mixed
sexual_liminal,and,10,10,0.01396,0.0007,0.01145,0.00272,-0.00252,0.00221,5,2,3,0.5,displaced
sexual_liminal,wedding,10,9,0.01542,0.00443,0.01793,0.0035,0.0025,0.00328,2,3,5,0.3,promoted
sexual_liminal,robe,39,21,0.01566,0.00139,0.01317,0.00155,-0.00249,0.00161,12,5,22,0.308,displaced
sexual_liminal,apron,10,7,0.01131,0.00193,0.01378,0.00338,0.00247,0.00342,2,2,6,0.2,mixed
sexual_liminal,have,25,25,0.05523,0.00834,0.05283,0.01384,-0.0024,0.00902,12,7,6,0.48,displaced
sexual_liminal,let,27,20,0.01446,0.00164,0.01683,0.00178,0.00237,0.0022,5,13,9,0.481,promoted
sexual_liminal,find,6,6,0.01143,0.0016,0.01381,0.00447,0.00237,0.00515,1,1,4,0.167,mixed
sexual_liminal,surf,23,23,0.02444,0.00389,0.02213,0.00637,-0.00231,0.00377,12,5,6,0.522,displaced
sexual_liminal,create,12,12,0.00623,0.00108,0.00851,0.0012,0.00228,0.00159,1,3,8,0.25,promoted
sexual_liminal,blindfold,9,6,0.01313,0.00249,0.01086,0.00372,-0.00226,0.00421,4,4,1,0.444,mixed
sexual_liminal,leather,18,14,0.00895,0.00083,0.0112,0.00171,0.00225,0.00184,5,6,7,0.333,promoted
sexual_liminal,turned,7,7,0.0127,0.00117,0.01047,0.00182,-0.00223,0.00241,1,0,6,0.143,displaced
sexual_liminal,tell,21,21,0.01944,0.00235,0.02165,0.00349,0.00221,0.00228,6,8,7,0.381,promoted
sexual_liminal,watch,41,24,0.0229,0.00232,0.02071,0.00387,-0.00219,0.00297,17,11,13,0.415,displaced
sexual_liminal,dark,6,4,0.01026,0.00223,0.0124,0.0033,0.00214,0.00167,0,2,4,0.333,promoted
sexual_liminal,heat,21,21,0.02121,0.00189,0.02319,0.00518,0.00199,0.00488,6,3,12,0.286,displaced
sexual_liminal,asked,20,20,0.04288,0.00487,0.04091,0.00633,-0.00197,0.00519,9,5,6,0.45,displaced
sexual_liminal,white,22,14,0.01055,0.00089,0.00858,0.00119,-0.00197,0.00094,6,1,15,0.273,displaced
sexual_liminal,her,14,14,0.01913,0.0028,0.01718,0.00461,-0.00195,0.00457,6,1,7,0.429,displaced
sexual_liminal,study,17,17,0.0085,0.00098,0.00658,0.00135,-0.00192,0.00159,6,4,7,0.353,displaced
sexual_liminal,draft,5,5,0.00396,0.00048,0.00588,0.00116,0.00192,0.0012,0,1,4,0.2,promoted
sexual_liminal,sensation,7,7,0.01411,0.00184,0.01229,0.0039,-0.00181,0.00303,2,1,4,0.286,displaced
sexual_liminal,mask,50,26,0.02433,0.00196,0.02255,0.00196,-0.00178,0.0021,16,17,17,0.34,promoted
sexual_liminal,began,37,24,0.02261,0.00232,0.02089,0.00226,-0.00173,0.00205,14,8,15,0.378,displaced
sexual_liminal,flash,6,6,0.01254,0.00123,0.01086,0.00127,-0.00168,0.00177,1,0,5,0.167,displaced
sexual_liminal,tried,26,22,0.01761,0.00147,0.016,0.00216,-0.00162,0.00251,9,3,14,0.346,displaced
sexual_liminal,give,17,17,0.01369,0.00095,0.01216,0.00211,-0.00153,0.00196,7,3,7,0.412,displaced
sexual_liminal,pang,12,12,0.01492,0.00302,0.0134,0.00425,-0.00151,0.00171,3,1,8,0.25,displaced
sexual_liminal,take,27,25,0.03259,0.00401,0.03406,0.0048,0.00147,0.00313,12,8,7,0.444,displaced
sexual_liminal,pondered,8,8,0.011,0.00209,0.01245,0.0035,0.00145,0.00453,3,3,2,0.375,mixed
sexual_liminal,uniform,6,5,0.00756,0.00049,0.009,0.00091,0.00144,0.00051,0,0,6,0.0,mixed
sexual_liminal,burst,19,19,0.01751,0.00205,0.0161,0.00458,-0.00142,0.00318,8,2,9,0.421,displaced
sexual_liminal,compose,13,13,0.0129,0.00114,0.01161,0.00187,-0.00129,0.00099,2,1,10,0.154,displaced
sexual_liminal,wondered,17,17,0.01696,0.00164,0.01824,0.00289,0.00128,0.00221,4,4,9,0.235,mixed
sexual_liminal,heavy,12,8,0.00831,0.00118,0.00952,0.00077,0.00121,0.001,0,3,9,0.25,promoted
sexual_liminal,jeans,6,5,0.00853,0.00059,0.00734,0.00174,-0.00119,0.00167,1,0,5,0.167,displaced
sexual_liminal,cloak,5,4,0.00666,0.00112,0.00779,0.00119,0.00113,0.00217,1,1,3,0.2,mixed
sexual_liminal,change,5,5,0.01186,0.00181,0.01297,0.00304,0.00111,0.00312,1,1,3,0.2,mixed
sexual_liminal,could,16,16,0.01388,0.00131,0.01291,0.00202,-0.00098,0.00206,5,3,8,0.312,displaced
sexual_liminal,electric,11,11,0.01452,0.00215,0.01354,0.00311,-0.00097,0.00381,4,2,5,0.364,displaced
sexual_liminal,shudder,10,10,0.01173,0.00105,0.01085,0.00175,-0.00087,0.00172,1,1,8,0.1,mixed
sexual_liminal,charge,5,5,0.00898,0.00264,0.00815,0.00149,-0.00083,0.00325,1,0,4,0.2,displaced
sexual_liminal,glove,10,8,0.00777,0.00079,0.00693,0.00068,-0.00083,0.00063,0,0,10,0.0,mixed
sexual_liminal,help,8,8,0.01128,0.00239,0.01204,0.00194,0.00077,0.00322,3,3,2,0.375,mixed
sexual_liminal,boots,46,24,0.01972,0.00194,0.01897,0.00189,-0.00075,0.00234,12,10,24,0.261,displaced
sexual_liminal,cold,16,16,0.01512,0.00204,0.01446,0.00222,-0.00066,0.00219,4,4,8,0.25,mixed
sexual_liminal,jacket,54,27,0.05224,0.00322,0.05159,0.00464,-0.00066,0.00352,25,18,11,0.463,displaced
sexual_liminal,listen,5,4,0.00707,0.00221,0.00642,0.00176,-0.00065,0.00219,1,1,3,0.2,mixed
sexual_liminal,black,41,22,0.01223,0.00062,0.01165,0.00124,-0.00058,0.00125,11,5,25,0.268,displaced
sexual_liminal,opened,11,10,0.01281,0.0015,0.01338,0.00162,0.00057,0.0017,1,2,8,0.182,promoted
sexual_liminal,lurch,5,5,0.00989,0.00101,0.01043,0.00127,0.00055,0.00183,0,1,4,0.2,promoted
sexual_liminal,did,9,9,0.01171,0.00126,0.01123,0.002,-0.00048,0.00154,1,1,7,0.111,mixed
sexual_liminal,use,15,15,0.01096,0.00116,0.01049,0.00217,-0.00047,0.00254,5,3,7,0.333,displaced
sexual_liminal,write,26,26,0.15147,0.01256,0.15102,0.01795,-0.00045,0.01333,14,11,1,0.538,displaced
sexual_liminal,got,15,14,0.01609,0.00187,0.01567,0.00293,-0.00042,0.00272,5,5,5,0.333,mixed
sexual_liminal,covered,6,6,0.01007,0.00149,0.01047,0.00077,0.00041,0.00218,1,2,3,0.333,promoted
sexual_liminal,took,16,12,0.01222,0.00105,0.01191,0.00121,-0.00031,0.00133,3,4,9,0.25,promoted
sexual_liminal,spend,6,6,0.0103,0.00152,0.01059,0.00373,0.0003,0.0036,2,2,2,0.333,mixed
sexual_liminal,sweater,34,24,0.01179,0.00096,0.01193,0.00148,0.00014,0.00158,9,8,17,0.265,displaced
sexual_liminal,speak,8,8,0.0129,0.00339,0.01284,0.00247,-6e-05,0.00174,1,1,6,0.125,mixed
sexual_liminal,stretched,8,8,0.01391,0.0028,0.01396,0.0031,5e-05,0.00468,2,3,3,0.375,promoted
sexual_liminal,helmet,39,26,0.02127,0.00212,0.02122,0.00319,-5e-05,0.00266,12,9,18,0.308,displaced
substance,mixed,14,14,0.05437,0.01298,0.0935,0.02598,0.03913,0.02778,4,8,2,0.571,promoted
substance,settled,25,24,0.01973,0.00241,0.04986,0.01116,0.03013,0.01112,3,16,6,0.64,promoted
substance,sharp,26,26,0.0562,0.00477,0.08613,0.01256,0.02993,0.01026,6,18,2,0.692,promoted
substance,took,100,25,0.05539,0.00341,0.08515,0.00999,0.02976,0.00776,30,47,23,0.47,promoted
substance,shared,26,24,0.0207,0.00337,0.04462,0.00778,0.02392,0.00634,3,18,5,0.692,promoted
substance,each,24,24,0.04074,0.0055,0.06401,0.02533,0.02327,0.02092,8,11,5,0.458,promoted
substance,warmth,19,19,0.02144,0.0034,0.04346,0.00975,0.02202,0.00801,2,12,5,0.632,promoted
substance,snorted,8,8,0.06249,0.02022,0.08419,0.03634,0.0217,0.03724,3,4,1,0.5,promoted
substance,down,7,5,0.01395,0.00476,0.03427,0.02335,0.02033,0.01939,2,4,1,0.571,promoted
substance,rush,24,24,0.06423,0.00628,0.08341,0.01503,0.01919,0.01211,6,11,7,0.458,promoted
substance,laughed,20,19,0.01877,0.00276,0.03726,0.00888,0.01849,0.00786,2,9,9,0.45,promoted
substance,shook,5,5,0.01665,0.00273,0.0335,0.0142,0.01685,0.01291,1,3,1,0.6,promoted
substance,stared,37,23,0.01811,0.00205,0.03375,0.00834,0.01564,0.00749,4,14,19,0.378,promoted
substance,threw,23,22,0.05073,0.00913,0.03616,0.00818,-0.01457,0.00613,15,4,4,0.652,displaced
substance,release,5,5,0.00604,0.00103,0.02013,0.00676,0.01409,0.00723,0,3,2,0.6,promoted
substance,sighed,27,22,0.01329,0.00172,0.02664,0.00648,0.01334,0.00597,5,11,11,0.407,promoted
substance,put,63,25,0.02914,0.00205,0.0165,0.00189,-0.01264,0.0018,42,4,17,0.667,displaced
substance,toasted,16,16,0.02312,0.00421,0.03518,0.01217,0.01207,0.00984,6,7,3,0.438,promoted
substance,leaned,31,22,0.0179,0.00247,0.02977,0.00554,0.01187,0.00353,3,16,12,0.516,promoted
substance,sat,52,25,0.04985,0.00625,0.06127,0.011,0.01142,0.00802,18,17,17,0.346,displaced
substance,pain,25,25,0.13591,0.0137,0.12449,0.01979,-0.01142,0.00903,13,6,6,0.52,displaced
substance,felt,13,10,0.01115,0.00554,0.02237,0.00713,0.01122,0.00641,1,8,4,0.615,promoted
substance,jolt,19,19,0.01452,0.00145,0.02522,0.00493,0.0107,0.00426,2,9,8,0.474,promoted
substance,said,46,21,0.02166,0.00273,0.01122,0.00113,-0.01044,0.00269,27,4,15,0.587,displaced
substance,saw,6,6,0.01927,0.0051,0.0295,0.00614,0.01022,0.0047,1,4,1,0.667,promoted
substance,sniffed,9,8,0.01536,0.00355,0.02541,0.00545,0.01005,0.00343,1,7,1,0.778,promoted
substance,shock,6,6,0.01722,0.00151,0.00721,0.00252,-0.01001,0.00149,6,0,0,1.0,displaced
substance,lit,28,21,0.10567,0.01548,0.11536,0.02125,0.00969,0.01091,7,13,8,0.464,promoted
substance,passed,27,21,0.06012,0.00874,0.06972,0.01553,0.0096,0.0124,11,9,7,0.407,displaced
substance,all,15,15,0.01798,0.00254,0.00871,0.00154,-0.00928,0.00228,12,0,3,0.8,displaced
substance,let,38,20,0.01069,0.00099,0.0198,0.00284,0.00911,0.00236,2,22,14,0.579,promoted
substance,glanced,12,12,0.00867,0.00067,0.01766,0.00447,0.00899,0.0043,0,6,6,0.5,promoted
substance,stirred,6,6,0.0139,0.00204,0.02277,0.00508,0.00887,0.00495,1,4,1,0.667,promoted
substance,went,32,24,0.02072,0.00209,0.01216,0.00184,-0.00856,0.00192,20,3,9,0.625,displaced
substance,drop,12,12,0.01171,0.00314,0.01985,0.00484,0.00814,0.00319,1,8,3,0.667,promoted
substance,drank,58,25,0.05406,0.00694,0.04599,0.00761,-0.00807,0.00631,29,13,16,0.5,displaced
substance,everyone,24,24,0.03358,0.00547,0.02557,0.00455,-0.00801,0.0052,9,7,8,0.375,displaced
substance,breathed,8,7,0.00937,0.00412,0.01734,0.00457,0.00796,0.00251,0,5,3,0.625,promoted
substance,severe,6,6,0.01181,0.00456,0.0196,0.00827,0.00779,0.00587,1,4,1,0.667,promoted
substance,sparked,8,8,0.00659,0.00153,0.01421,0.0024,0.00762,0.00208,0,4,4,0.5,promoted
substance,wave,24,24,0.01669,0.00174,0.02424,0.00403,0.00755,0.00326,4,14,6,0.583,promoted
substance,decided,6,6,0.00796,0.00144,0.01537,0.00413,0.00741,0.00505,1,4,1,0.667,promoted
substance,carefully,7,5,0.00274,0.00057,0.00995,0.00209,0.00721,0.00239,0,4,3,0.571,promoted
substance,when,10,10,0.01458,0.00142,0.00759,0.0013,-0.00699,0.00169,7,0,3,0.7,displaced
substance,stepped,6,5,0.0058,0.00137,0.01274,0.00183,0.00694,0.00256,0,4,2,0.667,promoted
substance,grinned,5,4,0.00359,0.0011,0.01049,0.00263,0.0069,0.00241,0,2,3,0.4,promoted
substance,smoked,23,21,0.02131,0.00325,0.01458,0.00278,-0.00673,0.00308,12,3,8,0.522,displaced
substance,returned,5,5,0.01527,0.00198,0.00854,0.00289,-0.00673,0.00483,3,1,1,0.6,displaced
substance,slumped,6,6,0.00766,0.00069,0.01425,0.0025,0.00659,0.00261,0,3,3,0.5,promoted
substance,added,18,16,0.02147,0.00378,0.02804,0.00523,0.00657,0.00366,3,12,3,0.667,promoted
substance,the,65,25,0.03914,0.00386,0.03272,0.00426,-0.00642,0.00275,35,9,21,0.538,displaced
substance,gazed,12,11,0.01178,0.00136,0.01816,0.00259,0.00637,0.00301,2,7,3,0.583,promoted
substance,sank,7,7,0.00814,0.00171,0.01429,0.0026,0.00615,0.00132,0,5,2,0.714,promoted
substance,they,34,23,0.02135,0.00274,0.01522,0.00283,-0.00613,0.00175,18,4,12,0.529,displaced
substance,he,17,14,0.01543,0.00175,0.00935,0.00205,-0.00608,0.00215,12,3,2,0.706,displaced
substance,in,5,4,0.00599,0.00367,0.01199,0.00657,0.006,0.00962,2,3,0,0.6,promoted
substance,closed,5,5,0.02667,0.01338,0.03265,0.0236,0.00598,0.01094,3,2,0,0.6,displaced
substance,handed,36,23,0.04303,0.0073,0.04898,0.01038,0.00595,0.00664,12,12,12,0.333,mixed
substance,enjoyed,9,9,0.01014,0.00321,0.01597,0.00282,0.00583,0.00351,2,5,2,0.556,promoted
substance,waited,20,14,0.01321,0.00182,0.00756,0.00142,-0.00565,0.00224,10,3,7,0.5,displaced
substance,one,5,5,0.01322,0.00186,0.00772,0.00277,-0.00551,0.00213,3,0,2,0.6,displaced
substance,surge,23,23,0.02604,0.00251,0.03144,0.00436,0.0054,0.00359,5,14,4,0.609,promoted
substance,washed,11,11,0.02734,0.00645,0.03272,0.01137,0.00537,0.00949,5,3,3,0.455,displaced
substance,listened,14,13,0.01195,0.00244,0.01729,0.00305,0.00534,0.00412,4,7,3,0.5,promoted
substance,feeling,16,16,0.01376,0.00057,0.00843,0.00124,-0.00533,0.00147,10,1,5,0.625,displaced
substance,filled,9,8,0.01131,0.00113,0.01664,0.00743,0.00532,0.00704,2,2,5,0.222,mixed
substance,sensation,21,21,0.02018,0.00188,0.01486,0.00145,-0.00532,0.00166,9,2,10,0.429,displaced
substance,stabbing,5,5,0.01343,0.00219,0.0187,0.00984,0.00527,0.01143,1,1,3,0.2,mixed
substance,increase,20,20,0.01753,0.00191,0.02256,0.00469,0.00503,0.00364,2,6,12,0.3,promoted
substance,sang,15,15,0.02425,0.00573,0.02921,0.00652,0.00497,0.00699,3,7,5,0.467,promoted
substance,sense,21,21,0.01853,0.00152,0.01362,0.00207,-0.00491,0.0021,11,2,8,0.524,displaced
substance,poured,40,25,0.02857,0.00326,0.03347,0.00649,0.0049,0.00404,16,14,10,0.4,displaced
substance,and,25,25,0.03695,0.00311,0.04171,0.00512,0.00476,0.00405,6,9,10,0.36,promoted
substance,placed,27,19,0.01557,0.00137,0.01083,0.00193,-0.00474,0.00183,15,1,11,0.556,displaced
substance,headache,6,6,0.01505,0.00813,0.01972,0.00476,0.00467,0.00651,1,3,2,0.5,promoted
substance,it,35,25,0.02409,0.00281,0.01968,0.00389,-0.00441,0.00215,18,8,9,0.514,displaced
substance,offered,20,19,0.02184,0.00484,0.02611,0.00634,0.00427,0.00404,5,4,11,0.25,displaced
substance,intense,21,21,0.01209,0.0008,0.01634,0.0027,0.00425,0.00293,5,7,9,0.333,promoted
substance,raised,18,12,0.01033,0.0014,0.01455,0.00129,0.00422,0.00192,1,5,12,0.278,promoted
substance,was,9,7,0.0143,0.00173,0.0185,0.00383,0.0042,0.00377,2,4,3,0.444,promoted
substance,onset,12,12,0.01366,0.00194,0.01786,0.00235,0.0042,0.00168,0,4,8,0.333,promoted
substance,burst,22,22,0.02242,0.00332,0.0266,0.00936,0.00418,0.007,8,4,10,0.364,displaced
substance,loss,8,8,0.01102,0.00078,0.00726,0.00236,-0.00376,0.00264,5,1,2,0.625,displaced
substance,flicked,7,7,0.01034,0.00175,0.00659,0.00177,-0.00375,0.00199,1,0,6,0.143,displaced
substance,stinging,5,5,0.01356,0.0018,0.00985,0.00304,-0.00371,0.00376,2,0,3,0.4,displaced
substance,swallowed,22,21,0.04598,0.00908,0.04958,0.01692,0.0036,0.01143,11,5,6,0.5,displaced
substance,heat,6,6,0.01522,0.00309,0.01166,0.00213,-0.00357,0.00412,2,1,3,0.333,displaced
substance,thought,18,17,0.01618,0.00136,0.01267,0.00117,-0.00351,0.00134,7,1,10,0.389,displaced
substance,tingling,14,14,0.01297,0.00145,0.0095,0.00134,-0.00347,0.00133,5,0,9,0.357,displaced
substance,pulled,13,10,0.01187,0.00267,0.01529,0.00326,0.00341,0.00232,1,7,5,0.538,promoted
substance,pressure,13,13,0.01697,0.00186,0.01364,0.00231,-0.00333,0.00269,6,3,4,0.462,displaced
substance,weakness,12,12,0.01353,0.00155,0.01029,0.00202,-0.00324,0.00192,6,1,5,0.5,displaced
substance,whispered,8,5,0.00636,0.0019,0.00958,0.00124,0.00322,0.00218,1,4,3,0.5,promoted
substance,sprinkled,10,9,0.01235,0.00212,0.0155,0.00245,0.00315,0.00246,2,4,4,0.4,promoted
substance,cold,9,9,0.01118,0.00078,0.01433,0.00216,0.00315,0.00181,1,3,5,0.333,promoted
substance,exhaled,8,8,0.00628,0.0013,0.00924,0.00111,0.00296,0.00088,0,2,6,0.25,promoted
substance,dizziness,7,7,0.01372,0.00231,0.01084,0.00116,-0.00287,0.00288,2,1,4,0.286,displaced
substance,she,6,4,0.0172,0.00588,0.01438,0.0083,-0.00282,0.00284,3,1,2,0.5,displaced
substance,walked,22,19,0.01705,0.00094,0.01426,0.00227,-0.00278,0.00199,9,5,8,0.409,displaced
substance,told,15,13,0.03074,0.009,0.03352,0.00733,0.00278,0.00446,3,7,5,0.467,promoted
substance,gave,26,19,0.01437,0.00112,0.01161,0.00173,-0.00276,0.00208,11,6,9,0.423,displaced
substance,change,13,13,0.01424,0.00128,0.01169,0.00263,-0.00255,0.00291,5,2,6,0.385,displaced
substance,dropped,13,12,0.01883,0.00313,0.01629,0.00404,-0.00253,0.0027,5,2,6,0.385,displaced
substance,turned,32,23,0.01747,0.00142,0.015,0.00185,-0.00247,0.00227,15,5,12,0.469,displaced
substance,burning,26,26,0.02669,0.00248,0.02432,0.00403,-0.00237,0.00418,13,4,9,0.5,displaced
substance,tightness,6,6,0.01091,0.00182,0.00854,0.00195,-0.00237,0.00208,3,1,2,0.5,displaced
substance,strong,6,6,0.00883,0.00088,0.01119,0.00205,0.00236,0.00261,1,2,3,0.333,promoted
substance,slid,5,5,0.00624,0.00102,0.00859,0.00163,0.00235,0.00251,0,2,3,0.4,promoted
substance,dumped,12,12,0.01905,0.00297,0.01686,0.00502,-0.00219,0.00439,6,1,5,0.5,displaced
substance,sting,5,5,0.00869,0.00163,0.01083,0.00298,0.00214,0.00388,1,1,3,0.2,mixed
substance,continued,28,19,0.01849,0.00294,0.02054,0.00271,0.00205,0.00325,13,10,5,0.464,displaced
substance,left,10,9,0.01319,0.00176,0.01522,0.00205,0.00203,0.00177,0,1,9,0.1,promoted
substance,headed,5,4,0.01063,0.00274,0.01265,0.00194,0.00202,0.00412,2,1,2,0.4,displaced
substance,picked,16,15,0.01243,0.00112,0.01443,0.00344,0.002,0.00403,2,1,13,0.125,displaced
substance,tightening,6,6,0.01399,0.00226,0.01199,0.00328,-0.002,0.002,3,0,3,0.5,displaced
substance,smiled,18,14,0.01466,0.00238,0.01273,0.00181,-0.00193,0.00224,6,3,9,0.333,displaced
substance,downed,14,11,0.01289,0.00154,0.01111,0.00164,-0.00178,0.0023,5,4,5,0.357,displaced
substance,ground,7,7,0.01251,0.00147,0.01083,0.00327,-0.00168,0.00302,3,1,3,0.429,displaced
substance,watched,71,25,0.01641,0.00111,0.01801,0.00159,0.0016,0.00137,16,19,36,0.268,promoted
substance,looked,64,24,0.02428,0.00173,0.02275,0.00233,-0.00153,0.0023,20,14,30,0.312,displaced
substance,chatted,9,9,0.01212,0.00189,0.01059,0.00257,-0.00153,0.00298,2,2,5,0.222,mixed
substance,wondered,6,6,0.0119,0.00156,0.01038,0.00285,-0.00152,0.00382,2,2,2,0.333,mixed
substance,ate,7,6,0.01502,0.00268,0.01356,0.00316,-0.00146,0.00359,3,2,2,0.429,displaced
substance,puffed,14,14,0.01745,0.00181,0.01602,0.00335,-0.00144,0.00325,6,1,7,0.429,displaced
substance,sipped,39,23,0.02191,0.00187,0.02062,0.00256,-0.00129,0.00237,17,11,11,0.436,displaced
substance,chill,15,15,0.01762,0.0021,0.01889,0.00319,0.00127,0.00306,3,5,7,0.333,promoted
substance,got,19,16,0.01315,0.00143,0.01432,0.0036,0.00117,0.00277,5,6,8,0.316,promoted
substance,set,27,18,0.01386,0.0011,0.01498,0.00206,0.00112,0.00168,7,7,13,0.259,mixed
substance,had,16,13,0.01273,0.00179,0.01165,0.00222,-0.00108,0.00218,6,3,7,0.375,displaced
substance,made,33,20,0.01322,0.00106,0.01426,0.00115,0.00104,0.00125,5,10,18,0.303,promoted
substance,tossed,19,16,0.01903,0.00244,0.01801,0.00332,-0.00103,0.00326,9,5,5,0.474,displaced
substance,started,42,19,0.01432,0.00112,0.01329,0.00219,-0.00102,0.00192,18,11,13,0.429,displaced
substance,blew,6,6,0.0096,0.0026,0.0105,0.00308,0.00091,0.00292,2,2,2,0.333,mixed
substance,shoved,5,5,0.01208,0.00282,0.01299,0.00213,0.00091,0.00408,1,1,3,0.2,mixed
substance,held,34,25,0.02007,0.00225,0.01917,0.00291,-0.00089,0.00206,12,9,13,0.353,displaced
substance,found,7,6,0.01514,0.00374,0.01602,0.00282,0.00088,0.00503,2,4,1,0.571,promoted
substance,opened,8,7,0.00965,0.00159,0.00877,0.0018,-0.00088,0.00267,2,1,5,0.25,displaced
substance,we,22,19,0.01281,0.00131,0.01205,0.00258,-0.00076,0.0025,9,6,7,0.409,displaced
substance,urge,19,19,0.02557,0.00315,0.02487,0.00345,-0.00071,0.00372,9,4,6,0.474,displaced
substance,soon,5,5,0.01297,0.00177,0.01369,0.00547,0.00071,0.00659,2,1,2,0.4,displaced
substance,began,62,22,0.01719,0.00127,0.01785,0.00207,0.00066,0.00193,22,16,24,0.355,displaced
substance,numbness,19,19,0.01439,0.00158,0.0138,0.00222,-0.0006,0.00125,3,2,14,0.158,displaced
substance,tried,25,19,0.0134,0.00104,0.01395,0.00288,0.00056,0.0027,9,5,11,0.36,displaced
substance,asked,10,8,0.0124,0.00156,0.01293,0.00363,0.00052,0.00304,5,4,1,0.5,displaced
substance,stood,12,11,0.01023,0.00101,0.01074,0.00161,0.00052,0.0019,2,3,7,0.25,promoted
substance,were,5,5,0.01695,0.00754,0.01736,0.00818,0.00041,0.01326,3,1,1,0.6,displaced
substance,sucked,5,5,0.00968,0.00099,0.00936,0.00193,-0.00032,0.00112,0,0,5,0.0,mixed
substance,talked,24,24,0.02547,0.00368,0.02515,0.00418,-0.00032,0.00351,10,8,6,0.417,displaced
substance,then,95,25,0.03577,0.00187,0.03603,0.00558,0.00026,0.00512,58,20,17,0.611,displaced
substance,nodded,5,2,0.0049,0.00082,0.00515,0.00106,0.00025,0.00095,0,0,5,0.0,mixed
substance,inhaled,24,17,0.02235,0.00291,0.02259,0.00445,0.00024,0.00359,9,8,7,0.375,displaced
substance,relief,13,13,0.01664,0.00174,0.01648,0.00288,-0.00017,0.00208,3,3,7,0.231,mixed
substance,flushed,5,5,0.01986,0.00461,0.01969,0.0081,-0.00017,0.00404,2,2,1,0.4,mixed
violence_explicit,run,5,4,0.01052,0.00444,0.10052,0.08378,0.09001,0.08427,0,3,2,0.6,promoted
violence_explicit,fall,25,25,0.17972,0.02281,0.25079,0.03718,0.07107,0.03096,8,16,1,0.64,promoted
violence_explicit,die,25,25,0.40757,0.03365,0.35008,0.0397,-0.05749,0.02147,14,9,2,0.56,displaced
violence_explicit,struggling,26,26,0.26387,0.03216,0.32086,0.0472,0.05699,0.0255,6,16,4,0.615,promoted
violence_explicit,was,25,25,0.30976,0.02292,0.36614,0.04687,0.05638,0.02881,11,13,1,0.52,promoted
violence_explicit,breathing,25,25,0.1608,0.02707,0.12693,0.02964,-0.03386,0.0206,18,7,0,0.72,displaced
violence_explicit,died,25,25,0.19913,0.01948,0.17036,0.02006,-0.02877,0.01414,15,9,1,0.6,displaced
violence_explicit,stone,18,18,0.10785,0.01837,0.08221,0.01674,-0.02564,0.01498,11,5,2,0.611,displaced
violence_explicit,bleed,26,24,0.10055,0.0145,0.07855,0.01814,-0.02199,0.01137,17,5,4,0.654,displaced
violence_explicit,eyes,26,26,0.06077,0.00983,0.04345,0.00998,-0.01732,0.007,18,4,4,0.692,displaced
violence_explicit,mouth,25,25,0.25566,0.01905,0.27171,0.0466,0.01604,0.03798,17,8,0,0.68,displaced
violence_explicit,lay,28,24,0.01767,0.00268,0.03363,0.00749,0.01597,0.00626,4,11,13,0.393,promoted
violence_explicit,fighting,24,24,0.05453,0.00758,0.0388,0.00754,-0.01573,0.00479,14,2,8,0.583,displaced
violence_explicit,chant,11,11,0.00658,0.00272,0.02197,0.00753,0.01539,0.0068,1,7,3,0.636,promoted
violence_explicit,ears,25,25,0.0501,0.00472,0.06524,0.01667,0.01513,0.0156,15,4,6,0.6,displaced
violence_explicit,fell,25,25,0.08444,0.00977,0.09898,0.01558,0.01454,0.01086,12,11,2,0.48,displaced
violence_explicit,wounds,26,26,0.05605,0.00701,0.07008,0.01854,0.01403,0.01498,13,11,2,0.5,displaced
violence_explicit,collapsed,24,24,0.04597,0.00615,0.0599,0.01001,0.01393,0.00681,7,12,5,0.5,promoted
violence_explicit,swimming,19,19,0.01246,0.0034,0.02579,0.01319,0.01333,0.01244,5,3,11,0.263,displaced
violence_explicit,drop,23,23,0.02067,0.00304,0.03306,0.01461,0.01239,0.01267,7,5,11,0.304,displaced
violence_explicit,and,7,6,0.01175,0.00262,0.02384,0.01338,0.01208,0.01303,3,3,1,0.429,mixed
violence_explicit,body,26,26,0.03897,0.00624,0.02704,0.00598,-0.01192,0.00621,12,4,10,0.462,displaced
violence_explicit,stopped,25,25,0.05101,0.00624,0.06215,0.01341,0.01114,0.01163,12,9,4,0.48,displaced
violence_explicit,chase,5,5,0.0079,0.00182,0.01829,0.00973,0.0104,0.00814,0,2,3,0.4,promoted
violence_explicit,walk,7,6,0.00403,0.00167,0.01411,0.00914,0.01007,0.00951,0,2,5,0.286,promoted
violence_explicit,splashing,8,8,0.01692,0.00631,0.007,0.00185,-0.00992,0.00717,3,0,5,0.375,displaced
violence_explicit,to,5,5,0.00503,0.00172,0.01494,0.00824,0.00991,0.00806,0,3,2,0.6,promoted
violence_explicit,had,25,25,0.02108,0.00127,0.0119,0.00164,-0.00918,0.0019,17,2,6,0.68,displaced
violence_explicit,beat,25,25,0.51299,0.02092,0.50408,0.04101,-0.00892,0.03752,11,14,0,0.56,promoted
violence_explicit,battered,8,8,0.00399,0.00088,0.01222,0.005,0.00823,0.00453,0,4,4,0.5,promoted
violence_explicit,shivering,6,6,0.01714,0.00729,0.00922,0.0027,-0.00791,0.00806,2,0,4,0.333,displaced
violence_explicit,fade,5,5,0.00684,0.00308,0.01456,0.00899,0.00772,0.00604,0,2,3,0.4,promoted
violence_explicit,nose,26,26,0.2094,0.01959,0.20252,0.03039,-0.00687,0.02185,14,11,1,0.538,displaced
violence_explicit,lost,24,24,0.01579,0.00223,0.00903,0.00175,-0.00676,0.00203,11,0,13,0.458,displaced
violence_explicit,collapse,24,24,0.01706,0.00258,0.0238,0.00624,0.00673,0.00575,7,6,11,0.292,displaced
violence_explicit,shout,18,18,0.00682,0.00091,0.01356,0.00572,0.00673,0.00554,3,6,9,0.333,promoted
violence_explicit,as,19,19,0.01266,0.00391,0.00626,0.00245,-0.0064,0.00455,9,2,8,0.474,displaced
violence_explicit,scream,11,9,0.00641,0.00128,0.01261,0.00418,0.0062,0.00451,2,5,4,0.455,promoted
violence_explicit,finally,24,24,0.02088,0.0023,0.01488,0.00273,-0.006,0.00315,13,2,9,0.542,displaced
violence_explicit,brutally,5,5,0.00297,0.00051,0.00887,0.00202,0.0059,0.00201,0,3,2,0.6,promoted
violence_explicit,slump,19,19,0.00855,0.00183,0.01443,0.00583,0.00588,0.00623,3,5,11,0.263,promoted
violence_explicit,roll,7,7,0.01361,0.00486,0.00776,0.0034,-0.00585,0.00497,2,0,5,0.286,displaced
violence_explicit,kill,18,17,0.01028,0.00196,0.0045,0.00122,-0.00579,0.00194,7,1,10,0.389,displaced
violence_explicit,go,24,23,0.01593,0.00303,0.02151,0.00732,0.00558,0.00473,5,4,15,0.208,displaced
violence_explicit,crying,19,19,0.03387,0.01341,0.0284,0.01223,-0.00547,0.00297,10,3,6,0.526,displaced
violence_explicit,cut,7,7,0.00955,0.00216,0.00433,0.00147,-0.00522,0.00201,3,0,4,0.429,displaced
violence_explicit,went,15,15,0.0087,0.0014,0.01386,0.00732,0.00516,0.0067,3,2,10,0.2,displaced
violence_explicit,face,25,25,0.05965,0.00915,0.05467,0.01371,-0.00497,0.00752,15,7,3,0.6,displaced
violence_explicit,stab,7,7,0.00958,0.00148,0.00465,0.0015,-0.00493,0.00128,4,0,3,0.571,displaced
violence_explicit,moving,26,26,0.12119,0.01723,0.12607,0.0239,0.00488,0.01854,17,8,1,0.654,displaced
violence_explicit,dropped,24,24,0.01478,0.00166,0.00994,0.00216,-0.00484,0.00183,12,2,10,0.5,displaced
violence_explicit,the,7,7,0.00667,0.00279,0.01146,0.00499,0.0048,0.00253,0,3,4,0.429,promoted
violence_explicit,limp,5,5,0.00695,0.00311,0.01174,0.00296,0.00479,0.00286,0,2,3,0.4,promoted
violence_explicit,wound,19,19,0.01075,0.00229,0.01537,0.00712,0.00462,0.00537,6,3,10,0.316,displaced
violence_explicit,writhe,20,20,0.01107,0.00145,0.00646,0.00125,-0.0046,0.00139,7,0,13,0.35,displaced
violence_explicit,slip,8,8,0.00352,0.0006,0.00798,0.00237,0.00445,0.00235,0,3,5,0.375,promoted
violence_explicit,killed,8,8,0.00738,0.00134,0.00304,0.00092,-0.00434,0.00167,3,0,5,0.375,displaced
violence_explicit,take,11,10,0.00455,0.00061,0.00889,0.00169,0.00434,0.00127,0,6,5,0.545,promoted
violence_explicit,ran,13,13,0.00893,0.00112,0.0049,0.00095,-0.00403,0.00097,5,0,8,0.385,displaced
violence_explicit,shaking,13,13,0.0103,0.00189,0.00628,0.00134,-0.00402,0.0016,4,0,9,0.308,displaced
violence_explicit,saw,8,8,0.00815,0.00254,0.00414,0.0016,-0.00401,0.00288,5,2,1,0.625,displaced
violence_explicit,lips,23,23,0.02824,0.00446,0.03216,0.00695,0.00392,0.005,9,6,8,0.391,displaced
violence_explicit,could,25,25,0.01435,0.00138,0.0105,0.0015,-0.00385,0.00125,11,2,12,0.44,displaced
violence_explicit,nostrils,21,21,0.01599,0.00247,0.01215,0.00188,-0.00384,0.00124,7,1,13,0.333,displaced
violence_explicit,bleeding,9,7,0.01722,0.00524,0.01358,0.0048,-0.00364,0.0035,5,2,2,0.556,displaced
violence_explicit,neck,16,16,0.00805,0.00198,0.00452,0.00096,-0.00352,0.0016,5,1,10,0.312,displaced
violence_explicit,push,8,8,0.00945,0.00163,0.01293,0.0043,0.00348,0.00289,0,3,5,0.375,promoted
violence_explicit,eye,10,10,0.00742,0.00181,0.00404,0.00235,-0.00338,0.00181,3,1,6,0.3,displaced
violence_explicit,panicking,7,7,0.00414,0.00161,0.00752,0.00403,0.00338,0.00405,0,1,6,0.143,promoted
violence_explicit,her,12,12,0.00555,0.00113,0.00889,0.00201,0.00334,0.00187,0,5,7,0.417,promoted
violence_explicit,burn,11,10,0.00675,0.00089,0.00346,0.00087,-0.0033,0.00062,2,0,9,0.182,displaced
violence_explicit,explode,9,9,0.00817,0.00141,0.00497,0.00167,-0.0032,0.00221,4,1,4,0.444,displaced
violence_explicit,trying,19,19,0.00873,0.00087,0.00554,0.001,-0.00318,0.00104,5,1,13,0.263,displaced
violence_explicit,passed,20,20,0.01365,0.00222,0.01049,0.0022,-0.00315,0.00211,7,3,10,0.35,displaced
violence_explicit,became,17,17,0.01054,0.00135,0.0074,0.00131,-0.00314,0.0013,5,1,11,0.294,displaced
violence_explicit,thought,7,7,0.00786,0.00186,0.00483,0.0008,-0.00303,0.00166,3,0,4,0.429,displaced
violence_explicit,slowly,21,21,0.00966,0.00107,0.00665,0.0013,-0.00301,0.0008,8,0,13,0.381,displaced
violence_explicit,spit,6,6,0.00463,0.00117,0.00172,0.00059,-0.00291,0.00158,2,0,4,0.333,displaced
violence_explicit,torture,15,15,0.01021,0.00167,0.00739,0.002,-0.00282,0.00167,6,1,8,0.4,displaced
violence_explicit,hurl,12,12,0.01269,0.00309,0.0155,0.00354,0.00281,0.00293,1,1,10,0.083,mixed
violence_explicit,shoot,7,7,0.01,0.00287,0.00719,0.00324,-0.00281,0.0017,2,0,5,0.286,displaced
violence_explicit,fled,5,5,0.00557,0.00148,0.00278,0.00084,-0.00279,0.00165,1,0,4,0.2,displaced
violence_explicit,thrashing,22,22,0.02579,0.00435,0.02857,0.00968,0.00278,0.00664,7,4,11,0.318,displaced
violence_explicit,open,12,12,0.00537,0.00091,0.00284,0.00116,-0.00253,0.00085,2,0,10,0.167,displaced
violence_explicit,coughing,18,18,0.01386,0.00268,0.01134,0.00354,-0.00252,0.00214,5,3,10,0.278,displaced
violence_explicit,abuse,13,13,0.00895,0.00197,0.00645,0.00156,-0.00251,0.0014,1,0,12,0.077,displaced
violence_explicit,convulse,8,8,0.00711,0.00143,0.00462,0.00109,-0.00249,0.00211,1,0,7,0.125,displaced
violence_explicit,felt,18,18,0.0079,0.00102,0.00545,0.00116,-0.00245,0.0016,5,1,12,0.278,displaced
violence_explicit,writhing,11,10,0.004,0.00125,0.00155,0.00057,-0.00245,0.001,3,0,8,0.273,displaced
violence_explicit,couldn,5,5,0.00234,0.00101,0.00474,0.00152,0.0024,0.00179,0,1,4,0.2,promoted
violence_explicit,side,5,5,0.00686,0.00177,0.0046,0.00295,-0.00226,0.00214,1,1,3,0.2,mixed
violence_explicit,got,8,8,0.00677,0.00074,0.00456,0.00124,-0.0022,0.00108,2,0,6,0.25,displaced
violence_explicit,forehead,22,22,0.01132,0.00176,0.00919,0.00249,-0.00213,0.0022,6,3,13,0.273,displaced
violence_explicit,wrists,8,8,0.00677,0.00124,0.00469,0.00105,-0.00208,0.00118,2,0,6,0.25,displaced
violence_explicit,punch,6,6,0.00506,0.00101,0.00709,0.00241,0.00203,0.00244,0,2,4,0.333,promoted
violence_explicit,turn,9,9,0.00685,0.00122,0.00483,0.00156,-0.00202,0.00069,1,0,8,0.111,displaced
violence_explicit,whip,15,15,0.01028,0.00175,0.00826,0.00323,-0.00202,0.00307,6,2,7,0.4,displaced
violence_explicit,thrash,11,11,0.00576,0.00045,0.00383,0.00059,-0.00193,0.00081,2,0,9,0.182,displaced
violence_explicit,strike,11,11,0.00598,0.00094,0.00405,0.00094,-0.00193,0.00131,3,1,7,0.273,displaced
violence_explicit,suffer,8,8,0.00733,0.00163,0.00925,0.00205,0.00192,0.00134,0,1,7,0.125,promoted
violence_explicit,orifices,5,5,0.00378,0.00102,0.00188,0.00119,-0.0019,0.0011,1,0,4,0.2,displaced
violence_explicit,screaming,24,24,0.02638,0.00407,0.02827,0.00852,0.00189,0.00828,12,6,6,0.5,displaced
violence_explicit,realized,7,7,0.00595,0.00096,0.00408,0.00099,-0.00187,0.00157,2,1,4,0.286,displaced
violence_explicit,stumble,15,15,0.00606,0.00138,0.00785,0.00124,0.00179,0.00147,3,7,5,0.467,promoted
violence_explicit,flailing,19,19,0.01429,0.00152,0.01254,0.00202,-0.00175,0.00153,7,1,11,0.368,displaced
violence_explicit,smash,7,7,0.00488,0.00067,0.00315,0.00065,-0.00173,0.00072,0,0,7,0.0,mixed
violence_explicit,get,7,7,0.00729,0.00223,0.00559,0.00213,-0.0017,0.00121,1,0,6,0.143,displaced
violence_explicit,slumped,10,10,0.00852,0.00136,0.00686,0.00154,-0.00167,0.001,2,0,8,0.2,displaced
violence_explicit,gasping,21,21,0.01245,0.0026,0.0141,0.00523,0.00165,0.00347,3,4,14,0.19,promoted
violence_explicit,drown,11,11,0.00498,0.00029,0.00335,0.00068,-0.00163,0.00051,0,0,11,0.0,mixed
violence_explicit,ear,21,21,0.00941,0.00115,0.00782,0.0023,-0.0016,0.00165,6,2,13,0.286,displaced
violence_explicit,jeer,9,9,0.00412,0.00085,0.00571,0.00063,0.00159,0.00093,0,1,8,0.111,promoted
violence_explicit,back,8,8,0.00655,0.00232,0.00497,0.00221,-0.00158,0.00235,3,1,4,0.375,displaced
violence_explicit,fainted,12,12,0.00842,0.00124,0.00685,0.0014,-0.00157,0.00089,2,0,10,0.167,displaced
violence_explicit,hands,14,14,0.01308,0.00404,0.01465,0.0047,0.00157,0.00443,3,3,8,0.214,mixed
violence_explicit,kicking,20,20,0.10077,0.01806,0.09921,0.01601,-0.00156,0.01042,11,5,4,0.55,displaced
violence_explicit,pound,10,10,0.00726,0.00118,0.00875,0.00319,0.00149,0.00382,2,2,6,0.2,mixed
violence_explicit,hit,30,23,0.00738,0.00084,0.00591,0.00093,-0.00147,0.00118,7,4,19,0.233,displaced
violence_explicit,turned,7,7,0.00538,0.00061,0.00392,0.00085,-0.00146,0.00119,1,0,6,0.143,displaced
violence_explicit,chest,13,13,0.0054,0.00088,0.00397,0.0013,-0.00143,0.0016,3,2,8,0.231,displaced
violence_explicit,cuts,7,7,0.00311,0.00053,0.00453,0.00149,0.00142,0.0014,0,2,5,0.286,promoted
violence_explicit,twitch,12,12,0.00643,0.00103,0.00506,0.00127,-0.00137,0.00105,2,1,9,0.167,displaced
violence_explicit,squirm,11,11,0.00733,0.00116,0.00598,0.00181,-0.00135,0.00145,3,1,7,0.273,displaced
violence_explicit,flapping,10,10,0.00536,0.00078,0.00403,0.00117,-0.00133,0.00107,1,0,9,0.1,displaced
violence_explicit,broke,5,5,0.00716,0.00266,0.00586,0.0025,-0.0013,0.00151,0,0,5,0.0,mixed
violence_explicit,lie,11,11,0.0066,0.00195,0.0079,0.00252,0.0013,0.0018,1,3,7,0.273,promoted
violence_explicit,gasp,11,11,0.00605,0.0006,0.00482,0.00143,-0.00123,0.00146,2,1,8,0.182,displaced
violence_explicit,crumple,14,14,0.00588,0.00158,0.00465,0.00102,-0.00123,0.00195,2,2,10,0.143,mixed
violence_explicit,wiggling,6,6,0.00291,0.00099,0.0017,0.00077,-0.00121,0.00072,0,0,6,0.0,mixed
violence_explicit,resisting,16,16,0.01521,0.00386,0.01402,0.0038,-0.00118,0.00219,2,3,11,0.188,promoted
violence_explicit,gagging,5,5,0.00483,0.00108,0.00601,0.00044,0.00117,0.00148,0,1,4,0.2,promoted
violence_explicit,mutilate,7,7,0.00375,0.00093,0.0026,0.00104,-0.00116,0.00181,2,1,4,0.286,displaced
violence_explicit,flop,8,8,0.00799,0.00183,0.00687,0.00185,-0.00112,0.002,1,1,6,0.125,mixed
violence_explicit,stagger,11,11,0.01034,0.00172,0.00923,0.00393,-0.00111,0.00424,5,2,4,0.455,displaced
violence_explicit,crumble,15,15,0.00972,0.00175,0.01081,0.00297,0.00109,0.0035,2,3,10,0.2,promoted
violence_explicit,making,13,13,0.0058,0.00076,0.00474,0.0011,-0.00106,0.00078,1,0,12,0.077,displaced
violence_explicit,choking,5,5,0.00604,0.00059,0.005,0.00072,-0.00105,0.00031,0,0,5,0.0,mixed
violence_explicit,eventually,8,8,0.00548,0.00138,0.00448,0.00129,-0.001,0.00199,3,1,4,0.375,displaced
violence_explicit,veins,8,8,0.00783,0.00247,0.00877,0.00328,0.00094,0.00165,1,2,5,0.25,promoted
violence_explicit,squirming,12,12,0.00461,0.00095,0.00376,0.00097,-0.00085,0.00066,1,0,11,0.083,displaced
violence_explicit,drag,12,12,0.01024,0.00124,0.00943,0.00171,-0.00081,0.00137,2,1,9,0.167,displaced
violence_explicit,let,5,5,0.0039,0.00067,0.00319,0.00043,-0.00071,0.00069,0,0,5,0.0,mixed
violence_explicit,throat,12,12,0.00618,0.00126,0.00546,0.00179,-0.00071,0.00128,1,1,10,0.083,mixed
violence_explicit,twitching,10,10,0.00458,0.00073,0.00387,0.00118,-0.00071,0.00093,1,0,9,0.1,displaced
violence_explicit,head,26,26,0.07815,0.00739,0.07748,0.01508,-0.00067,0.01284,14,8,4,0.538,displaced
violence_explicit,batter,8,8,0.00523,0.00104,0.00458,0.00118,-0.00065,0.00151,2,1,5,0.25,displaced
violence_explicit,broken,16,16,0.00767,0.00094,0.00829,0.00126,0.00062,0.0009,0,1,15,0.062,promoted
violence_explicit,scalp,8,8,0.0057,0.0008,0.00632,0.0016,0.00062,0.00135,0,2,6,0.25,promoted
violence_explicit,tear,23,23,0.01549,0.00235,0.0149,0.00497,-0.00059,0.00483,8,2,13,0.348,displaced
violence_explicit,bruised,10,10,0.00325,0.00065,0.00378,0.00082,0.00054,0.0011,0,1,9,0.1,promoted
violence_explicit,choke,10,9,0.00412,0.00074,0.00463,0.00162,0.00051,0.00107,1,1,8,0.1,mixed
violence_explicit,tumble,12,12,0.00844,0.00163,0.00793,0.00285,-0.0005,0.0021,3,2,7,0.25,displaced
violence_explicit,lynch,10,10,0.00666,0.00097,0.00714,0.00113,0.00048,0.00131,1,2,7,0.2,promoted
violence_explicit,topple,8,8,0.00707,0.00173,0.00661,0.00088,-0.00046,0.00124,1,0,7,0.125,displaced
violence_explicit,pelt,16,16,0.01258,0.00155,0.01213,0.00178,-0.00046,0.00107,2,1,13,0.125,displaced
violence_explicit,throw,25,25,0.02012,0.00331,0.02056,0.00508,0.00045,0.0027,7,6,12,0.28,displaced
violence_explicit,spluttering,6,6,0.00301,0.00099,0.00344,0.0009,0.00043,0.00078,0,0,6,0.0,mixed
violence_explicit,float,5,5,0.00893,0.00113,0.00854,0.00149,-0.0004,0.00086,0,0,5,0.0,mixed
violence_explicit,pull,8,8,0.00687,0.00201,0.00726,0.00136,0.00039,0.00246,1,2,5,0.25,promoted
violence_explicit,strip,11,11,0.00607,0.00187,0.00641,0.00161,0.00035,0.00298,3,5,3,0.455,promoted
violence_explicit,sink,15,15,0.00878,0.00367,0.00843,0.00382,-0.00034,0.00191,2,2,11,0.133,mixed
violence_explicit,skull,5,5,0.00374,0.00101,0.00343,0.00189,-0.00032,0.00213,0,1,4,0.2,promoted
violence_explicit,lip,7,7,0.00487,0.00128,0.00461,0.00144,-0.00027,0.00075,0,0,7,0.0,mixed
violence_explicit,cried,5,5,0.00742,0.00103,0.00767,0.00195,0.00025,0.00257,0,1,4,0.2,promoted
violence_explicit,kick,24,23,0.01896,0.00225,0.01873,0.00348,-0.00023,0.00279,9,6,9,0.375,displaced
violence_explicit,attack,26,26,0.01356,0.00173,0.01336,0.00215,-0.0002,0.00185,7,7,12,0.269,mixed
violence_explicit,assault,22,22,0.00719,0.00097,0.00702,0.00125,-0.00017,0.00139,4,3,15,0.182,displaced
violence_explicit,wriggling,11,11,0.00293,0.00055,0.00276,0.00044,-0.00017,0.00024,0,0,11,0.0,mixed
violence_explicit,no,6,6,0.00232,0.00055,0.00217,0.00051,-0.00015,0.00066,0,0,6,0.0,mixed
violence_explicit,succumbed,8,8,0.00461,0.0009,0.00474,0.00151,0.00013,0.00145,1,2,5,0.25,promoted
violence_explicit,pummel,12,12,0.00668,0.00097,0.00682,0.00111,0.00013,0.00097,1,1,10,0.083,mixed
violence_explicit,yell,6,6,0.00803,0.0021,0.0079,0.00207,-0.00013,0.00159,1,0,5,0.167,displaced
violence_explicit,stomp,16,16,0.00731,0.00112,0.00743,0.00141,0.00012,0.00102,2,1,13,0.125,displaced
violence_explicit,struggle,10,10,0.00574,0.00086,0.00565,0.00097,-8e-05,0.00093,1,0,9,0.1,displaced
violence_explicit,bled,22,22,0.02503,0.00596,0.02498,0.01105,-5e-05,0.00738,8,2,12,0.364,displaced
violence_explicit,taunt,13,13,0.00606,0.00101,0.00605,0.00134,-1e-05,0.00168,2,2,9,0.154,mixed
violence_liminal,scream,27,27,0.07399,0.01014,0.16322,0.02599,0.08923,0.02016,3,23,1,0.852,promoted
violence_liminal,what,7,4,0.01648,0.00294,0.09235,0.06117,0.07587,0.06391,2,5,0,0.714,promoted
violence_liminal,use,25,25,0.1486,0.01197,0.22195,0.03771,0.07335,0.02889,5,19,1,0.76,promoted
violence_liminal,kill,27,27,0.12495,0.01064,0.06222,0.00979,-0.06273,0.01391,23,2,2,0.852,displaced
violence_liminal,aimed,25,25,0.10483,0.00958,0.15297,0.02426,0.04814,0.02092,5,17,3,0.68,promoted
violence_liminal,shot,26,25,0.08991,0.00922,0.0527,0.01014,-0.03721,0.01077,18,5,3,0.692,displaced
violence_liminal,approached,11,11,0.00724,0.0013,0.03975,0.01418,0.03251,0.01427,1,9,1,0.818,promoted
violence_liminal,fired,26,26,0.2847,0.01933,0.25885,0.03346,-0.02585,0.02412,16,10,0,0.615,displaced
violence_liminal,fire,27,25,0.06329,0.00619,0.03812,0.00693,-0.02517,0.00638,18,3,6,0.667,displaced
violence_liminal,examined,17,17,0.009,0.0011,0.03348,0.00849,0.02448,0.00826,0,11,6,0.647,promoted
violence_liminal,advance,5,5,0.00634,0.00023,0.02948,0.01804,0.02314,0.01811,0,3,2,0.6,promoted
violence_liminal,clear,23,23,0.03405,0.00458,0.0551,0.01044,0.02106,0.00977,5,11,7,0.478,promoted
violence_liminal,began,75,25,0.03815,0.00266,0.05797,0.00802,0.01982,0.0065,21,35,19,0.467,promoted
violence_liminal,took,49,25,0.03897,0.00429,0.05869,0.00917,0.01972,0.00657,10,20,19,0.408,promoted
violence_liminal,squeezed,32,21,0.02891,0.005,0.04669,0.01124,0.01778,0.00883,2,11,19,0.344,promoted
violence_liminal,slammed,23,23,0.03711,0.00491,0.05402,0.00881,0.01691,0.00675,3,12,8,0.522,promoted
violence_liminal,stabbed,20,20,0.03029,0.00362,0.01402,0.00547,-0.01627,0.00415,16,1,3,0.8,displaced
violence_liminal,whispered,11,9,0.00527,0.00111,0.02066,0.00663,0.01538,0.00683,1,8,2,0.727,promoted
violence_liminal,do,12,12,0.0265,0.00858,0.04175,0.01692,0.01525,0.01014,2,5,5,0.417,promoted
violence_liminal,beat,40,25,0.03291,0.00332,0.01773,0.0032,-0.01518,0.00277,29,4,7,0.725,displaced
violence_liminal,glanced,5,5,0.00775,0.00196,0.02203,0.00634,0.01428,0.00599,0,4,1,0.8,promoted
violence_liminal,shout,16,15,0.01392,0.00197,0.02814,0.00885,0.01421,0.00766,2,9,5,0.562,promoted
violence_liminal,choked,16,16,0.02588,0.00402,0.03995,0.01076,0.01407,0.00893,3,6,7,0.375,promoted
violence_liminal,respond,12,12,0.00845,0.00098,0.02219,0.00646,0.01373,0.00687,2,7,3,0.583,promoted
violence_liminal,cut,29,25,0.0283,0.00301,0.01486,0.00203,-0.01344,0.00329,20,4,5,0.69,displaced
violence_liminal,die,12,12,0.02198,0.00214,0.00943,0.00339,-0.01256,0.00472,10,1,1,0.833,displaced
violence_liminal,carefully,13,11,0.00496,0.00094,0.01733,0.00405,0.01237,0.00371,0,8,5,0.615,promoted
violence_liminal,destroy,15,15,0.01171,0.00151,0.02386,0.00511,0.01215,0.00504,3,9,3,0.6,promoted
violence_liminal,explode,10,10,0.00976,0.00153,0.02121,0.00552,0.01145,0.00537,1,6,3,0.6,promoted
violence_liminal,went,26,24,0.02964,0.00246,0.01833,0.00258,-0.01131,0.00287,17,3,6,0.654,displaced
violence_liminal,disperse,23,23,0.0483,0.01048,0.05957,0.01797,0.01127,0.01693,8,8,7,0.348,mixed
violence_liminal,raised,5,5,0.00651,0.00113,0.01766,0.01197,0.01115,0.01198,1,1,3,0.2,mixed
violence_liminal,stared,21,14,0.00985,0.00161,0.02057,0.00396,0.01072,0.00376,2,10,9,0.476,promoted
violence_liminal,continued,5,4,0.00938,0.00201,0.02008,0.00642,0.0107,0.00603,0,3,2,0.6,promoted
violence_liminal,kissed,6,6,0.02517,0.00911,0.01463,0.00498,-0.01054,0.01181,3,1,2,0.5,displaced
violence_liminal,attack,26,26,0.03018,0.00261,0.0199,0.00386,-0.01028,0.00354,16,2,8,0.615,displaced
violence_liminal,started,66,25,0.03158,0.00233,0.04125,0.00581,0.00967,0.00456,19,20,27,0.303,promoted
violence_liminal,leave,10,10,0.02249,0.00509,0.01304,0.00252,-0.00945,0.00611,6,2,2,0.6,displaced
violence_liminal,walked,26,24,0.0436,0.004,0.0527,0.01063,0.0091,0.00976,8,8,10,0.308,mixed
violence_liminal,stepped,11,8,0.00594,0.00128,0.01499,0.00353,0.00904,0.00337,0,7,4,0.636,promoted
violence_liminal,threw,37,24,0.03786,0.00429,0.02893,0.00642,-0.00893,0.00574,24,4,9,0.649,displaced
violence_liminal,stood,7,6,0.0083,0.00131,0.01695,0.00353,0.00865,0.00424,1,4,2,0.571,promoted
violence_liminal,shoot,27,23,0.02868,0.0048,0.02018,0.0052,-0.0085,0.00367,22,3,2,0.815,displaced
violence_liminal,crack,15,15,0.0115,0.00229,0.01978,0.00576,0.00828,0.00427,3,7,5,0.467,promoted
violence_liminal,enforce,6,6,0.00716,0.00191,0.01536,0.00461,0.0082,0.00467,0,2,4,0.333,promoted
violence_liminal,held,61,25,0.04015,0.00314,0.0483,0.00572,0.00816,0.00435,18,23,20,0.377,promoted
violence_liminal,go,26,26,0.02067,0.0016,0.01258,0.00156,-0.00808,0.00186,16,1,9,0.615,displaced
violence_liminal,put,51,25,0.01785,0.00164,0.01008,0.00128,-0.00776,0.00146,28,1,22,0.549,displaced
violence_liminal,gazed,5,5,0.0014,0.00069,0.00916,0.00145,0.00776,0.00104,0,4,1,0.8,promoted
violence_liminal,prepared,26,21,0.01157,0.00133,0.01918,0.00246,0.00761,0.00245,4,15,7,0.577,promoted
violence_liminal,yell,9,9,0.01106,0.00138,0.01848,0.0029,0.00742,0.00372,1,4,4,0.444,promoted
violence_liminal,smash,25,25,0.0192,0.00246,0.02644,0.00655,0.00724,0.00492,3,9,13,0.36,promoted
violence_liminal,killed,6,6,0.01035,0.00107,0.00331,0.00228,-0.00704,0.00201,5,0,1,0.833,displaced
violence_liminal,violently,9,9,0.00866,0.0016,0.01497,0.0035,0.0063,0.00284,0,4,5,0.444,promoted
violence_liminal,forcefully,12,11,0.01033,0.00125,0.0166,0.00463,0.00627,0.00456,2,4,6,0.333,promoted
violence_liminal,strangle,17,17,0.01872,0.00159,0.01247,0.00205,-0.00625,0.00297,6,2,9,0.353,displaced
violence_liminal,pushed,25,25,0.04145,0.00322,0.03527,0.00855,-0.00617,0.00725,18,4,3,0.72,displaced
violence_liminal,shake,5,5,0.01009,0.00169,0.01618,0.00607,0.0061,0.00739,0,1,4,0.2,promoted
violence_liminal,leaned,5,5,0.00894,0.00296,0.01504,0.00238,0.00609,0.00399,1,3,1,0.6,promoted
violence_liminal,get,15,15,0.01916,0.00188,0.01319,0.00288,-0.00598,0.0022,10,2,3,0.667,displaced
violence_liminal,kick,19,19,0.01987,0.00225,0.01407,0.00241,-0.0058,0.00183,11,2,6,0.579,displaced
violence_liminal,be,6,6,0.01185,0.00215,0.01755,0.00858,0.00571,0.01015,2,2,2,0.333,mixed
violence_liminal,said,47,25,0.0234,0.00239,0.0177,0.00256,-0.0057,0.00142,25,3,19,0.532,displaced
violence_liminal,opened,27,24,0.01248,0.00116,0.007,0.00127,-0.00549,0.0012,14,1,12,0.519,displaced
violence_liminal,pepper,7,7,0.02646,0.01253,0.03185,0.01726,0.00539,0.00634,3,3,1,0.429,mixed
violence_liminal,physically,6,6,0.01481,0.00554,0.00949,0.00144,-0.00531,0.00695,1,1,4,0.167,mixed
violence_liminal,detain,7,7,0.01439,0.00243,0.0091,0.00208,-0.00529,0.00226,5,0,2,0.714,displaced
violence_liminal,lifted,22,22,0.02744,0.00318,0.03267,0.00605,0.00522,0.00536,6,8,8,0.364,promoted
violence_liminal,punch,26,26,0.04023,0.00394,0.04543,0.00958,0.0052,0.00977,9,10,7,0.385,promoted
violence_liminal,hit,28,27,0.05396,0.00645,0.04886,0.00627,-0.0051,0.0054,13,11,4,0.464,displaced
violence_liminal,told,11,11,0.01799,0.003,0.013,0.00205,-0.00499,0.00247,5,0,6,0.455,displaced
violence_liminal,slowly,15,12,0.00815,0.00174,0.01276,0.00223,0.00462,0.00296,3,9,3,0.6,promoted
violence_liminal,close,5,5,0.01343,0.00538,0.01796,0.00613,0.00454,0.00286,0,2,3,0.4,promoted
violence_liminal,bite,12,12,0.01522,0.00124,0.01973,0.00634,0.00451,0.00603,4,5,3,0.417,promoted
violence_liminal,placed,23,23,0.01997,0.00206,0.0156,0.00176,-0.00437,0.00216,10,3,10,0.435,displaced
violence_liminal,tear,51,27,0.02213,0.00207,0.0178,0.00173,-0.00433,0.00194,21,10,20,0.412,displaced
violence_liminal,fight,9,9,0.02004,0.00378,0.02436,0.01018,0.00432,0.00715,3,2,4,0.333,displaced
violence_liminal,intervene,19,19,0.01555,0.00285,0.0198,0.00408,0.00424,0.00429,4,7,8,0.368,promoted
violence_liminal,pointed,34,25,0.05859,0.00578,0.05446,0.00771,-0.00413,0.00577,17,8,9,0.5,displaced
violence_liminal,yelled,9,7,0.00916,0.00101,0.00532,0.00073,-0.00384,0.00118,3,0,6,0.333,displaced
violence_liminal,twisted,11,11,0.01382,0.00273,0.01758,0.00576,0.00375,0.00398,3,4,4,0.364,promoted
violence_liminal,pressed,26,22,0.0135,0.00105,0.01725,0.00335,0.00374,0.00347,4,4,18,0.154,mixed
violence_liminal,turned,37,25,0.02137,0.00187,0.02489,0.00286,0.00352,0.00199,10,15,12,0.405,promoted
violence_liminal,wiped,12,12,0.01462,0.00169,0.01805,0.00215,0.00343,0.00263,1,3,8,0.25,promoted
violence_liminal,pinned,10,10,0.02196,0.00389,0.01872,0.00363,-0.00324,0.00263,4,2,4,0.4,displaced
violence_liminal,chase,7,7,0.01067,0.00135,0.01369,0.00248,0.00302,0.00343,1,3,3,0.429,promoted
violence_liminal,peered,10,10,0.00906,0.00301,0.01207,0.00354,0.00301,0.002,1,4,5,0.4,promoted
violence_liminal,emptied,5,5,0.00741,0.00092,0.00448,0.00141,-0.00293,0.00175,1,0,4,0.2,displaced
violence_liminal,surround,6,6,0.01265,0.00247,0.01552,0.0061,0.00286,0.00531,1,2,3,0.333,promoted
violence_liminal,take,34,23,0.01547,0.0007,0.01273,0.00148,-0.00274,0.00128,10,3,21,0.294,displaced
violence_liminal,rip,20,20,0.01843,0.00127,0.0157,0.00256,-0.00272,0.00257,6,5,9,0.3,displaced
violence_liminal,yanked,6,6,0.02573,0.01066,0.02302,0.01038,-0.00271,0.00687,3,1,2,0.5,displaced
violence_liminal,used,8,8,0.02288,0.00734,0.02023,0.00874,-0.00265,0.00347,4,1,3,0.5,displaced
violence_liminal,she,24,22,0.02427,0.00331,0.02165,0.0042,-0.00262,0.00312,12,6,6,0.5,displaced
violence_liminal,cry,26,26,0.03872,0.00309,0.03614,0.00465,-0.00258,0.00514,11,10,5,0.423,displaced
violence_liminal,spit,14,14,0.02372,0.00581,0.02628,0.00677,0.00256,0.0045,4,5,5,0.357,promoted
violence_liminal,slap,21,21,0.02131,0.00165,0.01884,0.00294,-0.00247,0.00329,10,5,6,0.476,displaced
violence_liminal,strike,6,6,0.01213,0.0017,0.00966,0.00116,-0.00247,0.00204,2,0,4,0.333,displaced
violence_liminal,pulled,52,26,0.04206,0.00645,0.04446,0.0086,0.0024,0.00436,22,13,17,0.423,displaced
violence_liminal,leveled,9,9,0.00692,0.00094,0.00456,0.00117,-0.00237,0.0014,2,1,6,0.222,displaced
violence_liminal,looked,48,25,0.02036,0.00187,0.02271,0.00364,0.00234,0.00275,13,12,23,0.271,displaced
violence_liminal,moved,11,11,0.01365,0.00158,0.01598,0.0033,0.00233,0.00337,4,4,3,0.364,mixed
violence_liminal,try,8,8,0.01215,0.00117,0.01444,0.00483,0.00229,0.0046,2,2,4,0.25,mixed
violence_liminal,move,24,24,0.03174,0.00474,0.02957,0.00616,-0.00217,0.0028,10,6,8,0.417,displaced
violence_liminal,break,49,27,0.02067,0.0014,0.02277,0.00308,0.00211,0.00298,19,14,16,0.388,displaced
violence_liminal,asked,5,4,0.00836,0.00249,0.01046,0.00217,0.0021,0.00327,1,2,2,0.4,promoted
violence_liminal,was,25,19,0.00909,0.00074,0.00702,0.00135,-0.00206,0.00144,9,3,13,0.36,displaced
violence_liminal,hurt,27,27,0.02156,0.00213,0.02361,0.00262,0.00206,0.0022,5,10,12,0.37,promoted
violence_liminal,force,10,10,0.0126,0.00105,0.01058,0.00188,-0.00203,0.00127,2,0,8,0.2,displaced
violence_liminal,headed,11,11,0.01225,0.00107,0.01422,0.00213,0.00197,0.00232,2,3,6,0.273,promoted
violence_liminal,tried,31,24,0.01896,0.00194,0.0171,0.00266,-0.00186,0.002,12,6,13,0.387,displaced
violence_liminal,shook,24,24,0.02175,0.00226,0.01992,0.00295,-0.00183,0.00266,9,6,9,0.375,displaced
violence_liminal,returned,5,5,0.0129,0.00173,0.01115,0.00219,-0.00175,0.00168,1,0,4,0.2,displaced
violence_liminal,burn,6,6,0.01128,0.00109,0.01298,0.0033,0.0017,0.00409,2,3,1,0.5,promoted
violence_liminal,the,28,21,0.01028,0.00123,0.0086,0.00136,-0.00167,0.00167,13,7,8,0.464,displaced
violence_liminal,forcibly,13,13,0.0129,0.00241,0.01124,0.00228,-0.00166,0.00307,5,5,3,0.385,mixed
violence_liminal,trained,10,10,0.00542,0.00086,0.00706,0.00104,0.00164,0.00105,0,1,9,0.1,promoted
violence_liminal,slid,10,10,0.01443,0.00189,0.01285,0.0024,-0.00158,0.00192,2,1,7,0.2,displaced
violence_liminal,round,5,5,0.01174,0.00193,0.01328,0.00467,0.00154,0.00366,1,2,2,0.4,promoted
violence_liminal,gave,12,7,0.01067,0.0015,0.01219,0.00181,0.00152,0.00212,1,3,8,0.25,promoted
violence_liminal,handed,15,15,0.02025,0.00227,0.01875,0.00334,-0.0015,0.00304,6,3,6,0.4,displaced
violence_liminal,jump,8,8,0.01362,0.00198,0.01215,0.0027,-0.00146,0.00303,3,1,4,0.375,displaced
violence_liminal,throw,34,27,0.04183,0.00455,0.04043,0.00637,-0.00141,0.00456,15,8,11,0.441,displaced
violence_liminal,plunged,8,8,0.01077,0.00197,0.00939,0.00232,-0.00138,0.00343,4,1,3,0.5,displaced
violence_liminal,ran,19,18,0.01765,0.00148,0.01628,0.0023,-0.00137,0.00249,7,2,10,0.368,displaced
violence_liminal,smack,7,7,0.01212,0.00155,0.01075,0.00197,-0.00137,0.00198,2,1,4,0.286,displaced
violence_liminal,dragged,23,23,0.0347,0.00414,0.03333,0.00575,-0.00137,0.00301,8,7,8,0.348,displaced
violence_liminal,remove,19,19,0.03478,0.00425,0.03347,0.00638,-0.00132,0.00434,9,4,6,0.474,displaced
violence_liminal,sighted,18,18,0.01311,0.002,0.0144,0.00218,0.00129,0.00218,4,3,11,0.222,displaced
violence_liminal,screamed,7,7,0.00964,0.00198,0.00848,0.00223,-0.00116,0.00168,2,1,4,0.286,displaced
violence_liminal,charge,18,18,0.01543,0.00135,0.01432,0.00265,-0.00111,0.00265,7,4,7,0.389,displaced
violence_liminal,brought,24,16,0.01085,0.00084,0.00978,0.00121,-0.00107,0.00094,5,3,16,0.208,displaced
violence_liminal,set,6,6,0.01134,0.001,0.0124,0.00201,0.00105,0.00232,1,1,4,0.167,mixed
violence_liminal,drag,6,5,0.01414,0.00462,0.01517,0.00701,0.00103,0.00381,2,2,2,0.333,mixed
violence_liminal,readied,6,6,0.00464,0.00077,0.00563,0.00072,0.00099,0.00117,0,1,5,0.167,promoted
violence_liminal,sliced,20,20,0.02453,0.00231,0.02543,0.00665,0.00089,0.00655,10,3,7,0.5,displaced
violence_liminal,his,5,5,0.00529,0.00146,0.00617,0.00228,0.00088,0.00354,0,1,4,0.2,promoted
violence_liminal,arrest,25,25,0.08768,0.00786,0.08687,0.01372,-0.00081,0.01087,13,11,1,0.52,displaced
violence_liminal,push,19,19,0.02362,0.00328,0.02442,0.00555,0.0008,0.00342,6,4,9,0.316,displaced
violence_liminal,threatened,11,11,0.02458,0.00746,0.02378,0.00644,-0.0008,0.00289,3,3,5,0.273,mixed
violence_liminal,forced,25,25,0.0314,0.00307,0.03212,0.0052,0.00073,0.0034,7,7,11,0.28,mixed
violence_liminal,cocked,6,6,0.00597,0.0017,0.00529,0.0012,-0.00068,0.00237,2,1,3,0.333,displaced
violence_liminal,swung,5,5,0.00929,0.00155,0.00991,0.00254,0.00062,0.00375,1,2,2,0.4,promoted
violence_liminal,shoved,20,20,0.02116,0.00317,0.02054,0.00499,-0.00062,0.00331,9,4,7,0.45,displaced
violence_liminal,charged,6,6,0.00981,0.00178,0.01042,0.00247,0.00061,0.00311,1,1,4,0.167,mixed
violence_liminal,pull,5,5,0.00971,0.00175,0.01029,0.00134,0.00058,0.00207,1,0,4,0.2,displaced
violence_liminal,waited,9,7,0.00588,0.00122,0.00534,0.00111,-0.00053,0.00173,2,1,6,0.222,displaced
violence_liminal,make,18,17,0.01914,0.00231,0.01879,0.00272,-0.00035,0.00317,4,2,12,0.222,displaced
violence_liminal,run,12,12,0.01895,0.00274,0.01924,0.00546,0.00029,0.00571,6,2,4,0.5,displaced
violence_liminal,let,10,10,0.00684,0.00089,0.00665,0.00125,-0.0002,0.00123,1,2,7,0.2,promoted
violence_liminal,shouted,23,21,0.01265,0.00134,0.01246,0.00182,-0.00019,0.00155,4,6,13,0.261,promoted
violence_liminal,open,6,6,0.01755,0.00414,0.01773,0.00828,0.00018,0.0043,2,2,2,0.333,mixed
violence_liminal,then,18,12,0.01471,0.00276,0.0146,0.00415,-0.00011,0.00425,10,3,5,0.556,displaced
violence_liminal,made,20,17,0.01256,0.00116,0.01254,0.00184,-2e-05,0.00133,3,4,13,0.2,promoted
