word,count,total_tokens
to,236833,6342713
and,180837,6342713
the,173844,6342713
of,118379,6342713
a,104455,6342713
or,99887,6342713
you,95545,6342713
in,92626,6342713
that,73008,6342713
as,71077,6342713
can,69610,6342713
is,68688,6342713
for,67398,6342713
be,63885,6342713
your,63260,6342713
it,62136,6342713
with,53458,6342713
are,43963,6342713
by,38648,6342713
on,38634,6342713
an,36908,6342713
their,35423,6342713
such,35266,6342713
from,31540,6342713
them,30601,6342713
s,29027,6342713
also,27019,6342713
make,25799,6342713
this,25541,6342713
use,25037,6342713
any,24523,6342713
could,23442,6342713
if,23183,6342713
should,22970,6342713
they,22426,6342713
not,20940,6342713
additionally,20569,6342713
have,20516,6342713
may,19721,6342713
using,19646,6342713
without,19473,6342713
when,19258,6342713
will,18472,6342713
other,17976,6342713
information,16544,6342713
there,16462,6342713
so,16427,6342713
order,16122,6342713
way,15918,6342713
which,15812,6342713
sure,15531,6342713
one,15094,6342713
into,14840,6342713
people,14796,6342713
these,14052,6342713
about,14030,6342713
up,13387,6342713
like,13369,6342713
help,13279,6342713
some,13269,6342713
all,12930,6342713
create,12495,6342713
important,12107,6342713
through,12032,6342713
access,11579,6342713
include,11487,6342713
used,11236,6342713
at,11077,6342713
online,10971,6342713
more,10965,6342713
out,10773,6342713
social,10299,6342713
making,10260,6342713
while,10188,6342713
someone,10117,6342713
being,9945,6342713
ensure,9386,6342713
data,9355,6342713
who,9342,6342713
best,9136,6342713
take,9063,6342713
potential,9052,6342713
money,9046,6342713
possible,8961,6342713
finally,8916,6342713
do,8815,6342713
t,8678,6342713
then,8591,6342713
public,8459,6342713
creating,8434,6342713
how,8416,6342713
would,8344,6342713
need,8273,6342713
well,8243,6342713
methods,8153,6342713
what,7959,6342713
but,7952,6342713
before,7912,6342713
person,7908,6342713
ways,7844,6342713
legal,7831,6342713
i,7735,6342713
try,7610,6342713
effective,7549,6342713
media,7511,6342713
no,7510,6342713
most,7485,6342713
where,7484,6342713
time,7458,6342713
activities,7289,6342713
false,7057,6342713
provide,6885,6342713
personal,6567,6342713
security,6312,6342713
local,6116,6342713
accounts,6114,6342713
has,6103,6342713
certain,6102,6342713
gain,6074,6342713
get,5951,6342713
avoid,5944,6342713
financial,5917,6342713
another,5911,6342713
techniques,5689,6342713
first,5580,6342713
different,5555,6342713
feel,5539,6342713
those,5487,6342713
law,5358,6342713
getting,5347,6342713
account,5298,6342713
than,5276,6342713
software,5267,6342713
keep,5267,6342713
necessary,5213,6342713
over,5208,6342713
even,5036,6342713
work,5003,6342713
yes,5003,6342713
system,4956,6342713
fake,4936,6342713
funds,4902,6342713
against,4811,6342713
find,4775,6342713
physical,4762,6342713
services,4709,6342713
laws,4706,6342713
taking,4679,6342713
safety,4656,6342713
drugs,4637,6342713
own,4628,6342713
company,4607,6342713
malicious,4607,6342713
yourself,4603,6342713
place,4578,6342713
caught,4576,6342713
might,4510,6342713
once,4456,6342713
government,4400,6342713
been,4390,6342713
large,4389,6342713
many,4381,6342713
measures,4364,6342713
content,4352,6342713
contact,4296,6342713
back,4290,6342713
research,4256,6342713
activity,4256,6342713
strategies,4234,6342713
within,4228,6342713
illegal,4210,6342713
its,4200,6342713
cause,4179,6342713
must,4068,6342713
example,4063,6342713
website,4058,6342713
individuals,4058,6342713
both,4049,6342713
several,4040,6342713
around,4027,6342713
systems,4019,6342713
evidence,3995,6342713
good,3992,6342713
don,3946,6342713
often,3941,6342713
websites,3907,6342713
set,3901,6342713
start,3900,6342713
away,3860,6342713
language,3851,6342713
waste,3843,6342713
regulations,3804,6342713
attention,3798,6342713
drug,3790,6342713
further,3770,6342713
plan,3738,6342713
too,3736,6342713
control,3726,6342713
reduce,3725,6342713
only,3719,6342713
done,3717,6342713
enforcement,3711,6342713
between,3674,6342713
want,3666,6342713
steps,3661,6342713
risk,3651,6342713
setting,3631,6342713
companies,3621,6342713
providing,3612,6342713
authorities,3610,6342713
something,3589,6342713
victims,3582,6342713
spread,3565,6342713
business,3552,6342713
we,3548,6342713
able,3533,6342713
consider,3521,6342713
her,3520,6342713
look,3509,6342713
identity,3480,6342713
always,3471,6342713
behavior,3442,6342713
target,3439,6342713
network,3438,6342713
however,3438,6342713
various,3415,6342713
secure,3405,6342713
available,3381,6342713
difficult,3378,6342713
each,3351,6342713
support,3346,6342713
food,3319,6342713
resources,3317,6342713
others,3306,6342713
small,3305,6342713
appropriate,3301,6342713
address,3294,6342713
individual,3285,6342713
else,3279,6342713
lead,3271,6342713
during,3252,6342713
know,3215,6342713
manipulate,3210,6342713
networks,3204,6342713
sources,3202,6342713
bank,3201,6342713
aware,3188,6342713
trust,3183,6342713
give,3167,6342713
safe,3163,6342713
furthermore,3154,6342713
much,3153,6342713
private,3151,6342713
specific,3119,6342713
area,3109,6342713
materials,3102,6342713
having,3099,6342713
documents,3090,6342713
including,3089,6342713
offer,3086,6342713
water,3067,6342713
multiple,3066,6342713
environment,3050,6342713
related,3045,6342713
animal,3043,6342713
type,3034,6342713
proper,3015,6342713
malware,2985,6342713
tactics,2977,6342713
legitimate,2944,6342713
items,2933,6342713
due,2925,6342713
process,2921,6342713
risks,2908,6342713
increase,2905,6342713
obtain,2891,6342713
attack,2890,6342713
long,2889,6342713
areas,2882,6342713
allow,2882,6342713
few,2875,6342713
transactions,2867,6342713
better,2862,6342713
users,2858,6342713
taken,2850,6342713
user,2843,6342713
towards,2841,6342713
records,2821,6342713
attacks,2817,6342713
understanding,2810,6342713
down,2807,6342713
tools,2799,6342713
based,2789,6342713
new,2786,6342713
off,2781,6342713
re,2773,6342713
identify,2765,6342713
understand,2723,6342713
instead,2711,6342713
country,2709,6342713
engaging,2708,6342713
likely,2698,6342713
quickly,2696,6342713
action,2696,6342713
involve,2681,6342713
after,2662,6342713
advantage,2628,6342713
email,2624,6342713
doing,2620,6342713
digital,2599,6342713
enough,2598,6342713
phishing,2598,6342713
his,2590,6342713
communication,2580,6342713
groups,2574,6342713
situation,2573,6342713
trafficking,2571,6342713
knowledge,2567,6342713
lastly,2561,6342713
group,2548,6342713
made,2544,6342713
tax,2526,6342713
countries,2523,6342713
practices,2509,6342713
employees,2507,6342713
market,2498,6342713
common,2491,6342713
open,2481,6342713
medical,2475,6342713
purchase,2450,6342713
number,2429,6342713
requires,2408,6342713
health,2400,6342713
method,2395,6342713
platforms,2386,6342713
put,2386,6342713
service,2375,6342713
check,2373,6342713
emails,2373,6342713
protect,2371,6342713
organizations,2369,6342713
looking,2369,6342713
associated,2361,6342713
sensitive,2356,6342713
positive,2356,6342713
key,2354,6342713
just,2354,6342713
remain,2350,6342713
manipulation,2350,6342713
actions,2344,6342713
job,2338,6342713
cannot,2335,6342713
location,2332,6342713
payment,2329,6342713
messages,2321,6342713
track,2310,6342713
stay,2309,6342713
home,2281,6342713
details,2279,6342713
members,2264,6342713
opportunities,2260,6342713
credit,2259,6342713
depending,2249,6342713
poison,2246,6342713
involves,2240,6342713
high,2236,6342713
carefully,2231,6342713
desired,2229,6342713
he,2229,6342713
go,2228,6342713
existing,2219,6342713
until,2217,6342713
come,2213,6342713
partner,2190,6342713
prevent,2185,6342713
animals,2183,6342713
still,2161,6342713
power,2159,6342713
code,2156,6342713
successful,2153,6342713
tracking,2130,6342713
issues,2126,6342713
ultimately,2124,6342713
together,2124,6342713
fear,2119,6342713
source,2116,6342713
device,2113,6342713
utilizing,2109,6342713
was,2108,6342713
victim,2099,6342713
offering,2094,6342713
free,2074,6342713
family,2073,6342713
focus,2068,6342713
things,2067,6342713
does,2064,6342713
him,2063,6342713
our,2059,6342713
copyright,2057,6342713
anonymous,2043,6342713
potentially,2035,6342713
sexual,2034,6342713
why,2030,6342713
show,2028,6342713
bottle,2018,6342713
generally,2018,6342713
involved,2015,6342713
case,2014,6342713
appear,2013,6342713
needed,2011,6342713
name,2010,6342713
negative,2006,6342713
professional,2006,6342713
under,2005,6342713
emotional,2002,6342713
products,2001,6342713
since,1998,6342713
careful,1996,6342713
across,1992,6342713
material,1990,6342713
options,1990,6342713
permission,1989,6342713
consequences,1989,6342713
regarding,1985,6342713
state,1979,6342713
sense,1974,6342713
political,1970,6342713
form,1965,6342713
right,1960,6342713
care,1959,6342713
opinion,1957,6342713
directly,1953,6342713
reach,1952,6342713
rather,1951,6342713
become,1931,6342713
energy,1927,6342713
environmental,1920,6342713
easily,1915,6342713
result,1912,6342713
avoiding,1910,6342713
require,1909,6342713
clear,1906,6342713
option,1906,6342713
life,1903,6342713
ask,1889,6342713
sites,1885,6342713
training,1879,6342713
act,1879,6342713
detection,1868,6342713
card,1856,6342713
neighbor,1856,6342713
real,1850,6342713
needs,1849,6342713
maintain,1848,6342713
two,1843,6342713
properly,1841,6342713
designed,1841,6342713
relevant,1827,6342713
human,1820,6342713
beneficial,1818,6342713
she,1814,6342713
amount,1813,6342713
body,1813,6342713
themselves,1811,6342713
web,1806,6342713
think,1802,6342713
planning,1801,6342713
never,1801,6342713
friend,1795,6342713
everyone,1795,6342713
criminal,1787,6342713
amounts,1782,6342713
build,1781,6342713
rights,1779,6342713
customers,1775,6342713
policies,1770,6342713
feelings,1761,6342713
influence,1760,6342713
phone,1755,6342713
minimize,1753,6342713
manipulating,1750,6342713
etc,1748,6342713
operations,1746,6342713
addition,1744,6342713
trading,1744,6342713
part,1742,6342713
damage,1739,6342713
pet,1735,6342713
organization,1732,6342713
anyone,1730,6342713
either,1728,6342713
relationship,1728,6342713
practice,1725,6342713
stock,1722,6342713
community,1712,6342713
pay,1701,6342713
strong,1699,6342713
vulnerabilities,1697,6342713
approach,1696,6342713
via,1694,6342713
post,1689,6342713
less,1687,6342713
devices,1682,6342713
income,1675,6342713
same,1673,6342713
detected,1671,6342713
harm,1670,6342713
self,1670,6342713
store,1664,6342713
among,1659,6342713
questions,1657,6342713
regularly,1653,6342713
conversations,1651,6342713
selling,1650,6342713
giving,1648,6342713
non,1646,6342713
cash,1643,6342713
friends,1643,6342713
develop,1642,6342713
computer,1639,6342713
vulnerable,1639,6342713
cases,1629,6342713
music,1627,6342713
additional,1626,6342713
legally,1624,6342713
suspicious,1619,6342713
my,1616,6342713
ensuring,1604,6342713
leave,1603,6342713
types,1601,6342713
international,1598,6342713
hidden,1593,6342713
engineering,1589,6342713
creative,1587,6342713
programs,1585,6342713
keeping,1584,6342713
virtual,1580,6342713
experience,1578,6342713
event,1575,6342713
times,1573,6342713
strategy,1563,6342713
respect,1562,6342713
dog,1562,6342713
police,1562,6342713
monitor,1557,6342713
usually,1555,6342713
establish,1554,6342713
news,1549,6342713
issue,1547,6342713
share,1545,6342713
success,1542,6342713
because,1542,6342713
working,1541,6342713
decisions,1539,6342713
protection,1533,6342713
sharing,1532,6342713
leaving,1531,6342713
message,1529,6342713
hide,1529,6342713
safely,1529,6342713
following,1527,6342713
step,1525,6342713
words,1524,6342713
force,1523,6342713
search,1519,6342713
typically,1513,6342713
regular,1512,6342713
known,1511,6342713
hazardous,1511,6342713
follow,1510,6342713
buy,1508,6342713
businesses,1506,6342713
fraud,1500,6342713
disposal,1499,6342713
allows,1495,6342713
customer,1494,6342713
campaigns,1494,6342713
particular,1487,6342713
exploiting,1478,6342713
allowing,1478,6342713
payments,1476,6342713
attempt,1473,6342713
forms,1469,6342713
quality,1465,6342713
internet,1457,6342713
numbers,1454,6342713
change,1453,6342713
equipment,1452,6342713
protocols,1446,6342713
gender,1445,6342713
events,1442,6342713
seek,1439,6342713
popular,1439,6342713
laundering,1434,6342713
trying,1433,6342713
offshore,1422,6342713
relationships,1420,6342713
firstly,1415,6342713
date,1414,6342713
direct,1414,6342713
choose,1407,6342713
ll,1405,6342713
protest,1403,6342713
prices,1402,6342713
essential,1399,6342713
low,1394,6342713
found,1391,6342713
abuse,1389,6342713
finding,1388,6342713
sex,1386,6342713
kind,1379,6342713
psychological,1378,6342713
suspicion,1375,6342713
level,1374,6342713
encourage,1373,6342713
monitoring,1371,6342713
complex,1370,6342713
changes,1367,6342713
party,1366,6342713
car,1366,6342713
outside,1365,6342713
credentials,1362,6342713
passwords,1359,6342713
utilize,1356,6342713
serious,1354,6342713
product,1353,6342713
great,1350,6342713
goals,1349,6342713
child,1348,6342713
threats,1348,6342713
variety,1347,6342713
price,1346,6342713
profits,1345,6342713
believe,1344,6342713
knowing,1344,6342713
files,1344,6342713
cover,1342,6342713
were,1340,6342713
sell,1338,6342713
manner,1337,6342713
end,1337,6342713
terms,1335,6342713
add,1335,6342713
speaking,1334,6342713
trace,1334,6342713
unauthorized,1333,6342713
emotions,1332,6342713
means,1329,6342713
us,1329,6342713
technology,1328,6342713
point,1325,6342713
face,1323,6342713
building,1319,6342713
crime,1314,6342713
current,1313,6342713
steal,1312,6342713
present,1309,6342713
taxes,1306,6342713
shell,1304,6342713
true,1304,6342713
topics,1302,6342713
term,1301,6342713
future,1301,6342713
procedures,1299,6342713
levels,1298,6342713
children,1298,6342713
stolen,1296,6342713
comes,1293,6342713
move,1291,6342713
team,1288,6342713
comments,1287,6342713
places,1286,6342713
talking,1284,6342713
though,1281,6342713
very,1280,6342713
e,1271,6342713
advice,1271,6342713
makes,1270,6342713
policy,1263,6342713
see,1262,6342713
economic,1260,6342713
ingredients,1254,6342713
feeling,1254,6342713
parties,1253,6342713
surveillance,1252,6342713
inside,1252,6342713
reliable,1251,6342713
along,1250,6342713
signs,1247,6342713
transfer,1246,6342713
world,1243,6342713
let,1241,6342713
women,1241,6342713
higher,1239,6342713
talk,1238,6342713
similar,1237,6342713
asking,1235,6342713
states,1231,6342713
points,1228,6342713
decision,1227,6342713
bring,1226,6342713
effectively,1225,6342713
confidential,1222,6342713
caution,1221,6342713
videos,1219,6342713
draw,1219,6342713
report,1219,6342713
extra,1218,6342713
detect,1215,6342713
includes,1214,6342713
whenever,1212,6342713
boss,1209,6342713
exchange,1207,6342713
privacy,1205,6342713
hand,1202,6342713
engage,1200,6342713
virus,1200,6342713
site,1198,6342713
remember,1198,6342713
helpful,1197,6342713
standards,1197,6342713
behind,1197,6342713
third,1194,6342713
cards,1193,6342713
platform,1192,6342713
day,1191,6342713
education,1191,6342713
eye,1189,6342713
investments,1188,6342713
conversation,1187,6342713
foreign,1185,6342713
emotionally,1184,6342713
next,1184,6342713
natural,1181,6342713
investing,1181,6342713
playing,1180,6342713
air,1175,6342713
seem,1172,6342713
paying,1172,6342713
exploit,1171,6342713
here,1171,6342713
ahead,1170,6342713
assets,1170,6342713
posts,1168,6342713
beliefs,1168,6342713
lack,1165,6342713
recommended,1161,6342713
encryption,1158,6342713
send,1158,6342713
targeted,1156,6342713
society,1146,6342713
alternatively,1144,6342713
special,1143,6342713
locations,1142,6342713
behaviors,1142,6342713
substances,1142,6342713
impact,1142,6342713
targets,1141,6342713
rules,1140,6342713
consent,1140,6342713
powerful,1140,6342713
say,1138,6342713
awareness,1138,6342713
performance,1137,6342713
begin,1136,6342713
subtle,1135,6342713
dangerous,1135,6342713
identities,1135,6342713
me,1134,6342713
developing,1128,6342713
tips,1128,6342713
record,1127,6342713
instructions,1127,6342713
password,1123,6342713
anything,1123,6342713
profit,1119,6342713
efficient,1116,6342713
promote,1115,6342713
markets,1115,6342713
easy,1114,6342713
effects,1114,6342713
mind,1114,6342713
upon,1113,6342713
program,1113,6342713
illegally,1113,6342713
trusted,1112,6342713
precautions,1112,6342713
light,1109,6342713
ideas,1108,6342713
discrimination,1105,6342713
critical,1103,6342713
results,1103,6342713
staff,1102,6342713
weapons,1100,6342713
given,1099,6342713
traffic,1099,6342713
download,1098,6342713
going,1088,6342713
plans,1088,6342713
contain,1084,6342713
containers,1084,6342713
black,1084,6342713
benefits,1080,6342713
file,1079,6342713
compliance,1074,6342713
alternative,1073,6342713
considered,1072,6342713
reinforcement,1072,6342713
video,1068,6342713
space,1068,6342713
purposes,1068,6342713
every,1067,6342713
clean,1067,6342713
express,1065,6342713
labor,1065,6342713
wear,1065,6342713
establishing,1064,6342713
showing,1062,6342713
statements,1061,6342713
interest,1060,6342713
past,1058,6342713
won,1056,6342713
causing,1054,6342713
determine,1052,6342713
required,1051,6342713
treatment,1050,6342713
obtaining,1049,6342713
idea,1049,6342713
throughout,1046,6342713
infrastructure,1045,6342713
culture,1045,6342713
employee,1044,6342713
age,1042,6342713
handling,1040,6342713
official,1039,6342713
onto,1037,6342713
value,1034,6342713
applicable,1033,6342713
maximize,1033,6342713
attempting,1029,6342713
short,1028,6342713
goods,1028,6342713
bad,1026,6342713
management,1026,6342713
interests,1025,6342713
detailed,1022,6342713
purchasing,1021,6342713
explain,1021,6342713
skills,1020,6342713
spreading,1020,6342713
hard,1018,6342713
repercussions,1017,6342713
later,1014,6342713
efforts,1013,6342713
rewards,1012,6342713
paper,1012,6342713
images,1011,6342713
targeting,1011,6342713
output,1011,6342713
overall,1011,6342713
currency,1010,6342713
prior,1009,6342713
easier,1009,6342713
databases,1008,6342713
violence,1007,6342713
industrial,1006,6342713
expenses,1005,6342713
highly,1005,6342713
limit,1004,6342713
question,1002,6342713
channels,1001,6342713
clothing,999,6342713
opportunity,998,6342713
campaign,998,6342713
agencies,997,6342713
buying,997,6342713
links,996,6342713
transportation,995,6342713
sending,992,6342713
organizing,990,6342713
thus,989,6342713
guilt,988,6342713
property,987,6342713
container,985,6342713
stories,984,6342713
conditions,984,6342713
helps,982,6342713
situations,982,6342713
presence,981,6342713
regulatory,981,6342713
fraudulent,980,6342713
investment,978,6342713
tool,976,6342713
greater,975,6342713
opinions,974,6342713
comfortable,971,6342713
costs,971,6342713
wearing,970,6342713
insider,969,6342713
boundaries,968,6342713
play,968,6342713
officials,968,6342713
traces,968,6342713
position,966,6342713
benefit,965,6342713
deadly,962,6342713
leading,961,6342713
already,959,6342713
whether,958,6342713
generate,958,6342713
apps,957,6342713
communities,956,6342713
background,949,6342713
chances,948,6342713
copyrighted,948,6342713
reports,946,6342713
guidelines,946,6342713
workplace,945,6342713
tasks,945,6342713
traditional,944,6342713
secretly,942,6342713
pressure,942,6342713
maintaining,941,6342713
transport,941,6342713
increasing,941,6342713
documentation,936,6342713
intelligence,935,6342713
encrypted,935,6342713
original,933,6342713
purpose,932,6342713
emphasize,930,6342713
religious,930,6342713
alcohol,928,6342713
lower,925,6342713
design,922,6342713
gaining,922,6342713
traffickers,922,6342713
database,921,6342713
operation,920,6342713
solutions,919,6342713
wrong,914,6342713
learning,911,6342713
effort,909,6342713
close,909,6342713
willing,907,6342713
investors,906,6342713
offers,905,6342713
weaknesses,903,6342713
processes,903,6342713
input,902,6342713
yet,901,6342713
dispose,901,6342713
values,900,6342713
requests,899,6342713
proof,899,6342713
suggest,898,6342713
employment,898,6342713
algorithms,898,6342713
according,897,6342713
disposing,897,6342713
race,896,6342713
seen,891,6342713
document,889,6342713
cyber,887,6342713
authentication,887,6342713
stocks,887,6342713
obtained,886,6342713
text,885,6342713
movies,884,6342713
moreover,883,6342713
gather,882,6342713
reducing,881,6342713
seeking,880,6342713
view,880,6342713
created,880,6342713
experienced,879,6342713
posting,877,6342713
running,877,6342713
workers,877,6342713
books,876,6342713
successfully,875,6342713
wastewater,874,6342713
carry,873,6342713
protective,873,6342713
racial,870,6342713
consult,870,6342713
streaming,870,6342713
especially,869,6342713
page,867,6342713
conceal,866,6342713
shared,866,6342713
break,865,6342713
chemicals,865,6342713
purchases,864,6342713
dealing,863,6342713
history,859,6342713
respectful,859,6342713
profile,859,6342713
requirements,858,6342713
goal,858,6342713
simply,857,6342713
city,857,6342713
therefore,854,6342713
accessing,853,6342713
hacking,852,6342713
automated,851,6342713
implementing,851,6342713
photos,851,6342713
friendly,848,6342713
parts,844,6342713
gun,842,6342713
examples,839,6342713
employ,837,6342713
least,836,6342713
secondly,834,6342713
authority,834,6342713
g,833,6342713
leveraging,832,6342713
downloading,831,6342713
call,830,6342713
doesn,830,6342713
near,830,6342713
provided,827,6342713
gathering,826,6342713
increased,825,6342713
larger,824,6342713
emissions,824,6342713
production,824,6342713
ip,821,6342713
works,821,6342713
sales,821,6342713
luck,818,6342713
ever,817,6342713
prepared,817,6342713
protests,816,6342713
limited,811,6342713
assistance,810,6342713
side,810,6342713
receive,808,6342713
sophisticated,808,6342713
vpn,807,6342713
transfers,807,6342713
mental,806,6342713
restricted,805,6342713
basic,803,6342713
full,803,6342713
reporting,802,6342713
run,802,6342713
maximum,801,6342713
matter,801,6342713
orders,800,6342713
enable,799,6342713
saying,799,6342713
travel,799,6342713
project,798,6342713
accurate,795,6342713
technologies,794,6342713
storage,794,6342713
changing,794,6342713
advisable,794,6342713
immediately,793,6342713
conduct,792,6342713
publicly,791,6342713
expectations,791,6342713
hours,791,6342713
cultural,791,6342713
regardless,791,6342713
actually,791,6342713
test,790,6342713
launder,789,6342713
thoroughly,786,6342713
collect,786,6342713
vehicles,786,6342713
pollution,786,6342713
meet,786,6342713
stop,785,6342713
invest,784,6342713
mindful,784,6342713
connection,782,6342713
line,782,6342713
whatever,781,6342713
owner,777,6342713
misinformation,777,6342713
hands,777,6342713
front,776,6342713
experiences,776,6342713
citizens,776,6342713
banks,775,6342713
factors,774,6342713
established,773,6342713
facts,772,6342713
ones,772,6342713
otherwise,772,6342713
isn,770,6342713
learn,769,6342713
task,769,6342713
verbal,769,6342713
personnel,769,6342713
marijuana,769,6342713
cryptocurrency,766,6342713
promises,765,6342713
applications,765,6342713
cost,764,6342713
stored,763,6342713
login,762,6342713
models,762,6342713
atmosphere,762,6342713
useful,760,6342713
gloves,759,6342713
movements,759,6342713
far,759,6342713
views,758,6342713
simple,757,6342713
model,757,6342713
encouraging,756,6342713
comply,756,6342713
advanced,755,6342713
app,754,6342713
significant,754,6342713
launch,750,6342713
correctly,750,6342713
mistakes,749,6342713
general,748,6342713
anti,748,6342713
physically,746,6342713
military,745,6342713
white,744,6342713
technique,743,6342713
exploitation,741,6342713
inappropriate,740,6342713
household,740,6342713
live,740,6342713
ex,739,6342713
tell,737,6342713
office,737,6342713
patterns,737,6342713
opponent,737,6342713
audience,735,6342713
love,735,6342713
messaging,735,6342713
apply,734,6342713
checks,734,6342713
responsible,732,6342713
remote,732,6342713
doubt,732,6342713
identifying,731,6342713
sound,730,6342713
depends,729,6342713
fire,729,6342713
mix,727,6342713
accept,727,6342713
penalties,727,6342713
launching,726,6342713
banking,726,6342713
again,725,6342713
had,725,6342713
commit,724,6342713
connections,724,6342713
participants,724,6342713
aggressive,723,6342713
forums,722,6342713
adequate,722,6342713
cameras,721,6342713
civil,721,6342713
valid,720,6342713
sent,719,6342713
transaction,719,6342713
unfortunately,717,6342713
handle,717,6342713
chance,716,6342713
national,716,6342713
house,715,6342713
liability,715,6342713
subject,714,6342713
theft,714,6342713
complete,713,6342713
consistent,711,6342713
rumors,710,6342713
industry,709,6342713
students,709,6342713
request,707,6342713
abroad,707,6342713
last,706,6342713
nearby,706,6342713
achieve,706,6342713
raising,705,6342713
old,704,6342713
install,704,6342713
entering,701,6342713
school,701,6342713
course,700,6342713
violent,700,6342713
slowly,699,6342713
drive,699,6342713
ready,698,6342713
now,698,6342713
staying,698,6342713
educational,697,6342713
species,696,6342713
charges,696,6342713
vehicle,696,6342713
confidence,696,6342713
hack,696,6342713
dark,696,6342713
kill,695,6342713
bodies,694,6342713
acceptable,691,6342713
features,690,6342713
m,689,6342713
writing,689,6342713
names,688,6342713
oil,688,6342713
chemical,688,6342713
raise,685,6342713
damaging,685,6342713
movement,685,6342713
thing,684,6342713
emphasizing,684,6342713
range,684,6342713
suitable,684,6342713
paid,683,6342713
men,683,6342713
identification,683,6342713
recognize,682,6342713
demonstrate,681,6342713
computers,680,6342713
attempts,679,6342713
takes,679,6342713
hosting,679,6342713
stores,679,6342713
department,678,6342713
period,677,6342713
installing,677,6342713
governments,676,6342713
stealing,675,6342713
researching,675,6342713
helping,674,6342713
second,674,6342713
audio,674,6342713
eventually,672,6342713
influencers,671,6342713
fictitious,671,6342713
identified,671,6342713
game,671,6342713
offensive,671,6342713
remove,671,6342713
unique,668,6342713
minimal,668,6342713
guidance,666,6342713
instruction,666,6342713
traced,666,6342713
completely,665,6342713
specifically,664,6342713
machine,664,6342713
fun,664,6342713
caused,663,6342713
testing,663,6342713
solution,663,6342713
employed,662,6342713
plenty,662,6342713
appears,662,6342713
addresses,661,6342713
secret,660,6342713
elements,659,6342713
healthy,659,6342713
hiring,657,6342713
threatening,656,6342713
leverage,655,6342713
adding,654,6342713
feedback,654,6342713
discovered,653,6342713
coming,652,6342713
institutions,651,6342713
escape,651,6342713
containing,649,6342713
provides,648,6342713
marketing,647,6342713
voice,647,6342713
cat,646,6342713
license,646,6342713
response,645,6342713
tracks,645,6342713
illicit,645,6342713
alone,645,6342713
responsibility,645,6342713
structure,644,6342713
worth,644,6342713
explore,644,6342713
conducting,644,6342713
noise,643,6342713
wire,643,6342713
borders,643,6342713
risky,643,6342713
ransomware,643,6342713
hiding,642,6342713
join,641,6342713
actual,641,6342713
reward,639,6342713
federal,639,6342713
securely,639,6342713
breaking,637,6342713
fines,637,6342713
copies,636,6342713
plastic,636,6342713
living,635,6342713
turn,634,6342713
claims,634,6342713
fill,633,6342713
release,632,6342713
discriminatory,632,6342713
return,631,6342713
status,629,6342713
games,629,6342713
putting,628,6342713
transporting,628,6342713
employing,627,6342713
mask,627,6342713
serve,625,6342713
server,624,6342713
fees,623,6342713
challenge,623,6342713
presenting,621,6342713
gifts,620,6342713
misleading,620,6342713
starting,620,6342713
combination,619,6342713
introducing,619,6342713
concerns,619,6342713
components,618,6342713
development,618,6342713
room,617,6342713
united,616,6342713
nature,615,6342713
harder,614,6342713
exercise,614,6342713
com,613,6342713
returns,613,6342713
expressing,612,6342713
tactic,612,6342713
focusing,611,6342713
involving,610,6342713
select,610,6342713
really,609,6342713
speak,609,6342713
invoices,608,6342713
link,608,6342713
valuable,608,6342713
ability,608,6342713
bots,607,6342713
ai,607,6342713
attract,606,6342713
criminals,606,6342713
undetected,605,6342713
calm,605,6342713
exposure,604,6342713
harmful,602,6342713
connect,601,6342713
ethical,601,6342713
discuss,599,6342713
prove,599,6342713
routes,598,6342713
advance,597,6342713
word,596,6342713
accordingly,596,6342713
parents,595,6342713
extreme,595,6342713
rates,595,6342713
usage,595,6342713
anonymity,594,6342713
spaces,594,6342713
contacts,594,6342713
disruption,592,6342713
clearly,592,6342713
disrupt,591,6342713
application,591,6342713
genuine,591,6342713
goes,590,6342713
glass,590,6342713
produce,589,6342713
jobs,589,6342713
allowed,588,6342713
plants,588,6342713
ve,587,6342713
consideration,587,6342713
plant,586,6342713
evade,586,6342713
colleague,585,6342713
acid,584,6342713
minor,583,6342713
weapon,583,6342713
incentives,582,6342713
interested,582,6342713
permits,581,6342713
criticism,581,6342713
everything,581,6342713
reputation,579,6342713
young,579,6342713
delivery,576,6342713
claiming,576,6342713
positions,576,6342713
brute,575,6342713
size,575,6342713
decide,575,6342713
protected,574,6342713
left,574,6342713
owners,573,6342713
analysis,572,6342713
deep,572,6342713
entry,572,6342713
placing,572,6342713
supplies,571,6342713
uncomfortable,571,6342713
outlets,569,6342713
religion,569,6342713
communications,568,6342713
enter,568,6342713
projects,568,6342713
trends,568,6342713
accounting,567,6342713
scale,567,6342713
communicate,567,6342713
rate,567,6342713
organize,567,6342713
informed,567,6342713
contracts,566,6342713
acts,566,6342713
strategic,565,6342713
appealing,564,6342713
little,564,6342713
renewable,564,6342713
carrying,563,6342713
note,563,6342713
noticed,561,6342713
itself,561,6342713
listening,561,6342713
objects,561,6342713
story,560,6342713
answer,560,6342713
years,560,6342713
outcomes,560,6342713
operating,560,6342713
noticing,560,6342713
weak,559,6342713
movie,559,6342713
settings,558,6342713
global,556,6342713
problems,555,6342713
numerous,555,6342713
improve,555,6342713
smaller,555,6342713
internal,555,6342713
outcome,554,6342713
factor,553,6342713
customs,553,6342713
frequently,552,6342713
choice,552,6342713
attacker,552,6342713
loyalty,552,6342713
minimizing,551,6342713
sign,551,6342713
lines,550,6342713
paperwork,550,6342713
save,549,6342713
credibility,548,6342713
injury,548,6342713
trade,548,6342713
reviews,546,6342713
hold,546,6342713
execute,545,6342713
region,545,6342713
shows,544,6342713
achieved,544,6342713
effect,543,6342713
becoming,543,6342713
meeting,542,6342713
unethical,542,6342713
collected,542,6342713
disguise,541,6342713
fuel,541,6342713
adult,540,6342713
topic,539,6342713
layers,538,6342713
item,538,6342713
lives,538,6342713
resulting,537,6342713
listen,537,6342713
reaching,537,6342713
connected,536,6342713
homemade,536,6342713
authorization,536,6342713
constantly,536,6342713
authentic,535,6342713
review,534,6342713
specialized,534,6342713
capabilities,534,6342713
limits,533,6342713
single,533,6342713
attractive,533,6342713
derogatory,532,6342713
capture,532,6342713
visible,531,6342713
alert,530,6342713
wish,528,6342713
defense,528,6342713
agree,527,6342713
although,527,6342713
ddos,526,6342713
transferring,525,6342713
list,525,6342713
advertising,525,6342713
sale,524,6342713
watch,524,6342713
technical,524,6342713
did,524,6342713
opening,524,6342713
recognition,524,6342713
gas,523,6342713
meaningful,523,6342713
officers,523,6342713
assess,521,6342713
thoughts,521,6342713
convincing,520,6342713
favor,520,6342713
loud,520,6342713
arsenic,519,6342713
peer,518,6342713
appearance,518,6342713
liquid,518,6342713
gear,518,6342713
night,517,6342713
gradually,516,6342713
intended,516,6342713
occur,515,6342713
moving,515,6342713
route,515,6342713
implemented,514,6342713
longer,514,6342713
art,514,6342713
professionals,514,6342713
https,513,6342713
structures,513,6342713
profiles,513,6342713
driving,513,6342713
coercion,512,6342713
recording,512,6342713
restrictions,511,6342713
pieces,510,6342713
court,510,6342713
trades,510,6342713
implement,509,6342713
praise,509,6342713
fully,509,6342713
freedom,509,6342713
mixture,507,6342713
artificial,504,6342713
released,504,6342713
external,503,6342713
discharge,503,6342713
punishment,503,6342713
calls,502,6342713
guilty,502,6342713
impossible,501,6342713
violations,501,6342713
emergency,499,6342713
behaviour,499,6342713
promoting,499,6342713
roles,499,6342713
pick,498,6342713
subtly,498,6342713
origin,497,6342713
respond,497,6342713
recommend,497,6342713
challenging,496,6342713
progress,496,6342713
trail,496,6342713
claim,495,6342713
gps,494,6342713
stress,494,6342713
affect,494,6342713
instance,494,6342713
street,494,6342713
looks,493,6342713
red,493,6342713
temperature,493,6342713
sometimes,493,6342713
electronic,493,6342713
participating,493,6342713
approval,492,6342713
followers,492,6342713
engine,492,6342713
carbon,492,6342713
role,491,6342713
demand,491,6342713
instruments,491,6342713
wi,490,6342713
uses,490,6342713
placed,490,6342713
facebook,489,6342713
filing,488,6342713
aim,488,6342713
trouble,488,6342713
bribery,488,6342713
youtube,488,6342713
perform,487,6342713
deceptive,486,6342713
peaceful,486,6342713
population,486,6342713
phrases,486,6342713
three,485,6342713
engagement,485,6342713
hire,485,6342713
fi,484,6342713
gains,484,6342713
interactions,484,6342713
active,484,6342713
tailored,483,6342713
treats,483,6342713
problem,483,6342713
commonly,482,6342713
affected,481,6342713
correct,481,6342713
performing,481,6342713
backgrounds,480,6342713
supply,480,6342713
wildlife,480,6342713
affection,480,6342713
objectives,479,6342713
significantly,479,6342713
actively,478,6342713
circumstances,477,6342713
honest,477,6342713
prepare,476,6342713
expert,476,6342713
considering,474,6342713
lgbtq,474,6342713
grooming,474,6342713
compliments,473,6342713
preparation,473,6342713
drawing,473,6342713
please,472,6342713
notice,472,6342713
alternatives,472,6342713
soon,471,6342713
convince,470,6342713
member,470,6342713
explicit,470,6342713
growth,470,6342713
fight,470,6342713
hygiene,470,6342713
choices,469,6342713
earned,469,6342713
ground,468,6342713
amongst,468,6342713
fair,468,6342713
border,468,6342713
skin,468,6342713
nothing,467,6342713
unwanted,467,6342713
efficiency,467,6342713
death,467,6342713
foster,467,6342713
buyers,467,6342713
door,467,6342713
jurisdiction,467,6342713
spyware,467,6342713
achieving,465,6342713
distribution,465,6342713
explosive,462,6342713
classified,462,6342713
traveling,462,6342713
camera,462,6342713
sufficient,461,6342713
demands,461,6342713
bags,461,6342713
ignoring,461,6342713
widely,460,6342713
lot,460,6342713
colleagues,460,6342713
pain,459,6342713
double,459,6342713
implications,459,6342713
contacting,459,6342713
vary,458,6342713
image,458,6342713
discussion,458,6342713
loss,458,6342713
initiatives,457,6342713
id,457,6342713
excessive,457,6342713
major,456,6342713
read,456,6342713
articles,456,6342713
attachments,456,6342713
kept,455,6342713
aspects,455,6342713
solar,455,6342713
incident,455,6342713
days,454,6342713
scheme,453,6342713
causes,453,6342713
licenses,452,6342713
reaction,452,6342713
intimidation,452,6342713
visibility,451,6342713
immigration,451,6342713
capable,450,6342713
bitcoin,450,6342713
followed,450,6342713
said,449,6342713
leaders,449,6342713
leader,449,6342713
tone,449,6342713
protecting,448,6342713
mixing,448,6342713
feels,448,6342713
entire,447,6342713
poisons,447,6342713
submitting,447,6342713
located,447,6342713
called,447,6342713
equal,447,6342713
conflict,447,6342713
connecting,446,6342713
loopholes,446,6342713
unnecessary,446,6342713
bringing,445,6342713
label,445,6342713
figure,445,6342713
shipping,445,6342713
separate,445,6342713
empathy,444,6342713
manage,444,6342713
minors,444,6342713
spending,444,6342713
conducted,443,6342713
logging,443,6342713
bag,442,6342713
confusion,442,6342713
particularly,442,6342713
domain,441,6342713
trained,441,6342713
estate,441,6342713
candidates,440,6342713
above,440,6342713
facilitate,440,6342713
cars,439,6342713
enjoy,439,6342713
dealers,438,6342713
severe,438,6342713
recruitment,438,6342713
strict,438,6342713
distance,437,6342713
differences,437,6342713
chosen,436,6342713
balance,436,6342713
violation,436,6342713
browsing,435,6342713
expected,435,6342713
importantly,435,6342713
added,435,6342713
thinking,435,6342713
book,435,6342713
familiar,434,6342713
remotely,434,6342713
copy,434,6342713
accessible,434,6342713
cross,434,6342713
remains,433,6342713
shame,433,6342713
destination,433,6342713
installed,432,6342713
aid,432,6342713
rivers,432,6342713
evading,432,6342713
dialogue,432,6342713
hurt,431,6342713
surfaces,431,6342713
reputable,430,6342713
figures,430,6342713
searching,430,6342713
recycling,430,6342713
facility,429,6342713
bypass,429,6342713
statement,429,6342713
monitored,428,6342713
authorized,428,6342713
calling,427,6342713
firm,427,6342713
attorney,427,6342713
masks,427,6342713
agents,426,6342713
undermine,425,6342713
losses,425,6342713
afterwards,425,6342713
deception,424,6342713
wide,424,6342713
dogs,424,6342713
surroundings,424,6342713
today,423,6342713
discussing,422,6342713
mutual,422,6342713
extremely,421,6342713
poor,421,6342713
infringement,421,6342713
written,421,6342713
divert,420,6342713
corporate,420,6342713
employers,420,6342713
cut,420,6342713
compared,420,6342713
concealing,419,6342713
packaging,419,6342713
happen,419,6342713
land,419,6342713
consumption,419,6342713
forward,419,6342713
fact,419,6342713
hashtags,418,6342713
servers,418,6342713
deductions,418,6342713
factory,418,6342713
google,417,6342713
jurisdictions,416,6342713
controlled,416,6342713
sorry,416,6342713
continue,416,6342713
arise,416,6342713
dependent,416,6342713
packages,416,6342713
discounts,415,6342713
filled,415,6342713
beforehand,415,6342713
warning,415,6342713
vendors,415,6342713
tend,413,6342713
collecting,413,6342713
quick,413,6342713
processing,413,6342713
measure,412,6342713
pollutants,412,6342713
unnoticed,412,6342713
organized,411,6342713
populations,411,6342713
entities,410,6342713
residential,410,6342713
toward,410,6342713
am,410,6342713
pets,410,6342713
partners,410,6342713
appeal,409,6342713
accomplished,409,6342713
scams,409,6342713
increasingly,409,6342713
execution,409,6342713
highlighting,408,6342713
layer,408,6342713
actors,408,6342713
early,407,6342713
met,407,6342713
investigation,407,6342713
normal,406,6342713
construction,406,6342713
closely,405,6342713
threat,405,6342713
twitter,404,6342713
deal,404,6342713
sums,404,6342713
nation,404,6342713
sustainable,404,6342713
depend,403,6342713
trustworthy,402,6342713
acquire,402,6342713
browser,402,6342713
sort,402,6342713
wind,402,6342713
fears,401,6342713
reinforce,400,6342713
exist,400,6342713
adhere,400,6342713
strength,400,6342713
eyes,400,6342713
inform,399,6342713
releasing,399,6342713
late,398,6342713
agent,398,6342713
manipulated,397,6342713
importance,397,6342713
meetings,397,6342713
forget,397,6342713
rely,397,6342713
realistic,397,6342713
mean,397,6342713
clothes,397,6342713
commands,397,6342713
reasons,396,6342713
context,395,6342713
credible,394,6342713
top,393,6342713
anxiety,393,6342713
carries,393,6342713
audiences,393,6342713
anonymously,393,6342713
locate,391,6342713
flags,391,6342713
mobile,391,6342713
disease,391,6342713
agency,391,6342713
advise,391,6342713
hackers,390,6342713
gets,390,6342713
approved,390,6342713
latest,390,6342713
heard,390,6342713
deposit,389,6342713
witnesses,389,6342713
competitor,389,6342713
minority,389,6342713
pre,389,6342713
basis,388,6342713
forming,388,6342713
trees,388,6342713
lying,388,6342713
unless,388,6342713
checking,387,6342713
approaches,386,6342713
knows,386,6342713
desire,385,6342713
cutting,385,6342713
substance,384,6342713
habits,384,6342713
host,384,6342713
year,384,6342713
adjust,383,6342713
injection,383,6342713
info,382,6342713
accurately,382,6342713
recent,382,6342713
comprehensive,382,6342713
pages,381,6342713
cleaning,381,6342713
accepted,381,6342713
ads,380,6342713
trash,380,6342713
investigate,380,6342713
despite,380,6342713
addressing,379,6342713
insurance,379,6342713
gift,378,6342713
accuracy,378,6342713
pass,378,6342713
rewarding,378,6342713
contribute,378,6342713
legislation,378,6342713
delete,377,6342713
female,377,6342713
cultures,377,6342713
gambling,377,6342713
limiting,377,6342713
stand,377,6342713
direction,376,6342713
viruses,376,6342713
adults,376,6342713
participate,375,6342713
corporations,375,6342713
aimed,375,6342713
spot,374,6342713
agreement,374,6342713
thought,373,6342713
held,373,6342713
remaining,373,6342713
jokes,373,6342713
argument,372,6342713
acknowledge,372,6342713
generated,372,6342713
train,371,6342713
color,371,6342713
audit,371,6342713
shape,371,6342713
beyond,370,6342713
distribute,370,6342713
minded,370,6342713
lawyer,370,6342713
series,370,6342713
harassment,370,6342713
clients,370,6342713
medications,369,6342713
removing,369,6342713
antivirus,369,6342713
currencies,369,6342713
aren,368,6342713
relatively,368,6342713
stereotypes,368,6342713
currently,368,6342713
operate,368,6342713
provider,367,6342713
smuggling,367,6342713
infected,367,6342713
surrounding,367,6342713
fails,366,6342713
unfair,366,6342713
leads,366,6342713
housing,366,6342713
wait,365,6342713
exchanges,365,6342713
holding,365,6342713
forced,365,6342713
matters,365,6342713
loan,365,6342713
forces,365,6342713
distributed,364,6342713
patient,363,6342713
insults,363,6342713
distributing,363,6342713
abilities,363,6342713
frequent,363,6342713
attracting,363,6342713
flaws,362,6342713
bias,362,6342713
visitors,362,6342713
visuals,361,6342713
thereby,361,6342713
overly,361,6342713
crimes,361,6342713
strongly,361,6342713
committing,361,6342713
climate,361,6342713
humans,360,6342713
humane,360,6342713
tests,359,6342713
tracked,359,6342713
reason,358,6342713
permit,356,6342713
pointing,356,6342713
contributions,355,6342713
impacts,354,6342713
attackers,354,6342713
charge,353,6342713
responses,353,6342713
planting,353,6342713
doctor,353,6342713
american,353,6342713
avoided,353,6342713
passport,353,6342713
hope,352,6342713
counter,352,6342713
unexpected,351,6342713
completed,351,6342713
preventing,351,6342713
discussions,351,6342713
exposed,350,6342713
experts,350,6342713
capital,350,6342713
inflammatory,349,6342713
refer,349,6342713
weight,349,6342713
spray,349,6342713
daily,349,6342713
write,348,6342713
main,348,6342713
favorable,348,6342713
focused,347,6342713
soil,347,6342713
collection,347,6342713
anger,346,6342713
lure,346,6342713
fund,346,6342713
happened,346,6342713
match,346,6342713
revenge,346,6342713
accident,346,6342713
vpns,345,6342713
economy,345,6342713
introduce,345,6342713
travelling,345,6342713
dedicated,344,6342713
gained,344,6342713
thirdly,344,6342713
exactly,344,6342713
reality,344,6342713
institution,344,6342713
d,344,6342713
heat,344,6342713
storing,343,6342713
perspectives,343,6342713
indicate,343,6342713
healthcare,343,6342713
remind,343,6342713
suggesting,342,6342713
discourage,342,6342713
competitors,342,6342713
pictures,341,6342713
bribes,341,6342713
shares,341,6342713
toxic,341,6342713
head,341,6342713
student,340,6342713
green,340,6342713
unable,340,6342713
employer,340,6342713
compromise,339,6342713
shopping,339,6342713
quite,339,6342713
planned,339,6342713
patience,339,6342713
metal,339,6342713
codes,339,6342713
specialize,339,6342713
field,338,6342713
petition,337,6342713
decrease,337,6342713
heavily,337,6342713
telling,336,6342713
openly,336,6342713
supporting,335,6342713
contract,335,6342713
hardware,335,6342713
programming,335,6342713
initial,334,6342713
biological,334,6342713
highlight,334,6342713
discipline,334,6342713
racism,333,6342713
inferior,333,6342713
grow,333,6342713
growing,333,6342713
thorough,333,6342713
washing,333,6342713
answers,333,6342713
touch,332,6342713
cues,332,6342713
discredit,331,6342713
aggression,331,6342713
reverse,331,6342713
wild,331,6342713
organic,331,6342713
gives,331,6342713
fit,331,6342713
vigilant,331,6342713
arguments,330,6342713
stick,330,6342713
becomes,330,6342713
welfare,330,6342713
contamination,330,6342713
facing,330,6342713
insight,330,6342713
class,330,6342713
propaganda,329,6342713
controlling,329,6342713
gatherings,329,6342713
prescription,329,6342713
torrent,329,6342713
tor,329,6342713
spend,329,6342713
attending,329,6342713
budget,328,6342713
kinds,328,6342713
applicants,328,6342713
visit,328,6342713
win,328,6342713
choosing,328,6342713
facilities,328,6342713
fool,328,6342713
independent,327,6342713
respected,327,6342713
recruiting,327,6342713
election,327,6342713
bribe,327,6342713
leadership,326,6342713
restaurant,326,6342713
schemes,326,6342713
biases,326,6342713
speech,325,6342713
consistently,325,6342713
boost,325,6342713
efficiently,325,6342713
diversity,325,6342713
recreational,325,6342713
effectiveness,325,6342713
designated,324,6342713
visual,324,6342713
explosives,324,6342713
plausible,323,6342713
selecting,323,6342713
dates,323,6342713
machines,323,6342713
intent,323,6342713
username,323,6342713
assist,323,6342713
desires,322,6342713
responding,322,6342713
unrest,321,6342713
empty,321,6342713
increases,321,6342713
successes,320,6342713
acting,320,6342713
disabilities,320,6342713
communicating,320,6342713
licensed,320,6342713
overseas,320,6342713
sealed,320,6342713
vulnerability,320,6342713
discrepancies,319,6342713
contents,319,6342713
bomb,319,6342713
firearm,318,6342713
tag,318,6342713
www,318,6342713
distress,318,6342713
faith,318,6342713
necessarily,318,6342713
denial,318,6342713
offered,317,6342713
driver,317,6342713
submit,317,6342713
seemingly,317,6342713
covering,317,6342713
entice,317,6342713
none,316,6342713
injuries,316,6342713
deposits,316,6342713
narrative,316,6342713
periods,316,6342713
joining,316,6342713
rallies,316,6342713
possession,315,6342713
reactions,315,6342713
unsuspecting,315,6342713
criteria,315,6342713
treated,314,6342713
observe,314,6342713
mail,314,6342713
qualified,314,6342713
firearms,314,6342713
wages,314,6342713
pirated,314,6342713
creates,314,6342713
heavy,314,6342713
birth,313,6342713
electric,313,6342713
package,312,6342713
garden,312,6342713
blend,312,6342713
treat,311,6342713
phones,311,6342713
diverse,311,6342713
combined,311,6342713
stakeholders,311,6342713
lock,311,6342713
tv,311,6342713
coding,310,6342713
leaves,310,6342713
craft,310,6342713
scrutiny,310,6342713
danger,309,6342713
exploring,309,6342713
conflicts,309,6342713
facial,309,6342713
object,309,6342713
interaction,309,6342713
mouth,309,6342713
analyze,309,6342713
scenarios,309,6342713
insights,309,6342713
executing,309,6342713
loans,308,6342713
ownership,308,6342713
per,308,6342713
funding,308,6342713
woman,308,6342713
fewer,308,6342713
underground,308,6342713
lies,308,6342713
big,308,6342713
scam,308,6342713
guide,307,6342713
park,307,6342713
suspect,307,6342713
proceed,306,6342713
improving,306,6342713
road,306,6342713
strive,306,6342713
drink,305,6342713
volume,305,6342713
drops,305,6342713
updates,305,6342713
disposed,305,6342713
piece,305,6342713
river,305,6342713
scene,305,6342713
players,304,6342713
perception,304,6342713
appreciation,304,6342713
hair,304,6342713
supportive,303,6342713
justice,303,6342713
privileged,303,6342713
cell,303,6342713
african,303,6342713
guns,303,6342713
noinput,303,6342713
algorithm,302,6342713
competitive,302,6342713
tricks,301,6342713
windows,301,6342713
verification,301,6342713
failure,300,6342713
man,300,6342713
perfect,300,6342713
incorrect,300,6342713
treating,300,6342713
hot,300,6342713
purchased,300,6342713
appropriately,300,6342713
agenda,300,6342713
advertise,300,6342713
centers,300,6342713
rest,299,6342713
isolated,299,6342713
competition,299,6342713
resource,299,6342713
trap,299,6342713
visiting,298,6342713
advised,298,6342713
shipment,298,6342713
mention,298,6342713
incorporate,298,6342713
definitely,298,6342713
hacker,298,6342713
instagram,297,6342713
intentions,297,6342713
underlying,297,6342713
covert,297,6342713
impression,296,6342713
realizing,296,6342713
pretending,296,6342713
dress,296,6342713
believable,296,6342713
infectious,296,6342713
trigger,295,6342713
tape,295,6342713
commercial,295,6342713
paint,295,6342713
reported,295,6342713
reasonable,295,6342713
accomplishments,294,6342713
maintenance,294,6342713
questioning,294,6342713
sounds,294,6342713
alter,294,6342713
cocaine,294,6342713
sold,294,6342713
humor,294,6342713
mass,294,6342713
extensive,294,6342713
bills,293,6342713
version,293,6342713
manager,293,6342713
salt,293,6342713
promotion,292,6342713
utilized,292,6342713
compromised,292,6342713
trusts,292,6342713
contains,292,6342713
instances,292,6342713
endangered,292,6342713
base,292,6342713
electricity,292,6342713
groom,291,6342713
compromising,291,6342713
exploited,291,6342713
studies,291,6342713
transferred,290,6342713
regions,290,6342713
everyday,289,6342713
earnings,289,6342713
stealth,289,6342713
candidate,289,6342713
prevention,288,6342713
entity,288,6342713
concern,288,6342713
trails,288,6342713
peers,288,6342713
somewhere,288,6342713
cities,288,6342713
burning,288,6342713
secrecy,287,6342713
agreements,287,6342713
modern,287,6342713
speed,287,6342713
amplify,287,6342713
auditors,287,6342713
evoke,287,6342713
constructive,286,6342713
fighting,286,6342713
verify,286,6342713
deals,285,6342713
trick,285,6342713
stability,285,6342713
inspections,285,6342713
environments,285,6342713
interact,285,6342713
fresh,284,6342713
received,284,6342713
switch,284,6342713
ethnic,284,6342713
photo,284,6342713
inclusive,284,6342713
engaged,284,6342713
domestic,284,6342713
foods,284,6342713
previous,283,6342713
fish,283,6342713
modify,283,6342713
preparing,283,6342713
stream,282,6342713
comfort,282,6342713
addiction,282,6342713
finances,282,6342713
operational,282,6342713
expensive,282,6342713
wash,282,6342713
expertise,281,6342713
environmentally,281,6342713
exit,281,6342713
americans,281,6342713
linked,281,6342713
attitude,281,6342713
pursue,281,6342713
study,281,6342713
fee,281,6342713
sugar,280,6342713
debt,280,6342713
suppliers,280,6342713
persons,280,6342713
unlikely,279,6342713
asked,279,6342713
applying,279,6342713
powder,279,6342713
detail,279,6342713
cold,279,6342713
depositing,278,6342713
commitment,278,6342713
urgency,278,6342713
labels,278,6342713
wouldn,278,6342713
expect,278,6342713
esteem,277,6342713
references,277,6342713
requiring,277,6342713
characteristics,277,6342713
embarrassing,277,6342713
buildings,276,6342713
oneself,276,6342713
downloads,276,6342713
doors,276,6342713
routine,276,6342713
influencing,276,6342713
reveal,275,6342713
favorite,275,6342713
regards,275,6342713
possibility,275,6342713
families,275,6342713
gentle,275,6342713
wise,275,6342713
concerning,275,6342713
career,275,6342713
brand,275,6342713
encourages,275,6342713
violate,275,6342713
jar,274,6342713
setup,274,6342713
sql,274,6342713
destruction,274,6342713
favors,274,6342713
recognizing,273,6342713
sabotage,273,6342713
confident,273,6342713
pushing,272,6342713
gently,272,6342713
asset,272,6342713
perceived,272,6342713
prioritize,272,6342713
center,272,6342713
mitigate,271,6342713
errors,271,6342713
replace,271,6342713
diet,271,6342713
proactive,271,6342713
yours,270,6342713
addressed,270,6342713
barriers,270,6342713
mechanisms,270,6342713
privileges,269,6342713
quantities,269,6342713
holders,269,6342713
lawsuits,269,6342713
board,268,6342713
teach,268,6342713
pose,268,6342713
previously,268,6342713
lab,268,6342713
emotion,267,6342713
independence,267,6342713
accepting,267,6342713
jail,267,6342713
misuse,266,6342713
style,266,6342713
immigrants,266,6342713
analytics,266,6342713
push,265,6342713
criticizing,265,6342713
blogs,265,6342713
secured,265,6342713
orientation,265,6342713
developed,265,6342713
violating,264,6342713
ice,264,6342713
recordings,264,6342713
layering,264,6342713
fall,264,6342713
perspective,264,6342713
collaboration,264,6342713
eating,264,6342713
amazon,263,6342713
unsafe,263,6342713
insulting,263,6342713
usernames,263,6342713
minimum,263,6342713
discreet,263,6342713
slightly,262,6342713
educate,262,6342713
providers,262,6342713
requesting,261,6342713
reflect,261,6342713
below,261,6342713
punishments,261,6342713
accessed,261,6342713
catch,261,6342713
deleting,261,6342713
advertisements,261,6342713
temperatures,260,6342713
daughter,260,6342713
complicated,260,6342713
happy,260,6342713
immediate,260,6342713
poverty,259,6342713
soap,259,6342713
revealing,259,6342713
moments,259,6342713
challenges,259,6342713
symptoms,259,6342713
receipts,259,6342713
outdated,259,6342713
improved,258,6342713
garbage,258,6342713
remarks,258,6342713
mission,258,6342713
obvious,258,6342713
proxies,258,6342713
involvement,258,6342713
minutes,258,6342713
display,257,6342713
surface,257,6342713
severity,257,6342713
guarantee,257,6342713
spots,257,6342713
picture,256,6342713
arrange,256,6342713
truly,256,6342713
appearing,256,6342713
evaluate,256,6342713
incidents,256,6342713
extract,256,6342713
contaminated,256,6342713
ups,256,6342713
biased,256,6342713
influential,256,6342713
neighborhood,255,6342713
okay,255,6342713
encrypting,255,6342713
mixed,255,6342713
joke,255,6342713
expense,255,6342713
committed,255,6342713
manufacturing,255,6342713
sentiment,255,6342713
letting,254,6342713
truth,254,6342713
interesting,254,6342713
ill,254,6342713
bond,254,6342713
box,253,6342713
moment,253,6342713
standard,253,6342713
compliant,253,6342713
bottles,253,6342713
personally,253,6342713
taxation,253,6342713
consuming,253,6342713
mistake,253,6342713
built,252,6342713
flow,252,6342713
medication,252,6342713
radar,252,6342713
hear,252,6342713
isolation,252,6342713
forcing,252,6342713
compartments,252,6342713
profitable,252,6342713
warm,252,6342713
spoofing,251,6342713
implying,251,6342713
letters,251,6342713
condition,251,6342713
keywords,251,6342713
quiet,251,6342713
hostile,251,6342713
protocol,250,6342713
embarrassed,250,6342713
alibi,250,6342713
command,249,6342713
qualifications,249,6342713
bonds,249,6342713
opposition,249,6342713
notes,249,6342713
sudden,249,6342713
assumptions,249,6342713
concerned,248,6342713
teaching,248,6342713
shelter,248,6342713
demographic,248,6342713
manipulative,248,6342713
lots,247,6342713
assault,247,6342713
judgement,247,6342713
sick,247,6342713
trafficked,247,6342713
appliances,247,6342713
papers,247,6342713
older,247,6342713
crowd,247,6342713
leak,247,6342713
switching,247,6342713
diseases,247,6342713
rapidly,246,6342713
cryptocurrencies,246,6342713
teams,246,6342713
path,246,6342713
drop,246,6342713
shift,246,6342713
timing,246,6342713
respectfully,245,6342713
liabilities,245,6342713
stage,245,6342713
block,244,6342713
wants,244,6342713
encrypt,244,6342713
veterinarian,244,6342713
controversial,244,6342713
proceeding,244,6342713
gaslighting,244,6342713
c,243,6342713
disposable,243,6342713
jewelry,243,6342713
press,243,6342713
preferences,243,6342713
male,243,6342713
bit,243,6342713
likelihood,243,6342713
grant,243,6342713
difference,243,6342713
arms,242,6342713
crafted,242,6342713
producing,242,6342713
acceptance,242,6342713
edge,242,6342713
consulting,242,6342713
alarms,242,6342713
objective,242,6342713
threaten,242,6342713
character,241,6342713
untraceable,241,6342713
ashamed,241,6342713
sneak,241,6342713
widespread,241,6342713
absolutely,241,6342713
boards,241,6342713
behalf,241,6342713
deliberately,241,6342713
whole,241,6342713
authenticity,241,6342713
tightly,240,6342713
governmental,240,6342713
releases,240,6342713
shipments,240,6342713
loved,240,6342713
refusing,240,6342713
u,239,6342713
crisis,239,6342713
chat,239,6342713
incriminating,238,6342713
happening,238,6342713
credits,238,6342713
lights,238,6342713
counterfeit,238,6342713
trip,238,6342713
demonstrating,237,6342713
refrain,237,6342713
drinking,237,6342713
automatically,237,6342713
unknown,237,6342713
mining,237,6342713
uncertainty,237,6342713
touching,236,6342713
cautious,236,6342713
deploy,236,6342713
freely,236,6342713
conservation,236,6342713
possess,236,6342713
songs,236,6342713
doses,236,6342713
attach,235,6342713
sit,235,6342713
embezzlement,235,6342713
toys,235,6342713
industries,235,6342713
complaint,235,6342713
advantages,234,6342713
texts,234,6342713
collective,234,6342713
isolating,234,6342713
afraid,234,6342713
receiving,234,6342713
governing,234,6342713
bet,234,6342713
expression,234,6342713
controls,234,6342713
journey,234,6342713
posing,234,6342713
believing,234,6342713
disability,234,6342713
appreciate,234,6342713
comment,234,6342713
sight,234,6342713
recently,234,6342713
kids,234,6342713
maintained,233,6342713
inadequate,233,6342713
carried,233,6342713
smell,233,6342713
scripts,232,6342713
sports,232,6342713
narratives,232,6342713
voting,232,6342713
traceable,232,6342713
networking,232,6342713
teacher,232,6342713
creativity,232,6342713
lifestyle,232,6342713
symbols,231,6342713
recruit,231,6342713
blocking,231,6342713
intimacy,231,6342713
panic,231,6342713
productivity,231,6342713
lighting,231,6342713
tags,230,6342713
trips,230,6342713
occurs,230,6342713
withholding,230,6342713
pricing,230,6342713
consume,230,6342713
cheating,230,6342713
crossing,230,6342713
ensures,230,6342713
irs,230,6342713
disguised,229,6342713
referring,229,6342713
frame,229,6342713
cannabis,229,6342713
accordance,229,6342713
parameters,229,6342713
succeed,229,6342713
cooking,229,6342713
resort,229,6342713
supporters,228,6342713
birds,228,6342713
premises,228,6342713
peacefully,228,6342713
holder,228,6342713
resistance,228,6342713
incorporating,228,6342713
deliver,228,6342713
standing,228,6342713
furniture,228,6342713
walk,228,6342713
characters,228,6342713
misconduct,227,6342713
seems,227,6342713
lasting,227,6342713
automatic,227,6342713
electrical,227,6342713
tip,227,6342713
classes,227,6342713
displaying,226,6342713
cloud,226,6342713
permissions,226,6342713
registration,226,6342713
neighbors,226,6342713
acquiring,226,6342713
illness,226,6342713
wealth,226,6342713
cyanide,226,6342713
distraction,226,6342713
opposing,226,6342713
intermediary,226,6342713
proceeds,225,6342713
enables,225,6342713
marginalized,225,6342713
breaks,225,6342713
sides,225,6342713
strengthen,225,6342713
bill,225,6342713
expose,225,6342713
lime,224,6342713
dirty,224,6342713
wall,224,6342713
demographics,224,6342713
equality,224,6342713
suspicions,224,6342713
illusion,224,6342713
crucial,224,6342713
custom,224,6342713
juice,223,6342713
peace,223,6342713
diligence,223,6342713
trusting,223,6342713
revenue,223,6342713
somebody,223,6342713
organizers,223,6342713
slow,223,6342713
strategically,222,6342713
interacting,222,6342713
refuse,222,6342713
donations,222,6342713
combat,222,6342713
construct,221,6342713
negatively,221,6342713
song,221,6342713
labeled,221,6342713
walls,221,6342713
innocent,221,6342713
creation,221,6342713
laundered,221,6342713
generating,221,6342713
opponents,221,6342713
filter,221,6342713
exclusive,221,6342713
entirely,221,6342713
voices,220,6342713
worthless,220,6342713
town,220,6342713
responsibilities,220,6342713
lose,220,6342713
specializes,220,6342713
manual,220,6342713
relief,220,6342713
perpetrator,220,6342713
insecurities,219,6342713
smuggle,219,6342713
parent,219,6342713
investigations,219,6342713
compensation,219,6342713
autonomy,219,6342713
footprint,219,6342713
expiration,219,6342713
intimidate,218,6342713
middle,218,6342713
discriminate,218,6342713
schools,218,6342713
norms,218,6342713
client,218,6342713
analyzing,218,6342713
makers,218,6342713
nations,218,6342713
embezzling,218,6342713
kitchen,218,6342713
naturally,217,6342713
inflate,217,6342713
bulk,217,6342713
shock,217,6342713
wanting,217,6342713
suggestions,217,6342713
voters,217,6342713
engines,217,6342713
flattery,217,6342713
gestures,217,6342713
expressions,217,6342713
logs,216,6342713
ideal,216,6342713
coins,216,6342713
signals,216,6342713
deadlines,216,6342713
executed,216,6342713
updated,216,6342713
secrets,216,6342713
veterinary,216,6342713
upload,216,6342713
feature,216,6342713
horse,216,6342713
feasible,215,6342713
film,215,6342713
managing,215,6342713
periodically,215,6342713
possibly,215,6342713
transparency,215,6342713
fail,214,6342713
ignore,214,6342713
marketplaces,214,6342713
searches,214,6342713
extended,214,6342713
politics,214,6342713
mistrust,214,6342713
murder,214,6342713
exact,214,6342713
studying,214,6342713
filters,214,6342713
passports,214,6342713
inequality,213,6342713
pornography,213,6342713
chain,213,6342713
acquired,213,6342713
alternate,213,6342713
accusations,213,6342713
exotic,213,6342713
encouraged,213,6342713
march,213,6342713
reading,212,6342713
started,212,6342713
window,212,6342713
noises,212,6342713
update,212,6342713
salary,212,6342713
meaning,212,6342713
differently,211,6342713
months,211,6342713
colors,211,6342713
managers,211,6342713
simultaneously,211,6342713
fields,210,6342713
smart,210,6342713
determined,210,6342713
considerations,210,6342713
politicians,210,6342713
assessment,210,6342713
tampering,210,6342713
pirate,210,6342713
offense,210,6342713
racist,209,6342713
romantic,209,6342713
cats,209,6342713
vital,209,6342713
greatly,209,6342713
eat,209,6342713
judgment,209,6342713
entries,209,6342713
footage,209,6342713
warnings,209,6342713
monetary,208,6342713
regulation,208,6342713
wider,208,6342713
enemy,208,6342713
unusual,208,6342713
disinformation,208,6342713
distancing,208,6342713
meat,208,6342713
intimidating,207,6342713
dominance,207,6342713
arrive,207,6342713
solid,207,6342713
timeline,207,6342713
faster,207,6342713
shut,207,6342713
led,207,6342713
wife,207,6342713
scan,207,6342713
opt,207,6342713
weaken,207,6342713
electronics,207,6342713
sexuality,206,6342713
unlawful,206,6342713
heart,206,6342713
similarly,206,6342713
prohibited,206,6342713
persuade,206,6342713
prosecution,206,6342713
dealer,206,6342713
corporation,206,6342713
hate,205,6342713
attacking,205,6342713
register,205,6342713
coworker,205,6342713
difficulty,205,6342713
reference,205,6342713
attend,205,6342713
smoke,205,6342713
transit,205,6342713
walking,205,6342713
artist,205,6342713
keys,205,6342713
laboratory,205,6342713
lightly,204,6342713
sexually,204,6342713
sessions,204,6342713
native,204,6342713
org,204,6342713
starts,204,6342713
lost,204,6342713
viewers,204,6342713
blog,204,6342713
exposing,203,6342713
documented,203,6342713
removed,203,6342713
embezzle,203,6342713
realize,203,6342713
filling,203,6342713
dependence,203,6342713
discomfort,203,6342713
jewish,203,6342713
venture,203,6342713
pup,203,6342713
angry,202,6342713
html,202,6342713
languages,202,6342713
cleaner,202,6342713
presented,202,6342713
handled,202,6342713
promise,202,6342713
criticize,202,6342713
treatments,202,6342713
regulators,202,6342713
dry,202,6342713
polite,201,6342713
respecting,201,6342713
sharp,201,6342713
descriptions,201,6342713
proven,201,6342713
dynamics,201,6342713
triggers,201,6342713
dummy,201,6342713
chaos,201,6342713
pocket,201,6342713
altering,201,6342713
watching,200,6342713
inflated,200,6342713
intense,200,6342713
loaded,200,6342713
achievements,200,6342713
hunting,200,6342713
exaggerating,200,6342713
soda,200,6342713
mock,200,6342713
finished,200,6342713
yield,200,6342713
familiarize,200,6342713
occurring,200,6342713
explicitly,199,6342713
cooperation,199,6342713
belief,199,6342713
meant,199,6342713
destabilize,199,6342713
desirable,199,6342713
rival,199,6342713
breach,199,6342713
paypal,199,6342713
oppressive,199,6342713
sleep,199,6342713
charged,199,6342713
click,198,6342713
seal,198,6342713
thank,198,6342713
coerce,198,6342713
sounding,198,6342713
concealed,198,6342713
worse,198,6342713
protesters,198,6342713
exploits,198,6342713
substantial,198,6342713
determining,198,6342713
moral,198,6342713
practical,198,6342713
bird,198,6342713
oversight,198,6342713
conscious,197,6342713
happens,197,6342713
discovery,197,6342713
torrents,197,6342713
exploitative,197,6342713
capacity,197,6342713
obscure,197,6342713
practicing,197,6342713
crafting,197,6342713
disrupting,197,6342713
expired,197,6342713
seriously,196,6342713
alerting,196,6342713
certificates,196,6342713
pretend,196,6342713
closed,196,6342713
promotions,196,6342713
flash,196,6342713
promptly,196,6342713
logical,195,6342713
infiltrate,195,6342713
demonstrations,195,6342713
diplomatic,195,6342713
beginning,195,6342713
meets,195,6342713
artists,195,6342713
lsd,195,6342713
verifying,195,6342713
boxes,195,6342713
random,195,6342713
enabling,194,6342713
taste,194,6342713
intimate,194,6342713
insult,194,6342713
moved,194,6342713
solely,194,6342713
surprise,194,6342713
reduced,194,6342713
hurtful,194,6342713
internationally,194,6342713
surveys,194,6342713
robust,194,6342713
largely,194,6342713
screen,193,6342713
responsibly,193,6342713
certainly,193,6342713
matches,193,6342713
societal,193,6342713
arrested,193,6342713
drives,193,6342713
alarm,193,6342713
recovery,193,6342713
wallets,193,6342713
tangible,192,6342713
hr,192,6342713
co,192,6342713
whom,192,6342713
temporary,192,6342713
leaks,192,6342713
deposited,192,6342713
ease,192,6342713
disobedience,192,6342713
stir,191,6342713
savings,191,6342713
recipient,191,6342713
included,191,6342713
safer,191,6342713
apologize,191,6342713
excellent,191,6342713
fatal,191,6342713
invested,191,6342713
supports,191,6342713
gang,191,6342713
prejudice,191,6342713
cup,190,6342713
designing,190,6342713
intentionally,190,6342713
produced,190,6342713
relying,190,6342713
lethal,190,6342713
sulfuric,189,6342713
guess,189,6342713
poisonous,189,6342713
pursuing,189,6342713
disable,189,6342713
completing,189,6342713
easiest,189,6342713
dating,188,6342713
licensing,188,6342713
applied,188,6342713
timely,188,6342713
prank,188,6342713
investigators,188,6342713
carrier,188,6342713
partnerships,188,6342713
marks,188,6342713
officer,188,6342713
scientific,187,6342713
indirect,187,6342713
deceive,187,6342713
wishes,187,6342713
identifiable,187,6342713
investor,187,6342713
blame,187,6342713
withdrawals,187,6342713
wood,187,6342713
principles,187,6342713
younger,187,6342713
boyfriend,187,6342713
couriers,187,6342713
strikes,187,6342713
rule,187,6342713
optimal,187,6342713
relating,186,6342713
skill,186,6342713
fabricated,186,6342713
whose,186,6342713
panels,186,6342713
fabricating,186,6342713
broken,186,6342713
administration,186,6342713
factories,186,6342713
sellers,186,6342713
educating,186,6342713
nuclear,186,6342713
total,185,6342713
trioxide,185,6342713
transmission,185,6342713
damages,185,6342713
normally,185,6342713
mentally,185,6342713
intention,185,6342713
f,185,6342713
harsh,185,6342713
tree,185,6342713
praising,185,6342713
films,185,6342713
guard,185,6342713
serves,185,6342713
certified,185,6342713
trauma,185,6342713
thoughtful,185,6342713
intermediaries,184,6342713
hit,184,6342713
stronger,184,6342713
elsewhere,184,6342713
acknowledging,184,6342713
crowded,184,6342713
drinks,184,6342713
qualities,184,6342713
drivers,184,6342713
grants,184,6342713
concrete,184,6342713
final,184,6342713
backup,184,6342713
insert,184,6342713
ventilation,184,6342713
deploying,184,6342713
regional,184,6342713
discreetly,183,6342713
disguising,183,6342713
log,183,6342713
shaming,183,6342713
supervision,183,6342713
protections,183,6342713
moves,183,6342713
defensive,183,6342713
notices,183,6342713
rally,183,6342713
flyers,182,6342713
cocktail,182,6342713
failures,182,6342713
tutorials,182,6342713
blackmail,182,6342713
recruiters,182,6342713
cognitive,182,6342713
equally,182,6342713
debit,182,6342713
disseminate,181,6342713
breaches,181,6342713
visas,181,6342713
functions,181,6342713
interviews,181,6342713
optimize,181,6342713
inclusion,181,6342713
incineration,181,6342713
arrangements,181,6342713
impersonating,181,6342713
petitions,181,6342713
tracing,181,6342713
intellectual,181,6342713
cookies,181,6342713
rubber,181,6342713
cyberbullying,181,6342713
deeply,181,6342713
letter,181,6342713
rid,180,6342713
luggage,180,6342713
coffee,180,6342713
crack,180,6342713
picking,180,6342713
lie,180,6342713
spy,180,6342713
disabled,180,6342713
marketplace,180,6342713
corruption,180,6342713
versions,180,6342713
readers,180,6342713
activists,179,6342713
accountability,179,6342713
accomplish,179,6342713
restrict,179,6342713
flooding,179,6342713
habitat,179,6342713
coworkers,179,6342713
marriage,179,6342713
turning,179,6342713
accidentally,179,6342713
discharging,179,6342713
harvesting,178,6342713
enhance,178,6342713
clues,178,6342713
painting,178,6342713
confidentiality,178,6342713
portray,178,6342713
hydrogen,178,6342713
mocking,178,6342713
implementation,178,6342713
hazards,178,6342713
poisoning,178,6342713
maybe,178,6342713
promotional,177,6342713
suicide,177,6342713
labeling,177,6342713
nor,177,6342713
abusive,177,6342713
subscription,177,6342713
silent,177,6342713
follows,177,6342713
asia,177,6342713
kindness,177,6342713
obfuscation,177,6342713
corrupt,177,6342713
advances,177,6342713
participation,176,6342713
ends,176,6342713
signing,176,6342713
faced,176,6342713
respective,176,6342713
persona,176,6342713
assertive,176,6342713
flexible,176,6342713
worst,176,6342713
traders,176,6342713
disciplinary,175,6342713
casual,175,6342713
safest,175,6342713
x,175,6342713
central,175,6342713
entertainment,175,6342713
relations,175,6342713
enticing,175,6342713
eco,175,6342713
fabricate,174,6342713
advocating,174,6342713
tight,174,6342713
discover,174,6342713
humiliation,174,6342713
missing,174,6342713
reuse,174,6342713
securities,174,6342713
worker,174,6342713
dumping,174,6342713
browsers,174,6342713
majority,174,6342713
club,174,6342713
susceptible,174,6342713
consumer,174,6342713
solving,174,6342713
belittling,173,6342713
quantity,173,6342713
experiment,173,6342713
america,173,6342713
ethnicity,173,6342713
innovative,173,6342713
recycled,173,6342713
probably,173,6342713
china,173,6342713
mentioning,173,6342713
tension,172,6342713
combinations,172,6342713
schedule,172,6342713
attempted,172,6342713
waiting,172,6342713
superior,172,6342713
delivered,172,6342713
understands,172,6342713
limitations,172,6342713
obligation,172,6342713
goggles,172,6342713
president,172,6342713
gone,171,6342713
inject,171,6342713
shipped,171,6342713
wrap,171,6342713
obedience,171,6342713
punishing,171,6342713
fostering,171,6342713
asian,171,6342713
shops,171,6342713
restricting,171,6342713
traits,171,6342713
interactive,171,6342713
homes,171,6342713
haven,171,6342713
belonging,171,6342713
react,171,6342713
inconsistencies,171,6342713
deniability,171,6342713
possibilities,170,6342713
baby,170,6342713
infection,170,6342713
cybersecurity,170,6342713
unacceptable,170,6342713
maximizing,170,6342713
valued,170,6342713
representation,170,6342713
apple,170,6342713
logos,170,6342713
core,170,6342713
prison,170,6342713
overwhelm,170,6342713
departments,169,6342713
plus,169,6342713
degree,169,6342713
average,169,6342713
peak,169,6342713
insecurity,169,6342713
sets,169,6342713
bullying,169,6342713
advocacy,169,6342713
ties,169,6342713
pour,169,6342713
rooms,169,6342713
shown,169,6342713
fuels,169,6342713
composting,169,6342713
trafficker,169,6342713
trump,169,6342713
weeks,168,6342713
confirm,168,6342713
discrete,168,6342713
pull,168,6342713
vote,168,6342713
continuously,168,6342713
knowledgeable,168,6342713
california,168,6342713
restaurants,168,6342713
outreach,168,6342713
inviting,168,6342713
diverting,168,6342713
denying,168,6342713
constructing,168,6342713
pharmacies,167,6342713
lid,167,6342713
historical,167,6342713
multi,167,6342713
attached,167,6342713
undermining,167,6342713
leaking,167,6342713
exaggerated,167,6342713
dedication,167,6342713
cracking,167,6342713
spouse,167,6342713
therapy,167,6342713
complaints,167,6342713
incredibly,167,6342713
compelling,166,6342713
sanctions,166,6342713
caring,166,6342713
positively,166,6342713
encounter,166,6342713
meals,166,6342713
locked,166,6342713
financially,166,6342713
convert,166,6342713
york,166,6342713
chinese,166,6342713
disagree,166,6342713
specially,166,6342713
reinforcing,166,6342713
seeing,165,6342713
shake,165,6342713
tickets,165,6342713
humiliating,165,6342713
hobbies,165,6342713
comparison,165,6342713
spear,165,6342713
ca,165,6342713
injured,165,6342713
gathered,165,6342713
retirement,165,6342713
fast,165,6342713
forth,165,6342713
resolve,165,6342713
outdoor,165,6342713
predators,165,6342713
punish,164,6342713
saving,164,6342713
stations,164,6342713
signatures,164,6342713
destructive,164,6342713
persuasive,164,6342713
combining,164,6342713
balanced,164,6342713
reconnaissance,164,6342713
cloth,164,6342713
inaccurate,164,6342713
shelters,164,6342713
falsifying,164,6342713
viral,163,6342713
seeds,163,6342713
indicating,163,6342713
forest,163,6342713
derivatives,163,6342713
driven,163,6342713
portfolio,163,6342713
vague,163,6342713
masking,163,6342713
coverage,163,6342713
bonuses,163,6342713
library,163,6342713
witness,163,6342713
elections,163,6342713
raw,163,6342713
resist,162,6342713
worry,162,6342713
eliminate,162,6342713
representatives,162,6342713
stimulation,162,6342713
requested,162,6342713
granted,161,6342713
collar,161,6342713
streams,161,6342713
potency,161,6342713
script,161,6342713
motion,161,6342713
preferred,161,6342713
desk,161,6342713
vinegar,161,6342713
knife,161,6342713
wellbeing,161,6342713
portion,161,6342713
removal,161,6342713
trial,161,6342713
ad,161,6342713
outlining,161,6342713
improvement,161,6342713
bay,161,6342713
grab,160,6342713
didn,160,6342713
grounds,160,6342713
photographs,160,6342713
embedded,160,6342713
webpage,160,6342713
casinos,160,6342713
nobody,160,6342713
deeper,160,6342713
delivering,160,6342713
b,160,6342713
tricky,160,6342713
races,159,6342713
scope,159,6342713
posted,159,6342713
weather,159,6342713
retailers,159,6342713
feet,159,6342713
artificially,159,6342713
incite,159,6342713
rise,159,6342713
socially,159,6342713
validation,159,6342713
sway,159,6342713
finds,159,6342713
tablespoons,158,6342713
intensity,158,6342713
funny,158,6342713
cruelty,158,6342713
signature,158,6342713
suggests,158,6342713
parks,158,6342713
pepper,158,6342713
finish,158,6342713
convey,158,6342713
strike,158,6342713
companion,158,6342713
seller,157,6342713
weed,157,6342713
regulated,157,6342713
minorities,157,6342713
academic,157,6342713
war,157,6342713
obey,157,6342713
cool,157,6342713
dose,157,6342713
signal,157,6342713
fine,157,6342713
makeshift,157,6342713
salaries,157,6342713
directions,157,6342713
satisfaction,157,6342713
emission,157,6342713
tensions,156,6342713
inventory,156,6342713
intervention,156,6342713
futures,156,6342713
nutrition,156,6342713
integrity,156,6342713
artwork,156,6342713
roads,156,6342713
reduces,156,6342713
improper,156,6342713
postings,155,6342713
motivate,155,6342713
tested,155,6342713
frequency,155,6342713
calmly,155,6342713
assessing,155,6342713
q,155,6342713
senior,155,6342713
element,155,6342713
five,155,6342713
perhaps,155,6342713
directed,155,6342713
indicators,155,6342713
sum,155,6342713
disruptive,155,6342713
breathing,155,6342713
psychology,154,6342713
provoke,154,6342713
burden,154,6342713
print,154,6342713
priority,154,6342713
neglect,154,6342713
vegetables,154,6342713
outright,154,6342713
isolate,154,6342713
phrase,154,6342713
enforce,154,6342713
availability,154,6342713
throwing,154,6342713
silence,154,6342713
rhetoric,154,6342713
cheaper,154,6342713
gay,154,6342713
coordinated,153,6342713
explaining,153,6342713
audits,153,6342713
destroying,153,6342713
nice,153,6342713
wrongdoings,153,6342713
activated,153,6342713
privilege,153,6342713
prospective,153,6342713
logic,153,6342713
statistics,153,6342713
libraries,153,6342713
complexity,153,6342713
opposed,153,6342713
wireless,153,6342713
deployed,153,6342713
appreciated,153,6342713
stating,153,6342713
consumers,153,6342713
charity,153,6342713
tailor,152,6342713
survey,152,6342713
offline,152,6342713
attachment,152,6342713
router,152,6342713
notify,152,6342713
relative,152,6342713
creators,152,6342713
guessing,152,6342713
backdoors,152,6342713
habitats,152,6342713
begins,152,6342713
cheap,152,6342713
quietly,151,6342713
shop,151,6342713
productive,151,6342713
closer,151,6342713
whereabouts,151,6342713
sentence,151,6342713
baking,151,6342713
dynamic,151,6342713
formal,151,6342713
doubts,151,6342713
radio,151,6342713
reminding,151,6342713
hashtag,150,6342713
sympathy,150,6342713
strain,150,6342713
stays,150,6342713
justify,150,6342713
consistency,150,6342713
excluded,150,6342713
associates,150,6342713
replacing,150,6342713
division,150,6342713
former,150,6342713
technological,150,6342713
failing,150,6342713
opened,150,6342713
synthetic,149,6342713
bigger,149,6342713
wary,149,6342713
elected,149,6342713
evasion,149,6342713
author,149,6342713
ongoing,149,6342713
bleach,149,6342713
belittle,149,6342713
rich,149,6342713
understandable,149,6342713
elicit,148,6342713
firmly,148,6342713
needles,148,6342713
battery,148,6342713
structuring,148,6342713
arm,148,6342713
advocate,148,6342713
newspaper,148,6342713
perpetrators,148,6342713
covered,148,6342713
association,148,6342713
arouse,148,6342713
pipes,148,6342713
altogether,148,6342713
cycle,148,6342713
confront,148,6342713
pandemic,148,6342713
counseling,148,6342713
bacteria,148,6342713
rocks,147,6342713
concealment,147,6342713
marked,147,6342713
behavioral,147,6342713
zero,147,6342713
needing,147,6342713
javascript,147,6342713
graffiti,147,6342713
unfamiliar,147,6342713
achievable,147,6342713
improvised,147,6342713
four,146,6342713
adhering,146,6342713
margarita,146,6342713
advisor,146,6342713
almost,146,6342713
blood,146,6342713
strengths,146,6342713
selection,146,6342713
passing,146,6342713
locks,146,6342713
accused,146,6342713
title,146,6342713
vet,146,6342713
shoes,146,6342713
debate,146,6342713
flag,145,6342713
abandoned,145,6342713
net,145,6342713
plain,145,6342713
resolution,145,6342713
systemic,145,6342713
populated,145,6342713
personalized,145,6342713
leveraged,145,6342713
alike,145,6342713
armed,145,6342713
tie,145,6342713
barking,145,6342713
conclusion,145,6342713
bike,145,6342713
http,145,6342713
lucrative,145,6342713
excluding,145,6342713
legitimacy,145,6342713
weigh,145,6342713
disaster,145,6342713
presents,144,6342713
confirmation,144,6342713
fraudulently,144,6342713
datasets,144,6342713
ultimate,144,6342713
screening,144,6342713
executives,144,6342713
exercises,144,6342713
venue,144,6342713
downloaded,144,6342713
passive,144,6342713
unaware,144,6342713
puts,144,6342713
unsecured,144,6342713
serving,144,6342713
southeast,144,6342713
threatened,144,6342713
description,143,6342713
appeals,143,6342713
rapid,143,6342713
wallet,143,6342713
funnel,143,6342713
verified,143,6342713
attitudes,143,6342713
entered,143,6342713
inspection,143,6342713
exercising,143,6342713
killing,143,6342713
judge,143,6342713
motivation,143,6342713
accommodations,143,6342713
invite,143,6342713
dump,143,6342713
burn,143,6342713
devise,143,6342713
fairly,143,6342713
attendees,143,6342713
politely,143,6342713
ins,143,6342713
function,143,6342713
sarcasm,143,6342713
tequila,142,6342713
performances,142,6342713
destroy,142,6342713
ammunition,142,6342713
spent,142,6342713
align,142,6342713
cautiously,142,6342713
copying,142,6342713
reaches,142,6342713
abused,142,6342713
obfuscate,142,6342713
upcoming,142,6342713
vision,142,6342713
cans,141,6342713
guests,141,6342713
loose,141,6342713
completion,141,6342713
compassion,141,6342713
equipped,141,6342713
distrust,141,6342713
accountant,141,6342713
managed,141,6342713
catching,141,6342713
initiating,141,6342713
undetectable,141,6342713
lawsuit,141,6342713
repeating,141,6342713
donating,141,6342713
winning,141,6342713
adequately,141,6342713
agreed,140,6342713
batteries,140,6342713
transparent,140,6342713
changed,140,6342713
obstacles,140,6342713
votes,140,6342713
belong,140,6342713
dishes,140,6342713
stance,140,6342713
abusing,140,6342713
television,140,6342713
interface,140,6342713
usb,140,6342713
crowds,140,6342713
demonstration,140,6342713
selected,140,6342713
suffering,140,6342713
runs,140,6342713
deny,140,6342713
firewalls,139,6342713
promising,139,6342713
loyal,139,6342713
divide,139,6342713
humorous,139,6342713
joint,139,6342713
detailing,139,6342713
incoming,139,6342713
shifting,139,6342713
paths,139,6342713
phony,139,6342713
siphon,139,6342713
dependency,139,6342713
willingness,139,6342713
manually,138,6342713
featuring,138,6342713
combine,138,6342713
falsely,138,6342713
prepaid,138,6342713
deemed,138,6342713
seconds,138,6342713
speakers,138,6342713
viable,138,6342713
cargo,138,6342713
allies,138,6342713
continually,138,6342713
supported,138,6342713
inflating,138,6342713
helpless,138,6342713
dangers,138,6342713
developers,138,6342713
marches,138,6342713
bid,138,6342713
overwhelmed,138,6342713
week,137,6342713
elaborate,137,6342713
psychologically,137,6342713
accidents,137,6342713
accountable,137,6342713
casino,137,6342713
samples,137,6342713
fat,137,6342713
cheat,137,6342713
table,137,6342713
lists,137,6342713
bottom,137,6342713
derived,137,6342713
considerable,137,6342713
memories,137,6342713
establishment,137,6342713
yard,137,6342713
busy,137,6342713
occurred,137,6342713
frustration,136,6342713
pool,136,6342713
tank,136,6342713
enforcing,136,6342713
girlfriend,136,6342713
clicking,136,6342713
compounds,136,6342713
algorithmic,136,6342713
cyberattacks,136,6342713
ordinances,136,6342713
origins,136,6342713
neck,136,6342713
primary,136,6342713
preserving,136,6342713
professionally,136,6342713
arrest,136,6342713
article,136,6342713
contractors,136,6342713
framing,136,6342713
shooting,136,6342713
discourse,136,6342713
preferably,136,6342713
comparing,135,6342713
bar,135,6342713
unsure,135,6342713
temporarily,135,6342713
generation,135,6342713
classmate,135,6342713
concentration,135,6342713
influencer,135,6342713
aiming,135,6342713
repeatedly,135,6342713
initially,135,6342713
failed,135,6342713
thick,135,6342713
error,135,6342713
duties,135,6342713
posters,135,6342713
traps,135,6342713
ransom,135,6342713
girl,135,6342713
unpleasant,135,6342713
stops,135,6342713
classmates,135,6342713
implies,134,6342713
guaranteed,134,6342713
humiliate,134,6342713
complying,134,6342713
stages,134,6342713
cotton,134,6342713
registered,134,6342713
modifications,134,6342713
john,134,6342713
contained,134,6342713
nose,134,6342713
half,134,6342713
mild,134,6342713
explosion,134,6342713
worked,134,6342713
erode,134,6342713
feed,134,6342713
smugglers,134,6342713
backyard,133,6342713
discussed,133,6342713
concoction,133,6342713
validity,133,6342713
neutral,133,6342713
developments,133,6342713
structured,133,6342713
worldwide,133,6342713
heroin,133,6342713
chemistry,133,6342713
potent,133,6342713
processed,133,6342713
newspapers,133,6342713
affects,133,6342713
coal,133,6342713
trojan,133,6342713
viewpoint,133,6342713
legality,132,6342713
intend,132,6342713
distract,132,6342713
foot,132,6342713
publish,132,6342713
strange,132,6342713
ideologies,132,6342713
polls,132,6342713
optimization,132,6342713
college,132,6342713
kits,132,6342713
describe,132,6342713
assessments,132,6342713
leaked,132,6342713
regret,132,6342713
fossil,132,6342713
format,132,6342713
depth,132,6342713
unhealthy,132,6342713
twice,132,6342713
agreeing,131,6342713
forge,131,6342713
coloring,131,6342713
fabric,131,6342713
odds,131,6342713
grade,131,6342713
reasoning,131,6342713
retail,131,6342713
conveys,131,6342713
adopt,131,6342713
parental,131,6342713
protesting,131,6342713
mainstream,131,6342713
rumor,131,6342713
ring,131,6342713
disseminating,131,6342713
locally,131,6342713
journalists,131,6342713
automation,131,6342713
creator,131,6342713
societies,131,6342713
viewing,130,6342713
relaxed,130,6342713
highest,130,6342713
firms,130,6342713
covers,130,6342713
discretion,130,6342713
couple,130,6342713
spark,130,6342713
girls,130,6342713
lawyers,130,6342713
courses,130,6342713
recipe,130,6342713
brought,130,6342713
launched,130,6342713
staging,130,6342713
bathrooms,130,6342713
covid,130,6342713
incentive,130,6342713
cap,130,6342713
commenting,129,6342713
supermarket,129,6342713
initiative,129,6342713
continues,129,6342713
questioned,129,6342713
exciting,129,6342713
massive,129,6342713
avenue,129,6342713
aside,129,6342713
dead,129,6342713
uncover,129,6342713
organisation,129,6342713
kickbacks,129,6342713
cooked,129,6342713
dollars,129,6342713
preventive,129,6342713
recorded,128,6342713
defend,128,6342713
powdered,128,6342713
gasoline,128,6342713
throw,128,6342713
morale,128,6342713
securing,128,6342713
demanding,128,6342713
graphics,128,6342713
came,128,6342713
converting,128,6342713
outlines,128,6342713
spam,128,6342713
strangers,128,6342713
infect,128,6342713
swiftly,128,6342713
adverse,128,6342713
eggs,127,6342713
procedure,127,6342713
clever,127,6342713
submission,127,6342713
harming,127,6342713
expand,127,6342713
suspected,127,6342713
hesitate,127,6342713
trustworthiness,127,6342713
versus,127,6342713
slip,127,6342713
contributing,127,6342713
union,127,6342713
discouraged,127,6342713
layout,127,6342713
bathroom,127,6342713
insiders,127,6342713
detecting,127,6342713
oppose,127,6342713
designs,127,6342713
lighter,127,6342713
negotiate,126,6342713
shoulder,126,6342713
performed,126,6342713
monetize,126,6342713
medicine,126,6342713
explanation,126,6342713
improperly,126,6342713
broadcast,126,6342713
editing,126,6342713
exists,126,6342713
oppression,126,6342713
espionage,126,6342713
hydrochloric,126,6342713
suit,126,6342713
queries,126,6342713
compare,126,6342713
sections,126,6342713
trojans,126,6342713
placement,126,6342713
suffer,126,6342713
wanted,126,6342713
player,126,6342713
traditions,126,6342713
airports,126,6342713
rapport,125,6342713
likes,125,6342713
instincts,125,6342713
sincere,125,6342713
deciding,125,6342713
viewed,125,6342713
scenario,125,6342713
costly,125,6342713
reassurance,125,6342713
linking,125,6342713
validate,125,6342713
muslims,125,6342713
instability,125,6342713
dressing,125,6342713
bribing,125,6342713
gaps,125,6342713
finance,125,6342713
arranging,125,6342713
hints,125,6342713
specify,124,6342713
diminish,124,6342713
discount,124,6342713
detectable,124,6342713
spoofed,124,6342713
permanent,124,6342713
repetition,124,6342713
defenses,124,6342713
precise,124,6342713
celebrity,124,6342713
prohibiting,124,6342713
ample,124,6342713
questionable,123,6342713
distractions,123,6342713
mimic,123,6342713
passionate,123,6342713
circle,123,6342713
plot,123,6342713
landfills,123,6342713
stupid,123,6342713
took,123,6342713
visits,123,6342713
drones,123,6342713
repeat,123,6342713
rent,123,6342713
camouflage,123,6342713
abide,123,6342713
stealthy,123,6342713
routines,123,6342713
herbs,123,6342713
capability,123,6342713
los,123,6342713
authoritative,123,6342713
conditioning,123,6342713
interference,123,6342713
regime,122,6342713
organizational,122,6342713
ended,122,6342713
margin,122,6342713
associate,122,6342713
representative,122,6342713
bright,122,6342713
wrongdoing,122,6342713
turns,122,6342713
advertisement,122,6342713
constant,122,6342713
bear,122,6342713
checkpoints,122,6342713
score,122,6342713
routing,122,6342713
religions,122,6342713
africa,122,6342713
abortion,122,6342713
friendship,122,6342713
spotify,122,6342713
pleasure,122,6342713
memory,122,6342713
inserting,122,6342713
retrieve,122,6342713
enabled,121,6342713
huge,121,6342713
proxy,121,6342713
raised,121,6342713
relies,121,6342713
buttons,121,6342713
shouldn,121,6342713
accidental,121,6342713
enforced,121,6342713
prevents,121,6342713
executive,121,6342713
perceptions,121,6342713
redirect,121,6342713
titles,121,6342713
amplifying,121,6342713
grabbing,121,6342713
grid,121,6342713
tamper,121,6342713
ignition,121,6342713
altered,121,6342713
expenditures,121,6342713
hour,121,6342713
terrorist,121,6342713
confrontation,121,6342713
represent,121,6342713
cleaned,121,6342713
ideology,121,6342713
houses,121,6342713
balloons,121,6342713
science,121,6342713
guards,121,6342713
nicknames,120,6342713
cast,120,6342713
passed,120,6342713
thousands,120,6342713
labour,120,6342713
apart,120,6342713
edit,120,6342713
hospital,120,6342713
prefer,120,6342713
reject,120,6342713
exceed,120,6342713
mutually,120,6342713
flood,120,6342713
pipe,120,6342713
drain,120,6342713
landfill,120,6342713
crypto,120,6342713
stands,120,6342713
recommendations,120,6342713
tripping,120,6342713
ebay,119,6342713
permitted,119,6342713
impacted,119,6342713
divisive,119,6342713
flavor,119,6342713
contaminants,119,6342713
assemble,119,6342713
judgmental,119,6342713
foundation,119,6342713
generous,119,6342713
urban,119,6342713
walks,119,6342713
warfare,119,6342713
initiate,119,6342713
instill,119,6342713
east,119,6342713
disruptions,119,6342713
affecting,119,6342713
corrective,119,6342713
bolster,119,6342713
consumed,119,6342713
outdoors,119,6342713
wage,119,6342713
properties,119,6342713
equitable,119,6342713
sharps,119,6342713
excuse,118,6342713
administrative,118,6342713
alerts,118,6342713
excess,118,6342713
discounted,118,6342713
length,118,6342713
gotten,118,6342713
generations,118,6342713
cult,118,6342713
pregnancy,118,6342713
bondage,118,6342713
foremost,118,6342713
mechanism,118,6342713
fly,118,6342713
donate,118,6342713
bugs,118,6342713
angeles,118,6342713
sample,118,6342713
url,118,6342713
wherever,118,6342713
withdrawal,118,6342713
optimizing,118,6342713
discarded,117,6342713
deserve,117,6342713
sea,117,6342713
forged,117,6342713
sectors,117,6342713
eligible,117,6342713
harmless,117,6342713
struggles,117,6342713
western,117,6342713
validating,117,6342713
disclosure,117,6342713
destinations,117,6342713
anywhere,117,6342713
machinery,117,6342713
fashion,117,6342713
owned,117,6342713
inconspicuous,117,6342713
fertilizer,117,6342713
webpages,117,6342713
trackers,117,6342713
exchanging,117,6342713
motivated,117,6342713
graphic,117,6342713
smoking,117,6342713
registering,116,6342713
fraudsters,116,6342713
upper,116,6342713
sanitation,116,6342713
robbery,116,6342713
stringent,116,6342713
wooden,116,6342713
channel,116,6342713
varying,116,6342713
mob,116,6342713
stopped,116,6342713
listed,116,6342713
contingency,116,6342713
rescue,116,6342713
noticeable,116,6342713
manipulator,116,6342713
puppy,116,6342713
mode,116,6342713
rat,116,6342713
supplier,115,6342713
dissatisfaction,115,6342713
breeding,115,6342713
exceptions,115,6342713
darknet,115,6342713
decreased,115,6342713
voter,115,6342713
utility,115,6342713
troops,115,6342713
overtime,115,6342713
disclose,115,6342713
termination,115,6342713
specified,115,6342713
dismissive,115,6342713
prey,115,6342713
commission,115,6342713
confrontational,115,6342713
sustainability,115,6342713
south,115,6342713
utensils,115,6342713
visa,115,6342713
theories,115,6342713
bidding,114,6342713
station,114,6342713
tolerance,114,6342713
buyer,114,6342713
transported,114,6342713
particles,114,6342713
exhaust,114,6342713
certificate,114,6342713
slurs,114,6342713
invoice,114,6342713
odor,114,6342713
minds,114,6342713
imagery,114,6342713
transgender,114,6342713
reddit,114,6342713
exploration,114,6342713
measuring,113,6342713
havens,113,6342713
concentrated,113,6342713
persistent,113,6342713
vendor,113,6342713
novel,113,6342713
exemptions,113,6342713
heating,113,6342713
modifying,113,6342713
administering,113,6342713
infringing,113,6342713
allegations,113,6342713
unintended,113,6342713
pornographic,113,6342713
nonverbal,113,6342713
auditing,113,6342713
mdma,113,6342713
got,113,6342713
auto,112,6342713
smear,112,6342713
cork,112,6342713
volunteer,112,6342713
hopefully,112,6342713
mexico,112,6342713
adjusting,112,6342713
dissent,112,6342713
spoof,112,6342713
pattern,112,6342713
anxious,112,6342713
behaviours,112,6342713
keystrokes,112,6342713
python,112,6342713
universities,112,6342713
fuck,112,6342713
exam,112,6342713
enjoyable,111,6342713
dealings,111,6342713
accusing,111,6342713
ny,111,6342713
patients,111,6342713
ecological,111,6342713
university,111,6342713
liquids,111,6342713
prominent,111,6342713
coordinate,111,6342713
bars,111,6342713
pills,111,6342713
concepts,111,6342713
scratching,111,6342713
genders,111,6342713
soft,111,6342713
locals,111,6342713
forum,111,6342713
ok,111,6342713
pranks,111,6342713
intentional,111,6342713
motivations,111,6342713
potassium,111,6342713
bogus,111,6342713
bought,111,6342713
healthier,111,6342713
fireworks,111,6342713
fairness,111,6342713
guarantees,111,6342713
dilute,111,6342713
flattering,110,6342713
grocery,110,6342713
thieves,110,6342713
falsified,110,6342713
discord,110,6342713
documenting,110,6342713
slave,110,6342713
scammers,110,6342713
genuinely,110,6342713
navigate,110,6342713
mood,110,6342713
ship,110,6342713
repeated,110,6342713
wifi,110,6342713
published,110,6342713
beverage,110,6342713
ocean,110,6342713
defined,110,6342713
nails,110,6342713
distracting,110,6342713
weakness,110,6342713
complications,110,6342713
sender,110,6342713
withdraw,110,6342713
diluted,110,6342713
bowl,109,6342713
alliances,109,6342713
sought,109,6342713
publishing,109,6342713
cybercriminals,109,6342713
sympathetic,109,6342713
section,109,6342713
illnesses,109,6342713
architecture,109,6342713
bait,109,6342713
bombs,109,6342713
filed,109,6342713
handing,109,6342713
intrusion,109,6342713
electronically,109,6342713
ideally,109,6342713
pop,109,6342713
factual,109,6342713
avoidance,109,6342713
evaluating,109,6342713
meth,109,6342713
muslim,109,6342713
pride,109,6342713
parking,109,6342713
craigslist,109,6342713
persuasion,109,6342713
meal,109,6342713
scenes,109,6342713
integration,109,6342713
morning,108,6342713
pro,108,6342713
layered,108,6342713
sizes,108,6342713
approximately,108,6342713
beauty,108,6342713
embarrass,108,6342713
smoothly,108,6342713
injecting,108,6342713
viewpoints,108,6342713
luxury,108,6342713
embezzled,108,6342713
volatile,108,6342713
unpredictable,108,6342713
pack,108,6342713
suddenly,108,6342713
teachers,108,6342713
endeavor,108,6342713
permissible,108,6342713
fictional,108,6342713
unrelated,108,6342713
stated,108,6342713
vaccines,108,6342713
hitting,108,6342713
depression,108,6342713
ceo,108,6342713
sec,107,6342713
therapist,107,6342713
demeaning,107,6342713
losing,107,6342713
emphasis,107,6342713
upfront,107,6342713
invisible,107,6342713
blind,107,6342713
lazy,107,6342713
asians,107,6342713
preference,107,6342713
blocked,107,6342713
listing,107,6342713
grades,107,6342713
prohibit,107,6342713
gold,107,6342713
scanning,107,6342713
whilst,107,6342713
discard,107,6342713
reduction,107,6342713
flagged,107,6342713
supposed,107,6342713
spiritual,107,6342713
narcotics,107,6342713
sticks,107,6342713
loving,106,6342713
degrees,106,6342713
escalate,106,6342713
forging,106,6342713
bot,106,6342713
earth,106,6342713
offices,106,6342713
insecure,106,6342713
holes,106,6342713
stirring,106,6342713
straight,106,6342713
excitement,106,6342713
sentences,106,6342713
tanks,106,6342713
covertly,106,6342713
superiors,106,6342713
fluid,106,6342713
disguises,106,6342713
ridicule,106,6342713
diversify,106,6342713
capturing,105,6342713
commodities,105,6342713
unfairly,105,6342713
checked,105,6342713
diversifying,105,6342713
traded,105,6342713
encouragement,105,6342713
focuses,105,6342713
collars,105,6342713
brokers,105,6342713
candy,105,6342713
prostitution,105,6342713
flight,105,6342713
advantageous,105,6342713
filming,105,6342713
interview,105,6342713
discouraging,105,6342713
arrival,105,6342713
urine,105,6342713
innocuous,104,6342713
uploading,104,6342713
digitally,104,6342713
circulation,104,6342713
convenience,104,6342713
fulfill,104,6342713
ticket,104,6342713
wisely,104,6342713
disorder,104,6342713
prescribed,104,6342713
unity,104,6342713
logistics,104,6342713
earn,104,6342713
extraction,104,6342713
deter,104,6342713
remedies,104,6342713
penetration,104,6342713
ordinary,104,6342713
rape,104,6342713
vast,104,6342713
negotiation,104,6342713
concept,104,6342713
obligations,104,6342713
knives,104,6342713
workshops,104,6342713
satisfied,104,6342713
personality,104,6342713
san,104,6342713
wiring,104,6342713
posture,104,6342713
intelligent,104,6342713
indirectly,103,6342713
session,103,6342713
meticulous,103,6342713
evaluation,103,6342713
cultivate,103,6342713
english,103,6342713
approaching,103,6342713
luring,103,6342713
inquire,103,6342713
outs,103,6342713
enhanced,103,6342713
entitled,103,6342713
charging,103,6342713
holds,103,6342713
n,103,6342713
bonus,103,6342713
misunderstandings,103,6342713
arousing,103,6342713
reached,103,6342713
mentioned,103,6342713
dropper,103,6342713
vegetation,103,6342713
smooth,102,6342713
mitigating,102,6342713
scent,102,6342713
opposite,102,6342713
sensitivity,102,6342713
verbally,102,6342713
tries,102,6342713
accessibility,102,6342713
influenced,102,6342713
wastes,102,6342713
flexibility,102,6342713
competing,102,6342713
unfavorable,102,6342713
clearing,102,6342713
arrangement,102,6342713
dish,102,6342713
outlet,102,6342713
dosage,102,6342713
decline,102,6342713
youth,102,6342713
shot,102,6342713
retaliation,102,6342713
backward,102,6342713
reusable,102,6342713
fruits,102,6342713
shaking,102,6342713
llc,102,6342713
streets,102,6342713
struggling,102,6342713
interfere,101,6342713
excessively,101,6342713
mirror,101,6342713
ethics,101,6342713
fights,101,6342713
button,101,6342713
historically,101,6342713
unequal,101,6342713
exaggerate,101,6342713
misappropriation,101,6342713
damaged,101,6342713
netflix,101,6342713
classroom,101,6342713
divisions,101,6342713
yields,101,6342713
virtually,101,6342713
deceiving,101,6342713
relax,101,6342713
offenses,101,6342713
investigating,101,6342713
continued,101,6342713
confuse,101,6342713
uncertain,100,6342713
stalking,100,6342713
intervene,100,6342713
submitted,100,6342713
ssl,100,6342713
experiencing,100,6342713
predictive,100,6342713
consensual,100,6342713
preserve,100,6342713
wrapping,100,6342713
reset,100,6342713
afterward,100,6342713
underage,100,6342713
wealthy,100,6342713
recruits,100,6342713
spill,100,6342713
enthusiasm,100,6342713
joy,100,6342713
st,100,6342713
recycle,100,6342713
gratitude,100,6342713
readily,100,6342713
unpatched,100,6342713
circles,100,6342713
mexican,100,6342713
potion,99,6342713
steer,99,6342713
hotline,99,6342713
ph,99,6342713
accomplices,99,6342713
recipients,99,6342713
sector,99,6342713
fluids,99,6342713
floor,99,6342713
mark,99,6342713
bypassing,99,6342713
contraband,99,6342713
unemployment,99,6342713
testimonials,99,6342713
hateful,99,6342713
functioning,99,6342713
sodium,99,6342713
discrediting,99,6342713
desperate,99,6342713
delay,99,6342713
operatives,99,6342713
pump,99,6342713
intercept,99,6342713
phrasing,99,6342713
kindly,99,6342713
counsel,99,6342713
legs,99,6342713
forensic,99,6342713
delays,99,6342713
generic,98,6342713
scratch,98,6342713
invoicing,98,6342713
visited,98,6342713
privately,98,6342713
served,98,6342713
packets,98,6342713
clubs,98,6342713
inspect,98,6342713
memes,98,6342713
assign,98,6342713
reassure,98,6342713
anticipate,98,6342713
issued,98,6342713
affordable,98,6342713
herself,98,6342713
exclusion,98,6342713
constructed,98,6342713
overwhelming,98,6342713
gpt,98,6342713
difficulties,98,6342713
owe,98,6342713
soldiers,98,6342713
units,98,6342713
brings,98,6342713
mother,98,6342713
simplest,97,6342713
permanently,97,6342713
resolving,97,6342713
clarity,97,6342713
gap,97,6342713
administrators,97,6342713
fundamental,97,6342713
hunt,97,6342713
entrance,97,6342713
justified,97,6342713
pure,97,6342713
shield,97,6342713
installation,97,6342713
assurance,97,6342713
fingerprints,97,6342713
unintentionally,97,6342713
consists,97,6342713
conservative,97,6342713
attire,97,6342713
donation,96,6342713
snacks,96,6342713
adjustments,96,6342713
screenshots,96,6342713
spirit,96,6342713
determination,96,6342713
unit,96,6342713
citizen,96,6342713
europe,96,6342713
prompt,96,6342713
gases,96,6342713
muscle,96,6342713
packing,96,6342713
transmitted,96,6342713
exclude,96,6342713
pockets,96,6342713
refraining,96,6342713
makeup,96,6342713
negotiations,96,6342713
kit,96,6342713
textbooks,96,6342713
famous,96,6342713
ride,96,6342713
scanners,96,6342713
aluminum,96,6342713
regard,96,6342713
slavery,96,6342713
traditionally,96,6342713
rendered,96,6342713
confronted,96,6342713
plastics,96,6342713
motives,96,6342713
volumes,96,6342713
confused,96,6342713
celebrities,96,6342713
extortion,96,6342713
fitting,95,6342713
rob,95,6342713
negotiating,95,6342713
embarrassment,95,6342713
passengers,95,6342713
suggested,95,6342713
coercive,95,6342713
firing,95,6342713
charitable,95,6342713
myself,95,6342713
metrics,95,6342713
speeches,95,6342713
signed,95,6342713
gauge,95,6342713
authors,95,6342713
proportions,95,6342713
feeding,95,6342713
anyway,95,6342713
modified,95,6342713
tradition,95,6342713
billing,95,6342713
planes,95,6342713
recognized,95,6342713
cope,95,6342713
month,95,6342713
prolonged,95,6342713
frustrated,95,6342713
genetic,95,6342713
residents,95,6342713
emphasizes,95,6342713
ordering,95,6342713
prospects,95,6342713
reliance,95,6342713
seo,95,6342713
unknowingly,95,6342713
displays,95,6342713
duct,94,6342713
suits,94,6342713
fearful,94,6342713
actor,94,6342713
notifications,94,6342713
detectors,94,6342713
airport,94,6342713
imprisonment,94,6342713
thin,94,6342713
keylogging,94,6342713
usual,94,6342713
everybody,94,6342713
suited,94,6342713
tech,94,6342713
homeless,94,6342713
frameworks,94,6342713
pen,94,6342713
equity,94,6342713
unconscious,94,6342713
variables,94,6342713
hatred,94,6342713
advisors,94,6342713
backdoor,94,6342713
pharmacy,94,6342713
bury,94,6342713
calculate,94,6342713
penalty,94,6342713
boycotts,94,6342713
charities,94,6342713
ounces,93,6342713
define,93,6342713
collaborate,93,6342713
assert,93,6342713
residence,93,6342713
rolling,93,6342713
shortcomings,93,6342713
shifts,93,6342713
guardians,93,6342713
fulfilling,93,6342713
referred,93,6342713
automate,93,6342713
conform,93,6342713
arts,93,6342713
fertilizers,93,6342713
fans,93,6342713
trolling,93,6342713
globally,93,6342713
observing,93,6342713
round,93,6342713
engineer,93,6342713
originally,93,6342713
powered,93,6342713
dissemination,93,6342713
accessories,93,6342713
season,93,6342713
template,93,6342713
reliability,92,6342713
solve,92,6342713
hopes,92,6342713
provocative,92,6342713
outline,92,6342713
payloads,92,6342713
seeming,92,6342713
believed,92,6342713
extracting,92,6342713
momentum,92,6342713
recipes,92,6342713
contribution,92,6342713
transition,92,6342713
programmed,92,6342713
scare,92,6342713
tactical,92,6342713
poorly,92,6342713
rare,92,6342713
loudly,92,6342713
strictly,92,6342713
attendance,92,6342713
reviewing,92,6342713
escaping,92,6342713
silly,92,6342713
closing,92,6342713
issuing,92,6342713
cook,92,6342713
lobbying,92,6342713
touches,92,6342713
whereby,92,6342713
ids,92,6342713
fruit,91,6342713
assume,91,6342713
trials,91,6342713
worms,91,6342713
oxygen,91,6342713
highlights,91,6342713
relaxation,91,6342713
operators,91,6342713
consequence,91,6342713
fired,91,6342713
fault,91,6342713
urls,91,6342713
sensors,91,6342713
string,91,6342713
vs,91,6342713
debates,91,6342713
corner,91,6342713
volunteers,91,6342713
aggressively,91,6342713
aspect,91,6342713
crash,91,6342713
dignity,91,6342713
geothermal,91,6342713
broadcasting,91,6342713
zones,91,6342713
obedient,91,6342713
toy,91,6342713
enemies,91,6342713
strychnine,91,6342713
indeed,91,6342713
histories,91,6342713
vaccine,91,6342713
harass,90,6342713
lit,90,6342713
neither,90,6342713
inclined,90,6342713
smartphone,90,6342713
keyloggers,90,6342713
cooperate,90,6342713
gossip,90,6342713
pertaining,90,6342713
ventures,90,6342713
behave,90,6342713
striking,90,6342713
arrests,90,6342713
framework,90,6342713
bin,90,6342713
wipe,90,6342713
proceedings,90,6342713
relation,90,6342713
tall,90,6342713
props,90,6342713
compliment,90,6342713
deployment,90,6342713
advancement,90,6342713
pot,90,6342713
alibis,90,6342713
improvements,90,6342713
escalating,90,6342713
harvest,90,6342713
plays,90,6342713
map,90,6342713
god,90,6342713
earlier,90,6342713
swap,90,6342713
vectors,90,6342713
censorship,90,6342713
continuous,90,6342713
informing,90,6342713
belladonna,90,6342713
footprints,90,6342713
reinforces,89,6342713
fellow,89,6342713
examining,89,6342713
css,89,6342713
duty,89,6342713
coat,89,6342713
declare,89,6342713
gaming,89,6342713
ports,89,6342713
elderly,89,6342713
noted,89,6342713
peroxide,89,6342713
scripting,89,6342713
cardboard,89,6342713
administrator,89,6342713
preventative,89,6342713
condone,89,6342713
impersonate,89,6342713
terrorism,89,6342713
faking,89,6342713
discriminating,89,6342713
insects,89,6342713
affirmation,89,6342713
specializing,89,6342713
pesticides,89,6342713
ranging,89,6342713
falls,89,6342713
capitalize,89,6342713
shots,89,6342713
island,89,6342713
honestly,88,6342713
decided,88,6342713
enlist,88,6342713
medicines,88,6342713
tied,88,6342713
traction,88,6342713
offenders,88,6342713
proposed,88,6342713
disabling,88,6342713
teeth,88,6342713
banned,88,6342713
unexpectedly,88,6342713
tabs,88,6342713
debris,88,6342713
attracted,88,6342713
quotes,88,6342713
greenhouse,88,6342713
steel,88,6342713
conspiracy,88,6342713
masquerading,88,6342713
influences,88,6342713
selective,88,6342713
dirt,88,6342713
disputes,88,6342713
personas,88,6342713
markers,88,6342713
opaque,88,6342713
root,88,6342713
expecting,88,6342713
angles,88,6342713
selectively,88,6342713
preying,88,6342713
exits,88,6342713
scarcity,88,6342713
coordination,88,6342713
exchanged,88,6342713
complimenting,88,6342713
worn,88,6342713
porn,88,6342713
condescending,87,6342713
cream,87,6342713
overstating,87,6342713
refunds,87,6342713
medium,87,6342713
plane,87,6342713
resistant,87,6342713
insulation,87,6342713
recorder,87,6342713
ramifications,87,6342713
syringes,87,6342713
hired,87,6342713
safeguards,87,6342713
fan,87,6342713
primarily,87,6342713
lawful,87,6342713
ethically,87,6342713
roommate,87,6342713
blocks,87,6342713
inner,87,6342713
himself,87,6342713
kindling,87,6342713
beautiful,87,6342713
dna,87,6342713
attaching,87,6342713
calming,87,6342713
defraud,87,6342713
vaccinations,87,6342713
worries,87,6342713
tea,87,6342713
lay,87,6342713
contagious,87,6342713
accompanied,86,6342713
grievances,86,6342713
urgent,86,6342713
tires,86,6342713
customized,86,6342713
sunlight,86,6342713
glasses,86,6342713
preferential,86,6342713
falling,86,6342713
straightforward,86,6342713
informal,86,6342713
offset,86,6342713
brain,86,6342713
agricultural,86,6342713
hole,86,6342713
islam,86,6342713
hang,86,6342713
handles,86,6342713
revenues,86,6342713
applicant,86,6342713
pin,86,6342713
welcome,86,6342713
arriving,86,6342713
ecosystems,86,6342713
membership,86,6342713
coded,86,6342713
expressed,86,6342713
botnet,86,6342713
liable,86,6342713
headlines,85,6342713
neglected,85,6342713
thief,85,6342713
portions,85,6342713
rejection,85,6342713
shorter,85,6342713
diversion,85,6342713
affairs,85,6342713
firewall,85,6342713
suggestion,85,6342713
de,85,6342713
six,85,6342713
schedules,85,6342713
toilet,85,6342713
upset,85,6342713
telephone,85,6342713
downplaying,85,6342713
redirecting,85,6342713
keeps,85,6342713
tapping,85,6342713
supervisor,85,6342713
journal,85,6342713
meditation,85,6342713
painful,85,6342713
invasion,85,6342713
vodka,85,6342713
erotic,85,6342713
distilled,85,6342713
millions,85,6342713
tire,85,6342713
unregulated,85,6342713
couples,85,6342713
mediums,85,6342713
unwelcome,85,6342713
inciting,85,6342713
implicit,85,6342713
offence,85,6342713
refund,84,6342713
laptop,84,6342713
fix,84,6342713
lacking,84,6342713
metals,84,6342713
assigned,84,6342713
irrigation,84,6342713
count,84,6342713
cleaners,84,6342713
produces,84,6342713
dust,84,6342713
ecstasy,84,6342713
duplicate,84,6342713
argue,84,6342713
infringe,84,6342713
filtering,84,6342713
hefty,84,6342713
geographic,84,6342713
w,84,6342713
says,84,6342713
wires,84,6342713
colored,84,6342713
monthly,84,6342713
disturbance,84,6342713
interpreted,84,6342713
hint,84,6342713
courier,84,6342713
triggering,84,6342713
reliant,84,6342713
coping,84,6342713
specialist,84,6342713
wasn,84,6342713
keyboard,84,6342713
granting,84,6342713
socialization,84,6342713
travelers,84,6342713
belongings,84,6342713
cruel,84,6342713
tokens,84,6342713
nefarious,84,6342713
overdose,83,6342713
decoy,83,6342713
hoping,83,6342713
nearly,83,6342713
updating,83,6342713
vandalism,83,6342713
honesty,83,6342713
interpersonal,83,6342713
arising,83,6342713
dissolve,83,6342713
sneaking,83,6342713
listings,83,6342713
returning,83,6342713
hosted,83,6342713
suggestive,83,6342713
nonviolent,83,6342713
army,83,6342713
flying,83,6342713
cultivating,83,6342713
burying,83,6342713
faces,83,6342713
stalk,83,6342713
suspects,83,6342713
irregularities,83,6342713
downs,83,6342713
playful,83,6342713
laugh,83,6342713
split,83,6342713
touched,83,6342713
modeling,83,6342713
forever,83,6342713
boiling,83,6342713
bus,83,6342713
mailing,83,6342713
separately,83,6342713
rings,83,6342713
slogans,83,6342713
reflection,83,6342713
violates,83,6342713
partnering,82,6342713
vegetable,82,6342713
triple,82,6342713
drawn,82,6342713
airborne,82,6342713
promotes,82,6342713
silently,82,6342713
bodily,82,6342713
foia,82,6342713
went,82,6342713
camps,82,6342713
serial,82,6342713
detrimental,82,6342713
martial,82,6342713
doctors,82,6342713
imply,82,6342713
extremist,82,6342713
methamphetamine,82,6342713
segments,82,6342713
activism,82,6342713
balances,82,6342713
testimony,82,6342713
countermeasures,82,6342713
unlicensed,82,6342713
backups,82,6342713
profitability,82,6342713
ingredient,82,6342713
inspectors,82,6342713
rural,82,6342713
sweet,82,6342713
church,82,6342713
printing,82,6342713
nlp,82,6342713
webcam,81,6342713
broader,81,6342713
coupons,81,6342713
botnets,81,6342713
unauthorised,81,6342713
complies,81,6342713
surprises,81,6342713
canada,81,6342713
judged,81,6342713
dioxide,81,6342713
posed,81,6342713
predict,81,6342713
spreads,81,6342713
chicken,81,6342713
monitors,81,6342713
dismissing,81,6342713
deliberate,81,6342713
experiments,81,6342713
inherently,81,6342713
researchers,81,6342713
toxins,81,6342713
balls,81,6342713
dialogues,81,6342713
scars,81,6342713
absolute,81,6342713
european,81,6342713
zoo,81,6342713
drastically,81,6342713
concise,81,6342713
triggered,81,6342713
earning,81,6342713
dinner,81,6342713
reusing,81,6342713
hat,81,6342713
sustained,80,6342713
teaspoon,80,6342713
plate,80,6342713
default,80,6342713
bed,80,6342713
sheets,80,6342713
million,80,6342713
navigating,80,6342713
disclosing,80,6342713
assembly,80,6342713
fires,80,6342713
unreliable,80,6342713
saw,80,6342713
carriers,80,6342713
trainer,80,6342713
instrument,80,6342713
infections,80,6342713
forgery,80,6342713
condoms,80,6342713
whatsapp,80,6342713
undesired,80,6342713
venues,80,6342713
pity,80,6342713
sand,80,6342713
loop,80,6342713
fingers,80,6342713
copied,80,6342713
cybercrime,80,6342713
replicate,80,6342713
terror,80,6342713
bridge,80,6342713
sitting,80,6342713
flowers,80,6342713
withdrawing,80,6342713
donald,80,6342713
ethanol,79,6342713
discovering,79,6342713
attentive,79,6342713
nutrients,79,6342713
whereas,79,6342713
ratio,79,6342713
diluting,79,6342713
pests,79,6342713
duration,79,6342713
disagreements,79,6342713
commons,79,6342713
derivative,79,6342713
distances,79,6342713
jews,79,6342713
disperse,79,6342713
formats,79,6342713
oh,79,6342713
describing,79,6342713
collaborative,79,6342713
identifies,79,6342713
mislead,79,6342713
resentment,79,6342713
ourselves,79,6342713
maliciously,79,6342713
injected,79,6342713
bully,79,6342713
fulfilled,79,6342713
amazing,79,6342713
thanks,79,6342713
subjected,79,6342713
mitigation,79,6342713
overlooked,79,6342713
sends,79,6342713
en,79,6342713
bets,79,6342713
segregation,79,6342713
ruin,79,6342713
continuing,79,6342713
packaged,79,6342713
showcase,78,6342713
invasive,78,6342713
basics,78,6342713
institute,78,6342713
tiny,78,6342713
passes,78,6342713
attributed,78,6342713
challenged,78,6342713
manufacturer,78,6342713
encounters,78,6342713
dissolved,78,6342713
stuffing,78,6342713
deliveries,78,6342713
alive,78,6342713
tolerated,78,6342713
destabilizing,78,6342713
experimentation,78,6342713
broad,78,6342713
etcetera,78,6342713
hospitals,78,6342713
converted,78,6342713
yoga,78,6342713
unintentional,78,6342713
felt,78,6342713
laborers,78,6342713
launderers,78,6342713
ponzi,78,6342713
occasionally,78,6342713
blue,78,6342713
struggle,78,6342713
rubbing,78,6342713
purity,78,6342713
adopting,78,6342713
coordinating,78,6342713
provisions,78,6342713
administered,78,6342713
boats,78,6342713
justification,77,6342713
incorrectly,77,6342713
vacuum,77,6342713
stable,77,6342713
persistence,77,6342713
predetermined,77,6342713
oils,77,6342713
tones,77,6342713
separation,77,6342713
males,77,6342713
trapping,77,6342713
tribes,77,6342713
vacation,77,6342713
tap,77,6342713
component,77,6342713
lenient,77,6342713
certifications,77,6342713
mostly,77,6342713
roots,77,6342713
stricter,77,6342713
brown,77,6342713
portraying,77,6342713
perceive,77,6342713
conferences,77,6342713
foundations,77,6342713
destroyed,77,6342713
speaks,77,6342713
pads,77,6342713
pair,76,6342713
mushrooms,76,6342713
customize,76,6342713
enrichment,76,6342713
steady,76,6342713
resonates,76,6342713
financing,76,6342713
ave,76,6342713
explanations,76,6342713
examine,76,6342713
falsify,76,6342713
scans,76,6342713
pressing,76,6342713
tough,76,6342713
estimated,76,6342713
jealous,76,6342713
proactively,76,6342713
outlined,76,6342713
itunes,76,6342713
incriminate,76,6342713
grassroots,76,6342713
waters,76,6342713
chlorine,76,6342713
tissue,76,6342713
volatility,76,6342713
disagreement,76,6342713
clips,76,6342713
pouring,76,6342713
happiness,76,6342713
catchy,76,6342713
gov,76,6342713
contexts,76,6342713
harmed,76,6342713
aircraft,76,6342713
dreams,76,6342713
piracy,76,6342713
computing,76,6342713
worthy,75,6342713
blank,75,6342713
album,75,6342713
precious,75,6342713
templates,75,6342713
hearing,75,6342713
curiosity,75,6342713
adventure,75,6342713
trader,75,6342713
math,75,6342713
overcome,75,6342713
rehabilitation,75,6342713
distinct,75,6342713
rigorous,75,6342713
concert,75,6342713
defending,75,6342713
glue,75,6342713
violated,75,6342713
attributes,75,6342713
survivors,75,6342713
conjunction,75,6342713
conflicting,75,6342713
monoxide,75,6342713
stranger,75,6342713
grass,75,6342713
fur,75,6342713
hotel,75,6342713
bids,75,6342713
brush,75,6342713
nightshade,75,6342713
r,75,6342713
consultant,75,6342713
amplification,75,6342713
milk,75,6342713
alongside,75,6342713
fishing,75,6342713
atm,75,6342713
ending,74,6342713
disparaging,74,6342713
comparisons,74,6342713
nitric,74,6342713
undertaken,74,6342713
cracked,74,6342713
seat,74,6342713
motor,74,6342713
indication,74,6342713
celebrate,74,6342713
lighthearted,74,6342713
typical,74,6342713
literature,74,6342713
husband,74,6342713
apartment,74,6342713
relatives,74,6342713
fits,74,6342713
branches,74,6342713
blow,74,6342713
experimenting,74,6342713
renting,74,6342713
vessels,74,6342713
hearted,74,6342713
coughing,74,6342713
differ,74,6342713
wheel,74,6342713
provoking,74,6342713
bedroom,74,6342713
landscape,74,6342713
reserve,74,6342713
respects,74,6342713
protestors,74,6342713
summary,74,6342713
linkedin,73,6342713
brands,73,6342713
north,73,6342713
prone,73,6342713
compost,73,6342713
cycles,73,6342713
illustrate,73,6342713
distributors,73,6342713
bittorrent,73,6342713
ball,73,6342713
verifiable,73,6342713
riding,73,6342713
swimming,73,6342713
shouting,73,6342713
semi,73,6342713
reflects,73,6342713
pretenses,73,6342713
freelance,73,6342713
height,73,6342713
bounds,73,6342713
compassionate,73,6342713
conveying,73,6342713
rarely,73,6342713
instant,73,6342713
imposed,73,6342713
ammonia,73,6342713
decentralized,73,6342713
establishments,73,6342713
beneath,73,6342713
angle,73,6342713
scraping,73,6342713
skilled,73,6342713
definitive,73,6342713
profiting,73,6342713
theory,73,6342713
democratic,73,6342713
consumes,73,6342713
assignments,73,6342713
relate,73,6342713
manufacture,73,6342713
christmas,73,6342713
disadvantaged,73,6342713
dominant,73,6342713
regulate,73,6342713
liquor,72,6342713
sleeping,72,6342713
misusing,72,6342713
subjective,72,6342713
bases,72,6342713
keylogger,72,6342713
approached,72,6342713
prime,72,6342713
containment,72,6342713
casualties,72,6342713
taxable,72,6342713
afford,72,6342713
nfl,72,6342713
birthdate,72,6342713
delicate,72,6342713
plug,72,6342713
microphones,72,6342713
obligated,72,6342713
strengthening,72,6342713
feeds,72,6342713
biodegradable,72,6342713
manipulators,72,6342713
rental,72,6342713
unattended,72,6342713
miss,72,6342713
west,72,6342713
consensus,72,6342713
harassing,72,6342713
constitute,72,6342713
phase,72,6342713
compartment,72,6342713
timber,72,6342713
ventilated,72,6342713
scared,72,6342713
cherry,72,6342713
shady,72,6342713
recover,72,6342713
trucks,72,6342713
quo,72,6342713
recognizable,72,6342713
syrup,71,6342713
seeks,71,6342713
son,71,6342713
attribution,71,6342713
micro,71,6342713
hurting,71,6342713
blaming,71,6342713
sheet,71,6342713
port,71,6342713
agriculture,71,6342713
drone,71,6342713
locating,71,6342713
mechanical,71,6342713
rude,71,6342713
import,71,6342713
broker,71,6342713
distant,71,6342713
ego,71,6342713
rumours,71,6342713
bins,71,6342713
spices,71,6342713
solicit,71,6342713
newly,71,6342713
foil,71,6342713
inflict,71,6342713
told,71,6342713
logo,71,6342713
undocumented,71,6342713
headphones,71,6342713
politician,71,6342713
criticized,71,6342713
deflect,71,6342713
cable,70,6342713
tablespoon,70,6342713
surreptitiously,70,6342713
truthful,70,6342713
query,70,6342713
backed,70,6342713
ships,70,6342713
predator,70,6342713
induce,70,6342713
migration,70,6342713
ignored,70,6342713
approve,70,6342713
affair,70,6342713
awkward,70,6342713
master,70,6342713
disapproval,70,6342713
farm,70,6342713
combustible,70,6342713
minimizes,70,6342713
turned,70,6342713
rope,70,6342713
rush,70,6342713
saved,70,6342713
banners,70,6342713
ml,70,6342713
mindset,70,6342713
processors,70,6342713
identical,70,6342713
oriented,70,6342713
hostility,70,6342713
innocence,70,6342713
merely,70,6342713
residue,70,6342713
band,70,6342713
odd,70,6342713
payroll,70,6342713
flat,70,6342713
measured,70,6342713
brief,70,6342713
inputs,70,6342713
probability,70,6342713
keystroke,70,6342713
positioning,70,6342713
minerals,70,6342713
magazines,70,6342713
existent,70,6342713
messenger,70,6342713
arises,70,6342713
dumb,70,6342713
budgets,70,6342713
shaped,70,6342713
migrant,70,6342713
resume,70,6342713
grown,70,6342713
enjoying,70,6342713
creatures,70,6342713
bookkeeping,70,6342713
mapping,70,6342713
pseudonyms,69,6342713
slipping,69,6342713
classic,69,6342713
enters,69,6342713
india,69,6342713
lax,69,6342713
trespassing,69,6342713
rock,69,6342713
disparities,69,6342713
respiratory,69,6342713
enclosure,69,6342713
healing,69,6342713
zone,69,6342713
fence,69,6342713
findings,69,6342713
exempt,69,6342713
truck,69,6342713
guides,69,6342713
counterparts,69,6342713
adhesive,69,6342713
commerce,69,6342713
stereotype,69,6342713
sponsored,69,6342713
dos,69,6342713
resonate,69,6342713
immense,69,6342713
basement,69,6342713
lessen,69,6342713
weakening,69,6342713
assistant,69,6342713
purposefully,69,6342713
directing,69,6342713
hesitant,69,6342713
escalation,69,6342713
musical,69,6342713
secluded,69,6342713
unlock,69,6342713
enterprise,69,6342713
correction,69,6342713
award,69,6342713
scandal,69,6342713
flights,69,6342713
biden,69,6342713
independently,69,6342713
investigator,69,6342713
shower,69,6342713
ratings,69,6342713
punished,68,6342713
contractor,68,6342713
pulling,68,6342713
confirming,68,6342713
advancing,68,6342713
informative,68,6342713
sentiments,68,6342713
females,68,6342713
flour,68,6342713
brutality,68,6342713
fluctuations,68,6342713
observed,68,6342713
undue,68,6342713
vicinity,68,6342713
captivity,68,6342713
institutional,68,6342713
discharged,68,6342713
strings,68,6342713
pond,68,6342713
acquisition,68,6342713
hundreds,68,6342713
utmost,68,6342713
deterrents,68,6342713
worrying,68,6342713
varies,68,6342713
bark,68,6342713
answering,68,6342713
positives,68,6342713
abandon,68,6342713
patrol,68,6342713
middlemen,67,6342713
cheese,67,6342713
safeguard,67,6342713
periodic,67,6342713
crop,67,6342713
utilizes,67,6342713
coercing,67,6342713
washington,67,6342713
centuries,67,6342713
arranged,67,6342713
seed,67,6342713
aspirations,67,6342713
negligence,67,6342713
imposing,67,6342713
emergencies,67,6342713
randomly,67,6342713
politically,67,6342713
mentality,67,6342713
alleviate,67,6342713
allergic,67,6342713
introduction,67,6342713
judgments,67,6342713
cleanup,67,6342713
export,67,6342713
charcoal,67,6342713
favour,67,6342713
skimming,67,6342713
battle,67,6342713
supervised,67,6342713
soaked,67,6342713
volunteering,67,6342713
garlic,67,6342713
sanitizer,67,6342713
patches,67,6342713
precaution,67,6342713
insufficient,67,6342713
deleted,67,6342713
square,67,6342713
backfire,67,6342713
bio,67,6342713
surrender,67,6342713
forbid,67,6342713
anecdotes,67,6342713
illegitimate,67,6342713
radiation,67,6342713
kidnapping,67,6342713
retrieved,66,6342713
humanely,66,6342713
weren,66,6342713
anymore,66,6342713
proud,66,6342713
universal,66,6342713
owning,66,6342713
albums,66,6342713
o,66,6342713
offerings,66,6342713
marry,66,6342713
cashier,66,6342713
morality,66,6342713
alleged,66,6342713
garner,66,6342713
committee,66,6342713
sneezing,66,6342713
laundry,66,6342713
diesel,66,6342713
expanding,66,6342713
migrants,66,6342713
scientists,66,6342713
precision,66,6342713
burner,66,6342713
lend,66,6342713
activate,66,6342713
worthwhile,66,6342713
circumvent,66,6342713
mindfulness,66,6342713
cage,66,6342713
proving,66,6342713
sticking,66,6342713
shaker,66,6342713
whites,66,6342713
assaults,66,6342713
priming,66,6342713
appearances,66,6342713
discounting,66,6342713
survive,66,6342713
stressful,66,6342713
ignite,66,6342713
sun,66,6342713
subsidies,66,6342713
proposal,66,6342713
inquiries,66,6342713
drastic,66,6342713
powers,66,6342713
distort,66,6342713
showcasing,66,6342713
predictions,66,6342713
shallow,66,6342713
breed,66,6342713
assigning,66,6342713
syringe,66,6342713
mexicans,65,6342713
cyberattack,65,6342713
risking,65,6342713
pretexting,65,6342713
conclusions,65,6342713
browse,65,6342713
ridiculing,65,6342713
abiding,65,6342713
supplements,65,6342713
enclosed,65,6342713
disappointment,65,6342713
themes,65,6342713
minimized,65,6342713
accomplice,65,6342713
accuse,65,6342713
hey,65,6342713
receptive,65,6342713
k,65,6342713
tourist,65,6342713
landlord,65,6342713
cryptographic,65,6342713
confidently,65,6342713
hanging,65,6342713
observation,65,6342713
overtly,65,6342713
refugees,65,6342713
loneliness,65,6342713
odors,65,6342713
tunnels,65,6342713
flirting,65,6342713
associations,65,6342713
resilience,65,6342713
irrelevant,65,6342713
sarcastic,65,6342713
horses,65,6342713
unclear,65,6342713
pertinent,65,6342713
robots,65,6342713
airtight,65,6342713
neglecting,65,6342713
straw,65,6342713
responds,65,6342713
generalizations,65,6342713
shit,65,6342713
tear,65,6342713
trending,65,6342713
tying,65,6342713
smith,65,6342713
sorts,65,6342713
prying,65,6342713
storytelling,65,6342713
printed,65,6342713
openings,65,6342713
foul,65,6342713
heist,65,6342713
surefire,65,6342713
pathways,65,6342713
categories,65,6342713
senator,65,6342713
timeframe,65,6342713
incentivize,65,6342713
chips,64,6342713
gunpowder,64,6342713
lesson,64,6342713
unlocked,64,6342713
olympic,64,6342713
blade,64,6342713
reform,64,6342713
incurring,64,6342713
butter,64,6342713
ricin,64,6342713
deprivation,64,6342713
jumping,64,6342713
repair,64,6342713
visually,64,6342713
flows,64,6342713
executable,64,6342713
utilities,64,6342713
minute,64,6342713
operates,64,6342713
incinerator,64,6342713
formula,64,6342713
pronouns,64,6342713
truths,64,6342713
fda,64,6342713
roll,64,6342713
advancements,64,6342713
expectation,64,6342713
educated,64,6342713
mainly,64,6342713
citizenship,64,6342713
sole,64,6342713
packet,64,6342713
prejudiced,64,6342713
betting,64,6342713
hall,64,6342713
pharmacist,64,6342713
vitamins,64,6342713
equip,64,6342713
problematic,64,6342713
cigarettes,64,6342713
flammable,64,6342713
snake,64,6342713
playtime,64,6342713
progressive,64,6342713
noisy,64,6342713
exams,64,6342713
revealed,64,6342713
heated,63,6342713
twist,63,6342713
eliminating,63,6342713
composed,63,6342713
empathetic,63,6342713
dream,63,6342713
adversaries,63,6342713
spoken,63,6342713
dismiss,63,6342713
bulbs,63,6342713
untrustworthy,63,6342713
combustion,63,6342713
born,63,6342713
hotlines,63,6342713
coerced,63,6342713
disturbing,63,6342713
steroids,63,6342713
hulu,63,6342713
absorb,63,6342713
embrace,63,6342713
accountants,63,6342713
nutrient,63,6342713
downplay,63,6342713
defence,63,6342713
awards,63,6342713
ingested,63,6342713
incognito,63,6342713
neighborhoods,63,6342713
apparent,63,6342713
chip,63,6342713
speaker,63,6342713
funneling,63,6342713
api,63,6342713
inherent,63,6342713
counting,63,6342713
emerging,63,6342713
prescriptions,63,6342713
extensively,63,6342713
creatively,63,6342713
affiliate,63,6342713
informants,63,6342713
operated,63,6342713
erosion,63,6342713
plates,63,6342713
honey,63,6342713
subjects,63,6342713
proximity,63,6342713
disrespectful,63,6342713
maps,63,6342713
aids,63,6342713
garnish,62,6342713
stuffed,62,6342713
yelling,62,6342713
expenditure,62,6342713
breath,62,6342713
festival,62,6342713
french,62,6342713
cuts,62,6342713
promised,62,6342713
theirs,62,6342713
servitude,62,6342713
understood,62,6342713
radical,62,6342713
refers,62,6342713
slang,62,6342713
functionality,62,6342713
scheduling,62,6342713
shapes,62,6342713
bands,62,6342713
empower,62,6342713
joe,62,6342713
aliases,62,6342713
resorting,62,6342713
rational,62,6342713
lonely,62,6342713
shelf,62,6342713
possessions,62,6342713
torture,62,6342713
conventional,62,6342713
perpetuate,62,6342713
ridiculous,62,6342713
announcements,62,6342713
thoughtfully,62,6342713
commitments,62,6342713
mandatory,62,6342713
supervisors,62,6342713
rejecting,62,6342713
worried,62,6342713
penetrate,62,6342713
spare,62,6342713
protects,62,6342713
contradict,62,6342713
inspire,62,6342713
stuck,62,6342713
decreasing,62,6342713
misrepresenting,62,6342713
tables,62,6342713
corners,62,6342713
lean,62,6342713
troll,62,6342713
efficacy,62,6342713
dvd,62,6342713
cds,62,6342713
paste,61,6342713
ancient,61,6342713
anonymizing,61,6342713
guardian,61,6342713
sanitary,61,6342713
dr,61,6342713
epa,61,6342713
regulating,61,6342713
birthday,61,6342713
panel,61,6342713
compromises,61,6342713
padding,61,6342713
screws,61,6342713
cryptography,61,6342713
rising,61,6342713
mobility,61,6342713
campaigning,61,6342713
avenues,61,6342713
journaling,61,6342713
intercepting,61,6342713
disasters,61,6342713
celebrating,61,6342713
pest,61,6342713
courage,61,6342713
moderation,61,6342713
mules,61,6342713
fuse,61,6342713
differing,61,6342713
totally,61,6342713
abandonment,61,6342713
adds,61,6342713
rituals,61,6342713
receives,61,6342713
alcoholic,61,6342713
francisco,61,6342713
thrown,61,6342713
blockchain,61,6342713
beans,61,6342713
indian,61,6342713
surely,61,6342713
endorsements,61,6342713
humidity,61,6342713
ratios,61,6342713
democracy,60,6342713
neighboring,60,6342713
beer,60,6342713
reviewed,60,6342713
leg,60,6342713
presentation,60,6342713
voila,60,6342713
dressed,60,6342713
adopted,60,6342713
occupation,60,6342713
winnings,60,6342713
superiority,60,6342713
heads,60,6342713
ears,60,6342713
depicting,60,6342713
systematically,60,6342713
assure,60,6342713
borrow,60,6342713
invitation,60,6342713
unchecked,60,6342713
pays,60,6342713
contaminate,60,6342713
array,60,6342713
evenly,60,6342713
barrier,60,6342713
unreasonable,60,6342713
premium,60,6342713
desperation,60,6342713
microphone,60,6342713
overt,60,6342713
batch,60,6342713
merchandise,60,6342713
publication,60,6342713
stopping,60,6342713
unrealistic,60,6342713
enhancing,60,6342713
burial,60,6342713
kissing,60,6342713
installations,60,6342713
infiltrating,60,6342713
originated,60,6342713
mouse,60,6342713
extort,60,6342713
cups,60,6342713
qualify,60,6342713
buffer,60,6342713
yourselves,60,6342713
outfit,60,6342713
gray,60,6342713
whiskey,59,6342713
diy,59,6342713
refine,59,6342713
cater,59,6342713
harmony,59,6342713
milestones,59,6342713
modification,59,6342713
suspension,59,6342713
technically,59,6342713
secretive,59,6342713
restrictive,59,6342713
unwilling,59,6342713
citing,59,6342713
pathogens,59,6342713
tread,59,6342713
terminate,59,6342713
abreast,59,6342713
useless,59,6342713
industrialized,59,6342713
microsoft,59,6342713
falsehoods,59,6342713
injustice,59,6342713
cctv,59,6342713
undesirable,59,6342713
keyword,59,6342713
welcoming,59,6342713
counselor,59,6342713
workforce,59,6342713
slight,59,6342713
spills,59,6342713
portable,59,6342713
accent,59,6342713
respectively,59,6342713
intricate,59,6342713
lunch,59,6342713
reproduce,59,6342713
kerosene,59,6342713
killed,59,6342713
germs,59,6342713
consultants,59,6342713
lived,59,6342713
activist,59,6342713
inspiring,59,6342713
solidarity,59,6342713
publications,59,6342713
branding,59,6342713
buried,59,6342713
filtered,59,6342713
doctored,59,6342713
smells,59,6342713
pseudonym,59,6342713
proposals,59,6342713
sister,59,6342713
backlash,59,6342713
outgoing,59,6342713
embarking,59,6342713
wiping,59,6342713
swapping,58,6342713
instruct,58,6342713
hacks,58,6342713
hobby,58,6342713
valuables,58,6342713
ages,58,6342713
intake,58,6342713
structural,58,6342713
aconitum,58,6342713
checkout,58,6342713
binary,58,6342713
payload,58,6342713
hedge,58,6342713
initiated,58,6342713
shaping,58,6342713
implicate,58,6342713
terrain,58,6342713
biohazard,58,6342713
hijacking,58,6342713
stamps,58,6342713
restore,58,6342713
flames,58,6342713
handy,58,6342713
wherein,58,6342713
subscriptions,58,6342713
stones,58,6342713
star,58,6342713
rewarded,58,6342713
roof,58,6342713
petty,58,6342713
undertaking,58,6342713
sparks,58,6342713
barrel,58,6342713
tried,58,6342713
chains,58,6342713
shoot,58,6342713
kick,58,6342713
geographical,58,6342713
rain,58,6342713
transnational,58,6342713
chats,58,6342713
counteract,58,6342713
displayed,58,6342713
specialists,58,6342713
statistical,58,6342713
liquidity,58,6342713
teens,58,6342713
clinics,58,6342713
slaves,58,6342713
screenings,58,6342713
accommodate,58,6342713
sized,58,6342713
poses,58,6342713
paints,58,6342713
routinely,58,6342713
adhered,58,6342713
opioids,57,6342713
owed,57,6342713
urge,57,6342713
islands,57,6342713
formed,57,6342713
intercepted,57,6342713
investigated,57,6342713
casually,57,6342713
unused,57,6342713
edited,57,6342713
blanket,57,6342713
guest,57,6342713
index,57,6342713
evaluated,57,6342713
passion,57,6342713
cooling,57,6342713
shirt,57,6342713
freedoms,57,6342713
tender,57,6342713
marching,57,6342713
victory,57,6342713
abuser,57,6342713
grip,57,6342713
deterrent,57,6342713
coupled,57,6342713
finger,57,6342713
manipulations,57,6342713
gangs,57,6342713
propagate,57,6342713
socializing,57,6342713
applies,57,6342713
muscles,57,6342713
showering,57,6342713
nominee,57,6342713
spotted,57,6342713
insist,57,6342713
accommodation,57,6342713
stuff,57,6342713
carpooling,57,6342713
terminology,57,6342713
variations,57,6342713
allocation,57,6342713
usable,57,6342713
subsequent,57,6342713
actionable,57,6342713
quicker,57,6342713
unscrupulous,57,6342713
vocal,57,6342713
auction,57,6342713
underneath,57,6342713
trains,57,6342713
cubes,57,6342713
adoption,57,6342713
symbolic,57,6342713
timed,57,6342713
achievement,57,6342713
unfortunate,57,6342713
nutritious,57,6342713
possessing,57,6342713
captured,56,6342713
discharges,56,6342713
nonexistent,56,6342713
clicked,56,6342713
validated,56,6342713
traceability,56,6342713
saliva,56,6342713
navigation,56,6342713
impose,56,6342713
pressuring,56,6342713
overnight,56,6342713
clinic,56,6342713
binding,56,6342713
edges,56,6342713
allocated,56,6342713
interpretation,56,6342713
publicity,56,6342713
crazy,56,6342713
incorporated,56,6342713
outweigh,56,6342713
intervals,56,6342713
tackle,56,6342713
convenient,56,6342713
florida,56,6342713
socio,56,6342713
deportation,56,6342713
hedging,56,6342713
charts,56,6342713
faiths,56,6342713
wet,56,6342713
handed,56,6342713
paraphernalia,56,6342713
locking,56,6342713
fumes,56,6342713
indoors,56,6342713
knee,56,6342713
shore,56,6342713
surfing,56,6342713
dollar,56,6342713
venmo,56,6342713
hardship,56,6342713
constraints,56,6342713
organically,56,6342713
socialize,56,6342713
dataset,56,6342713
acids,56,6342713
shocks,56,6342713
biting,56,6342713
reminder,56,6342713
played,56,6342713
chloride,56,6342713
stickers,56,6342713
thumb,56,6342713
beach,55,6342713
photograph,55,6342713
sees,55,6342713
favoritism,55,6342713
agrees,55,6342713
merchant,55,6342713
theater,55,6342713
configure,55,6342713
territory,55,6342713
detergent,55,6342713
workplaces,55,6342713
spraying,55,6342713
unnecessarily,55,6342713
interventions,55,6342713
indicates,55,6342713
repairs,55,6342713
impacting,55,6342713
contributes,55,6342713
reflective,55,6342713
blasting,55,6342713
punishable,55,6342713
runoff,55,6342713
flee,55,6342713
undercover,55,6342713
described,55,6342713
dramatic,55,6342713
load,55,6342713
untrue,55,6342713
gmail,55,6342713
vomiting,55,6342713
offending,55,6342713
twigs,55,6342713
diligently,55,6342713
incendiary,55,6342713
aligns,55,6342713
analysts,55,6342713
dried,55,6342713
satisfying,55,6342713
forgotten,55,6342713
trend,55,6342713
nodes,55,6342713
unforeseen,55,6342713
signage,55,6342713
disrespected,55,6342713
objectively,55,6342713
sourcing,55,6342713
heightened,55,6342713
fixed,55,6342713
faux,55,6342713
sexting,55,6342713
believes,55,6342713
civic,55,6342713
crossed,55,6342713
lake,55,6342713
jump,54,6342713
eavesdrop,54,6342713
delicious,54,6342713
conversion,54,6342713
diversification,54,6342713
ngos,54,6342713
hosts,54,6342713
evil,54,6342713
concentrations,54,6342713
impressive,54,6342713
immigrant,54,6342713
forestry,54,6342713
bold,54,6342713
forceful,54,6342713
styles,54,6342713
turbines,54,6342713
officially,54,6342713
companionship,54,6342713
encountered,54,6342713
mysterious,54,6342713
immunity,54,6342713
arbitrage,54,6342713
planted,54,6342713
greatest,54,6342713
outsiders,54,6342713
dictionary,54,6342713
proprietary,54,6342713
conserve,54,6342713
bystanders,54,6342713
hash,54,6342713
motivating,54,6342713
intrusive,54,6342713
sadness,54,6342713
innovation,54,6342713
insignificant,54,6342713
ear,54,6342713
adherence,54,6342713
hydroxide,54,6342713
tendencies,54,6342713
consist,54,6342713
nausea,54,6342713
timelines,54,6342713
hello,54,6342713
blankets,54,6342713
dishonest,54,6342713
cells,54,6342713
poisoned,54,6342713
opting,54,6342713
contempt,54,6342713
sulfur,54,6342713
worthlessness,54,6342713
outbreak,54,6342713
listener,54,6342713
custody,54,6342713
pinpoint,54,6342713
talent,54,6342713
delaying,54,6342713
households,54,6342713
overlook,54,6342713
lessons,54,6342713
planet,54,6342713
organisations,54,6342713
noting,54,6342713
enacted,54,6342713
bandwidth,54,6342713
lowering,54,6342713
ounce,54,6342713
waterways,54,6342713
accomplishment,54,6342713
inconsistent,54,6342713
cancer,54,6342713
individually,54,6342713
nationality,54,6342713
prejudices,53,6342713
lye,53,6342713
willingly,53,6342713
unpaid,53,6342713
arrives,53,6342713
wronged,53,6342713
extent,53,6342713
purse,53,6342713
overhead,53,6342713
exert,53,6342713
participant,53,6342713
explored,53,6342713
severely,53,6342713
optimized,53,6342713
accounted,53,6342713
helped,53,6342713
resides,53,6342713
moderators,53,6342713
lets,53,6342713
unlawfully,53,6342713
recorders,53,6342713
clinical,53,6342713
sturdy,53,6342713
survival,53,6342713
processor,53,6342713
amateur,53,6342713
referrals,53,6342713
confrontations,53,6342713
pens,53,6342713
bdsm,53,6342713
deserves,53,6342713
convicted,53,6342713
burns,53,6342713
crystal,53,6342713
inferiority,53,6342713
heritage,53,6342713
cryptic,53,6342713
filtration,53,6342713
occasions,53,6342713
stealthily,53,6342713
inches,53,6342713
voluntarily,53,6342713
joking,53,6342713
borrowing,53,6342713
county,53,6342713
christian,53,6342713
dumpster,53,6342713
deadline,53,6342713
rig,53,6342713
cops,53,6342713
disadvantage,53,6342713
manifest,53,6342713
stimulate,53,6342713
notifying,53,6342713
dispute,53,6342713
buses,53,6342713
congregate,53,6342713
extensions,53,6342713
insect,53,6342713
apprehended,53,6342713
congress,53,6342713
nervous,53,6342713
unconditional,53,6342713
weakened,53,6342713
nicotine,53,6342713
tracker,53,6342713
chart,53,6342713
puppies,53,6342713
checkups,53,6342713
liking,52,6342713
un,52,6342713
ugly,52,6342713
resumes,52,6342713
originating,52,6342713
escrow,52,6342713
confronting,52,6342713
unconventional,52,6342713
exerting,52,6342713
rice,52,6342713
amendment,52,6342713
withdrawn,52,6342713
capitalizing,52,6342713
hundred,52,6342713
sabotaging,52,6342713
backs,52,6342713
occasional,52,6342713
breaching,52,6342713
nuts,52,6342713
unavailable,52,6342713
symbol,52,6342713
drills,52,6342713
introduced,52,6342713
prosecuted,52,6342713
competent,52,6342713
bath,52,6342713
trolls,52,6342713
inserted,52,6342713
denied,52,6342713
astroturfing,52,6342713
learned,52,6342713
die,52,6342713
spanish,52,6342713
clock,52,6342713
sourced,52,6342713
devoted,52,6342713
arguing,52,6342713
shoplifting,52,6342713
backing,52,6342713
distorted,52,6342713
retailer,52,6342713
germany,52,6342713
adapt,52,6342713
blunt,52,6342713
rivals,52,6342713
pdf,52,6342713
commentary,52,6342713
publishers,52,6342713
invalidating,52,6342713
weaker,52,6342713
approving,52,6342713
compatible,52,6342713
stereotypical,52,6342713
mistreatment,52,6342713
exception,52,6342713
helmet,52,6342713
punch,52,6342713
specialty,52,6342713
anxieties,52,6342713
demonstrates,52,6342713
annual,52,6342713
soundcloud,52,6342713
cry,52,6342713
cord,52,6342713
rainwater,52,6342713
clicks,51,6342713
council,51,6342713
imagination,51,6342713
predatory,51,6342713
stimuli,51,6342713
modes,51,6342713
specifics,51,6342713
bite,51,6342713
announcement,51,6342713
alterations,51,6342713
devalued,51,6342713
integrate,51,6342713
decorations,51,6342713
offs,51,6342713
inflation,51,6342713
picked,51,6342713
declaring,51,6342713
appointment,51,6342713
composition,51,6342713
unseen,51,6342713
withhold,51,6342713
awarded,51,6342713
reasonably,51,6342713
designer,51,6342713
narrow,51,6342713
foam,51,6342713
assuming,51,6342713
threads,51,6342713
judgemental,51,6342713
holidays,51,6342713
misdirect,51,6342713
proves,51,6342713
chewing,51,6342713
evaluations,51,6342713
badly,51,6342713
fourth,51,6342713
talks,51,6342713
replaced,51,6342713
logins,51,6342713
throat,51,6342713
disinfecting,51,6342713
entrances,51,6342713
mirrors,51,6342713
evacuation,51,6342713
cdc,51,6342713
vice,51,6342713
judiciously,51,6342713
getaway,51,6342713
sneaky,51,6342713
fetch,51,6342713
pharmaceutical,51,6342713
civilians,51,6342713
surgery,51,6342713
certification,51,6342713
tease,51,6342713
hugs,51,6342713
constituents,51,6342713
speeds,51,6342713
farming,51,6342713
ethnicities,51,6342713
thermostat,51,6342713
admiration,51,6342713
litter,50,6342713
citrus,50,6342713
wonderful,50,6342713
prudent,50,6342713
collectively,50,6342713
inquiry,50,6342713
margins,50,6342713
rounds,50,6342713
dropping,50,6342713
curious,50,6342713
leakage,50,6342713
persists,50,6342713
suite,50,6342713
diverted,50,6342713
desktop,50,6342713
extension,50,6342713
practiced,50,6342713
yeah,50,6342713
asserting,50,6342713
wins,50,6342713
sanitization,50,6342713
admit,50,6342713
passersby,50,6342713
hacked,50,6342713
tends,50,6342713
circulating,50,6342713
al,50,6342713
unsuccessful,50,6342713
decryption,50,6342713
printer,50,6342713
discarding,50,6342713
contradictory,50,6342713
reply,50,6342713
reselling,50,6342713
russian,50,6342713
advocates,50,6342713
refrigerator,50,6342713
compound,50,6342713
beat,50,6342713
spoilage,50,6342713
swift,50,6342713
plagiarism,50,6342713
loggers,50,6342713
showers,50,6342713
consciousness,50,6342713
shredding,50,6342713
reassuring,50,6342713
nights,50,6342713
familiarity,50,6342713
pit,50,6342713
extend,50,6342713
attribute,50,6342713
collaborating,50,6342713
linguistic,50,6342713
enact,50,6342713
batches,50,6342713
repellents,50,6342713
striving,50,6342713
inexpensive,50,6342713
teenagers,50,6342713
engineers,50,6342713
ambiguous,50,6342713
till,49,6342713
filings,49,6342713
smile,49,6342713
fatigue,49,6342713
creditors,49,6342713
clandestine,49,6342713
apt,49,6342713
generator,49,6342713
photoshop,49,6342713
arbitrary,49,6342713
mannerisms,49,6342713
returned,49,6342713
bucket,49,6342713
muzzle,49,6342713
dance,49,6342713
pulled,49,6342713
corrections,49,6342713
hydrated,49,6342713
escort,49,6342713
humanity,49,6342713
flush,49,6342713
shoe,49,6342713
wake,49,6342713
fbi,49,6342713
inspiration,49,6342713
ordered,49,6342713
puncture,49,6342713
avoids,49,6342713
missed,49,6342713
similarities,49,6342713
erase,49,6342713
psychedelics,49,6342713
sanitizing,49,6342713
resembles,49,6342713
enlisting,49,6342713
mixers,49,6342713
subordinates,49,6342713
shadow,49,6342713
sexism,49,6342713
reflecting,49,6342713
moderate,49,6342713
sniffing,49,6342713
stash,49,6342713
marker,49,6342713
appetite,49,6342713
restraints,49,6342713
eyewear,49,6342713
clearance,49,6342713
cylinder,49,6342713
consultation,49,6342713
unplugging,49,6342713
exfiltrate,49,6342713
crops,49,6342713
nasty,49,6342713
existence,49,6342713
reputational,49,6342713
dear,49,6342713
disseminated,49,6342713
conventions,49,6342713
publisher,49,6342713
acetone,49,6342713
crossings,49,6342713
became,49,6342713
raid,49,6342713
accompany,49,6342713
honor,49,6342713
amplified,48,6342713
retribution,48,6342713
ideals,48,6342713
hypnosis,48,6342713
tricking,48,6342713
fulfillment,48,6342713
tailoring,48,6342713
propose,48,6342713
strokes,48,6342713
advertised,48,6342713
representations,48,6342713
teachings,48,6342713
blending,48,6342713
citations,48,6342713
approvals,48,6342713
discovers,48,6342713
nevertheless,48,6342713
everywhere,48,6342713
copyrights,48,6342713
lawfully,48,6342713
annoying,48,6342713
peoples,48,6342713
mayor,48,6342713
inaccessible,48,6342713
moisture,48,6342713
sprays,48,6342713
podcasts,48,6342713
unbiased,48,6342713
hierarchy,48,6342713
missions,48,6342713
fosters,48,6342713
observations,48,6342713
globe,48,6342713
directors,48,6342713
pan,48,6342713
preparations,48,6342713
devastating,48,6342713
tagging,48,6342713
twisting,48,6342713
mess,48,6342713
rabbit,48,6342713
reminders,48,6342713
ago,48,6342713
restrooms,48,6342713
vouch,48,6342713
bitter,48,6342713
protein,48,6342713
pleasant,48,6342713
compete,48,6342713
specifications,48,6342713
diligent,48,6342713
echo,48,6342713
lifestyles,48,6342713
fantasies,48,6342713
alias,48,6342713
distorting,48,6342713
aquatic,48,6342713
hesitation,48,6342713
nickname,48,6342713
chocolate,48,6342713
penalized,48,6342713
caps,48,6342713
diminishing,48,6342713
magazine,48,6342713
lemon,48,6342713
outsider,48,6342713
helmets,48,6342713
trans,48,6342713
glycerin,47,6342713
invaluable,47,6342713
wedge,47,6342713
theme,47,6342713
explains,47,6342713
governance,47,6342713
repayment,47,6342713
lucky,47,6342713
lesser,47,6342713
magic,47,6342713
percent,47,6342713
anomalies,47,6342713
tempting,47,6342713
father,47,6342713
dealt,47,6342713
homelessness,47,6342713
hats,47,6342713
complimentary,47,6342713
awarding,47,6342713
valves,47,6342713
cleanliness,47,6342713
foolish,47,6342713
divided,47,6342713
patrols,47,6342713
sporting,47,6342713
laser,47,6342713
groomed,47,6342713
wound,47,6342713
alleging,47,6342713
adheres,47,6342713
japanese,47,6342713
polluting,47,6342713
pressures,47,6342713
draft,47,6342713
reader,47,6342713
logged,47,6342713
abuses,47,6342713
counts,47,6342713
voluntary,47,6342713
secondary,47,6342713
shadows,47,6342713
lawmakers,47,6342713
economically,47,6342713
cracks,47,6342713
chicago,47,6342713
entertaining,47,6342713
grammar,47,6342713
beverages,47,6342713
metaphors,47,6342713
sauce,47,6342713
seminars,47,6342713
collapse,47,6342713
indoor,47,6342713
steals,47,6342713
brew,47,6342713
mspy,47,6342713
organs,47,6342713
p,47,6342713
eventual,47,6342713
addicted,47,6342713
gouging,47,6342713
royalty,47,6342713
suspiciously,47,6342713
stake,47,6342713
kid,47,6342713
exclusionary,47,6342713
markings,47,6342713
php,47,6342713
inducing,46,6342713
havoc,46,6342713
abnormal,46,6342713
optional,46,6342713
payouts,46,6342713
requirement,46,6342713
coin,46,6342713
german,46,6342713
dynamite,46,6342713
accusatory,46,6342713
notion,46,6342713
pace,46,6342713
watched,46,6342713
enjoyed,46,6342713
frames,46,6342713
adapted,46,6342713
laboratories,46,6342713
replacement,46,6342713
explosions,46,6342713
opens,46,6342713
ban,46,6342713
leash,46,6342713
dining,46,6342713
procurement,46,6342713
percentage,46,6342713
warming,46,6342713
eager,46,6342713
coalitions,46,6342713
prompts,46,6342713
oral,46,6342713
fiscal,46,6342713
shareholders,46,6342713
iq,46,6342713
exfiltration,46,6342713
whoever,46,6342713
likewise,46,6342713
attraction,46,6342713
smiling,46,6342713
oven,46,6342713
inequalities,46,6342713
steam,46,6342713
culturally,46,6342713
resemble,46,6342713
reimbursement,46,6342713
thinks,46,6342713
teasing,46,6342713
endless,46,6342713
resulted,46,6342713
builds,46,6342713
islamic,46,6342713
perfectly,46,6342713
restraining,46,6342713
receiver,46,6342713
pleasurable,46,6342713
regimes,46,6342713
shields,46,6342713
obeying,46,6342713
surprised,46,6342713
legitimize,46,6342713
captive,46,6342713
hopeless,46,6342713
searched,46,6342713
tremendous,46,6342713
heading,46,6342713
tainted,46,6342713
chatbot,46,6342713
decoys,46,6342713
leaning,46,6342713
lured,46,6342713
highway,46,6342713
affirmations,46,6342713
prizes,46,6342713
energies,46,6342713
lawn,46,6342713
suspended,46,6342713
cite,45,6342713
evening,45,6342713
biggest,45,6342713
wrapped,45,6342713
threshold,45,6342713
denatured,45,6342713
rub,45,6342713
hazard,45,6342713
affirmative,45,6342713
disregard,45,6342713
analyst,45,6342713
acknowledged,45,6342713
archive,45,6342713
loophole,45,6342713
incurred,45,6342713
matching,45,6342713
poaching,45,6342713
partnership,45,6342713
belongs,45,6342713
fonts,45,6342713
incredible,45,6342713
receipt,45,6342713
contracting,45,6342713
churches,45,6342713
exhibit,45,6342713
retain,45,6342713
endeavors,45,6342713
transmit,45,6342713
benign,45,6342713
intercourse,45,6342713
sticky,45,6342713
helplessness,45,6342713
tendency,45,6342713
critically,45,6342713
uncovered,45,6342713
directories,45,6342713
pseudoephedrine,45,6342713
couldn,45,6342713
publicize,45,6342713
whistle,45,6342713
meats,45,6342713
demean,45,6342713
vandalizing,45,6342713
grave,45,6342713
buzz,45,6342713
guarded,45,6342713
grams,45,6342713
economies,45,6342713
fitness,45,6342713
exterior,45,6342713
dropped,45,6342713
impurities,45,6342713
nooutput,45,6342713
measurable,45,6342713
miles,45,6342713
accusation,45,6342713
immune,45,6342713
misused,45,6342713
guided,45,6342713
sow,45,6342713
correctness,45,6342713
stun,45,6342713
entrepreneurs,45,6342713
flu,45,6342713
statutes,45,6342713
telegram,45,6342713
taught,45,6342713
unwary,45,6342713
olive,45,6342713
gardens,45,6342713
armor,45,6342713
draws,45,6342713
producers,45,6342713
eyedropper,45,6342713
squeeze,44,6342713
depriving,44,6342713
lavish,44,6342713
strip,44,6342713
recruited,44,6342713
brokerage,44,6342713
bitch,44,6342713
recall,44,6342713
investigative,44,6342713
swaps,44,6342713
integrated,44,6342713
contests,44,6342713
slide,44,6342713
interpretations,44,6342713
fashioned,44,6342713
misbehavior,44,6342713
professor,44,6342713
strains,44,6342713
chamber,44,6342713
lowest,44,6342713
invited,44,6342713
contacted,44,6342713
biohazardous,44,6342713
hotels,44,6342713
exiting,44,6342713
static,44,6342713
developer,44,6342713
ppe,44,6342713
hijack,44,6342713
scores,44,6342713
cabinet,44,6342713
mobs,44,6342713
priced,44,6342713
egg,44,6342713
bits,44,6342713
mom,44,6342713
drilling,44,6342713
transitioning,44,6342713
municipality,44,6342713
empowered,44,6342713
scales,44,6342713
nitrate,44,6342713
nationwide,44,6342713
flame,44,6342713
elbow,44,6342713
photography,44,6342713
classification,44,6342713
assertively,44,6342713
elude,44,6342713
entrenched,44,6342713
catalytic,44,6342713
sacrificing,44,6342713
breaths,44,6342713
disciplining,44,6342713
sacred,44,6342713
contrast,44,6342713
disinfect,44,6342713
wears,44,6342713
behaving,44,6342713
lengthy,44,6342713
obscuring,44,6342713
conserving,44,6342713
liberties,44,6342713
declared,44,6342713
reused,44,6342713
visitor,44,6342713
precisely,44,6342713
idiot,44,6342713
nightclubs,44,6342713
biometric,44,6342713
authoritarian,44,6342713
demonstrated,44,6342713
evolving,44,6342713
uneasy,44,6342713
tourism,44,6342713
chew,44,6342713
hitler,44,6342713
inspecting,44,6342713
solvents,44,6342713
coup,44,6342713
competitions,44,6342713
diplomacy,44,6342713
football,44,6342713
nude,44,6342713
robot,44,6342713
instantly,43,6342713
crowdfunding,43,6342713
courteous,43,6342713
representing,43,6342713
freshly,43,6342713
boys,43,6342713
invitations,43,6342713
font,43,6342713
coverings,43,6342713
disrespect,43,6342713
disconnect,43,6342713
chemist,43,6342713
fourthly,43,6342713
reinforced,43,6342713
habit,43,6342713
credential,43,6342713
thermal,43,6342713
imperative,43,6342713
warned,43,6342713
ultimatums,43,6342713
uploaded,43,6342713
pedestrian,43,6342713
legitimately,43,6342713
climb,43,6342713
controversy,43,6342713
laid,43,6342713
loves,43,6342713
audited,43,6342713
electoral,43,6342713
multinational,43,6342713
mediation,43,6342713
enterprises,43,6342713
chores,43,6342713
kidnap,43,6342713
positivity,43,6342713
identifiers,43,6342713
refute,43,6342713
rightful,43,6342713
reproduction,43,6342713
cares,43,6342713
wishing,43,6342713
iron,43,6342713
commissions,43,6342713
sincerely,43,6342713
assumed,43,6342713
offend,43,6342713
collateral,43,6342713
scanner,43,6342713
befriending,43,6342713
confined,43,6342713
chair,43,6342713
absence,43,6342713
insensitive,43,6342713
uncovering,43,6342713
raises,43,6342713
ensured,43,6342713
extracts,43,6342713
equivalent,43,6342713
performers,43,6342713
mystery,43,6342713
wine,43,6342713
lyrics,43,6342713
referral,43,6342713
packs,43,6342713
rifles,43,6342713
purposely,43,6342713
whichever,43,6342713
memorable,43,6342713
concentrate,43,6342713
universe,43,6342713
hug,43,6342713
y,43,6342713
knocking,43,6342713
stimulating,43,6342713
encrypts,43,6342713
mr,43,6342713
tomorrow,43,6342713
admire,43,6342713
undergo,43,6342713
socioeconomic,43,6342713
detector,43,6342713
offended,43,6342713
vaccination,43,6342713
meticulously,43,6342713
backpack,43,6342713
silver,42,6342713
sophistication,42,6342713
monero,42,6342713
pursuit,42,6342713
gradual,42,6342713
rooted,42,6342713
euphoria,42,6342713
separatist,42,6342713
stressed,42,6342713
camp,42,6342713
dietary,42,6342713
ray,42,6342713
bioterrorism,42,6342713
centered,42,6342713
phosphorus,42,6342713
cycling,42,6342713
leaflets,42,6342713
garage,42,6342713
packed,42,6342713
overthrow,42,6342713
discontent,42,6342713
balloon,42,6342713
landing,42,6342713
laying,42,6342713
therapists,42,6342713
specifying,42,6342713
patrons,42,6342713
warmth,42,6342713
drained,42,6342713
aligned,42,6342713
rendering,42,6342713
festivals,42,6342713
bamboo,42,6342713
pile,42,6342713
george,42,6342713
impending,42,6342713
absorbent,42,6342713
knock,42,6342713
rednecks,42,6342713
bureau,42,6342713
apology,42,6342713
misappropriating,42,6342713
tinder,42,6342713
melted,42,6342713
essentially,42,6342713
debts,42,6342713
organisms,42,6342713
biking,42,6342713
accumulate,42,6342713
diarrhea,42,6342713
starters,42,6342713
tweets,42,6342713
towels,42,6342713
hood,42,6342713
ranking,42,6342713
casting,42,6342713
misdirection,42,6342713
realized,42,6342713
interrupting,42,6342713
mirroring,42,6342713
instituting,42,6342713
bow,42,6342713
constructively,42,6342713
disadvantages,42,6342713
rifle,42,6342713
openness,42,6342713
unstable,42,6342713
timer,42,6342713
detonator,42,6342713
operator,42,6342713
deferring,42,6342713
cough,42,6342713
claimed,42,6342713
irresponsible,42,6342713
suitcases,42,6342713
onion,42,6342713
speculation,42,6342713
jesus,42,6342713
harvested,42,6342713
blowing,42,6342713
halfway,42,6342713
nuances,42,6342713
popularity,42,6342713
groomers,42,6342713
atms,42,6342713
represented,42,6342713
stray,42,6342713
brother,42,6342713
hustle,42,6342713
baseball,42,6342713
ink,41,6342713
microwave,41,6342713
alerted,41,6342713
receivables,41,6342713
notification,41,6342713
airplanes,41,6342713
droplets,41,6342713
scholarships,41,6342713
elevated,41,6342713
savvy,41,6342713
paramount,41,6342713
subsequently,41,6342713
artistic,41,6342713
judging,41,6342713
intruders,41,6342713
torrenting,41,6342713
permitting,41,6342713
usa,41,6342713
literally,41,6342713
unconsciousness,41,6342713
mentorship,41,6342713
separated,41,6342713
instructed,41,6342713
prevalent,41,6342713
aerosol,41,6342713
implied,41,6342713
allocate,41,6342713
orange,41,6342713
favored,41,6342713
writers,41,6342713
invalidate,41,6342713
unions,41,6342713
token,41,6342713
infecting,41,6342713
pitch,41,6342713
instilling,41,6342713
calculated,41,6342713
captures,41,6342713
thwart,41,6342713
motivates,41,6342713
pressured,41,6342713
associating,41,6342713
brick,41,6342713
masquerade,41,6342713
promoted,41,6342713
marrying,41,6342713
gaslight,41,6342713
confusing,41,6342713
perpetuating,41,6342713
varied,41,6342713
infiltration,41,6342713
density,41,6342713
dispersal,41,6342713
sexy,41,6342713
encoding,41,6342713
booking,41,6342713
costumes,41,6342713
suffocation,41,6342713
distracted,41,6342713
dairy,41,6342713
attacked,41,6342713
magnitude,41,6342713
brake,41,6342713
married,41,6342713
outlook,41,6342713
deaths,41,6342713
frozen,41,6342713
lethality,41,6342713
interpret,41,6342713
dominate,41,6342713
confirmed,41,6342713
vector,41,6342713
jeopardize,41,6342713
hook,41,6342713
disinfectant,41,6342713
unverified,41,6342713
denominations,41,6342713
surgical,41,6342713
forbidden,41,6342713
tense,41,6342713
internally,41,6342713
domains,41,6342713
shortly,41,6342713
ineffective,41,6342713
holiday,41,6342713
biomass,41,6342713
bubbles,41,6342713
safeguarding,41,6342713
robbing,41,6342713
purporting,41,6342713
sky,41,6342713
judges,40,6342713
journals,40,6342713
envelope,40,6342713
offender,40,6342713
expresses,40,6342713
grows,40,6342713
imminent,40,6342713
digging,40,6342713
drawer,40,6342713
wounds,40,6342713
chose,40,6342713
portrays,40,6342713
bolts,40,6342713
needle,40,6342713
convinced,40,6342713
unmarked,40,6342713
spoiled,40,6342713
stakes,40,6342713
ethyl,40,6342713
cultivation,40,6342713
inability,40,6342713
agility,40,6342713
january,40,6342713
breeds,40,6342713
captions,40,6342713
lending,40,6342713
communicated,40,6342713
payable,40,6342713
marginalize,40,6342713
belt,40,6342713
exponentially,40,6342713
inconvenience,40,6342713
bedding,40,6342713
remark,40,6342713
submissive,40,6342713
cooperative,40,6342713
legislative,40,6342713
boat,40,6342713
adjusted,40,6342713
v,40,6342713
misappropriate,40,6342713
gates,40,6342713
recyclable,40,6342713
delayed,40,6342713
dispersed,40,6342713
strips,40,6342713
century,40,6342713
professions,40,6342713
prohibits,40,6342713
malpractice,40,6342713
nail,40,6342713
travels,40,6342713
contaminating,40,6342713
pervasive,40,6342713
crystals,40,6342713
airplane,40,6342713
hinder,40,6342713
ingestion,40,6342713
assertions,40,6342713
impactful,40,6342713
rigging,40,6342713
exclusively,40,6342713
crackers,40,6342713
followings,40,6342713
circuit,40,6342713
passage,40,6342713
allegedly,40,6342713
favourable,40,6342713
mesh,40,6342713
sport,40,6342713
riot,40,6342713
practitioners,40,6342713
resisting,40,6342713
disgusting,40,6342713
gate,40,6342713
fever,40,6342713
render,40,6342713
spanking,40,6342713
ecosystem,40,6342713
trunk,40,6342713
faked,40,6342713
refusal,40,6342713
portal,40,6342713
guiding,40,6342713
wipes,40,6342713
chest,40,6342713
accompanying,40,6342713
recommendation,40,6342713
perishable,40,6342713
inspired,40,6342713
publicizing,40,6342713
frustrating,40,6342713
piping,40,6342713
patronizing,39,6342713
molotov,39,6342713
inspected,39,6342713
downstream,39,6342713
wireshark,39,6342713
rejected,39,6342713
excited,39,6342713
unexplained,39,6342713
separating,39,6342713
hotspots,39,6342713
pyramid,39,6342713
remorse,39,6342713
exhibiting,39,6342713
profession,39,6342713
assembling,39,6342713
gesture,39,6342713
examination,39,6342713
guise,39,6342713
seeding,39,6342713
essence,39,6342713
fixing,39,6342713
pouches,39,6342713
intact,39,6342713
psychedelic,39,6342713
darkweb,39,6342713
knew,39,6342713
divulge,39,6342713
aims,39,6342713
accomplishing,39,6342713
sake,39,6342713
alternately,39,6342713
smuggled,39,6342713
hasn,39,6342713
splitting,39,6342713
pleasing,39,6342713
sooner,39,6342713
giveaways,39,6342713
repay,39,6342713
brushing,39,6342713
pursued,39,6342713
courts,39,6342713
conference,39,6342713
anticipated,39,6342713
texture,39,6342713
stretch,39,6342713
interception,39,6342713
scraps,39,6342713
depict,39,6342713
soliciting,39,6342713
applicator,39,6342713
blended,39,6342713
portrayals,39,6342713
farms,39,6342713
hydropower,39,6342713
impressions,39,6342713
divorce,39,6342713
jealousy,39,6342713
lobby,39,6342713
seekers,39,6342713
impersonation,39,6342713
sensation,39,6342713
stretching,39,6342713
jars,39,6342713
contributed,39,6342713
rodent,39,6342713
breeders,39,6342713
flavors,39,6342713
ied,39,6342713
cavities,39,6342713
unattainable,39,6342713
compile,39,6342713
exploitable,39,6342713
dislike,39,6342713
scandals,39,6342713
grand,39,6342713
unavoidable,39,6342713
pickup,39,6342713
dns,39,6342713
colorful,39,6342713
censored,39,6342713
evasive,39,6342713
systematic,39,6342713
expansion,39,6342713
boycott,39,6342713
eyebrows,39,6342713
err,39,6342713
memberships,38,6342713
cache,38,6342713
heal,38,6342713
phantom,38,6342713
classify,38,6342713
anonymize,38,6342713
massage,38,6342713
argued,38,6342713
dam,38,6342713
dissolving,38,6342713
hurts,38,6342713
ranges,38,6342713
simpler,38,6342713
slower,38,6342713
uk,38,6342713
tubes,38,6342713
ballots,38,6342713
moneygram,38,6342713
ii,38,6342713
infidelity,38,6342713
emit,38,6342713
ceiling,38,6342713
walmart,38,6342713
harms,38,6342713
loops,38,6342713
pins,38,6342713
felony,38,6342713
resale,38,6342713
tenants,38,6342713
timers,38,6342713
circulate,38,6342713
spying,38,6342713
curriculum,38,6342713
hose,38,6342713
demeanor,38,6342713
omitting,38,6342713
nicely,38,6342713
exhausted,38,6342713
considerate,38,6342713
comfortably,38,6342713
traveled,38,6342713
perimeter,38,6342713
darkness,38,6342713
descent,38,6342713
pushy,38,6342713
sprinkle,38,6342713
agendas,38,6342713
acquaintances,38,6342713
summer,38,6342713
restraint,38,6342713
entails,38,6342713
hopelessness,38,6342713
collections,38,6342713
except,38,6342713
favorably,38,6342713
eastern,38,6342713
facilitated,38,6342713
underreporting,38,6342713
guy,38,6342713
blast,38,6342713
dichromate,38,6342713
warrant,38,6342713
crew,38,6342713
br,38,6342713
tact,38,6342713
poured,38,6342713
particulate,38,6342713
overview,38,6342713
lookout,38,6342713
punches,38,6342713
hinting,38,6342713
nitrogen,38,6342713
dental,38,6342713
eroding,38,6342713
endangering,38,6342713
priorities,38,6342713
facilitating,38,6342713
christians,38,6342713
prosecute,38,6342713
slot,38,6342713
familiarizing,38,6342713
closest,38,6342713
affectionate,38,6342713
fences,38,6342713
misrepresent,38,6342713
marine,38,6342713
obfuscated,38,6342713
hiv,38,6342713
charm,38,6342713
diving,38,6342713
crushed,38,6342713
mimicking,38,6342713
fallacies,38,6342713
repurpose,38,6342713
pants,38,6342713
parrot,38,6342713
assistants,38,6342713
backwards,38,6342713
knowingly,38,6342713
puzzle,38,6342713
disappointed,38,6342713
cunning,38,6342713
startle,38,6342713
sequencing,38,6342713
cared,37,6342713
wisdom,37,6342713
nuisance,37,6342713
tribal,37,6342713
hollowed,37,6342713
bankruptcy,37,6342713
corrupting,37,6342713
directory,37,6342713
donors,37,6342713
injure,37,6342713
underrepresented,37,6342713
reproductive,37,6342713
grasp,37,6342713
petting,37,6342713
ash,37,6342713
nutritional,37,6342713
satisfactory,37,6342713
popcorn,37,6342713
sticker,37,6342713
budgeting,37,6342713
poll,37,6342713
mature,37,6342713
climbing,37,6342713
stomach,37,6342713
scheduled,37,6342713
morally,37,6342713
actress,37,6342713
rolled,37,6342713
degrading,37,6342713
slice,37,6342713
watering,37,6342713
anonymized,37,6342713
auditor,37,6342713
clarify,37,6342713
sells,37,6342713
reciprocity,37,6342713
costume,37,6342713
prevented,37,6342713
bleeding,37,6342713
russia,37,6342713
dramatically,37,6342713
victories,37,6342713
deferred,37,6342713
pseudo,37,6342713
eavesdropping,37,6342713
catches,37,6342713
mimics,37,6342713
texas,37,6342713
snakes,37,6342713
tipping,37,6342713
strangulation,37,6342713
dare,37,6342713
etiquette,37,6342713
subordinate,37,6342713
dig,37,6342713
largest,37,6342713
dispensaries,37,6342713
wives,37,6342713
humour,37,6342713
shocking,37,6342713
simulated,37,6342713
classifying,37,6342713
smarter,37,6342713
thc,37,6342713
breakup,37,6342713
collaborations,37,6342713
terrorists,37,6342713
decreases,37,6342713
correcting,37,6342713
toxin,37,6342713
vigorously,37,6342713
incomplete,37,6342713
medicinal,37,6342713
routed,37,6342713
sub,37,6342713
bluetooth,37,6342713
patch,37,6342713
named,37,6342713
grids,37,6342713
settle,37,6342713
lined,37,6342713
edible,37,6342713
maker,37,6342713
consulted,37,6342713
meters,37,6342713
intensive,37,6342713
exacerbate,37,6342713
enclosures,37,6342713
uphold,37,6342713
shirts,37,6342713
episodes,36,6342713
spring,36,6342713
bears,36,6342713
dvds,36,6342713
seizure,36,6342713
deduction,36,6342713
pools,36,6342713
pill,36,6342713
dashboard,36,6342713
league,36,6342713
cleverly,36,6342713
tampered,36,6342713
stunts,36,6342713
collects,36,6342713
laughing,36,6342713
researched,36,6342713
shall,36,6342713
competency,36,6342713
bidders,36,6342713
nowadays,36,6342713
elephant,36,6342713
dependents,36,6342713
royalties,36,6342713
unplug,36,6342713
devalue,36,6342713
stimulants,36,6342713
grey,36,6342713
drill,36,6342713
affiliation,36,6342713
jury,36,6342713
accelerant,36,6342713
starter,36,6342713
lodging,36,6342713
irrational,36,6342713
imaginary,36,6342713
brave,36,6342713
reforms,36,6342713
kickass,36,6342713
terrible,36,6342713
residency,36,6342713
pesticide,36,6342713
inclusivity,36,6342713
speculative,36,6342713
overcrowding,36,6342713
confinement,36,6342713
significance,36,6342713
endanger,36,6342713
unjust,36,6342713
killers,36,6342713
impairment,36,6342713
cruise,36,6342713
departure,36,6342713
decades,36,6342713
conviction,36,6342713
designate,36,6342713
stone,36,6342713
nonetheless,36,6342713
detonation,36,6342713
litigation,36,6342713
startup,36,6342713
marginalization,36,6342713
perks,36,6342713
taboo,36,6342713
jack,36,6342713
arrow,36,6342713
flavoring,36,6342713
sanitized,36,6342713
entrepreneur,36,6342713
jargon,36,6342713
jim,36,6342713
towns,36,6342713
beware,36,6342713
roughly,36,6342713
shampoo,36,6342713
besides,36,6342713
closure,36,6342713
conducive,36,6342713
resell,36,6342713
apprehension,36,6342713
enjoyment,36,6342713
shortcuts,36,6342713
chatbots,36,6342713
super,36,6342713
counterfeiting,36,6342713
taxpayers,36,6342713
disregarding,36,6342713
misappropriated,36,6342713
rating,36,6342713
sewage,36,6342713
tube,36,6342713
domestically,36,6342713
singing,36,6342713
reluctant,36,6342713
reconciliation,36,6342713
taser,36,6342713
sad,36,6342713
excuses,36,6342713
prints,36,6342713
postal,36,6342713
autoclaving,36,6342713
incremental,36,6342713
etfs,36,6342713
crush,36,6342713
insulated,36,6342713
mergers,36,6342713
inappropriately,36,6342713
envelopes,36,6342713
propagation,35,6342713
cosmetic,35,6342713
scandalous,35,6342713
sms,35,6342713
chilled,35,6342713
criticisms,35,6342713
degrade,35,6342713
amidst,35,6342713
authenticate,35,6342713
hammer,35,6342713
satisfy,35,6342713
notified,35,6342713
intolerance,35,6342713
wholesale,35,6342713
radioactive,35,6342713
persecution,35,6342713
doubting,35,6342713
pushed,35,6342713
activation,35,6342713
owns,35,6342713
backend,35,6342713
welcomed,35,6342713
unworthy,35,6342713
gave,35,6342713
gum,35,6342713
latex,35,6342713
abusers,35,6342713
thread,35,6342713
stis,35,6342713
traumatic,35,6342713
somehow,35,6342713
drama,35,6342713
interfering,35,6342713
blogging,35,6342713
informational,35,6342713
manageable,35,6342713
deceit,35,6342713
hollywood,35,6342713
satellite,35,6342713
supremacy,35,6342713
performs,35,6342713
terminating,35,6342713
tolerate,35,6342713
formatting,35,6342713
wells,35,6342713
feat,35,6342713
fleeing,35,6342713
hubs,35,6342713
stressing,35,6342713
hemlock,35,6342713
stroke,35,6342713
displeasure,35,6342713
fedex,35,6342713
undisclosed,35,6342713
quit,35,6342713
taxed,35,6342713
hairstyle,35,6342713
warn,35,6342713
repurposed,35,6342713
unflattering,35,6342713
legacy,35,6342713
sour,35,6342713
boy,35,6342713
speeding,35,6342713
irony,35,6342713
vetting,35,6342713
lookup,35,6342713
witnessed,35,6342713
shy,35,6342713
phish,35,6342713
switches,35,6342713
newsletters,35,6342713
mentor,35,6342713
bacterial,35,6342713
niche,35,6342713
drunk,35,6342713
necessities,35,6342713
convictions,35,6342713
definition,35,6342713
divulging,35,6342713
deflecting,35,6342713
quote,35,6342713
king,35,6342713
stars,35,6342713
anticipation,35,6342713
manipulates,35,6342713
answered,35,6342713
accepts,35,6342713
cuisine,35,6342713
immoral,35,6342713
mold,35,6342713
rides,35,6342713
companions,35,6342713
trapped,35,6342713
hell,35,6342713
tunnel,35,6342713
genetics,35,6342713
dubious,35,6342713
ethic,35,6342713
sued,35,6342713
wool,35,6342713
darker,35,6342713
steering,35,6342713
eliminates,35,6342713
airlines,35,6342713
calories,35,6342713
relaxing,35,6342713
concerts,35,6342713
poop,35,6342713
robotic,35,6342713
jr,35,6342713
restroom,35,6342713
kicks,35,6342713
ruling,35,6342713
cardiovascular,35,6342713
mediator,34,6342713
exemption,34,6342713
govern,34,6342713
retention,34,6342713
linux,34,6342713
michael,34,6342713
documentary,34,6342713
reside,34,6342713
embracing,34,6342713
imbalance,34,6342713
realism,34,6342713
mount,34,6342713
unsupported,34,6342713
defeated,34,6342713
pumps,34,6342713
infographics,34,6342713
sincerity,34,6342713
aerial,34,6342713
pretty,34,6342713
factions,34,6342713
tricked,34,6342713
fox,34,6342713
branch,34,6342713
excel,34,6342713
scout,34,6342713
competence,34,6342713
aged,34,6342713
parenting,34,6342713
stall,34,6342713
looked,34,6342713
encountering,34,6342713
category,34,6342713
blacks,34,6342713
methane,34,6342713
misunderstanding,34,6342713
detective,34,6342713
polish,34,6342713
interior,34,6342713
flexispy,34,6342713
additives,34,6342713
behaves,34,6342713
lifetime,34,6342713
sink,34,6342713
kicking,34,6342713
restoration,34,6342713
careers,34,6342713
pathway,34,6342713
grace,34,6342713
proteins,34,6342713
irregular,34,6342713
ranks,34,6342713
doctrine,34,6342713
cohesion,34,6342713
attorneys,34,6342713
supreme,34,6342713
extracted,34,6342713
ballot,34,6342713
italian,34,6342713
amenities,34,6342713
spirits,34,6342713
integral,34,6342713
formation,34,6342713
cosmetics,34,6342713
christ,34,6342713
bible,34,6342713
automating,34,6342713
contractual,34,6342713
diminished,34,6342713
arson,34,6342713
policing,34,6342713
simulate,34,6342713
herbal,34,6342713
lining,34,6342713
drag,34,6342713
eg,34,6342713
homosexuality,34,6342713
committees,34,6342713
variable,34,6342713
domination,34,6342713
basket,34,6342713
magical,34,6342713
pizza,34,6342713
bottoms,34,6342713
diagnosis,34,6342713
vandalize,34,6342713
sham,34,6342713
prevalence,34,6342713
sealing,34,6342713
ignorance,34,6342713
floods,34,6342713
awful,34,6342713
james,34,6342713
apples,34,6342713
consenting,33,6342713
pacific,33,6342713
deer,33,6342713
bubble,33,6342713
podcast,33,6342713
nazi,33,6342713
increments,33,6342713
partake,33,6342713
athletes,33,6342713
drainage,33,6342713
defamation,33,6342713
dismissed,33,6342713
dismissal,33,6342713
fixtures,33,6342713
trainers,33,6342713
discretely,33,6342713
descriptive,33,6342713
clarification,33,6342713
forgiveness,33,6342713
nonprofit,33,6342713
sanction,33,6342713
supposedly,33,6342713
evident,33,6342713
afoul,33,6342713
portrayed,33,6342713
phenomenon,33,6342713
captivating,33,6342713
endurance,33,6342713
overweight,33,6342713
tissues,33,6342713
folders,33,6342713
smartphones,33,6342713
grease,33,6342713
cleared,33,6342713
untrusted,33,6342713
tx,33,6342713
hollow,33,6342713
vacations,33,6342713
tactful,33,6342713
theaters,33,6342713
singers,33,6342713
plugs,33,6342713
lottery,33,6342713
cease,33,6342713
interviewing,33,6342713
chambers,33,6342713
overdo,33,6342713
importing,33,6342713
snow,33,6342713
shoplift,33,6342713
scrape,33,6342713
housekeeping,33,6342713
subpoena,33,6342713
salts,33,6342713
bundle,33,6342713
backstory,33,6342713
assurances,33,6342713
expiry,33,6342713
hassle,33,6342713
pause,33,6342713
illicitly,33,6342713
repurposing,33,6342713
ingest,33,6342713
merger,33,6342713
draining,33,6342713
incapacitate,33,6342713
candles,33,6342713
puzzles,33,6342713
disturbances,33,6342713
steganography,33,6342713
assassination,33,6342713
rankings,33,6342713
universally,33,6342713
scents,33,6342713
rehearse,33,6342713
upholding,33,6342713
laughter,33,6342713
admitting,33,6342713
sequence,33,6342713
relocation,33,6342713
brakes,33,6342713
prosecutors,33,6342713
excellence,33,6342713
boundary,33,6342713
euphemisms,33,6342713
refuses,33,6342713
borrowed,33,6342713
bullets,33,6342713
asleep,33,6342713
sexist,33,6342713
publically,33,6342713
shutting,33,6342713
wordpress,33,6342713
asshole,33,6342713
tariffs,33,6342713
shoulders,33,6342713
prompting,33,6342713
anonymization,33,6342713
irritation,33,6342713
pertain,33,6342713
broadcasts,33,6342713
administer,33,6342713
projectiles,33,6342713
buds,33,6342713
wheels,33,6342713
perpetuates,33,6342713
acquisitions,33,6342713
autonomous,33,6342713
presidential,33,6342713
tour,33,6342713
freezing,33,6342713
polarization,33,6342713
plains,33,6342713
whatsoever,33,6342713
stigma,33,6342713
injustices,33,6342713
joints,33,6342713
wired,33,6342713
effluent,33,6342713
fundraising,33,6342713
scary,33,6342713
negatives,33,6342713
riskier,33,6342713
oppressed,33,6342713
translation,33,6342713
reiterate,33,6342713
chainsaw,33,6342713
rabbits,33,6342713
harshly,33,6342713
nets,33,6342713
tuition,33,6342713
attractions,33,6342713
bandages,32,6342713
experimental,32,6342713
iras,32,6342713
solo,32,6342713
fraudster,32,6342713
cooperating,32,6342713
framed,32,6342713
cloak,32,6342713
purses,32,6342713
glance,32,6342713
thrive,32,6342713
analyzed,32,6342713
withstand,32,6342713
misrepresentation,32,6342713
centres,32,6342713
compose,32,6342713
varieties,32,6342713
propagating,32,6342713
pointed,32,6342713
unhappy,32,6342713
assessed,32,6342713
spin,32,6342713
conforming,32,6342713
snide,32,6342713
shoppers,32,6342713
circumstance,32,6342713
depreciation,32,6342713
cuddling,32,6342713
ass,32,6342713
resold,32,6342713
textbook,32,6342713
defects,32,6342713
historic,32,6342713
tutorial,32,6342713
marking,32,6342713
enormous,32,6342713
abundance,32,6342713
weekly,32,6342713
loading,32,6342713
reserves,32,6342713
ledger,32,6342713
hardworking,32,6342713
daylight,32,6342713
apis,32,6342713
restoring,32,6342713
preservation,32,6342713
neutralize,32,6342713
british,32,6342713
whistleblowers,32,6342713
provision,32,6342713
chooses,32,6342713
leverages,32,6342713
indigenous,32,6342713
configuration,32,6342713
unencrypted,32,6342713
gut,32,6342713
refused,32,6342713
veterinarians,32,6342713
penis,32,6342713
candid,32,6342713
repetitive,32,6342713
empowerment,32,6342713
weaponry,32,6342713
soul,32,6342713
dense,32,6342713
skirt,32,6342713
achieves,32,6342713
estimate,32,6342713
cellular,32,6342713
diversified,32,6342713
japan,32,6342713
screens,32,6342713
flask,32,6342713
unprofessional,32,6342713
middleman,32,6342713
stiff,32,6342713
fiat,32,6342713
specialised,32,6342713
assisting,32,6342713
statuses,32,6342713
sanitize,32,6342713
bolt,32,6342713
backpacks,32,6342713
fed,32,6342713
predicting,32,6342713
scissors,32,6342713
greener,32,6342713
rats,32,6342713
dissonance,32,6342713
lender,32,6342713
embassy,32,6342713
annoy,32,6342713
vessel,32,6342713
deserted,32,6342713
unlike,32,6342713
divides,32,6342713
desensitization,32,6342713
itinerary,32,6342713
contest,32,6342713
hydroelectric,32,6342713
typed,32,6342713
deescalate,32,6342713
conversational,32,6342713
leftovers,32,6342713
archives,32,6342713
occurrences,32,6342713
poker,32,6342713
unease,32,6342713
passions,32,6342713
roadblocks,32,6342713
llcs,32,6342713
died,32,6342713
forwarding,32,6342713
soup,32,6342713
whip,32,6342713
spoon,31,6342713
mini,31,6342713
seize,31,6342713
decorate,31,6342713
distinguish,31,6342713
kali,31,6342713
australia,31,6342713
luxurious,31,6342713
seals,31,6342713
newer,31,6342713
weighing,31,6342713
springs,31,6342713
principal,31,6342713
skull,31,6342713
disobedient,31,6342713
hills,31,6342713
generates,31,6342713
mountain,31,6342713
merit,31,6342713
blends,31,6342713
marital,31,6342713
formulated,31,6342713
positioned,31,6342713
treaties,31,6342713
adversary,31,6342713
prize,31,6342713
spelling,31,6342713
rank,31,6342713
succeeding,31,6342713
maturity,31,6342713
trim,31,6342713
dire,31,6342713
pinch,31,6342713
forensics,31,6342713
counterarguments,31,6342713
obstacle,31,6342713
refuge,31,6342713
agreeable,31,6342713
motivators,31,6342713
pros,31,6342713
persist,31,6342713
android,31,6342713
caustic,31,6342713
tiger,31,6342713
flea,31,6342713
closet,31,6342713
measurements,31,6342713
pirating,31,6342713
rim,31,6342713
cookie,31,6342713
correlation,31,6342713
tells,31,6342713
colour,31,6342713
argumentative,31,6342713
defrauding,31,6342713
milliliters,31,6342713
tumblers,31,6342713
fighters,31,6342713
asks,31,6342713
grain,31,6342713
inefficiencies,31,6342713
cybercrimes,31,6342713
camaraderie,31,6342713
groin,31,6342713
began,31,6342713
persuading,31,6342713
skip,31,6342713
apologizing,31,6342713
indicative,31,6342713
inspector,31,6342713
rectify,31,6342713
downloadable,31,6342713
segregating,31,6342713
dancing,31,6342713
deserving,31,6342713
convention,31,6342713
apologies,31,6342713
begun,31,6342713
cashiers,31,6342713
towel,31,6342713
dread,31,6342713
chase,31,6342713
brewing,31,6342713
ultimatum,31,6342713
uniform,31,6342713
tackling,31,6342713
screwdriver,31,6342713
agitate,31,6342713
lens,31,6342713
monetizing,31,6342713
peanut,31,6342713
furry,31,6342713
biodiversity,31,6342713
configurations,31,6342713
shelves,31,6342713
untreated,31,6342713
behaviorist,31,6342713
lenders,31,6342713
weekends,31,6342713
forcefully,31,6342713
faucets,31,6342713
ssn,31,6342713
fiction,31,6342713
floors,31,6342713
gross,31,6342713
somewhat,31,6342713
blades,31,6342713
tired,31,6342713
enjoys,31,6342713
sensations,31,6342713
freight,31,6342713
breakdown,31,6342713
assembled,31,6342713
settled,31,6342713
robert,31,6342713
david,31,6342713
lift,31,6342713
scented,31,6342713
methyl,31,6342713
qualification,31,6342713
consisting,31,6342713
kickback,31,6342713
casing,31,6342713
payoffs,31,6342713
deepen,31,6342713
sanity,31,6342713
senses,31,6342713
j,31,6342713
quarters,31,6342713
generosity,31,6342713
continual,31,6342713
emailing,31,6342713
logger,31,6342713
bat,31,6342713
cd,31,6342713
winner,31,6342713
implicitly,31,6342713
hostage,31,6342713
shade,31,6342713
teller,31,6342713
perpetrate,31,6342713
yahoo,31,6342713
commencing,31,6342713
disproportionately,31,6342713
sensational,30,6342713
condom,30,6342713
workspace,30,6342713
iot,30,6342713
bitcoins,30,6342713
weird,30,6342713
fragile,30,6342713
inadvertently,30,6342713
pencil,30,6342713
corrupted,30,6342713
constitutional,30,6342713
lightbulbs,30,6342713
accustomed,30,6342713
assailant,30,6342713
ideological,30,6342713
wasting,30,6342713
declining,30,6342713
ftp,30,6342713
tablets,30,6342713
labelled,30,6342713
reprimand,30,6342713
eliminated,30,6342713
undervalued,30,6342713
thresholds,30,6342713
technician,30,6342713
educators,30,6342713
civilian,30,6342713
compel,30,6342713
deletion,30,6342713
snap,30,6342713
groceries,30,6342713
optimistic,30,6342713
bloggers,30,6342713
pressed,30,6342713
campus,30,6342713
occasion,30,6342713
formaldehyde,30,6342713
noncompliance,30,6342713
quieter,30,6342713
ghost,30,6342713
microorganisms,30,6342713
solidify,30,6342713
reacting,30,6342713
onsite,30,6342713
powerless,30,6342713
ambiguity,30,6342713
slowing,30,6342713
oceans,30,6342713
exceeding,30,6342713
beakers,30,6342713
adobe,30,6342713
dryer,30,6342713
differs,30,6342713
foodborne,30,6342713
functional,30,6342713
tom,30,6342713
aprons,30,6342713
generators,30,6342713
coronavirus,30,6342713
killer,30,6342713
loads,30,6342713
polarizing,30,6342713
marketers,30,6342713
arrived,30,6342713
intimidated,30,6342713
shells,30,6342713
feminism,30,6342713
tick,30,6342713
evolve,30,6342713
alexa,30,6342713
assisted,30,6342713
colleges,30,6342713
incense,30,6342713
burned,30,6342713
rated,30,6342713
revolution,30,6342713
befriend,30,6342713
wiretapping,30,6342713
locker,30,6342713
ironic,30,6342713
chaotic,30,6342713
appointments,30,6342713
il,30,6342713
nurturing,30,6342713
tls,30,6342713
skipping,30,6342713
meter,30,6342713
utilization,30,6342713
bush,30,6342713
sparingly,30,6342713
ethereum,30,6342713
ing,30,6342713
ambush,30,6342713
defective,30,6342713
resilient,30,6342713
circular,30,6342713
onset,30,6342713
upsetting,30,6342713
stimulus,30,6342713
internships,30,6342713
tourists,30,6342713
subvert,30,6342713
occupied,30,6342713
rhetorical,30,6342713
rallying,30,6342713
era,30,6342713
span,30,6342713
interracial,30,6342713
village,30,6342713
indifference,30,6342713
loosen,30,6342713
nerve,30,6342713
dividing,30,6342713
vaccinated,30,6342713
crude,30,6342713
prescribing,30,6342713
mural,30,6342713
vibrant,30,6342713
pigeons,30,6342713
wetlands,30,6342713
enrich,30,6342713
breakable,30,6342713
funneled,29,6342713
circus,29,6342713
bacon,29,6342713
rolls,29,6342713
inheritance,29,6342713
teddy,29,6342713
manufacturers,29,6342713
doctoring,29,6342713
sweat,29,6342713
usda,29,6342713
relocating,29,6342713
beaker,29,6342713
funded,29,6342713
hype,29,6342713
attainable,29,6342713
defeat,29,6342713
detonating,29,6342713
labelling,29,6342713
dmca,29,6342713
talked,29,6342713
unprotected,29,6342713
accumulated,29,6342713
lands,29,6342713
obstructions,29,6342713
caffeine,29,6342713
dizziness,29,6342713
statutory,29,6342713
resolved,29,6342713
patriotism,29,6342713
nearest,29,6342713
sweets,29,6342713
retreat,29,6342713
coastal,29,6342713
giant,29,6342713
ten,29,6342713
unwarranted,29,6342713
economics,29,6342713
maneuvers,29,6342713
chairman,29,6342713
brainwashing,29,6342713
teamwork,29,6342713
cons,29,6342713
pharmaceuticals,29,6342713
blueprints,29,6342713
loser,29,6342713
fleas,29,6342713
gratification,29,6342713
aspirin,29,6342713
virgin,29,6342713
winter,29,6342713
negativity,29,6342713
agitated,29,6342713
deem,29,6342713
highways,29,6342713
collectors,29,6342713
seats,29,6342713
taps,29,6342713
pedestrians,29,6342713
responsive,29,6342713
noxious,29,6342713
drm,29,6342713
roam,29,6342713
relieve,29,6342713
booms,29,6342713
logically,29,6342713
dosages,29,6342713
shareable,29,6342713
talented,29,6342713
artifacts,29,6342713
sniffers,29,6342713
subtlety,29,6342713
nowhere,29,6342713
passenger,29,6342713
discriminated,29,6342713
reveals,29,6342713
admission,29,6342713
calcium,29,6342713
webinars,29,6342713
bound,29,6342713
soundproofing,29,6342713
lurking,29,6342713
degradation,29,6342713
orientations,29,6342713
reads,29,6342713
decisive,29,6342713
whistleblower,29,6342713
forthcoming,29,6342713
sorting,29,6342713
profiling,29,6342713
bug,29,6342713
berries,29,6342713
sneeze,29,6342713
quran,29,6342713
flower,29,6342713
sleeves,29,6342713
lengths,29,6342713
manufactured,29,6342713
frowned,29,6342713
traveler,29,6342713
activating,29,6342713
literacy,29,6342713
obnoxious,29,6342713
pollute,29,6342713
obama,29,6342713
hits,29,6342713
fantasy,29,6342713
mustard,29,6342713
replica,29,6342713
firework,29,6342713
dispensary,29,6342713
aura,29,6342713
indicated,29,6342713
bread,29,6342713
peel,29,6342713
subscribing,29,6342713
tale,29,6342713
thereof,29,6342713
accommodating,29,6342713
buys,29,6342713
intoxicated,29,6342713
hides,29,6342713
depictions,29,6342713
wrist,29,6342713
declarations,29,6342713
ips,29,6342713
fertility,29,6342713
wraps,29,6342713
boarding,29,6342713
settlement,29,6342713
intel,29,6342713
poke,29,6342713
republican,29,6342713
republicans,29,6342713
psychoactive,29,6342713
corresponds,29,6342713
incur,29,6342713
folder,29,6342713
mid,29,6342713
testimonies,29,6342713
replies,29,6342713
daunting,29,6342713
precautionary,29,6342713
sampling,29,6342713
etsy,29,6342713
mongering,29,6342713
bullet,29,6342713
awesome,29,6342713
pregnant,29,6342713
lectures,29,6342713
eom,29,6342713
nodding,29,6342713
halloween,29,6342713
prep,29,6342713
allergies,29,6342713
inadequacy,29,6342713
neural,29,6342713
alkaloids,29,6342713
wpa,29,6342713
opioid,28,6342713
cocktails,28,6342713
elders,28,6342713
prisoner,28,6342713
interrogation,28,6342713
disclosures,28,6342713
handcuffs,28,6342713
gateway,28,6342713
nitroglycerin,28,6342713
subscribe,28,6342713
incidences,28,6342713
gardening,28,6342713
follower,28,6342713
outrage,28,6342713
durable,28,6342713
johnson,28,6342713
wikipedia,28,6342713
interstate,28,6342713
meanings,28,6342713
empathize,28,6342713
menu,28,6342713
satire,28,6342713
referencing,28,6342713
selfish,28,6342713
wep,28,6342713
scalping,28,6342713
wave,28,6342713
stamina,28,6342713
consequently,28,6342713
ebooks,28,6342713
quizzes,28,6342713
skew,28,6342713
insinuate,28,6342713
ignorant,28,6342713
eaten,28,6342713
homework,28,6342713
architectures,28,6342713
rigorously,28,6342713
dissatisfied,28,6342713
resetting,28,6342713
restriction,28,6342713
adverts,28,6342713
belts,28,6342713
friendships,28,6342713
tolerant,28,6342713
suppression,28,6342713
blasts,28,6342713
sedative,28,6342713
ketamine,28,6342713
anytime,28,6342713
halt,28,6342713
unattractive,28,6342713
infer,28,6342713
mine,28,6342713
brainstorm,28,6342713
orgasm,28,6342713
splash,28,6342713
wrongful,28,6342713
arab,28,6342713
reacts,28,6342713
reversed,28,6342713
bruising,28,6342713
minimise,28,6342713
detects,28,6342713
surprising,28,6342713
pc,28,6342713
probing,28,6342713
picks,28,6342713
diets,28,6342713
ephedrine,28,6342713
pollutant,28,6342713
staffing,28,6342713
escorts,28,6342713
eligibility,28,6342713
doll,28,6342713
defining,28,6342713
bridges,28,6342713
alleys,28,6342713
basketball,28,6342713
tweet,28,6342713
unified,28,6342713
cider,28,6342713
lavender,28,6342713
exorbitant,28,6342713
certainty,28,6342713
unsecure,28,6342713
downtown,28,6342713
recovering,28,6342713
misbehaving,28,6342713
catastrophic,28,6342713
malfunction,28,6342713
circumventing,28,6342713
abduction,28,6342713
foolproof,28,6342713
acted,28,6342713
rescued,28,6342713
inflicting,28,6342713
monies,28,6342713
connects,28,6342713
norm,28,6342713
mice,28,6342713
tempted,28,6342713
seasonal,28,6342713
resident,28,6342713
portfolios,28,6342713
stances,28,6342713
filmed,28,6342713
complain,28,6342713
contradicts,28,6342713
segment,28,6342713
wedding,28,6342713
retrieval,28,6342713
rd,28,6342713
sterile,28,6342713
authenticated,28,6342713
adversely,28,6342713
anchor,28,6342713
spoons,28,6342713
sensor,28,6342713
cellphones,28,6342713
woods,28,6342713
malls,28,6342713
inhumane,28,6342713
differentiate,28,6342713
cafes,28,6342713
merchants,28,6342713
disrupts,28,6342713
headed,28,6342713
debugging,28,6342713
swing,28,6342713
infrastructures,28,6342713
standpoint,28,6342713
monuments,28,6342713
phases,28,6342713
richard,28,6342713
intuitive,28,6342713
cake,28,6342713
courtesy,28,6342713
proportion,28,6342713
tune,28,6342713
discredited,28,6342713
sadly,28,6342713
laden,28,6342713
seating,28,6342713
admin,28,6342713
submissions,28,6342713
connotations,28,6342713
towers,28,6342713
controller,28,6342713
riots,28,6342713
precursor,28,6342713
articulate,28,6342713
empowering,28,6342713
adventurous,28,6342713
wiser,28,6342713
unpopular,28,6342713
hormones,28,6342713
infinite,28,6342713
geo,27,6342713
siphoning,27,6342713
fahrenheit,27,6342713
automotive,27,6342713
corrosion,27,6342713
weights,27,6342713
lately,27,6342713
seizures,27,6342713
polling,27,6342713
lumber,27,6342713
couch,27,6342713
district,27,6342713
trickery,27,6342713
zoning,27,6342713
seemed,27,6342713
supervise,27,6342713
alien,27,6342713
documentaries,27,6342713
boosting,27,6342713
routers,27,6342713
defer,27,6342713
underestimate,27,6342713
sunglasses,27,6342713
romance,27,6342713
tandem,27,6342713
supplement,27,6342713
orderto,27,6342713
diagrams,27,6342713
holdings,27,6342713
trainings,27,6342713
quarter,27,6342713
plea,27,6342713
recourse,27,6342713
perfection,27,6342713
forgive,27,6342713
studios,27,6342713
ios,27,6342713
individualized,27,6342713
handwashing,27,6342713
spite,27,6342713
distortion,27,6342713
robotics,27,6342713
exaggeration,27,6342713
bake,27,6342713
sustainably,27,6342713
brightly,27,6342713
glove,27,6342713
mistreated,27,6342713
fist,27,6342713
ambitions,27,6342713
aphrodisiac,27,6342713
washed,27,6342713
upheld,27,6342713
baiting,27,6342713
purification,27,6342713
sterilization,27,6342713
tower,27,6342713
texting,27,6342713
amusing,27,6342713
implants,27,6342713
beds,27,6342713
minimising,27,6342713
disturb,27,6342713
synthesis,27,6342713
childhood,27,6342713
imagine,27,6342713
exhaustion,27,6342713
converters,27,6342713
april,27,6342713
streamline,27,6342713
outputs,27,6342713
cop,27,6342713
feminine,27,6342713
gendered,27,6342713
waves,27,6342713
drains,27,6342713
vial,27,6342713
founder,27,6342713
cancel,27,6342713
portals,27,6342713
integrating,27,6342713
cyberbully,27,6342713
stamp,27,6342713
acne,27,6342713
relates,27,6342713
stubborn,27,6342713
pat,27,6342713
unsustainable,27,6342713
thousand,27,6342713
favoring,27,6342713
naked,27,6342713
abandoning,27,6342713
displacement,27,6342713
defamatory,27,6342713
manuals,27,6342713
hence,27,6342713
misclassifying,27,6342713
seafood,27,6342713
discrepancy,27,6342713
invalid,27,6342713
refugee,27,6342713
wonder,27,6342713
breached,27,6342713
airline,27,6342713
evoking,27,6342713
udp,27,6342713
scamming,27,6342713
disciplined,27,6342713
segregated,27,6342713
mileage,27,6342713
hispanic,27,6342713
feminist,27,6342713
inhalation,27,6342713
stereotyping,27,6342713
franchise,27,6342713
handler,27,6342713
recreationally,27,6342713
disconnected,27,6342713
scolding,27,6342713
impunity,27,6342713
spice,27,6342713
arousal,27,6342713
van,27,6342713
faceted,27,6342713
aspca,27,6342713
uniformly,27,6342713
bother,27,6342713
prompted,27,6342713
subjecting,27,6342713
coffers,27,6342713
spectators,27,6342713
jokingly,27,6342713
handshake,27,6342713
prioritizing,27,6342713
summarize,27,6342713
payout,27,6342713
battles,27,6342713
editor,27,6342713
gin,27,6342713
classical,27,6342713
saltwater,27,6342713
irish,26,6342713
centralized,26,6342713
dip,26,6342713
counselling,26,6342713
switzerland,26,6342713
bruises,26,6342713
ropes,26,6342713
unsolicited,26,6342713
sacrifice,26,6342713
kidney,26,6342713
hay,26,6342713
mechanic,26,6342713
lingering,26,6342713
chairs,26,6342713
occurrence,26,6342713
defuse,26,6342713
decent,26,6342713
bend,26,6342713
directs,26,6342713
leather,26,6342713
handguns,26,6342713
ira,26,6342713
stressors,26,6342713
observers,26,6342713
inputting,26,6342713
objections,26,6342713
zip,26,6342713
classifieds,26,6342713
daring,26,6342713
intuition,26,6342713
pocketing,26,6342713
chronic,26,6342713
bagging,26,6342713
mall,26,6342713
understating,26,6342713
outrageous,26,6342713
escapes,26,6342713
fatty,26,6342713
personalities,26,6342713
incrementally,26,6342713
seatbelt,26,6342713
captors,26,6342713
curtains,26,6342713
uncooked,26,6342713
fridge,26,6342713
unfounded,26,6342713
creepy,26,6342713
announce,26,6342713
tail,26,6342713
tiles,26,6342713
maneuver,26,6342713
intersection,26,6342713
regain,26,6342713
commotion,26,6342713
netting,26,6342713
spamming,26,6342713
studio,26,6342713
stubs,26,6342713
louder,26,6342713
proposing,26,6342713
flushing,26,6342713
slips,26,6342713
nba,26,6342713
unwise,26,6342713
journeys,26,6342713
chapter,26,6342713
obesity,26,6342713
partially,26,6342713
reprisal,26,6342713
upgrade,26,6342713
peppermint,26,6342713
reservations,26,6342713
versa,26,6342713
commanding,26,6342713
guesses,26,6342713
overstate,26,6342713
feces,26,6342713
retrieving,26,6342713
simulations,26,6342713
contradicting,26,6342713
modules,26,6342713
jeff,26,6342713
intruder,26,6342713
friction,26,6342713
vivid,26,6342713
sanitizers,26,6342713
expel,26,6342713
organ,26,6342713
desks,26,6342713
listeners,26,6342713
drawbacks,26,6342713
diffuse,26,6342713
clicker,26,6342713
boxing,26,6342713
substantially,26,6342713
ethylene,26,6342713
turmoil,26,6342713
senders,26,6342713
publicized,26,6342713
upgrades,26,6342713
geopolitical,26,6342713
lesbian,26,6342713
fame,26,6342713
surrounded,26,6342713
distinctive,26,6342713
calculations,26,6342713
freezer,26,6342713
grateful,26,6342713
erasing,26,6342713
displaced,26,6342713
approximate,26,6342713
disrupted,26,6342713
imports,26,6342713
motive,26,6342713
castor,26,6342713
influx,26,6342713
deductible,26,6342713
silk,26,6342713
cigarette,26,6342713
projectile,26,6342713
hospitality,26,6342713
unregistered,26,6342713
stepping,26,6342713
versed,26,6342713
staring,26,6342713
broaden,26,6342713
swelling,26,6342713
skype,26,6342713
desensitize,26,6342713
pad,26,6342713
rod,26,6342713
rods,26,6342713
attainment,26,6342713
socialized,26,6342713
incinerators,26,6342713
engagements,26,6342713
ssh,26,6342713
truthfully,26,6342713
pawn,26,6342713
sedimentation,26,6342713
orgy,26,6342713
upheaval,26,6342713
remarkable,26,6342713
chunks,26,6342713
dissenting,26,6342713
sequences,26,6342713
shrapnel,26,6342713
testify,26,6342713
allergens,26,6342713
careless,26,6342713
tiktok,26,6342713
farmers,26,6342713
onboard,26,6342713
editors,26,6342713
celebration,26,6342713
sal,26,6342713
cremation,26,6342713
autism,26,6342713
fined,26,6342713
disagreeing,26,6342713
newfound,26,6342713
stack,26,6342713
wonders,26,6342713
humanitarian,25,6342713
fried,25,6342713
fencing,25,6342713
spreadsheet,25,6342713
distressed,25,6342713
assertiveness,25,6342713
nazis,25,6342713
baggage,25,6342713
whisper,25,6342713
restrain,25,6342713
heighten,25,6342713
thermostats,25,6342713
nine,25,6342713
mobilize,25,6342713
crate,25,6342713
pillows,25,6342713
devotion,25,6342713
dilution,25,6342713
clarifying,25,6342713
respectable,25,6342713
dinners,25,6342713
redirected,25,6342713
liberty,25,6342713
shotguns,25,6342713
engineered,25,6342713
bonding,25,6342713
crawl,25,6342713
dividends,25,6342713
lest,25,6342713
instructor,25,6342713
worship,25,6342713
canceling,25,6342713
scrap,25,6342713
runaway,25,6342713
seamlessly,25,6342713
arena,25,6342713
lysergic,25,6342713
definitions,25,6342713
reciprocate,25,6342713
congratulations,25,6342713
shed,25,6342713
iodine,25,6342713
slur,25,6342713
caregivers,25,6342713
prescribe,25,6342713
menus,25,6342713
benefiting,25,6342713
snooping,25,6342713
stains,25,6342713
takeover,25,6342713
dependable,25,6342713
mentoring,25,6342713
perpetrated,25,6342713
forests,25,6342713
shine,25,6342713
menacing,25,6342713
settlements,25,6342713
outsourcing,25,6342713
spur,25,6342713
lane,25,6342713
onions,25,6342713
bare,25,6342713
santa,25,6342713
cybercriminal,25,6342713
fitted,25,6342713
offsetting,25,6342713
innate,25,6342713
reckless,25,6342713
sterilized,25,6342713
corroborate,25,6342713
furthering,25,6342713
maintains,25,6342713
enacting,25,6342713
quitting,25,6342713
poorer,25,6342713
favorability,25,6342713
wasted,25,6342713
liberal,25,6342713
vetted,25,6342713
constitutes,25,6342713
tug,25,6342713
correspondence,25,6342713
analytical,25,6342713
shootings,25,6342713
pauses,25,6342713
neighbour,25,6342713
envy,25,6342713
evolutionary,25,6342713
converter,25,6342713
vanity,25,6342713
inhibitions,25,6342713
hunters,25,6342713
asp,25,6342713
slurry,25,6342713
relocate,25,6342713
genetically,25,6342713
abc,25,6342713
zoos,25,6342713
mockery,25,6342713
disobeying,25,6342713
legislators,25,6342713
dispersing,25,6342713
professionalism,25,6342713
mike,25,6342713
ostracized,25,6342713
exaggerations,25,6342713
punching,25,6342713
contrary,25,6342713
christianity,25,6342713
accredited,25,6342713
palm,25,6342713
normalize,25,6342713
preferable,25,6342713
pry,25,6342713
veracity,25,6342713
assassin,25,6342713
pipeline,25,6342713
considers,25,6342713
transacting,25,6342713
apron,25,6342713
laced,25,6342713
announced,25,6342713
immersive,25,6342713
masked,25,6342713
receivable,25,6342713
quickest,25,6342713
financials,25,6342713
indicator,25,6342713
breast,25,6342713
caption,25,6342713
confiscated,25,6342713
camping,25,6342713
gossiping,25,6342713
printers,25,6342713
flawed,25,6342713
israel,25,6342713
sorted,25,6342713
renewables,25,6342713
mentions,25,6342713
veiled,25,6342713
pork,25,6342713
sting,25,6342713
meme,25,6342713
normalizing,25,6342713
fiber,25,6342713
defenders,25,6342713
cartels,25,6342713
immensely,25,6342713
absorption,25,6342713
embedding,25,6342713
vigilance,25,6342713
tobacco,25,6342713
gameplay,25,6342713
reframing,25,6342713
coaching,25,6342713
diversions,25,6342713
inaccuracies,25,6342713
steep,25,6342713
l,25,6342713
exercised,25,6342713
misbehaves,25,6342713
troubles,25,6342713
chants,25,6342713
iraq,25,6342713
mulch,25,6342713
reconcile,25,6342713
nudge,25,6342713
jpg,25,6342713
hill,25,6342713
photographer,25,6342713
brownies,25,6342713
ada,25,6342713
existed,25,6342713
clown,25,6342713
confines,25,6342713
thermometer,25,6342713
assured,25,6342713
typos,25,6342713
heterosexual,25,6342713
fundamentals,25,6342713
producer,25,6342713
detention,25,6342713
finesse,25,6342713
likeminded,25,6342713
jamming,25,6342713
curse,25,6342713
grin,25,6342713
quart,25,6342713
medieval,24,6342713
recovered,24,6342713
sanctuary,24,6342713
embed,24,6342713
hires,24,6342713
examined,24,6342713
eight,24,6342713
kiss,24,6342713
dictate,24,6342713
rays,24,6342713
programmable,24,6342713
fascinating,24,6342713
municipal,24,6342713
latin,24,6342713
mischievous,24,6342713
precursors,24,6342713
wrongfully,24,6342713
rigid,24,6342713
fooled,24,6342713
wrongly,24,6342713
lease,24,6342713
proved,24,6342713
catalyst,24,6342713
razor,24,6342713
ofthe,24,6342713
syrupy,24,6342713
anal,24,6342713
insincere,24,6342713
oppress,24,6342713
warrants,24,6342713
wreak,24,6342713
comforting,24,6342713
steadily,24,6342713
wow,24,6342713
indebted,24,6342713
mixtures,24,6342713
bothering,24,6342713
sickness,24,6342713
hitman,24,6342713
soothing,24,6342713
melting,24,6342713
storylines,24,6342713
blackmailing,24,6342713
unimportant,24,6342713
utterly,24,6342713
enrolling,24,6342713
stems,24,6342713
con,24,6342713
turkey,24,6342713
concoct,24,6342713
vip,24,6342713
methodologies,24,6342713
settling,24,6342713
mounting,24,6342713
rags,24,6342713
prostitutes,24,6342713
baked,24,6342713
lobbyists,24,6342713
floating,24,6342713
pairs,24,6342713
sensory,24,6342713
hearts,24,6342713
brighter,24,6342713
syndicates,24,6342713
fuses,24,6342713
icon,24,6342713
deficiencies,24,6342713
anecdotal,24,6342713
xyz,24,6342713
unofficial,24,6342713
violently,24,6342713
crying,24,6342713
fats,24,6342713
affiliated,24,6342713
fifth,24,6342713
credited,24,6342713
satisfies,24,6342713
berating,24,6342713
animosity,24,6342713
encoded,24,6342713
aes,24,6342713
impair,24,6342713
monkeys,24,6342713
lids,24,6342713
dragon,24,6342713
skeptical,24,6342713
sparklers,24,6342713
uv,24,6342713
calculating,24,6342713
teenager,24,6342713
injections,24,6342713
glycol,24,6342713
contextual,24,6342713
undermines,24,6342713
favours,24,6342713
characteristic,24,6342713
ancestry,24,6342713
hooks,24,6342713
overcoming,24,6342713
lightweight,24,6342713
operant,24,6342713
bones,24,6342713
euthanasia,24,6342713
anesthetic,24,6342713
commonplace,24,6342713
premade,24,6342713
cyberwarfare,24,6342713
recruiter,24,6342713
dams,24,6342713
shortages,24,6342713
museum,24,6342713
corresponding,24,6342713
celsius,24,6342713
knees,24,6342713
clip,24,6342713
affiliations,24,6342713
reversing,24,6342713
confiscate,24,6342713
babies,24,6342713
imbalances,24,6342713
alkaloid,24,6342713
cow,24,6342713
peanuts,24,6342713
cunt,24,6342713
rear,24,6342713
sly,24,6342713
leftover,24,6342713
rogue,24,6342713
sewer,24,6342713
toss,24,6342713
upward,24,6342713
territories,24,6342713
ambitious,24,6342713
dropbox,24,6342713
compelled,24,6342713
adept,24,6342713
stink,24,6342713
tasers,24,6342713
reserved,24,6342713
umbrella,24,6342713
exfiltrating,24,6342713
uncommon,24,6342713
accumulation,24,6342713
hybrid,24,6342713
interfaces,24,6342713
scouts,24,6342713
localized,24,6342713
la,24,6342713
impaired,24,6342713
incentivizing,24,6342713
contentious,24,6342713
deceased,24,6342713
takedown,24,6342713
essay,24,6342713
anticipating,24,6342713
laptops,24,6342713
frequented,24,6342713
vending,24,6342713
collusion,24,6342713
beings,24,6342713
pruning,24,6342713
feigning,24,6342713
childcare,24,6342713
ibuprofen,24,6342713
illinois,24,6342713
genitals,24,6342713
consultations,24,6342713
instigate,24,6342713
complicate,24,6342713
personalize,24,6342713
distributions,24,6342713
dea,24,6342713
unsupervised,24,6342713
decides,24,6342713
tales,24,6342713
enthusiastic,24,6342713
pinches,24,6342713
crossbones,24,6342713
dramas,23,6342713
succumb,23,6342713
registers,23,6342713
devising,23,6342713
writer,23,6342713
brainstorming,23,6342713
allocations,23,6342713
lips,23,6342713
sponsorships,23,6342713
instrumental,23,6342713
critiques,23,6342713
confess,23,6342713
adventures,23,6342713
william,23,6342713
southern,23,6342713
asylum,23,6342713
fell,23,6342713
corporal,23,6342713
evolved,23,6342713
bent,23,6342713
configured,23,6342713
tutoring,23,6342713
exceptional,23,6342713
corrected,23,6342713
badges,23,6342713
longevity,23,6342713
legalize,23,6342713
coalition,23,6342713
sights,23,6342713
dies,23,6342713
dodge,23,6342713
necessity,23,6342713
concessions,23,6342713
reinforcements,23,6342713
headquarters,23,6342713
fronts,23,6342713
outer,23,6342713
supermarkets,23,6342713
registrations,23,6342713
unsubstantiated,23,6342713
daytime,23,6342713
expects,23,6342713
tactfully,23,6342713
frustrations,23,6342713
seriousness,23,6342713
beating,23,6342713
academics,23,6342713
formulate,23,6342713
pronunciation,23,6342713
diplomatically,23,6342713
sibling,23,6342713
stds,23,6342713
impartial,23,6342713
improves,23,6342713
blvd,23,6342713
putlocker,23,6342713
impulsive,23,6342713
bail,23,6342713
fists,23,6342713
merits,23,6342713
crackle,23,6342713
founded,23,6342713
rash,23,6342713
imagined,23,6342713
teenage,23,6342713
cognizant,23,6342713
pii,23,6342713
alleyways,23,6342713
empire,23,6342713
defy,23,6342713
squares,23,6342713
therapeutic,23,6342713
impulse,23,6342713
freeze,23,6342713
detonators,23,6342713
beloved,23,6342713
flesh,23,6342713
ticks,23,6342713
affinity,23,6342713
analyses,23,6342713
transmitting,23,6342713
impede,23,6342713
hydro,23,6342713
rotate,23,6342713
cafe,23,6342713
charles,23,6342713
nighttime,23,6342713
waiver,23,6342713
reliably,23,6342713
firsthand,23,6342713
java,23,6342713
sided,23,6342713
partial,23,6342713
conversions,23,6342713
fairs,23,6342713
coating,23,6342713
reputations,23,6342713
climates,23,6342713
spacing,23,6342713
noses,23,6342713
closures,23,6342713
inconvenient,23,6342713
spikes,23,6342713
outings,23,6342713
profound,23,6342713
weighed,23,6342713
benzodiazepines,23,6342713
bombing,23,6342713
mitigated,23,6342713
incarceration,23,6342713
projecting,23,6342713
aerosols,23,6342713
yellow,23,6342713
aconitine,23,6342713
adviser,23,6342713
speculate,23,6342713
fakes,23,6342713
gravity,23,6342713
themed,23,6342713
panthers,23,6342713
highlighted,23,6342713
methodology,23,6342713
struck,23,6342713
parcel,23,6342713
aphrodisiacs,23,6342713
realities,23,6342713
snapchat,23,6342713
fidgeting,23,6342713
critique,23,6342713
talents,23,6342713
nesting,23,6342713
dehydration,23,6342713
hardships,23,6342713
crosses,23,6342713
impairments,23,6342713
tumbling,23,6342713
lighten,23,6342713
abruptly,23,6342713
combating,23,6342713
principle,23,6342713
tablespoonful,23,6342713
impoverished,23,6342713
undertake,23,6342713
counselors,23,6342713
fomenting,23,6342713
visualization,23,6342713
melanin,23,6342713
authorize,23,6342713
cables,23,6342713
breeder,23,6342713
workload,23,6342713
elephants,23,6342713
recoil,23,6342713
reiterating,23,6342713
motors,23,6342713
byproducts,23,6342713
embassies,23,6342713
dc,23,6342713
rough,23,6342713
slim,23,6342713
wormwood,23,6342713
undoing,23,6342713
overfill,23,6342713
stopper,23,6342713
png,22,6342713
lifting,22,6342713
desensitizing,22,6342713
cayman,22,6342713
unnatural,22,6342713
boredom,22,6342713
setups,22,6342713
recordkeeping,22,6342713
adjustable,22,6342713
probe,22,6342713
shutdown,22,6342713
downward,22,6342713
unwittingly,22,6342713
timid,22,6342713
mobilization,22,6342713
involuntary,22,6342713
faults,22,6342713
interruption,22,6342713
barrels,22,6342713
wax,22,6342713
legalized,22,6342713
attributing,22,6342713
maximizes,22,6342713
contemporary,22,6342713
prediction,22,6342713
typing,22,6342713
customization,22,6342713
comedic,22,6342713
drums,22,6342713
mathematical,22,6342713
servant,22,6342713
mortgage,22,6342713
handlers,22,6342713
canine,22,6342713
alertness,22,6342713
dispersion,22,6342713
fastest,22,6342713
progression,22,6342713
altercation,22,6342713
elimination,22,6342713
conspirators,22,6342713
philadelphia,22,6342713
disclaimer,22,6342713
perseverance,22,6342713
obviously,22,6342713
seduce,22,6342713
agitation,22,6342713
contributors,22,6342713
pathetic,22,6342713
overflow,22,6342713
incompetent,22,6342713
cancelling,22,6342713
unsavory,22,6342713
cart,22,6342713
golden,22,6342713
slogan,22,6342713
beaches,22,6342713
authorised,22,6342713
dye,22,6342713
countless,22,6342713
pasta,22,6342713
establishes,22,6342713
pots,22,6342713
sheer,22,6342713
altercations,22,6342713
organised,22,6342713
sheltered,22,6342713
pm,22,6342713
wars,22,6342713
console,22,6342713
attentively,22,6342713
fundraisers,22,6342713
mug,22,6342713
apologetic,22,6342713
deeds,22,6342713
strategizing,22,6342713
rationalize,22,6342713
suppressing,22,6342713
pathogen,22,6342713
arrogant,22,6342713
concluded,22,6342713
coupon,22,6342713
dmv,22,6342713
rootkits,22,6342713
yogurt,22,6342713
featured,22,6342713
quarantine,22,6342713
retaining,22,6342713
meanwhile,22,6342713
spoil,22,6342713
capsules,22,6342713
comedy,22,6342713
detox,22,6342713
proprietorship,22,6342713
mathematics,22,6342713
ignores,22,6342713
cement,22,6342713
obsession,22,6342713
masculine,22,6342713
defensiveness,22,6342713
confiscation,22,6342713
proficient,22,6342713
evolution,22,6342713
safes,22,6342713
propane,22,6342713
silencer,22,6342713
herbicides,22,6342713
genre,22,6342713
naming,22,6342713
ancestors,22,6342713
throwaway,22,6342713
suitcase,22,6342713
jabs,22,6342713
premise,22,6342713
queer,22,6342713
vocabulary,22,6342713
inc,22,6342713
rotation,22,6342713
cages,22,6342713
poking,22,6342713
vault,22,6342713
cutters,22,6342713
defame,22,6342713
imaging,22,6342713
projections,22,6342713
tonight,22,6342713
durability,22,6342713
boycotting,22,6342713
roulette,22,6342713
methanol,22,6342713
et,22,6342713
upwards,22,6342713
expressly,22,6342713
prioritized,22,6342713
presentations,22,6342713
reactive,22,6342713
prisoners,22,6342713
bicycle,22,6342713
warranted,22,6342713
literary,22,6342713
logistical,22,6342713
originate,22,6342713
deepest,22,6342713
foreigners,22,6342713
disc,22,6342713
decomposition,22,6342713
unapproved,22,6342713
exhibits,22,6342713
confirms,22,6342713
toe,22,6342713
transforming,22,6342713
smallest,22,6342713
trademark,22,6342713
spends,22,6342713
ot,22,6342713
lord,22,6342713
dominating,22,6342713
undergoing,22,6342713
parallel,22,6342713
boulevard,22,6342713
centre,22,6342713
doorstep,22,6342713
motherfucker,22,6342713
tennis,22,6342713
harsher,22,6342713
atmospheric,22,6342713
alcoholics,22,6342713
sacrifices,22,6342713
fingerprint,22,6342713
designating,22,6342713
patching,22,6342713
compatibility,22,6342713
backpage,22,6342713
tasked,22,6342713
almonds,22,6342713
insinuating,22,6342713
overseeing,22,6342713
employs,22,6342713
defacing,22,6342713
hone,22,6342713
replicating,22,6342713
glad,22,6342713
arrows,22,6342713
landmarks,22,6342713
os,22,6342713
scrubbers,22,6342713
imported,22,6342713
transports,22,6342713
hi,22,6342713
densely,22,6342713
learns,22,6342713
credence,22,6342713
intending,22,6342713
workflow,22,6342713
spearphishing,22,6342713
toilets,22,6342713
yell,22,6342713
escalates,22,6342713
agave,22,6342713
jelly,22,6342713
stem,22,6342713
unite,22,6342713
occupying,22,6342713
abnormalities,22,6342713
weeds,22,6342713
taxing,22,6342713
screened,22,6342713
mama,22,6342713
fentanyl,22,6342713
marriages,22,6342713
unmistakably,22,6342713
vitriol,22,6342713
aconitic,22,6342713
alum,22,6342713
witches,22,6342713
potato,21,6342713
ally,21,6342713
entitlement,21,6342713
assaulting,21,6342713
ingesting,21,6342713
voicing,21,6342713
exclusivity,21,6342713
humility,21,6342713
tnt,21,6342713
interpreting,21,6342713
leisure,21,6342713
faithful,21,6342713
max,21,6342713
monkey,21,6342713
delicately,21,6342713
unprecedented,21,6342713
inbox,21,6342713
readings,21,6342713
sustain,21,6342713
outages,21,6342713
engages,21,6342713
ammo,21,6342713
smoother,21,6342713
mentors,21,6342713
astray,21,6342713
sowing,21,6342713
identifier,21,6342713
pumping,21,6342713
confidentially,21,6342713
intrusions,21,6342713
malvertising,21,6342713
meantime,21,6342713
drying,21,6342713
sponsorship,21,6342713
horrible,21,6342713
photoshopped,21,6342713
uneven,21,6342713
dependencies,21,6342713
atlanta,21,6342713
dominated,21,6342713
horn,21,6342713
zoom,21,6342713
director,21,6342713
skinny,21,6342713
gateways,21,6342713
siphoned,21,6342713
repellent,21,6342713
offences,21,6342713
incinerating,21,6342713
ashes,21,6342713
headaches,21,6342713
extremists,21,6342713
swings,21,6342713
spilled,21,6342713
comprehend,21,6342713
torturing,21,6342713
alcoholism,21,6342713
messy,21,6342713
thailand,21,6342713
inflicted,21,6342713
jennifer,21,6342713
hashes,21,6342713
thefts,21,6342713
subsidiaries,21,6342713
enticements,21,6342713
iconic,21,6342713
pounds,21,6342713
marginalizing,21,6342713
decipher,21,6342713
eternal,21,6342713
goodwill,21,6342713
abundant,21,6342713
segmentation,21,6342713
valve,21,6342713
organizer,21,6342713
mate,21,6342713
latter,21,6342713
dimensions,21,6342713
enticed,21,6342713
sanctioned,21,6342713
surrendering,21,6342713
interrupt,21,6342713
blur,21,6342713
sweating,21,6342713
sympathizers,21,6342713
desperately,21,6342713
siblings,21,6342713
ie,21,6342713
primitive,21,6342713
donated,21,6342713
mandrake,21,6342713
bottling,21,6342713
ornate,21,6342713
doorknobs,21,6342713
stabbing,21,6342713
storm,21,6342713
fold,21,6342713
tranquilizers,21,6342713
launches,21,6342713
inquiring,21,6342713
greeting,21,6342713
succeeds,21,6342713
biologically,21,6342713
outbreaks,21,6342713
dilemma,21,6342713
impropriety,21,6342713
scratches,21,6342713
storms,21,6342713
intellectually,21,6342713
row,21,6342713
boots,21,6342713
relevance,21,6342713
accents,21,6342713
grammatical,21,6342713
zcash,21,6342713
stove,21,6342713
teaches,21,6342713
guerrilla,21,6342713
conscience,21,6342713
neighbours,21,6342713
instructional,21,6342713
mobilizing,21,6342713
chili,21,6342713
ceremony,21,6342713
accelerate,21,6342713
presidency,21,6342713
devaluing,21,6342713
casts,21,6342713
elbows,21,6342713
pvc,21,6342713
dupe,21,6342713
confiscating,21,6342713
currents,21,6342713
iphone,21,6342713
misdeeds,21,6342713
perpetuated,21,6342713
scrubbing,21,6342713
ran,21,6342713
horns,21,6342713
distillation,21,6342713
mill,21,6342713
dmt,21,6342713
overthrowing,21,6342713
haccp,21,6342713
staged,21,6342713
disney,21,6342713
showcases,21,6342713
hooked,21,6342713
workings,21,6342713
seniors,21,6342713
lgbt,21,6342713
physiological,21,6342713
obfuscating,21,6342713
calendar,21,6342713
galleries,21,6342713
clinton,21,6342713
shifted,21,6342713
cm,21,6342713
sniffer,21,6342713
remembered,21,6342713
pursuits,21,6342713
piercing,21,6342713
bathing,21,6342713
ledgers,21,6342713
blatant,21,6342713
rinse,21,6342713
simulation,21,6342713
servants,21,6342713
pseudonymous,21,6342713
wrench,21,6342713
hoax,21,6342713
campuses,21,6342713
mastering,21,6342713
respondents,21,6342713
invading,21,6342713
gel,21,6342713
gym,21,6342713
customizing,21,6342713
cohesive,21,6342713
bans,21,6342713
lures,21,6342713
tattoos,21,6342713
ebook,21,6342713
massachusetts,21,6342713
devised,21,6342713
biographical,21,6342713
unintelligent,21,6342713
pellets,21,6342713
tidal,21,6342713
bookstore,21,6342713
foliage,21,6342713
curriculums,21,6342713
bowls,21,6342713
legit,21,6342713
knuckles,21,6342713
banning,21,6342713
bullies,21,6342713
adversarial,21,6342713
buildup,21,6342713
hip,21,6342713
muriatic,21,6342713
disk,21,6342713
powerlessness,21,6342713
iran,21,6342713
reinvesting,21,6342713
substitutes,20,6342713
confide,20,6342713
geography,20,6342713
disconnecting,20,6342713
embezzlers,20,6342713
lowered,20,6342713
stunt,20,6342713
puffs,20,6342713
amiss,20,6342713
ruse,20,6342713
subsidiary,20,6342713
recurring,20,6342713
allowances,20,6342713
rescues,20,6342713
mounted,20,6342713
adapting,20,6342713
lenses,20,6342713
unfavorably,20,6342713
unmonitored,20,6342713
heavier,20,6342713
ivory,20,6342713
acquaintance,20,6342713
fooling,20,6342713
negotiated,20,6342713
accesses,20,6342713
hierarchies,20,6342713
dangerously,20,6342713
scouting,20,6342713
deployments,20,6342713
pr,20,6342713
bites,20,6342713
hugging,20,6342713
redirects,20,6342713
brothels,20,6342713
thanking,20,6342713
butt,20,6342713
edits,20,6342713
backdating,20,6342713
foreplay,20,6342713
consents,20,6342713
misconceptions,20,6342713
scammed,20,6342713
photographing,20,6342713
sentencing,20,6342713
respirator,20,6342713
subdue,20,6342713
filler,20,6342713
betrayal,20,6342713
suck,20,6342713
scott,20,6342713
novels,20,6342713
remediation,20,6342713
digestion,20,6342713
infant,20,6342713
firecrackers,20,6342713
headlights,20,6342713
ration,20,6342713
reforestation,20,6342713
curtain,20,6342713
prevailing,20,6342713
clocks,20,6342713
demanded,20,6342713
rage,20,6342713
outweighs,20,6342713
melts,20,6342713
perpetrating,20,6342713
champion,20,6342713
judgements,20,6342713
metasploit,20,6342713
malfunctions,20,6342713
suspend,20,6342713
enforcers,20,6342713
extinguishers,20,6342713
pamphlets,20,6342713
entrapment,20,6342713
induced,20,6342713
remedy,20,6342713
preparedness,20,6342713
attained,20,6342713
interconnected,20,6342713
sock,20,6342713
puppet,20,6342713
eeoc,20,6342713
comparable,20,6342713
blockades,20,6342713
screw,20,6342713
swallowing,20,6342713
vegan,20,6342713
tarnish,20,6342713
sedatives,20,6342713
yeast,20,6342713
raids,20,6342713
plots,20,6342713
testings,20,6342713
choke,20,6342713
cravings,20,6342713
garments,20,6342713
dosing,20,6342713
stoking,20,6342713
extinction,20,6342713
flirtatious,20,6342713
audible,20,6342713
assumption,20,6342713
icons,20,6342713
intellect,20,6342713
biodiesel,20,6342713
occupations,20,6342713
boot,20,6342713
unlocking,20,6342713
scavenger,20,6342713
handwriting,20,6342713
troop,20,6342713
pig,20,6342713
webs,20,6342713
bursts,20,6342713
poultry,20,6342713
watermarks,20,6342713
naive,20,6342713
predictable,20,6342713
england,20,6342713
monetization,20,6342713
waive,20,6342713
citation,20,6342713
drip,20,6342713
mile,20,6342713
recalls,20,6342713
transitions,20,6342713
homeland,20,6342713
discoveries,20,6342713
persuaded,20,6342713
intoxication,20,6342713
wastage,20,6342713
injuring,20,6342713
humiliated,20,6342713
exports,20,6342713
admirable,20,6342713
ripping,20,6342713
numerical,20,6342713
bing,20,6342713
minimization,20,6342713
reap,20,6342713
slippery,20,6342713
acceleration,20,6342713
kidding,20,6342713
singling,20,6342713
cbd,20,6342713
alliance,20,6342713
consultancy,20,6342713
referee,20,6342713
rented,20,6342713
picnic,20,6342713
biology,20,6342713
sponsor,20,6342713
patched,20,6342713
advisory,20,6342713
homophobia,20,6342713
infused,20,6342713
occupy,20,6342713
armies,20,6342713
pee,20,6342713
replanting,20,6342713
surround,20,6342713
junk,20,6342713
h,20,6342713
breathe,20,6342713
translates,20,6342713
cure,20,6342713
barely,20,6342713
snack,20,6342713
mechanics,20,6342713
forthright,20,6342713
fl,20,6342713
swords,20,6342713
demonstrators,20,6342713
mixes,20,6342713
vests,20,6342713
shrubs,20,6342713
rebuild,20,6342713
bricks,20,6342713
mistaken,20,6342713
booby,20,6342713
lightning,20,6342713
crediting,20,6342713
ms,20,6342713
parked,20,6342713
cooled,20,6342713
boil,20,6342713
removable,20,6342713
uncertainties,20,6342713
lever,20,6342713
dolls,20,6342713
frequencies,20,6342713
occupational,20,6342713
interfaith,20,6342713
extorting,20,6342713
trailer,20,6342713
assignment,20,6342713
cloning,20,6342713
flasks,20,6342713
laziness,20,6342713
intervening,20,6342713
allowance,20,6342713
supremacist,20,6342713
underwater,20,6342713
masse,20,6342713
conformity,20,6342713
dehumanize,20,6342713
skimmers,20,6342713
scanned,20,6342713
dallas,20,6342713
quantum,20,6342713
mailbox,20,6342713
freshness,20,6342713
overpower,20,6342713
supremacists,20,6342713
overload,20,6342713
boiler,20,6342713
sulphide,20,6342713
instructables,19,6342713
offspring,19,6342713
hotwire,19,6342713
decorative,19,6342713
inch,19,6342713
athletic,19,6342713
misdirecting,19,6342713
telltale,19,6342713
amendments,19,6342713
hammers,19,6342713
assuring,19,6342713
insertion,19,6342713
offsite,19,6342713
worded,19,6342713
supplied,19,6342713
sober,19,6342713
glycerine,19,6342713
kyc,19,6342713
hilarious,19,6342713
eviction,19,6342713
tablet,19,6342713
acknowledgement,19,6342713
clauses,19,6342713
mayhem,19,6342713
headache,19,6342713
forgot,19,6342713
pole,19,6342713
decisively,19,6342713
artillery,19,6342713
forgetting,19,6342713
retaliating,19,6342713
fortunately,19,6342713
november,19,6342713
genital,19,6342713
misrepresentations,19,6342713
turnout,19,6342713
textures,19,6342713
cellphone,19,6342713
nw,19,6342713
bob,19,6342713
uber,19,6342713
twitch,19,6342713
nozzle,19,6342713
tossing,19,6342713
throws,19,6342713
therapies,19,6342713
harness,19,6342713
kitty,19,6342713
vagina,19,6342713
dough,19,6342713
personalization,19,6342713
vitamin,19,6342713
sealable,19,6342713
bind,19,6342713
slush,19,6342713
myths,19,6342713
pans,19,6342713
briefly,19,6342713
conditioner,19,6342713
constitution,19,6342713
reflected,19,6342713
nest,19,6342713
winds,19,6342713
conspicuous,19,6342713
implements,19,6342713
smartly,19,6342713
suffered,19,6342713
dash,19,6342713
blackjack,19,6342713
quoting,19,6342713
freelancing,19,6342713
disorders,19,6342713
cyberstalking,19,6342713
pinching,19,6342713
teen,19,6342713
embraced,19,6342713
irrespective,19,6342713
paired,19,6342713
dimensional,19,6342713
humble,19,6342713
poetry,19,6342713
deficit,19,6342713
toolkit,19,6342713
patiently,19,6342713
thai,19,6342713
cvv,19,6342713
rocket,19,6342713
nonpublic,19,6342713
hub,19,6342713
chatrooms,19,6342713
worm,19,6342713
notable,19,6342713
clearer,19,6342713
unfold,19,6342713
crafts,19,6342713
glitter,19,6342713
scattering,19,6342713
rag,19,6342713
census,19,6342713
modelling,19,6342713
streamlining,19,6342713
mineral,19,6342713
celebrations,19,6342713
chris,19,6342713
shortage,19,6342713
fibers,19,6342713
jones,19,6342713
weaponized,19,6342713
equals,19,6342713
albeit,19,6342713
conditioned,19,6342713
tenant,19,6342713
disobey,19,6342713
aspiring,19,6342713
evaded,19,6342713
policymakers,19,6342713
bell,19,6342713
disgruntled,19,6342713
myth,19,6342713
faulty,19,6342713
miscellaneous,19,6342713
insured,19,6342713
disclosed,19,6342713
valley,19,6342713
folks,19,6342713
claws,19,6342713
guys,19,6342713
coach,19,6342713
camouflaged,19,6342713
destabilization,19,6342713
vest,19,6342713
brains,19,6342713
tin,19,6342713
programmers,19,6342713
bud,19,6342713
probation,19,6342713
vents,19,6342713
sculptures,19,6342713
undiscovered,19,6342713
subway,19,6342713
mule,19,6342713
sprinkling,19,6342713
dealerships,19,6342713
gdp,19,6342713
drugging,19,6342713
spotting,19,6342713
formally,19,6342713
liberals,19,6342713
collectibles,19,6342713
liter,19,6342713
proposition,19,6342713
formulas,19,6342713
funeral,19,6342713
polluted,19,6342713
canadian,19,6342713
metallic,19,6342713
europeans,19,6342713
flip,19,6342713
numbered,19,6342713
plumbing,19,6342713
chief,19,6342713
antiseptic,19,6342713
sushi,19,6342713
fortunate,19,6342713
prayer,19,6342713
transformation,19,6342713
mating,19,6342713
extirpate,19,6342713
exceeds,19,6342713
crises,19,6342713
nudity,19,6342713
pension,19,6342713
ambition,19,6342713
celebrated,19,6342713
tongue,19,6342713
taller,19,6342713
evokes,19,6342713
lady,19,6342713
extraordinary,19,6342713
northern,19,6342713
soak,19,6342713
footsteps,19,6342713
se,19,6342713
hierarchical,19,6342713
proficiency,19,6342713
cassava,19,6342713
burners,19,6342713
quantitative,19,6342713
psilocybin,19,6342713
duress,19,6342713
evaporation,19,6342713
practitioner,19,6342713
traverse,19,6342713
acidic,19,6342713
indians,19,6342713
petitioning,19,6342713
karaoke,19,6342713
hanger,19,6342713
erased,19,6342713
thereafter,19,6342713
justifying,19,6342713
molecules,19,6342713
trimming,19,6342713
orally,19,6342713
extremism,19,6342713
flowering,19,6342713
mandate,19,6342713
pound,19,6342713
hong,19,6342713
kong,19,6342713
burglary,19,6342713
damn,19,6342713
misguided,19,6342713
electorate,19,6342713
worsen,19,6342713
stripping,19,6342713
contingencies,19,6342713
exporting,19,6342713
wheelchair,19,6342713
appeared,19,6342713
fallen,19,6342713
tuning,19,6342713
watermark,19,6342713
aiding,19,6342713
approachable,19,6342713
turmeric,19,6342713
deforestation,19,6342713
paralysis,19,6342713
inefficient,19,6342713
painless,19,6342713
ng,19,6342713
mist,19,6342713
weekend,19,6342713
beef,19,6342713
trackable,19,6342713
musk,19,6342713
adrenaline,19,6342713
alternating,19,6342713
flowing,19,6342713
skinned,19,6342713
await,19,6342713
contactless,19,6342713
pronoun,19,6342713
reframe,19,6342713
launderer,19,6342713
enlisted,18,6342713
tattoo,18,6342713
abstract,18,6342713
mixer,18,6342713
afforded,18,6342713
introductions,18,6342713
develops,18,6342713
surplus,18,6342713
sperm,18,6342713
painted,18,6342713
petrol,18,6342713
unobtrusive,18,6342713
solvent,18,6342713
scammer,18,6342713
substantiate,18,6342713
jogging,18,6342713
el,18,6342713
dumps,18,6342713
homepage,18,6342713
electromagnetic,18,6342713
obese,18,6342713
bestsellers,18,6342713
crews,18,6342713
municipalities,18,6342713
programmes,18,6342713
freighters,18,6342713
taping,18,6342713
procure,18,6342713
uninformed,18,6342713
fabrication,18,6342713
heartfelt,18,6342713
surveil,18,6342713
surf,18,6342713
banker,18,6342713
stare,18,6342713
assemblies,18,6342713
poles,18,6342713
blindly,18,6342713
toxicity,18,6342713
singer,18,6342713
rotating,18,6342713
subconscious,18,6342713
frightening,18,6342713
spinning,18,6342713
unfit,18,6342713
cabin,18,6342713
chloroform,18,6342713
denigrating,18,6342713
variation,18,6342713
unwitting,18,6342713
disappear,18,6342713
overstep,18,6342713
compensate,18,6342713
museums,18,6342713
rodents,18,6342713
opportune,18,6342713
karma,18,6342713
unbeknownst,18,6342713
unjustified,18,6342713
hoped,18,6342713
aircrafts,18,6342713
pie,18,6342713
graphs,18,6342713
aversion,18,6342713
controllers,18,6342713
ukraine,18,6342713
attended,18,6342713
wrappers,18,6342713
emerge,18,6342713
ammonium,18,6342713
mandated,18,6342713
tails,18,6342713
fortune,18,6342713
vent,18,6342713
slots,18,6342713
captcha,18,6342713
explained,18,6342713
pushes,18,6342713
conquer,18,6342713
reprimands,18,6342713
unscathed,18,6342713
wrongs,18,6342713
ginger,18,6342713
terminals,18,6342713
ingenuity,18,6342713
sunny,18,6342713
landscaping,18,6342713
seductive,18,6342713
spontaneous,18,6342713
minister,18,6342713
sore,18,6342713
cultivated,18,6342713
numb,18,6342713
insisting,18,6342713
reconsider,18,6342713
houston,18,6342713
seized,18,6342713
diamonds,18,6342713
fiverr,18,6342713
despair,18,6342713
recreation,18,6342713
wit,18,6342713
foothold,18,6342713
pedophiles,18,6342713
lanes,18,6342713
appoint,18,6342713
acknowledges,18,6342713
billion,18,6342713
prohibition,18,6342713
finishing,18,6342713
irritating,18,6342713
partying,18,6342713
steve,18,6342713
conservatives,18,6342713
spectrum,18,6342713
deck,18,6342713
loot,18,6342713
misdirected,18,6342713
evades,18,6342713
categorized,18,6342713
energetic,18,6342713
imitate,18,6342713
restructuring,18,6342713
husbands,18,6342713
tasty,18,6342713
napalm,18,6342713
banner,18,6342713
originator,18,6342713
detonate,18,6342713
pa,18,6342713
authenticating,18,6342713
tsa,18,6342713
gems,18,6342713
brothel,18,6342713
judicial,18,6342713
procuring,18,6342713
cousin,18,6342713
ascap,18,6342713
diversionary,18,6342713
geolocation,18,6342713
magnet,18,6342713
soften,18,6342713
recognizes,18,6342713
suppress,18,6342713
powders,18,6342713
chemically,18,6342713
sneakily,18,6342713
inputted,18,6342713
grated,18,6342713
confetti,18,6342713
drowning,18,6342713
cited,18,6342713
raccoon,18,6342713
crowbar,18,6342713
crushing,18,6342713
enticement,18,6342713
greetings,18,6342713
baths,18,6342713
prospect,18,6342713
multimedia,18,6342713
smurfing,18,6342713
dawn,18,6342713
commercially,18,6342713
susan,18,6342713
unsanitary,18,6342713
begging,18,6342713
greed,18,6342713
gauze,18,6342713
savior,18,6342713
polaris,18,6342713
choking,18,6342713
authorship,18,6342713
unlimited,18,6342713
definitively,18,6342713
aml,18,6342713
counters,18,6342713
indulging,18,6342713
alright,18,6342713
attracts,18,6342713
pornhub,18,6342713
endorse,18,6342713
scrub,18,6342713
deterring,18,6342713
inter,18,6342713
labs,18,6342713
smoked,18,6342713
grief,18,6342713
blessed,18,6342713
mails,18,6342713
creature,18,6342713
tastes,18,6342713
subliminal,18,6342713
erodes,18,6342713
skillset,18,6342713
flora,18,6342713
abduct,18,6342713
naughty,18,6342713
column,18,6342713
panama,18,6342713
lubricant,18,6342713
enroll,18,6342713
mad,18,6342713
trivial,18,6342713
february,18,6342713
facade,18,6342713
shameful,18,6342713
generative,18,6342713
betrayed,18,6342713
sustaining,18,6342713
figuring,18,6342713
yearly,18,6342713
mortar,18,6342713
io,18,6342713
grounded,18,6342713
complaining,18,6342713
misdemeanor,18,6342713
adversity,18,6342713
handmade,18,6342713
bored,18,6342713
infractions,18,6342713
romantically,18,6342713
institutes,18,6342713
segregate,18,6342713
neutering,18,6342713
warranties,18,6342713
refining,18,6342713
wiped,18,6342713
december,18,6342713
reproducing,18,6342713
mary,18,6342713
dealership,18,6342713
authorizations,18,6342713
puberty,18,6342713
abstain,18,6342713
aeration,18,6342713
enduring,18,6342713
brass,18,6342713
bats,18,6342713
deadliest,18,6342713
deprecating,18,6342713
shellfish,18,6342713
softly,18,6342713
facilitates,18,6342713
fishy,18,6342713
visuall,18,6342713
korea,17,6342713
imitating,17,6342713
governor,17,6342713
ceramic,17,6342713
invent,17,6342713
syndrome,17,6342713
warehouses,17,6342713
guarding,17,6342713
espresso,17,6342713
compiled,17,6342713
flakes,17,6342713
dishonesty,17,6342713
broadway,17,6342713
photographic,17,6342713
allocating,17,6342713
divine,17,6342713
sinister,17,6342713
shining,17,6342713
competitiveness,17,6342713
tearing,17,6342713
solids,17,6342713
deducting,17,6342713
weakest,17,6342713
underreport,17,6342713
extramarital,17,6342713
def,17,6342713
militia,17,6342713
overarching,17,6342713
affirming,17,6342713
growling,17,6342713
prevail,17,6342713
circulated,17,6342713
suitability,17,6342713
ga,17,6342713
entrusted,17,6342713
incinerate,17,6342713
professors,17,6342713
embers,17,6342713
storefront,17,6342713
sympathies,17,6342713
acoustic,17,6342713
messing,17,6342713
downtime,17,6342713
photovoltaic,17,6342713
stalls,17,6342713
curb,17,6342713
bump,17,6342713
spain,17,6342713
fudging,17,6342713
accelerants,17,6342713
ne,17,6342713
amplifies,17,6342713
crawling,17,6342713
detergents,17,6342713
transact,17,6342713
lawrence,17,6342713
bagged,17,6342713
ceremonies,17,6342713
hygienic,17,6342713
vapors,17,6342713
favourite,17,6342713
poster,17,6342713
treaty,17,6342713
encode,17,6342713
courthouse,17,6342713
dissenters,17,6342713
gadgets,17,6342713
unloaded,17,6342713
workarounds,17,6342713
broadly,17,6342713
allowable,17,6342713
demotivate,17,6342713
homophobic,17,6342713
admissions,17,6342713
drum,17,6342713
monetized,17,6342713
optimum,17,6342713
abrupt,17,6342713
candle,17,6342713
cashing,17,6342713
inventing,17,6342713
studied,17,6342713
outstanding,17,6342713
facilitator,17,6342713
dick,17,6342713
predefined,17,6342713
invented,17,6342713
insulating,17,6342713
italy,17,6342713
pronged,17,6342713
hypothetical,17,6342713
amusement,17,6342713
grappling,17,6342713
spiral,17,6342713
observant,17,6342713
flavored,17,6342713
par,17,6342713
repairing,17,6342713
miserable,17,6342713
physician,17,6342713
scalp,17,6342713
jackets,17,6342713
silenced,17,6342713
mismanagement,17,6342713
hunter,17,6342713
fucking,17,6342713
playfully,17,6342713
heights,17,6342713
wolf,17,6342713
voltage,17,6342713
lethargy,17,6342713
london,17,6342713
bone,17,6342713
realistically,17,6342713
characterized,17,6342713
misconfigured,17,6342713
edibles,17,6342713
seven,17,6342713
allegiance,17,6342713
predominantly,17,6342713
justin,17,6342713
critics,17,6342713
livestock,17,6342713
dumped,17,6342713
branded,17,6342713
standby,17,6342713
victimized,17,6342713
flagging,17,6342713
chlorate,17,6342713
disarm,17,6342713
takeovers,17,6342713
baits,17,6342713
replying,17,6342713
lakes,17,6342713
taunting,17,6342713
firmware,17,6342713
incase,17,6342713
lacks,17,6342713
hypocrisy,17,6342713
benefitting,17,6342713
consented,17,6342713
contraception,17,6342713
episode,17,6342713
petroleum,17,6342713
disclaimers,17,6342713
prosperity,17,6342713
rap,17,6342713
obstructing,17,6342713
rehab,17,6342713
inevitably,17,6342713
seasons,17,6342713
declaration,17,6342713
discern,17,6342713
inspirational,17,6342713
provocation,17,6342713
grenades,17,6342713
travellers,17,6342713
subversion,17,6342713
pending,17,6342713
venturing,17,6342713
prominently,17,6342713
potatoes,17,6342713
advertisers,17,6342713
putin,17,6342713
decrypt,17,6342713
ac,17,6342713
inflame,17,6342713
stacks,17,6342713
groundwater,17,6342713
extinguisher,17,6342713
gamble,17,6342713
regarded,17,6342713
bunch,17,6342713
ruining,17,6342713
unusually,17,6342713
eu,17,6342713
commensurate,17,6342713
abortions,17,6342713
conversing,17,6342713
sim,17,6342713
accelerating,17,6342713
defiance,17,6342713
messengers,17,6342713
workouts,17,6342713
decoration,17,6342713
coups,17,6342713
sandwich,17,6342713
responders,17,6342713
misfortune,17,6342713
peta,17,6342713
complexities,17,6342713
entirety,17,6342713
bootlegged,17,6342713
disastrous,17,6342713
rewrite,17,6342713
whore,17,6342713
hydration,17,6342713
subpoenas,17,6342713
briefcases,17,6342713
underhanded,17,6342713
pretext,17,6342713
hydroponic,17,6342713
clause,17,6342713
op,17,6342713
rainbow,17,6342713
whispering,17,6342713
skewed,17,6342713
attaining,17,6342713
shout,17,6342713
malfeasance,17,6342713
proportional,17,6342713
identifications,17,6342713
seated,17,6342713
compensated,17,6342713
yo,17,6342713
cheques,17,6342713
playground,17,6342713
repository,17,6342713
clashes,17,6342713
reservation,17,6342713
aircrack,17,6342713
objectionable,17,6342713
terminal,17,6342713
swallowed,17,6342713
profanity,17,6342713
parades,17,6342713
voodoo,17,6342713
unkind,17,6342713
buckets,17,6342713
districts,17,6342713
hallucinogens,17,6342713
delegitimize,17,6342713
elon,17,6342713
multicultural,17,6342713
ireland,17,6342713
isps,17,6342713
recyclables,17,6342713
oxide,17,6342713
banter,17,6342713
disproportionate,17,6342713
neighbourhood,17,6342713
surprisingly,17,6342713
asphyxiants,17,6342713
labware,17,6342713
arr,17,6342713
squeezed,16,6342713
coconut,16,6342713
wiggle,16,6342713
stashed,16,6342713
tucked,16,6342713
strongest,16,6342713
innovations,16,6342713
lubricants,16,6342713
exploding,16,6342713
kittens,16,6342713
runners,16,6342713
negligent,16,6342713
liver,16,6342713
overlap,16,6342713
decompose,16,6342713
taped,16,6342713
blown,16,6342713
emitting,16,6342713
alienating,16,6342713
heel,16,6342713
turnover,16,6342713
dormant,16,6342713
puerto,16,6342713
thinner,16,6342713
sugars,16,6342713
regulator,16,6342713
refreshing,16,6342713
auctions,16,6342713
biomedical,16,6342713
sprayed,16,6342713
bred,16,6342713
demotivated,16,6342713
nitpicking,16,6342713
embark,16,6342713
clearances,16,6342713
satellites,16,6342713
bench,16,6342713
depressed,16,6342713
contracted,16,6342713
adulthood,16,6342713
brazil,16,6342713
evidences,16,6342713
triangle,16,6342713
assassinations,16,6342713
sti,16,6342713
practically,16,6342713
instructing,16,6342713
cbt,16,6342713
alluring,16,6342713
veteran,16,6342713
rentals,16,6342713
atoms,16,6342713
imperfections,16,6342713
meditating,16,6342713
bullied,16,6342713
progresses,16,6342713
blurred,16,6342713
billed,16,6342713
undermined,16,6342713
peppers,16,6342713
discs,16,6342713
unconsciously,16,6342713
canned,16,6342713
bargain,16,6342713
verbalizing,16,6342713
wellness,16,6342713
shoving,16,6342713
intersections,16,6342713
acetaminophen,16,6342713
authorizing,16,6342713
afghanistan,16,6342713
dehumanizing,16,6342713
province,16,6342713
racially,16,6342713
leniency,16,6342713
wick,16,6342713
denigrate,16,6342713
generalized,16,6342713
referendum,16,6342713
succeeded,16,6342713
starbucks,16,6342713
maximization,16,6342713
ingrained,16,6342713
frighten,16,6342713
arizona,16,6342713
diego,16,6342713
meta,16,6342713
greedy,16,6342713
inhaled,16,6342713
polyamorous,16,6342713
philosophy,16,6342713
duck,16,6342713
exacerbating,16,6342713
tighten,16,6342713
bugging,16,6342713
witty,16,6342713
width,16,6342713
sponsoring,16,6342713
dumpsters,16,6342713
parcels,16,6342713
sphere,16,6342713
justifications,16,6342713
objectivity,16,6342713
bundles,16,6342713
mortality,16,6342713
condescension,16,6342713
purposeful,16,6342713
ladder,16,6342713
topical,16,6342713
insecticides,16,6342713
deaf,16,6342713
citronella,16,6342713
threesome,16,6342713
ar,16,6342713
survivor,16,6342713
october,16,6342713
someplace,16,6342713
bribed,16,6342713
armored,16,6342713
microaggression,16,6342713
offsets,16,6342713
feminists,16,6342713
std,16,6342713
irritate,16,6342713
exposes,16,6342713
charming,16,6342713
queen,16,6342713
miller,16,6342713
lamp,16,6342713
escaped,16,6342713
fingerprinting,16,6342713
deprived,16,6342713
swaying,16,6342713
homeowners,16,6342713
cloves,16,6342713
shredded,16,6342713
customizable,16,6342713
kinks,16,6342713
hiking,16,6342713
watches,16,6342713
unloved,16,6342713
sucks,16,6342713
cuss,16,6342713
orchestrated,16,6342713
catering,16,6342713
adjustment,16,6342713
disinfected,16,6342713
inconspicuously,16,6342713
looming,16,6342713
dolphins,16,6342713
usd,16,6342713
leaf,16,6342713
harnesses,16,6342713
barack,16,6342713
limitation,16,6342713
itchy,16,6342713
animated,16,6342713
snatch,16,6342713
transmissions,16,6342713
mistakenly,16,6342713
rarbg,16,6342713
uploads,16,6342713
flaw,16,6342713
onlookers,16,6342713
miscommunication,16,6342713
ketchup,16,6342713
apparel,16,6342713
efficiencies,16,6342713
mislabeling,16,6342713
stole,16,6342713
ma,16,6342713
ibm,16,6342713
sterilize,16,6342713
organising,16,6342713
enslaved,16,6342713
tenure,16,6342713
victorious,16,6342713
fungi,16,6342713
void,16,6342713
genocide,16,6342713
newcomers,16,6342713
sitter,16,6342713
resigning,16,6342713
underserved,16,6342713
haul,16,6342713
broke,16,6342713
disinfection,16,6342713
congressman,16,6342713
swim,16,6342713
riders,16,6342713
seduction,16,6342713
cooler,16,6342713
apartments,16,6342713
pleading,16,6342713
alleyway,16,6342713
hazmat,16,6342713
warehouse,16,6342713
resolutions,16,6342713
socks,16,6342713
vanilla,16,6342713
jeopardizing,16,6342713
purify,16,6342713
errands,16,6342713
paranoia,16,6342713
ons,16,6342713
sparkling,16,6342713
masturbation,16,6342713
innuendo,16,6342713
sarah,16,6342713
congestion,16,6342713
eyewitnesses,16,6342713
liar,16,6342713
sweatshop,16,6342713
mint,16,6342713
spirited,16,6342713
collaborators,16,6342713
deceived,16,6342713
roleplay,16,6342713
brothers,16,6342713
spores,16,6342713
ignited,16,6342713
consciously,16,6342713
sweeping,16,6342713
brackets,16,6342713
vibrations,16,6342713
citric,16,6342713
disgust,16,6342713
residues,16,6342713
compression,16,6342713
considerably,16,6342713
fauna,16,6342713
isis,16,6342713
vapor,16,6342713
fills,16,6342713
lookouts,16,6342713
stuxnet,16,6342713
plagiarizing,16,6342713
formulating,16,6342713
punitive,16,6342713
unprepared,16,6342713
barbiturates,16,6342713
decorating,16,6342713
xanax,16,6342713
paintings,16,6342713
scripture,16,6342713
vein,16,6342713
tcp,16,6342713
inhale,16,6342713
anesthesia,16,6342713
lieu,16,6342713
donor,16,6342713
interviewer,16,6342713
unassuming,16,6342713
inflammation,16,6342713
wondering,16,6342713
geographically,16,6342713
timestamps,16,6342713
holistic,16,6342713
metadata,16,6342713
whistles,16,6342713
constituency,16,6342713
spa,16,6342713
limitless,16,6342713
mosque,16,6342713
usps,16,6342713
upbringing,16,6342713
hawala,16,6342713
resting,16,6342713
diagnose,16,6342713
poachers,16,6342713
generalization,16,6342713
pedal,16,6342713
skydiving,16,6342713
substituting,16,6342713
beneficiaries,16,6342713
costing,16,6342713
briefcase,16,6342713
pharmacists,16,6342713
upwork,16,6342713
attractiveness,16,6342713
reciprocal,16,6342713
baggy,16,6342713
kisses,16,6342713
voted,16,6342713
spies,16,6342713
portland,16,6342713
nostalgia,16,6342713
caliber,16,6342713
chickens,16,6342713
keypad,16,6342713
caller,16,6342713
purple,16,6342713
ribs,16,6342713
spider,16,6342713
skimmer,16,6342713
uplifting,16,6342713
wiki,16,6342713
fetus,16,6342713
disparity,16,6342713
exploiters,16,6342713
animations,16,6342713
showed,16,6342713
homosexual,15,6342713
fertile,15,6342713
avatar,15,6342713
embezzler,15,6342713
moist,15,6342713
sliding,15,6342713
utorrent,15,6342713
unfaithful,15,6342713
revise,15,6342713
addictive,15,6342713
jackson,15,6342713
belittled,15,6342713
gifs,15,6342713
ensue,15,6342713
economical,15,6342713
fringe,15,6342713
unproductive,15,6342713
foreigner,15,6342713
visibly,15,6342713
facets,15,6342713
stemming,15,6342713
raiding,15,6342713
hostilities,15,6342713
trademarks,15,6342713
ripe,15,6342713
rubbish,15,6342713
morphine,15,6342713
borne,15,6342713
maple,15,6342713
calculator,15,6342713
closeness,15,6342713
designers,15,6342713
astroturf,15,6342713
pandora,15,6342713
politeness,15,6342713
lump,15,6342713
reign,15,6342713
pits,15,6342713
uniqueness,15,6342713
purified,15,6342713
dui,15,6342713
ambient,15,6342713
unguarded,15,6342713
deodorant,15,6342713
ck,15,6342713
aunt,15,6342713
antiquated,15,6342713
algae,15,6342713
emptying,15,6342713
shoreline,15,6342713
atrocities,15,6342713
alteration,15,6342713
wording,15,6342713
trait,15,6342713
forfeiture,15,6342713
cripple,15,6342713
noodles,15,6342713
journalist,15,6342713
biographies,15,6342713
xss,15,6342713
clutter,15,6342713
reimbursements,15,6342713
caribbean,15,6342713
coast,15,6342713
quarterly,15,6342713
indexes,15,6342713
spitting,15,6342713
footfall,15,6342713
ieds,15,6342713
parenthood,15,6342713
unneeded,15,6342713
inflatable,15,6342713
undercooked,15,6342713
oversee,15,6342713
unappealing,15,6342713
communicates,15,6342713
recon,15,6342713
purely,15,6342713
democrats,15,6342713
graph,15,6342713
chanting,15,6342713
fate,15,6342713
continents,15,6342713
mcdonald,15,6342713
grew,15,6342713
operative,15,6342713
complicit,15,6342713
strengthened,15,6342713
tesla,15,6342713
affluent,15,6342713
tasting,15,6342713
smashing,15,6342713
defensively,15,6342713
incomes,15,6342713
beatings,15,6342713
tactile,15,6342713
dull,15,6342713
sponsors,15,6342713
determines,15,6342713
portrayal,15,6342713
fallout,15,6342713
immobilize,15,6342713
categorizing,15,6342713
regrets,15,6342713
uniforms,15,6342713
airfare,15,6342713
nurture,15,6342713
actresses,15,6342713
spaghetti,15,6342713
helium,15,6342713
collaboratively,15,6342713
repositories,15,6342713
robbers,15,6342713
infamous,15,6342713
fargo,15,6342713
outfits,15,6342713
automobile,15,6342713
swabs,15,6342713
ruled,15,6342713
tailpipe,15,6342713
believability,15,6342713
planners,15,6342713
scar,15,6342713
earbuds,15,6342713
lapses,15,6342713
urges,15,6342713
hers,15,6342713
thoughtfulness,15,6342713
realising,15,6342713
sing,15,6342713
implicated,15,6342713
examinations,15,6342713
bulky,15,6342713
biography,15,6342713
thrift,15,6342713
chopped,15,6342713
rug,15,6342713
homeowner,15,6342713
buck,15,6342713
inmates,15,6342713
fasting,15,6342713
deflate,15,6342713
bikes,15,6342713
sally,15,6342713
helpline,15,6342713
aftermarket,15,6342713
batons,15,6342713
straps,15,6342713
bisexual,15,6342713
entail,15,6342713
expressive,15,6342713
superficial,15,6342713
southerners,15,6342713
calorie,15,6342713
bmi,15,6342713
optical,15,6342713
soapy,15,6342713
resentful,15,6342713
someones,15,6342713
antenna,15,6342713
soundproof,15,6342713
blender,15,6342713
implant,15,6342713
alienate,15,6342713
hunts,15,6342713
scattered,15,6342713
devaluation,15,6342713
transparently,15,6342713
unusable,15,6342713
immature,15,6342713
justifiable,15,6342713
korean,15,6342713
hormone,15,6342713
underway,15,6342713
converts,15,6342713
illegality,15,6342713
conversely,15,6342713
perishables,15,6342713
alarming,15,6342713
bells,15,6342713
sparked,15,6342713
amends,15,6342713
contrasting,15,6342713
ordinance,15,6342713
distributor,15,6342713
futile,15,6342713
vape,15,6342713
soccer,15,6342713
blackouts,15,6342713
forgeries,15,6342713
screaming,15,6342713
kitchens,15,6342713
distressing,15,6342713
computerized,15,6342713
represents,15,6342713
fueling,15,6342713
predicament,15,6342713
davis,15,6342713
slapping,15,6342713
edition,15,6342713
illustrations,15,6342713
storyline,15,6342713
geared,15,6342713
resembling,15,6342713
rail,15,6342713
residences,15,6342713
alignment,15,6342713
meetups,15,6342713
impractical,15,6342713
maneuvering,15,6342713
transcripts,15,6342713
carbohydrates,15,6342713
conveniently,15,6342713
theatre,15,6342713
livelihood,15,6342713
masses,15,6342713
hunger,15,6342713
battlefield,15,6342713
scaling,15,6342713
pathogenic,15,6342713
insinuations,15,6342713
pencils,15,6342713
schooling,15,6342713
cardholder,15,6342713
snorting,15,6342713
fundamentally,15,6342713
duplicates,15,6342713
pitting,15,6342713
charter,15,6342713
farmer,15,6342713
tenders,15,6342713
magnify,15,6342713
cloaking,15,6342713
internalize,15,6342713
villages,15,6342713
nationally,15,6342713
bargaining,15,6342713
etat,15,6342713
searchable,15,6342713
paraphrasing,15,6342713
mrs,15,6342713
kennedy,15,6342713
affirm,15,6342713
tedious,15,6342713
upbeat,15,6342713
irreversible,15,6342713
concentrating,15,6342713
generalizing,15,6342713
slut,15,6342713
substitute,15,6342713
beginner,15,6342713
elevator,15,6342713
decade,15,6342713
illusions,15,6342713
lasers,15,6342713
relievers,15,6342713
ghetto,15,6342713
thomas,15,6342713
annually,15,6342713
sanctuaries,15,6342713
salvation,15,6342713
smelling,15,6342713
moon,15,6342713
downloader,15,6342713
exhausts,15,6342713
revolutionary,15,6342713
recommends,15,6342713
purchasers,15,6342713
drafting,15,6342713
tighter,15,6342713
prearranged,15,6342713
gowns,15,6342713
webcams,15,6342713
plunge,15,6342713
reassess,15,6342713
juices,15,6342713
serviced,15,6342713
coats,15,6342713
herein,15,6342713
pistols,15,6342713
civility,15,6342713
incapable,15,6342713
wa,15,6342713
clouds,15,6342713
kiosks,15,6342713
swayed,15,6342713
rib,15,6342713
inhabitants,15,6342713
dissidents,15,6342713
fountain,15,6342713
emphasized,15,6342713
downwards,15,6342713
skepticism,15,6342713
reconciliations,15,6342713
kingdom,15,6342713
misery,15,6342713
billions,15,6342713
mundane,15,6342713
gdpr,15,6342713
hop,15,6342713
autoclave,15,6342713
reportedly,15,6342713
weaponizing,15,6342713
conditional,15,6342713
chrome,15,6342713
feeders,15,6342713
bang,15,6342713
repercussion,15,6342713
takedowns,15,6342713
assistive,15,6342713
grapes,15,6342713
curry,15,6342713
rigged,15,6342713
cloned,15,6342713
glean,15,6342713
braking,15,6342713
manners,15,6342713
wing,15,6342713
genomic,15,6342713
misrepresented,14,6342713
progressively,14,6342713
transactional,14,6342713
rationale,14,6342713
toes,14,6342713
belize,14,6342713
whitepages,14,6342713
tab,14,6342713
cartridges,14,6342713
extravagant,14,6342713
allergy,14,6342713
mud,14,6342713
concerted,14,6342713
painkillers,14,6342713
unreleased,14,6342713
treasure,14,6342713
plugins,14,6342713
deceitful,14,6342713
conclusive,14,6342713
snoop,14,6342713
dilemmas,14,6342713
advantaged,14,6342713
announcing,14,6342713
toolkits,14,6342713
damning,14,6342713
rendezvous,14,6342713
temptation,14,6342713
removes,14,6342713
quotas,14,6342713
ridden,14,6342713
grievance,14,6342713
seizing,14,6342713
unresolved,14,6342713
wooded,14,6342713
testifying,14,6342713
secretively,14,6342713
tailgating,14,6342713
badge,14,6342713
mercy,14,6342713
weighted,14,6342713
stripe,14,6342713
probable,14,6342713
hallucinogenic,14,6342713
outward,14,6342713
ect,14,6342713
popping,14,6342713
cleanse,14,6342713
signaling,14,6342713
miami,14,6342713
impermeable,14,6342713
gallery,14,6342713
countering,14,6342713
curated,14,6342713
optimism,14,6342713
relatable,14,6342713
caucasian,14,6342713
soaking,14,6342713
travelled,14,6342713
balancing,14,6342713
cornstarch,14,6342713
potash,14,6342713
boring,14,6342713
glow,14,6342713
xx,14,6342713
pent,14,6342713
differentials,14,6342713
collude,14,6342713
oz,14,6342713
divisiveness,14,6342713
lee,14,6342713
emotive,14,6342713
spicy,14,6342713
hardened,14,6342713
grounding,14,6342713
hbo,14,6342713
exhausting,14,6342713
prop,14,6342713
soviet,14,6342713
blamed,14,6342713
tunneling,14,6342713
expedite,14,6342713
defences,14,6342713
booth,14,6342713
maximise,14,6342713
confession,14,6342713
pittsburgh,14,6342713
sparking,14,6342713
hallucinations,14,6342713
reciprocation,14,6342713
ioc,14,6342713
refrigerators,14,6342713
secession,14,6342713
module,14,6342713
prosecutions,14,6342713
uh,14,6342713
leafleting,14,6342713
cornered,14,6342713
brochures,14,6342713
pranking,14,6342713
spells,14,6342713
broadcasters,14,6342713
walkways,14,6342713
menial,14,6342713
relentless,14,6342713
transformative,14,6342713
walked,14,6342713
deserved,14,6342713
blessings,14,6342713
hipaa,14,6342713
chamomile,14,6342713
shutdowns,14,6342713
gunbroker,14,6342713
realise,14,6342713
reasoned,14,6342713
float,14,6342713
layoffs,14,6342713
pistol,14,6342713
quiz,14,6342713
unrestricted,14,6342713
conservatively,14,6342713
fermentation,14,6342713
torch,14,6342713
describes,14,6342713
vacant,14,6342713
ski,14,6342713
anyways,14,6342713
criminalize,14,6342713
tears,14,6342713
misinterpreted,14,6342713
rapists,14,6342713
marginalised,14,6342713
sugary,14,6342713
handgun,14,6342713
harnessing,14,6342713
polymorphic,14,6342713
undertones,14,6342713
overvalued,14,6342713
utilising,14,6342713
unreported,14,6342713
resign,14,6342713
discouragement,14,6342713
colorado,14,6342713
unconstitutional,14,6342713
scarf,14,6342713
refuting,14,6342713
remained,14,6342713
vigorous,14,6342713
soy,14,6342713
soaps,14,6342713
stumps,14,6342713
unwavering,14,6342713
disappointing,14,6342713
devil,14,6342713
industrialization,14,6342713
allied,14,6342713
lockers,14,6342713
encompasses,14,6342713
nonsense,14,6342713
defeating,14,6342713
revolve,14,6342713
slack,14,6342713
straws,14,6342713
bidder,14,6342713
pipelines,14,6342713
vintage,14,6342713
overlooking,14,6342713
golf,14,6342713
refined,14,6342713
thankfully,14,6342713
windshield,14,6342713
rave,14,6342713
injunction,14,6342713
carpets,14,6342713
fastened,14,6342713
humid,14,6342713
penises,14,6342713
wholesalers,14,6342713
obscene,14,6342713
explode,14,6342713
rescuing,14,6342713
ultraviolet,14,6342713
unidentifiable,14,6342713
adderall,14,6342713
stairs,14,6342713
renowned,14,6342713
bearing,14,6342713
swallow,14,6342713
expire,14,6342713
fueled,14,6342713
hvac,14,6342713
prematurely,14,6342713
extending,14,6342713
unsanctioned,14,6342713
carelessly,14,6342713
charger,14,6342713
sin,14,6342713
conservationists,14,6342713
tarp,14,6342713
startling,14,6342713
cylinders,14,6342713
scalability,14,6342713
meaningless,14,6342713
readability,14,6342713
naivety,14,6342713
taxpayer,14,6342713
espn,14,6342713
unemployed,14,6342713
blockage,14,6342713
binoculars,14,6342713
productively,14,6342713
culinary,14,6342713
rooster,14,6342713
prioritizes,14,6342713
spillage,14,6342713
snare,14,6342713
hopeful,14,6342713
placards,14,6342713
directive,14,6342713
detained,14,6342713
adaptive,14,6342713
eats,14,6342713
courageous,14,6342713
hastily,14,6342713
possessive,14,6342713
grains,14,6342713
condiments,14,6342713
endorsement,14,6342713
traumas,14,6342713
suspense,14,6342713
squeezing,14,6342713
lotion,14,6342713
waving,14,6342713
gears,14,6342713
sediment,14,6342713
absorbing,14,6342713
bracelet,14,6342713
colonial,14,6342713
hindu,14,6342713
rotten,14,6342713
addictions,14,6342713
benchmarks,14,6342713
lip,14,6342713
unwashed,14,6342713
construed,14,6342713
firecracker,14,6342713
limes,14,6342713
viewer,14,6342713
stalker,14,6342713
subcontractors,14,6342713
rum,14,6342713
forex,14,6342713
twists,14,6342713
fomo,14,6342713
propagated,14,6342713
scoop,14,6342713
happier,14,6342713
loses,14,6342713
condemn,14,6342713
cyberspace,14,6342713
roadways,14,6342713
urging,14,6342713
amphetamines,14,6342713
impressed,14,6342713
dan,14,6342713
starving,14,6342713
cords,14,6342713
knot,14,6342713
allude,14,6342713
bothers,14,6342713
liners,14,6342713
driveway,14,6342713
mandating,14,6342713
subversive,14,6342713
ecommerce,14,6342713
mountains,14,6342713
sniper,14,6342713
reagents,14,6342713
handicapped,14,6342713
swear,14,6342713
snippets,14,6342713
conclude,14,6342713
retaliate,14,6342713
embellish,14,6342713
rebuilding,14,6342713
confirmations,14,6342713
programmer,14,6342713
wrists,14,6342713
chapters,14,6342713
spike,14,6342713
martin,14,6342713
digestive,14,6342713
censor,14,6342713
clientele,14,6342713
spectacle,14,6342713
equipping,14,6342713
dampening,14,6342713
sharply,14,6342713
harvard,14,6342713
downside,14,6342713
criticising,14,6342713
precipitation,14,6342713
demeanour,14,6342713
responded,14,6342713
cofounder,14,6342713
malwares,14,6342713
mg,14,6342713
disregarded,14,6342713
sedation,14,6342713
implanted,14,6342713
pique,14,6342713
exceeded,14,6342713
collector,14,6342713
ripper,14,6342713
igniting,14,6342713
internship,14,6342713
pickpocket,14,6342713
rumored,14,6342713
medically,14,6342713
nascar,14,6342713
catfish,14,6342713
tub,14,6342713
sexualized,14,6342713
unleash,14,6342713
september,14,6342713
horizon,14,6342713
benches,14,6342713
escalated,14,6342713
grasses,14,6342713
dresses,14,6342713
chasing,14,6342713
psychotherapy,14,6342713
misbehave,14,6342713
obliged,14,6342713
anhydrous,14,6342713
inhabited,14,6342713
knots,14,6342713
transform,14,6342713
oranges,14,6342713
sandbox,14,6342713
rebel,14,6342713
inequities,14,6342713
tailing,14,6342713
interruptions,14,6342713
buddy,14,6342713
apprehend,14,6342713
capitol,14,6342713
pineapple,14,6342713
adaptation,14,6342713
lug,14,6342713
flashlight,14,6342713
boston,14,6342713
bravery,14,6342713
uncle,14,6342713
shades,14,6342713
influenza,14,6342713
jersey,14,6342713
beneficiary,14,6342713
blows,14,6342713
infrequently,14,6342713
tilt,14,6342713
rip,14,6342713
obtainable,14,6342713
poo,14,6342713
plagiarize,14,6342713
jacket,14,6342713
governed,14,6342713
disbelief,14,6342713
diffuser,14,6342713
justifies,13,6342713
unhappiness,13,6342713
intermediate,13,6342713
replication,13,6342713
finder,13,6342713
enthusiasts,13,6342713
shooters,13,6342713
eraser,13,6342713
pale,13,6342713
burst,13,6342713
classrooms,13,6342713
fluorescent,13,6342713
tempt,13,6342713
charismatic,13,6342713
outsource,13,6342713
scientist,13,6342713
kennel,13,6342713
conferencing,13,6342713
subverting,13,6342713
brokerages,13,6342713
sniff,13,6342713
lateral,13,6342713
builder,13,6342713
mischief,13,6342713
journalism,13,6342713
drowsiness,13,6342713
psychologists,13,6342713
dissuade,13,6342713
ide,13,6342713
yelp,13,6342713
combatting,13,6342713
repaying,13,6342713
lifespan,13,6342713
combines,13,6342713
vocational,13,6342713
missile,13,6342713
instigating,13,6342713
dislikes,13,6342713
submerged,13,6342713
defendant,13,6342713
belly,13,6342713
lasts,13,6342713
enhances,13,6342713
polymorphism,13,6342713
unspoken,13,6342713
undoubtedly,13,6342713
veterans,13,6342713
checkpoint,13,6342713
streamed,13,6342713
cupboard,13,6342713
vibes,13,6342713
pgp,13,6342713
duckduckgo,13,6342713
upgrading,13,6342713
hue,13,6342713
compensating,13,6342713
stepped,13,6342713
nerves,13,6342713
france,13,6342713
scrutinized,13,6342713
cdn,13,6342713
toll,13,6342713
originals,13,6342713
muffle,13,6342713
temples,13,6342713
seasoned,13,6342713
aggregate,13,6342713
veil,13,6342713
subpar,13,6342713
restitution,13,6342713
ohio,13,6342713
laughs,13,6342713
residing,13,6342713
dine,13,6342713
sensitivities,13,6342713
believers,13,6342713
ford,13,6342713
lover,13,6342713
vastly,13,6342713
midst,13,6342713
endlessly,13,6342713
cherished,13,6342713
knit,13,6342713
glory,13,6342713
dipping,13,6342713
dividend,13,6342713
inactive,13,6342713
profitably,13,6342713
hideout,13,6342713
felling,13,6342713
expulsion,13,6342713
backlinks,13,6342713
scrapping,13,6342713
misunderstood,13,6342713
civilization,13,6342713
temp,13,6342713
dual,13,6342713
moonshine,13,6342713
corn,13,6342713
interacts,13,6342713
depicted,13,6342713
drawers,13,6342713
reprimanding,13,6342713
inert,13,6342713
strategize,13,6342713
blockers,13,6342713
folk,13,6342713
genres,13,6342713
cheapest,13,6342713
comic,13,6342713
discretionary,13,6342713
supervising,13,6342713
accelerated,13,6342713
magnesium,13,6342713
gaze,13,6342713
timeouts,13,6342713
incorporates,13,6342713
spreadsheets,13,6342713
tuned,13,6342713
syntax,13,6342713
estimates,13,6342713
sleeve,13,6342713
forecast,13,6342713
deface,13,6342713
specials,13,6342713
condemnation,13,6342713
invites,13,6342713
pheromones,13,6342713
incubation,13,6342713
photographed,13,6342713
distinguishing,13,6342713
blurring,13,6342713
imprisoned,13,6342713
yards,13,6342713
slander,13,6342713
conveyed,13,6342713
planters,13,6342713
probabilities,13,6342713
neat,13,6342713
haunt,13,6342713
handbook,13,6342713
actuality,13,6342713
formerly,13,6342713
silicone,13,6342713
shooter,13,6342713
rearranging,13,6342713
transgressions,13,6342713
rethink,13,6342713
consoles,13,6342713
murders,13,6342713
penetrating,13,6342713
brownie,13,6342713
hangouts,13,6342713
bookstores,13,6342713
novelty,13,6342713
localities,13,6342713
waking,13,6342713
sleight,13,6342713
aesthetically,13,6342713
neuro,13,6342713
antifreeze,13,6342713
antibiotics,13,6342713
restricts,13,6342713
endure,13,6342713
augmented,13,6342713
radius,13,6342713
passages,13,6342713
pains,13,6342713
setbacks,13,6342713
mothers,13,6342713
gentrification,13,6342713
silencing,13,6342713
gene,13,6342713
emptied,13,6342713
accord,13,6342713
coaches,13,6342713
tranquilizer,13,6342713
abolish,13,6342713
clickbait,13,6342713
drafts,13,6342713
farther,13,6342713
styling,13,6342713
stayed,13,6342713
guessed,13,6342713
worlds,13,6342713
recommending,13,6342713
fledged,13,6342713
monogamy,13,6342713
sewers,13,6342713
feasibility,13,6342713
parameter,13,6342713
barcode,13,6342713
photographers,13,6342713
alpha,13,6342713
sufficiently,13,6342713
drugged,13,6342713
mayonnaise,13,6342713
imdb,13,6342713
unknowing,13,6342713
nigger,13,6342713
friendliness,13,6342713
gonna,13,6342713
ulterior,13,6342713
hips,13,6342713
boom,13,6342713
watchful,13,6342713
legalities,13,6342713
exhibition,13,6342713
subconsciously,13,6342713
ankle,13,6342713
variants,13,6342713
normalized,13,6342713
electrocution,13,6342713
suspecting,13,6342713
interacted,13,6342713
guessable,13,6342713
purport,13,6342713
advising,13,6342713
pointless,13,6342713
sunset,13,6342713
iii,13,6342713
mysteries,13,6342713
inherited,13,6342713
interrogations,13,6342713
trunks,13,6342713
smelly,13,6342713
int,13,6342713
cleansing,13,6342713
titled,13,6342713
tallies,13,6342713
garnering,13,6342713
candies,13,6342713
customised,13,6342713
felonies,13,6342713
subreddits,13,6342713
simplistic,13,6342713
aliexpress,13,6342713
exemplary,13,6342713
conduits,13,6342713
receivers,13,6342713
pantry,13,6342713
blatantly,13,6342713
modular,13,6342713
az,13,6342713
demonizing,13,6342713
debunk,13,6342713
uninhabited,13,6342713
unruly,13,6342713
delight,13,6342713
athlete,13,6342713
veggies,13,6342713
exclusions,13,6342713
dim,13,6342713
bootleg,13,6342713
jointly,13,6342713
bystander,13,6342713
klan,13,6342713
scaring,13,6342713
linger,13,6342713
layouts,13,6342713
impress,13,6342713
mere,13,6342713
pink,13,6342713
ct,13,6342713
irreparable,13,6342713
cows,13,6342713
bandage,13,6342713
needlessly,13,6342713
homicide,13,6342713
torn,13,6342713
liberation,13,6342713
tagged,13,6342713
cuddles,13,6342713
ripple,13,6342713
campfire,13,6342713
incinerated,13,6342713
deviant,13,6342713
dispense,13,6342713
peddling,13,6342713
stadium,13,6342713
slap,13,6342713
communal,13,6342713
michigan,13,6342713
taxi,13,6342713
outlandish,13,6342713
elastic,13,6342713
gummy,13,6342713
resourcefulness,13,6342713
realm,13,6342713
vegas,13,6342713
gutenberg,13,6342713
physics,13,6342713
hallway,13,6342713
uneducated,13,6342713
controversies,13,6342713
brazilian,13,6342713
attic,13,6342713
vii,13,6342713
unsatisfactory,13,6342713
waivers,13,6342713
timeout,13,6342713
notto,13,6342713
disturbed,13,6342713
meetup,13,6342713
snippet,13,6342713
symptom,13,6342713
roller,13,6342713
cnn,13,6342713
yesterday,13,6342713
alice,13,6342713
sensual,13,6342713
blm,13,6342713
gigs,13,6342713
las,13,6342713
unconnected,13,6342713
fortunes,13,6342713
generalize,13,6342713
panther,13,6342713
abdomen,13,6342713
neatly,13,6342713
resin,13,6342713
nationals,13,6342713
grandiose,13,6342713
outcry,13,6342713
recreate,13,6342713
jerk,13,6342713
signatories,13,6342713
thrones,13,6342713
reminds,13,6342713
averages,13,6342713
intents,13,6342713
reprimanded,13,6342713
transformed,13,6342713
apparatus,13,6342713
appliance,13,6342713
bypassed,13,6342713
diaper,13,6342713
rounded,13,6342713
stricken,13,6342713
eyewitness,13,6342713
presses,13,6342713
afar,13,6342713
triumph,13,6342713
odorless,13,6342713
seattle,13,6342713
elite,13,6342713
commodity,13,6342713
macroeconomic,13,6342713
trespass,13,6342713
destiny,13,6342713
ought,13,6342713
attain,13,6342713
hoses,13,6342713
clustering,13,6342713
detoxification,13,6342713
atheists,13,6342713
skillsets,13,6342713
stephen,13,6342713
reactor,13,6342713
tubing,13,6342713
colonization,13,6342713
irresistible,13,6342713
paul,13,6342713
livelihoods,13,6342713
membranes,13,6342713
bulldozers,13,6342713
explores,13,6342713
cvs,13,6342713
spears,13,6342713
happily,13,6342713
tasteful,12,6342713
node,12,6342713
morals,12,6342713
wings,12,6342713
slices,12,6342713
counties,12,6342713
simulating,12,6342713
captor,12,6342713
cabinets,12,6342713
mouthwash,12,6342713
corrosive,12,6342713
afternoon,12,6342713
noble,12,6342713
compact,12,6342713
hd,12,6342713
compressing,12,6342713
guilting,12,6342713
tent,12,6342713
fairer,12,6342713
traffick,12,6342713
installments,12,6342713
denomination,12,6342713
pickpocketing,12,6342713
excerpts,12,6342713
dot,12,6342713
deduct,12,6342713
highs,12,6342713
bankers,12,6342713
telecommunications,12,6342713
fog,12,6342713
twine,12,6342713
beverly,12,6342713
flooring,12,6342713
nooses,12,6342713
obscured,12,6342713
pasting,12,6342713
memorize,12,6342713
coinbase,12,6342713
conforms,12,6342713
blooms,12,6342713
calmer,12,6342713
induction,12,6342713
bandcamp,12,6342713
deflating,12,6342713
shielding,12,6342713
decibel,12,6342713
analogies,12,6342713
barricades,12,6342713
waterway,12,6342713
cites,12,6342713
murderer,12,6342713
terminated,12,6342713
stabilize,12,6342713
spit,12,6342713
forgiving,12,6342713
safeguarded,12,6342713
garnished,12,6342713
situ,12,6342713
dispersants,12,6342713
enzyme,12,6342713
aerobic,12,6342713
anaerobic,12,6342713
sunshine,12,6342713
crust,12,6342713
grooms,12,6342713
disbursements,12,6342713
oblivious,12,6342713
birthdays,12,6342713
finalized,12,6342713
despicable,12,6342713
curfews,12,6342713
clay,12,6342713
remembering,12,6342713
budgetary,12,6342713
stain,12,6342713
horror,12,6342713
inadequacies,12,6342713
rushing,12,6342713
tumbler,12,6342713
wheat,12,6342713
guinea,12,6342713
netherlands,12,6342713
hometown,12,6342713
blaze,12,6342713
av,12,6342713
conduit,12,6342713
carrots,12,6342713
uprising,12,6342713
relentlessly,12,6342713
burnt,12,6342713
digs,12,6342713
consolidate,12,6342713
strangling,12,6342713
arrogance,12,6342713
clone,12,6342713
apprehensive,12,6342713
entrepreneurship,12,6342713
grandmother,12,6342713
correlations,12,6342713
seducing,12,6342713
smash,12,6342713
nokia,12,6342713
supplying,12,6342713
egos,12,6342713
puncturing,12,6342713
shovel,12,6342713
sync,12,6342713
revolving,12,6342713
busted,12,6342713
bananas,12,6342713
awkwardness,12,6342713
jiu,12,6342713
jitsu,12,6342713
defying,12,6342713
composure,12,6342713
finalizing,12,6342713
soldier,12,6342713
hsus,12,6342713
snares,12,6342713
mastered,12,6342713
provoked,12,6342713
cartoons,12,6342713
randomized,12,6342713
barks,12,6342713
endured,12,6342713
doubtful,12,6342713
listened,12,6342713
forbidding,12,6342713
mattress,12,6342713
tweak,12,6342713
ritual,12,6342713
reciprocating,12,6342713
coexist,12,6342713
urgently,12,6342713
aloud,12,6342713
pronounced,12,6342713
wield,12,6342713
quotations,12,6342713
shareholder,12,6342713
patriarchy,12,6342713
advisories,12,6342713
rebellion,12,6342713
redundant,12,6342713
manpower,12,6342713
essentials,12,6342713
circuses,12,6342713
needy,12,6342713
swirl,12,6342713
listens,12,6342713
temperament,12,6342713
forbids,12,6342713
counsellor,12,6342713
fetishes,12,6342713
disputed,12,6342713
dave,12,6342713
dieting,12,6342713
imprison,12,6342713
sympathize,12,6342713
spotlight,12,6342713
suppressed,12,6342713
gamblers,12,6342713
flatter,12,6342713
ants,12,6342713
kinetic,12,6342713
euthanize,12,6342713
argumentation,12,6342713
solved,12,6342713
diamond,12,6342713
paws,12,6342713
unarmed,12,6342713
tournaments,12,6342713
addicts,12,6342713
packers,12,6342713
cavity,12,6342713
vouchers,12,6342713
plentiful,12,6342713
methodical,12,6342713
burger,12,6342713
vaping,12,6342713
bass,12,6342713
verbiage,12,6342713
plotting,12,6342713
crates,12,6342713
ln,12,6342713
nmap,12,6342713
injunctions,12,6342713
negro,12,6342713
irresponsibly,12,6342713
inventories,12,6342713
repost,12,6342713
commute,12,6342713
vomit,12,6342713
aches,12,6342713
blindness,12,6342713
entertained,12,6342713
acquiesce,12,6342713
ladders,12,6342713
opsec,12,6342713
magnetic,12,6342713
vaginal,12,6342713
adolescents,12,6342713
disoriented,12,6342713
palatable,12,6342713
koreans,12,6342713
suppressor,12,6342713
dart,12,6342713
cute,12,6342713
prohibitions,12,6342713
headers,12,6342713
whiteness,12,6342713
muzzles,12,6342713
directional,12,6342713
rollers,12,6342713
overflows,12,6342713
forethought,12,6342713
dodging,12,6342713
hemp,12,6342713
icloud,12,6342713
alphabay,12,6342713
brushes,12,6342713
cue,12,6342713
boiled,12,6342713
dive,12,6342713
alienation,12,6342713
therein,12,6342713
snowball,12,6342713
standardized,12,6342713
thermometers,12,6342713
missteps,12,6342713
unaccompanied,12,6342713
nylon,12,6342713
breasts,12,6342713
suffice,12,6342713
debilitating,12,6342713
visitation,12,6342713
kinky,12,6342713
fetish,12,6342713
duplication,12,6342713
heartstrings,12,6342713
satirical,12,6342713
bridging,12,6342713
undisturbed,12,6342713
unborn,12,6342713
authentically,12,6342713
sftp,12,6342713
frauds,12,6342713
cornering,12,6342713
intends,12,6342713
poision,12,6342713
oof,12,6342713
signuate,12,6342713
sludge,12,6342713
cam,12,6342713
depress,12,6342713
locksmith,12,6342713
concussion,12,6342713
hijacked,12,6342713
opium,12,6342713
contention,12,6342713
vladimir,12,6342713
mercenaries,12,6342713
timeless,12,6342713
sword,12,6342713
paintball,12,6342713
frank,12,6342713
directives,12,6342713
aging,12,6342713
amenable,12,6342713
thighs,12,6342713
bodied,12,6342713
midnight,12,6342713
electroshock,12,6342713
tokenization,12,6342713
destroys,12,6342713
playoffs,12,6342713
attributions,12,6342713
evacuate,12,6342713
jazz,12,6342713
congressperson,12,6342713
kevin,12,6342713
bracket,12,6342713
murdering,12,6342713
declined,12,6342713
starvation,12,6342713
limb,12,6342713
ambushes,12,6342713
poem,12,6342713
miscommunications,12,6342713
impeding,12,6342713
syria,12,6342713
admitted,12,6342713
granulated,12,6342713
africans,12,6342713
drought,12,6342713
blowers,12,6342713
endeavour,12,6342713
ted,12,6342713
bastard,12,6342713
enriching,12,6342713
behaved,12,6342713
desist,12,6342713
alligator,12,6342713
beside,12,6342713
socialmedia,12,6342713
staples,12,6342713
oak,12,6342713
preventable,12,6342713
handouts,12,6342713
patrolling,12,6342713
litecoin,12,6342713
combo,12,6342713
motivator,12,6342713
targetting,12,6342713
diagnostics,12,6342713
trolley,12,6342713
zealand,12,6342713
depths,12,6342713
fliers,12,6342713
amnesia,12,6342713
compositions,12,6342713
judo,12,6342713
osha,12,6342713
unsuitable,12,6342713
chop,12,6342713
cave,12,6342713
lovely,12,6342713
ngo,12,6342713
flashy,12,6342713
epidemic,12,6342713
rehabilitator,12,6342713
licence,12,6342713
hush,12,6342713
tremendously,12,6342713
detonated,12,6342713
appreciating,12,6342713
partisan,12,6342713
reluctance,12,6342713
eds,12,6342713
heaven,12,6342713
flashing,12,6342713
repaired,12,6342713
flavorful,12,6342713
odour,12,6342713
progressing,12,6342713
claw,12,6342713
rashes,12,6342713
curbside,12,6342713
contagion,12,6342713
tweaking,12,6342713
dutch,12,6342713
mishaps,12,6342713
slashing,12,6342713
demoralize,12,6342713
blockade,12,6342713
feign,12,6342713
playback,12,6342713
adam,12,6342713
rockets,12,6342713
deference,12,6342713
warren,12,6342713
sidewalks,12,6342713
compulsory,12,6342713
discourages,12,6342713
bungee,12,6342713
expelled,12,6342713
unpredictability,12,6342713
shortest,12,6342713
origination,12,6342713
nod,12,6342713
practising,12,6342713
indonesia,12,6342713
rails,12,6342713
slope,12,6342713
alters,12,6342713
introductory,12,6342713
roast,12,6342713
liberating,12,6342713
misstep,12,6342713
hamster,12,6342713
unpermitted,12,6342713
fry,12,6342713
andrew,12,6342713
restart,12,6342713
partaking,12,6342713
fizzies,12,6342713
paycheck,12,6342713
predicted,12,6342713
protonmail,12,6342713
premiums,12,6342713
plead,12,6342713
wikihow,12,6342713
corridors,12,6342713
slides,12,6342713
susceptibility,12,6342713
overcharging,12,6342713
warranty,12,6342713
null,12,6342713
shaving,12,6342713
noun,12,6342713
itemized,12,6342713
fractures,12,6342713
awry,12,6342713
bahamas,12,6342713
syn,12,6342713
pakistan,12,6342713
phished,12,6342713
stimulant,12,6342713
penny,12,6342713
magnets,12,6342713
buddhism,12,6342713
breakfast,12,6342713
retarded,12,6342713
emily,12,6342713
indications,12,6342713
victimization,12,6342713
penalize,12,6342713
arteries,12,6342713
scarce,12,6342713
analyse,12,6342713
cracker,12,6342713
faculty,12,6342713
forecasting,12,6342713
legend,12,6342713
proofs,12,6342713
altruism,12,6342713
opposes,12,6342713
irrevocable,12,6342713
harry,12,6342713
grinder,12,6342713
anthem,12,6342713
salty,12,6342713
parade,12,6342713
cozy,12,6342713
axis,12,6342713
ann,12,6342713
chi,12,6342713
unfairness,12,6342713
underestimated,12,6342713
sciences,12,6342713
incentivized,12,6342713
assumes,12,6342713
incest,12,6342713
substrate,12,6342713
stonewalling,12,6342713
uniquely,12,6342713
infinity,12,6342713
laundromats,12,6342713
infiltrated,12,6342713
roi,12,6342713
jumps,12,6342713
mis,11,6342713
longterm,11,6342713
goers,11,6342713
greet,11,6342713
migrate,11,6342713
freelancers,11,6342713
behavioural,11,6342713
purportedly,11,6342713
souvenirs,11,6342713
duped,11,6342713
endorsed,11,6342713
conception,11,6342713
viability,11,6342713
misbehaviour,11,6342713
mazes,11,6342713
objectifying,11,6342713
stumble,11,6342713
phenomena,11,6342713
anabolic,11,6342713
testosterone,11,6342713
awhile,11,6342713
babysitting,11,6342713
pulse,11,6342713
coordinates,11,6342713
mac,11,6342713
phisher,11,6342713
hotspot,11,6342713
wares,11,6342713
dots,11,6342713
separatism,11,6342713
euphoric,11,6342713
madison,11,6342713
cuba,11,6342713
nationalism,11,6342713
earns,11,6342713
invoking,11,6342713
fruitful,11,6342713
xxxx,11,6342713
obsessive,11,6342713
resourceful,11,6342713
fcc,11,6342713
thrilling,11,6342713
misclassify,11,6342713
torment,11,6342713
socket,11,6342713
august,11,6342713
camouflaging,11,6342713
envious,11,6342713
uneasiness,11,6342713
orgasms,11,6342713
widening,11,6342713
sorrow,11,6342713
imaginative,11,6342713
wrapper,11,6342713
reactors,11,6342713
intriguing,11,6342713
intrinsic,11,6342713
coax,11,6342713
obstruct,11,6342713
rack,11,6342713
emerged,11,6342713
literal,11,6342713
treasury,11,6342713
strained,11,6342713
honored,11,6342713
revisions,11,6342713
mediafire,11,6342713
carpool,11,6342713
gluing,11,6342713
monica,11,6342713
latinos,11,6342713
plausibly,11,6342713
togetherness,11,6342713
stamped,11,6342713
pleas,11,6342713
fo,11,6342713
illustrating,11,6342713
calms,11,6342713
scrapers,11,6342713
relay,11,6342713
sharia,11,6342713
tenets,11,6342713
voicemail,11,6342713
dessert,11,6342713
bombard,11,6342713
tranquility,11,6342713
risen,11,6342713
restrained,11,6342713
averaging,11,6342713
protectors,11,6342713
spiders,11,6342713
kratom,11,6342713
loosely,11,6342713
nationalities,11,6342713
porch,11,6342713
launcher,11,6342713
sensationalized,11,6342713
outage,11,6342713
maga,11,6342713
placements,11,6342713
remix,11,6342713
carbonate,11,6342713
swearing,11,6342713
mafia,11,6342713
souls,11,6342713
postures,11,6342713
aviation,11,6342713
demonize,11,6342713
blockages,11,6342713
provocateurs,11,6342713
beard,11,6342713
weaving,11,6342713
accumulating,11,6342713
rationally,11,6342713
upkeep,11,6342713
kelly,11,6342713
attendant,11,6342713
berate,11,6342713
submits,11,6342713
undeclared,11,6342713
butane,11,6342713
initiator,11,6342713
disarming,11,6342713
italians,11,6342713
reminded,11,6342713
medics,11,6342713
mockingly,11,6342713
dialect,11,6342713
hypocritical,11,6342713
wrote,11,6342713
bottled,11,6342713
verse,11,6342713
chargers,11,6342713
ridiculed,11,6342713
coke,11,6342713
crevices,11,6342713
coli,11,6342713
obscenity,11,6342713
mosques,11,6342713
debunked,11,6342713
spell,11,6342713
affections,11,6342713
redistributing,11,6342713
pouch,11,6342713
endorphins,11,6342713
switched,11,6342713
vertical,11,6342713
unplanned,11,6342713
twisted,11,6342713
filthy,11,6342713
microbial,11,6342713
culpability,11,6342713
initials,11,6342713
teammates,11,6342713
bieber,11,6342713
unbearable,11,6342713
rhythm,11,6342713
erratic,11,6342713
glassware,11,6342713
em,11,6342713
facilitators,11,6342713
mugging,11,6342713
bulletproof,11,6342713
skim,11,6342713
intensely,11,6342713
counterproductive,11,6342713
passcode,11,6342713
eric,11,6342713
tunes,11,6342713
thankful,11,6342713
notch,11,6342713
threatens,11,6342713
carelessness,11,6342713
landscapes,11,6342713
revolt,11,6342713
sedated,11,6342713
alkaline,11,6342713
jewellery,11,6342713
referees,11,6342713
incandescent,11,6342713
hyperlinks,11,6342713
projection,11,6342713
littering,11,6342713
bounce,11,6342713
marketed,11,6342713
locality,11,6342713
councils,11,6342713
nuanced,11,6342713
erroneous,11,6342713
autonomously,11,6342713
kindle,11,6342713
fork,11,6342713
gullible,11,6342713
constituencies,11,6342713
reimbursed,11,6342713
sovereignty,11,6342713
birthdates,11,6342713
territorial,11,6342713
championed,11,6342713
latch,11,6342713
rubs,11,6342713
bonded,11,6342713
uncivilized,11,6342713
infestations,11,6342713
inducements,11,6342713
allergen,11,6342713
sweeps,11,6342713
busiest,11,6342713
interrupted,11,6342713
expires,11,6342713
grouping,11,6342713
pivot,11,6342713
pulls,11,6342713
gram,11,6342713
precedent,11,6342713
vat,11,6342713
holy,11,6342713
piercings,11,6342713
judaism,11,6342713
honoring,11,6342713
unforgettable,11,6342713
chainsaws,11,6342713
extracurricular,11,6342713
expansive,11,6342713
vegetarian,11,6342713
isp,11,6342713
mornings,11,6342713
venom,11,6342713
fragrances,11,6342713
repackaging,11,6342713
fare,11,6342713
allegiances,11,6342713
atop,11,6342713
instructors,11,6342713
authorisation,11,6342713
abstinence,11,6342713
intently,11,6342713
complacent,11,6342713
vis,11,6342713
strap,11,6342713
wrinkles,11,6342713
albert,11,6342713
jerry,11,6342713
mandates,11,6342713
hoaxes,11,6342713
stainless,11,6342713
submarine,11,6342713
aka,11,6342713
nap,11,6342713
moles,11,6342713
departing,11,6342713
brilliant,11,6342713
undercut,11,6342713
inconsiderate,11,6342713
diplomats,11,6342713
loudspeakers,11,6342713
missionary,11,6342713
defended,11,6342713
underworld,11,6342713
consulate,11,6342713
cancelled,11,6342713
thepiratebay,11,6342713
viagra,11,6342713
sleeved,11,6342713
pops,11,6342713
transferable,11,6342713
awaiting,11,6342713
freak,11,6342713
pedophilia,11,6342713
phishers,11,6342713
rises,11,6342713
growers,11,6342713
cheated,11,6342713
trailers,11,6342713
puppets,11,6342713
soils,11,6342713
norton,11,6342713
hadn,11,6342713
fart,11,6342713
incompatible,11,6342713
bathtub,11,6342713
impromptu,11,6342713
deterioration,11,6342713
depleted,11,6342713
depressants,11,6342713
tuck,11,6342713
prestige,11,6342713
fragments,11,6342713
hideouts,11,6342713
deed,11,6342713
tony,11,6342713
soundtrack,11,6342713
biofuels,11,6342713
showerheads,11,6342713
dishwashers,11,6342713
pavement,11,6342713
denver,11,6342713
timeframes,11,6342713
loitering,11,6342713
scholarship,11,6342713
deviations,11,6342713
eugenics,11,6342713
ui,11,6342713
inventive,11,6342713
utter,11,6342713
amicable,11,6342713
wix,11,6342713
mates,11,6342713
adaptations,11,6342713
exude,11,6342713
scour,11,6342713
anomaly,11,6342713
beam,11,6342713
mace,11,6342713
tidy,11,6342713
steadfast,11,6342713
suitors,11,6342713
resellers,11,6342713
leeway,11,6342713
pigs,11,6342713
entices,11,6342713
academy,11,6342713
criticise,11,6342713
temple,11,6342713
stipulated,11,6342713
perceives,11,6342713
wiretaps,11,6342713
workflows,11,6342713
latino,11,6342713
airbnb,11,6342713
bicycles,11,6342713
civilized,11,6342713
lubrication,11,6342713
reductions,11,6342713
hero,11,6342713
empathetically,11,6342713
z,11,6342713
trivializing,11,6342713
curve,11,6342713
regulates,11,6342713
swinging,11,6342713
whipped,11,6342713
ptsd,11,6342713
circuits,11,6342713
transporters,11,6342713
glazing,11,6342713
advocated,11,6342713
sketchy,11,6342713
aerodynamic,11,6342713
chipping,11,6342713
curfew,11,6342713
witch,11,6342713
racing,11,6342713
bows,11,6342713
absent,11,6342713
flaunt,11,6342713
familiarized,11,6342713
jungle,11,6342713
promo,11,6342713
worldview,11,6342713
mcafee,11,6342713
colours,11,6342713
stylish,11,6342713
bloody,11,6342713
delivers,11,6342713
parasites,11,6342713
doxing,11,6342713
shards,11,6342713
mislabeled,11,6342713
energized,11,6342713
powerfully,11,6342713
reptiles,11,6342713
delta,11,6342713
playgrounds,11,6342713
stereotyped,11,6342713
daniel,11,6342713
joseph,11,6342713
incorporation,11,6342713
festivities,11,6342713
boils,11,6342713
broth,11,6342713
committal,11,6342713
padlock,11,6342713
executions,11,6342713
deprive,11,6342713
nj,11,6342713
occupancy,11,6342713
flirt,11,6342713
favourably,11,6342713
disorientation,11,6342713
emulate,11,6342713
personalizing,11,6342713
cointreau,11,6342713
sweetness,11,6342713
shavings,11,6342713
praying,11,6342713
keepers,11,6342713
stewardship,11,6342713
likeness,11,6342713
tepee,11,6342713
incapacitating,11,6342713
lungs,11,6342713
gifting,11,6342713
intermittent,11,6342713
stretches,11,6342713
biotechnology,11,6342713
clippings,11,6342713
strengthens,11,6342713
prominence,11,6342713
savage,11,6342713
paradise,11,6342713
militant,11,6342713
doggy,11,6342713
abrasive,11,6342713
aisle,11,6342713
initiation,11,6342713
indices,11,6342713
peter,11,6342713
stresses,11,6342713
matched,11,6342713
tow,11,6342713
reservoir,11,6342713
moron,11,6342713
taylor,11,6342713
chromatography,11,6342713
recalled,11,6342713
enlistment,11,6342713
pliers,11,6342713
commissioner,11,6342713
overpopulation,11,6342713
connecticut,11,6342713
aligning,11,6342713
statues,11,6342713
angel,11,6342713
semantic,11,6342713
reprisals,11,6342713
obeyed,11,6342713
honing,11,6342713
gracefully,11,6342713
clerk,11,6342713
nixon,11,6342713
ak,11,6342713
configuring,11,6342713
cheers,11,6342713
backdate,11,6342713
marshals,11,6342713
sap,11,6342713
grammatically,11,6342713
diagnostic,11,6342713
sh,11,6342713
outset,11,6342713
arabs,11,6342713
dissident,11,6342713
kkk,11,6342713
janitor,11,6342713
feathers,11,6342713
leaching,11,6342713
iqs,11,6342713
cobalt,11,6342713
streamers,11,6342713
purifying,11,6342713
psyche,11,6342713
wirelessly,11,6342713
inkscape,11,6342713
gravel,11,6342713
herd,11,6342713
icy,11,6342713
ram,11,6342713
cereal,11,6342713
carding,11,6342713
wedges,11,6342713
launders,11,6342713
continent,11,6342713
reconnect,11,6342713
disobeys,11,6342713
td,11,6342713
brightness,10,6342713
confederate,10,6342713
belittles,10,6342713
sawdust,10,6342713
cube,10,6342713
masculinity,10,6342713
deceptively,10,6342713
shredder,10,6342713
biochemical,10,6342713
mushroom,10,6342713
transgression,10,6342713
recreating,10,6342713
intelius,10,6342713
lube,10,6342713
tenderness,10,6342713
vengeance,10,6342713
dated,10,6342713
carts,10,6342713
environmentalists,10,6342713
echoing,10,6342713
accreditation,10,6342713
disparage,10,6342713
materialize,10,6342713
insidious,10,6342713
decontamination,10,6342713
orchestrating,10,6342713
inhaling,10,6342713
adherents,10,6342713
enthusiastically,10,6342713
greek,10,6342713
baited,10,6342713
nut,10,6342713
chinks,10,6342713
sightings,10,6342713
eve,10,6342713
singular,10,6342713
grime,10,6342713
previews,10,6342713
visualize,10,6342713
upside,10,6342713
borrowers,10,6342713
washes,10,6342713
lecture,10,6342713
musicians,10,6342713
readiness,10,6342713
infrared,10,6342713
opiates,10,6342713
diffusion,10,6342713
housework,10,6342713
hung,10,6342713
airing,10,6342713
picketing,10,6342713
pimps,10,6342713
creams,10,6342713
unscrew,10,6342713
obsolete,10,6342713
insightful,10,6342713
glassdoor,10,6342713
clash,10,6342713
benefitted,10,6342713
replicates,10,6342713
indoctrination,10,6342713
smother,10,6342713
dailymotion,10,6342713
twin,10,6342713
alibaba,10,6342713
deficits,10,6342713
subdued,10,6342713
normalcy,10,6342713
sonic,10,6342713
bioremediation,10,6342713
biogas,10,6342713
pumpkin,10,6342713
newsletter,10,6342713
residual,10,6342713
caretaker,10,6342713
roofing,10,6342713
flashlights,10,6342713
networked,10,6342713
militaries,10,6342713
uncontrolled,10,6342713
selections,10,6342713
deliverables,10,6342713
saudi,10,6342713
clapping,10,6342713
forcibly,10,6342713
filipino,10,6342713
subsidized,10,6342713
eventuality,10,6342713
playfulness,10,6342713
destined,10,6342713
equate,10,6342713
catalogue,10,6342713
reciprocated,10,6342713
redneck,10,6342713
unskilled,10,6342713
suchas,10,6342713
limp,10,6342713
stuttering,10,6342713
um,10,6342713
hid,10,6342713
portability,10,6342713
encompassing,10,6342713
qualifying,10,6342713
potentials,10,6342713
phoenix,10,6342713
builders,10,6342713
disappearing,10,6342713
drown,10,6342713
recognise,10,6342713
alley,10,6342713
shotgun,10,6342713
div,10,6342713
researcher,10,6342713
tumblr,10,6342713
jug,10,6342713
discusses,10,6342713
vudu,10,6342713
anchoring,10,6342713
lacked,10,6342713
faggot,10,6342713
microscopic,10,6342713
teamviewer,10,6342713
misoprostol,10,6342713
hitmen,10,6342713
darkest,10,6342713
eternity,10,6342713
dispensing,10,6342713
refrigeration,10,6342713
lingerie,10,6342713
metabolites,10,6342713
versatile,10,6342713
spiked,10,6342713
unrecognizable,10,6342713
ward,10,6342713
silencers,10,6342713
streamlined,10,6342713
privy,10,6342713
pilots,10,6342713
endpoints,10,6342713
indulge,10,6342713
invalidated,10,6342713
domesticated,10,6342713
obsessed,10,6342713
luckily,10,6342713
matthew,10,6342713
valuing,10,6342713
stimulated,10,6342713
questionnaires,10,6342713
sam,10,6342713
marries,10,6342713
acute,10,6342713
smog,10,6342713
peculiar,10,6342713
executes,10,6342713
virginia,10,6342713
handshakes,10,6342713
submarines,10,6342713
informally,10,6342713
defines,10,6342713
drift,10,6342713
condoned,10,6342713
imagining,10,6342713
misinterpreting,10,6342713
cropping,10,6342713
fertilization,10,6342713
tougher,10,6342713
sovereign,10,6342713
owes,10,6342713
sliced,10,6342713
forehead,10,6342713
antique,10,6342713
atf,10,6342713
recognised,10,6342713
gallon,10,6342713
concealable,10,6342713
adjacent,10,6342713
insurrection,10,6342713
dictated,10,6342713
inhabit,10,6342713
hockey,10,6342713
fireplace,10,6342713
auditable,10,6342713
confiding,10,6342713
flies,10,6342713
cayenne,10,6342713
msnbc,10,6342713
mistreating,10,6342713
preserves,10,6342713
sling,10,6342713
pebbles,10,6342713
similarity,10,6342713
subterfuge,10,6342713
incitement,10,6342713
transmits,10,6342713
immersion,10,6342713
meaningfully,10,6342713
robberies,10,6342713
screwdrivers,10,6342713
dismantle,10,6342713
bartender,10,6342713
prosecuting,10,6342713
themto,10,6342713
strippers,10,6342713
condoning,10,6342713
comprised,10,6342713
handheld,10,6342713
helicopter,10,6342713
nests,10,6342713
magnifying,10,6342713
palms,10,6342713
skillful,10,6342713
pollen,10,6342713
github,10,6342713
unclean,10,6342713
stanford,10,6342713
kansas,10,6342713
arisen,10,6342713
migrating,10,6342713
prototype,10,6342713
derive,10,6342713
comical,10,6342713
vr,10,6342713
unrecognized,10,6342713
smokescreen,10,6342713
insulin,10,6342713
parse,10,6342713
masters,10,6342713
parliament,10,6342713
profane,10,6342713
booster,10,6342713
zombie,10,6342713
holograms,10,6342713
smuggler,10,6342713
protagonist,10,6342713
disciplines,10,6342713
mills,10,6342713
debating,10,6342713
rehearsed,10,6342713
renewed,10,6342713
dying,10,6342713
kwok,10,6342713
comprehension,10,6342713
carpeting,10,6342713
scrapes,10,6342713
installment,10,6342713
batter,10,6342713
singles,10,6342713
ponds,10,6342713
kosher,10,6342713
strainer,10,6342713
bottomed,10,6342713
roofs,10,6342713
utilise,10,6342713
harvests,10,6342713
overbearing,10,6342713
rivalry,10,6342713
terrace,10,6342713
formidable,10,6342713
remittance,10,6342713
closets,10,6342713
compassionately,10,6342713
shark,10,6342713
scalpel,10,6342713
wagers,10,6342713
kite,10,6342713
horizons,10,6342713
punctuation,10,6342713
decency,10,6342713
dancers,10,6342713
urination,10,6342713
misstating,10,6342713
cheaply,10,6342713
intrigue,10,6342713
protester,10,6342713
inexperienced,10,6342713
planks,10,6342713
analysing,10,6342713
infraction,10,6342713
orderly,10,6342713
situational,10,6342713
unanticipated,10,6342713
whitelisting,10,6342713
falsification,10,6342713
reparations,10,6342713
pregnancies,10,6342713
combative,10,6342713
henry,10,6342713
fluctuating,10,6342713
metabolism,10,6342713
situated,10,6342713
mn,10,6342713
swat,10,6342713
persistently,10,6342713
pixels,10,6342713
trailing,10,6342713
dialog,10,6342713
cheeks,10,6342713
confessions,10,6342713
creek,10,6342713
positional,10,6342713
disorient,10,6342713
kink,10,6342713
bouncer,10,6342713
lied,10,6342713
tasteless,10,6342713
adolf,10,6342713
germans,10,6342713
suction,10,6342713
elevation,10,6342713
nc,10,6342713
surreptitious,10,6342713
unfulfilled,10,6342713
eluding,10,6342713
countertops,10,6342713
hooking,10,6342713
pertains,10,6342713
subtler,10,6342713
paragraphs,10,6342713
favorites,10,6342713
statistically,10,6342713
membrane,10,6342713
ux,10,6342713
dice,10,6342713
cannabinoids,10,6342713
pushback,10,6342713
deactivate,10,6342713
assassinate,10,6342713
synthesize,10,6342713
sweater,10,6342713
rooftops,10,6342713
appointed,10,6342713
extratorrent,10,6342713
transformers,10,6342713
accruals,10,6342713
fullest,10,6342713
unreachable,10,6342713
realms,10,6342713
conceals,10,6342713
spaced,10,6342713
shielded,10,6342713
insulted,10,6342713
resorted,10,6342713
hugely,10,6342713
haircut,10,6342713
decrypted,10,6342713
tim,10,6342713
graduated,10,6342713
skateboarding,10,6342713
ghosts,10,6342713
dependability,10,6342713
hepatitis,10,6342713
sedate,10,6342713
patrolled,10,6342713
segmenting,10,6342713
damp,10,6342713
oath,10,6342713
notoriety,10,6342713
confining,10,6342713
biodegradation,10,6342713
dell,10,6342713
lighters,10,6342713
fundamentalist,10,6342713
ceasing,10,6342713
touchy,10,6342713
rust,10,6342713
shamed,10,6342713
beacons,10,6342713
barter,10,6342713
workout,10,6342713
accolades,10,6342713
disillusioned,10,6342713
mindedness,10,6342713
intangible,10,6342713
edu,10,6342713
luther,10,6342713
moderating,10,6342713
contemplating,10,6342713
retained,10,6342713
aroused,10,6342713
reporters,10,6342713
pennies,10,6342713
vietnam,10,6342713
ssid,10,6342713
sobriety,10,6342713
harmonious,10,6342713
fantastic,10,6342713
shocked,10,6342713
playlists,10,6342713
saves,10,6342713
seasoning,10,6342713
longing,10,6342713
boo,10,6342713
brian,10,6342713
pinning,10,6342713
shave,10,6342713
axes,10,6342713
rhode,10,6342713
stormwater,10,6342713
paywall,10,6342713
disprove,10,6342713
grading,10,6342713
unconditionally,10,6342713
insists,10,6342713
beginners,10,6342713
powershell,10,6342713
oversized,10,6342713
secondhand,10,6342713
resignation,10,6342713
stab,10,6342713
omissions,10,6342713
restored,10,6342713
tot,10,6342713
spheres,10,6342713
reboot,10,6342713
unwillingness,10,6342713
canvas,10,6342713
opinionated,10,6342713
unravel,10,6342713
insanity,10,6342713
guaranteeing,10,6342713
airsoft,10,6342713
complexion,10,6342713
crap,10,6342713
unverifiable,10,6342713
nurses,10,6342713
activates,10,6342713
levied,10,6342713
relied,10,6342713
runaways,10,6342713
connotation,10,6342713
firepower,10,6342713
qualitative,10,6342713
racketeering,10,6342713
blackout,10,6342713
signify,10,6342713
keen,10,6342713
malice,10,6342713
folding,10,6342713
wikileaks,10,6342713
samsung,10,6342713
textual,10,6342713
surviving,10,6342713
sensible,10,6342713
aesthetics,10,6342713
catholic,10,6342713
mammals,10,6342713
rumour,10,6342713
airflow,10,6342713
revolver,10,6342713
specimens,10,6342713
kim,10,6342713
diethylamide,10,6342713
unsightly,10,6342713
lodge,10,6342713
cutter,10,6342713
externally,10,6342713
libel,10,6342713
louisiana,10,6342713
collisions,10,6342713
hurry,10,6342713
aquarium,10,6342713
williams,10,6342713
sanders,10,6342713
overturned,10,6342713
polished,10,6342713
fluctuate,10,6342713
sandboxes,10,6342713
weakly,10,6342713
sack,10,6342713
rose,10,6342713
stencils,10,6342713
piles,10,6342713
flaming,10,6342713
ace,10,6342713
gleaned,10,6342713
verb,10,6342713
mainland,10,6342713
hypothesis,10,6342713
revocation,10,6342713
manipulatively,10,6342713
wolves,10,6342713
businessman,10,6342713
taxidermy,10,6342713
forecasts,10,6342713
juicy,10,6342713
redemption,10,6342713
clowns,10,6342713
compressed,10,6342713
channeled,10,6342713
sauces,10,6342713
qaeda,10,6342713
stern,10,6342713
onwards,10,6342713
galvanize,10,6342713
crossbows,10,6342713
fancy,10,6342713
pairing,10,6342713
possessed,10,6342713
squarespace,10,6342713
reevaluate,10,6342713
atomic,10,6342713
sweepstakes,10,6342713
tractors,10,6342713
wander,10,6342713
artworks,10,6342713
nominal,10,6342713
digits,10,6342713
timings,10,6342713
winners,10,6342713
depiction,10,6342713
selfishness,10,6342713
assassinating,10,6342713
deepening,10,6342713
idle,10,6342713
palo,10,6342713
alto,10,6342713
liquidated,10,6342713
im,10,6342713
contend,10,6342713
headline,10,6342713
concludes,10,6342713
elder,10,6342713
tons,10,6342713
outspoken,10,6342713
diameter,10,6342713
maternity,10,6342713
banana,10,6342713
rioting,10,6342713
jeopardy,10,6342713
realizes,10,6342713
aversive,10,6342713
documentations,10,6342713
uprisings,10,6342713
bypasses,10,6342713
anew,10,6342713
boosts,10,6342713
jason,10,6342713
weaponize,10,6342713
catalog,10,6342713
contesting,10,6342713
fries,10,6342713
crawler,10,6342713
bliss,10,6342713
pitfalls,10,6342713
reflections,10,6342713
arp,10,6342713
calmness,10,6342713
everlasting,10,6342713
elevate,10,6342713
fighter,10,6342713
eternally,10,6342713
grind,10,6342713
bbc,10,6342713
forwards,10,6342713
happenings,10,6342713
sits,10,6342713
polo,10,6342713
fortified,10,6342713
charisma,10,6342713
surveilling,10,6342713
stunning,10,6342713
dogma,10,6342713
anatomy,10,6342713
decode,10,6342713
rightfully,10,6342713
colonialism,9,6342713
liqueur,9,6342713
aftercare,9,6342713
blinking,9,6342713
reacted,9,6342713
tuesday,9,6342713
eliciting,9,6342713
alt,9,6342713
dummies,9,6342713
blanco,9,6342713
grandma,9,6342713
copycat,9,6342713
infrequent,9,6342713
additions,9,6342713
stationery,9,6342713
heists,9,6342713
stockholm,9,6342713
breakers,9,6342713
lovers,9,6342713
understandings,9,6342713
mouths,9,6342713
aesthetic,9,6342713
bureaus,9,6342713
alkali,9,6342713
motivational,9,6342713
emojis,9,6342713
prepping,9,6342713
trench,9,6342713
dyes,9,6342713
crowbars,9,6342713
bean,9,6342713
extinguish,9,6342713
bundling,9,6342713
neutralizing,9,6342713
praises,9,6342713
tragedy,9,6342713
oriental,9,6342713
attest,9,6342713
rico,9,6342713
cushion,9,6342713
desktops,9,6342713
nanny,9,6342713
tusks,9,6342713
underwear,9,6342713
bucks,9,6342713
sear,9,6342713
impulses,9,6342713
deceptions,9,6342713
defusing,9,6342713
patents,9,6342713
antiques,9,6342713
scopes,9,6342713
arrays,9,6342713
cc,9,6342713
footwear,9,6342713
championing,9,6342713
bending,9,6342713
amnesty,9,6342713
massacre,9,6342713
comb,9,6342713
nightclub,9,6342713
columns,9,6342713
familial,9,6342713
bloodstream,9,6342713
xxx,9,6342713
charades,9,6342713
hijab,9,6342713
downturn,9,6342713
absorbed,9,6342713
pcs,9,6342713
differentiating,9,6342713
fabrics,9,6342713
matchsticks,9,6342713
celebrates,9,6342713
possesses,9,6342713
suicidal,9,6342713
cautionary,9,6342713
hispanics,9,6342713
keyhole,9,6342713
brutal,9,6342713
pubs,9,6342713
manages,9,6342713
blinds,9,6342713
willfully,9,6342713
cyberespionage,9,6342713
multitude,9,6342713
colluding,9,6342713
jane,9,6342713
ultra,9,6342713
disposals,9,6342713
accrual,9,6342713
mutilation,9,6342713
strays,9,6342713
unresponsive,9,6342713
malfunctioning,9,6342713
hereditary,9,6342713
onward,9,6342713
ribbons,9,6342713
closes,9,6342713
fresheners,9,6342713
earliest,9,6342713
romania,9,6342713
congregation,9,6342713
injects,9,6342713
argentina,9,6342713
singapore,9,6342713
anime,9,6342713
computational,9,6342713
stealthiness,9,6342713
irritants,9,6342713
channeling,9,6342713
withheld,9,6342713
plexus,9,6342713
ailments,9,6342713
rothschild,9,6342713
tens,9,6342713
transmitters,9,6342713
payday,9,6342713
overlapping,9,6342713
whining,9,6342713
playstation,9,6342713
tract,9,6342713
retweet,9,6342713
stretched,9,6342713
shines,9,6342713
forwarded,9,6342713
rosemary,9,6342713
murals,9,6342713
fearing,9,6342713
bi,9,6342713
pac,9,6342713
nonprofits,9,6342713
repression,9,6342713
transferwise,9,6342713
cinnamon,9,6342713
sharpen,9,6342713
attuned,9,6342713
enriched,9,6342713
ankles,9,6342713
digest,9,6342713
thriving,9,6342713
numbing,9,6342713
rangers,9,6342713
capacities,9,6342713
oppositional,9,6342713
tn,9,6342713
aboveboard,9,6342713
dependant,9,6342713
agile,9,6342713
negotiable,9,6342713
teaspoons,9,6342713
beads,9,6342713
swindle,9,6342713
payoff,9,6342713
pilot,9,6342713
nox,9,6342713
pedophile,9,6342713
nationalists,9,6342713
thicker,9,6342713
ultrasound,9,6342713
marathon,9,6342713
distributers,9,6342713
oversaw,9,6342713
expedited,9,6342713
rivalries,9,6342713
proportionate,9,6342713
vans,9,6342713
electrochemical,9,6342713
spokesperson,9,6342713
individualism,9,6342713
rectified,9,6342713
styrofoam,9,6342713
biometrics,9,6342713
overpowering,9,6342713
sizable,9,6342713
untouched,9,6342713
disagrees,9,6342713
deferral,9,6342713
captain,9,6342713
commuters,9,6342713
jellyfish,9,6342713
enslavement,9,6342713
mosquitoes,9,6342713
infringes,9,6342713
completes,9,6342713
salads,9,6342713
animation,9,6342713
refuted,9,6342713
carcasses,9,6342713
inhibits,9,6342713
prayers,9,6342713
brighten,9,6342713
revoke,9,6342713
injectors,9,6342713
finalize,9,6342713
simulates,9,6342713
triangulation,9,6342713
fought,9,6342713
evidenced,9,6342713
misplaced,9,6342713
posturing,9,6342713
shortcut,9,6342713
elapsed,9,6342713
plausibility,9,6342713
shrimp,9,6342713
repel,9,6342713
assassins,9,6342713
overboard,9,6342713
coloured,9,6342713
popcornflix,9,6342713
vishing,9,6342713
slingshot,9,6342713
bylaws,9,6342713
twenty,9,6342713
immobilization,9,6342713
chokes,9,6342713
patrick,9,6342713
oxidizing,9,6342713
symbolism,9,6342713
instantaneous,9,6342713
disinterested,9,6342713
vials,9,6342713
sip,9,6342713
softer,9,6342713
fraction,9,6342713
emulators,9,6342713
murderers,9,6342713
emphasise,9,6342713
terrorize,9,6342713
disputing,9,6342713
radicalized,9,6342713
overwhelmingly,9,6342713
bushes,9,6342713
aftermath,9,6342713
tuitions,9,6342713
ping,9,6342713
pausing,9,6342713
crafty,9,6342713
hacktivists,9,6342713
depressing,9,6342713
holographic,9,6342713
strapped,9,6342713
th,9,6342713
staffed,9,6342713
jose,9,6342713
psychologist,9,6342713
sneezes,9,6342713
cloths,9,6342713
cheek,9,6342713
horrific,9,6342713
reinvested,9,6342713
phosphoric,9,6342713
alan,9,6342713
joyce,9,6342713
accuser,9,6342713
lotteries,9,6342713
microchip,9,6342713
joined,9,6342713
accentuating,9,6342713
fostered,9,6342713
stale,9,6342713
neglectful,9,6342713
ministry,9,6342713
volumetric,9,6342713
distinctions,9,6342713
toothpaste,9,6342713
investigates,9,6342713
alarmed,9,6342713
cock,9,6342713
wearable,9,6342713
harassed,9,6342713
arabia,9,6342713
postage,9,6342713
obeys,9,6342713
emitters,9,6342713
loyalties,9,6342713
utilised,9,6342713
youthful,9,6342713
depart,9,6342713
participates,9,6342713
jew,9,6342713
aliens,9,6342713
adhesives,9,6342713
codewords,9,6342713
hoarding,9,6342713
insurmountable,9,6342713
impersonates,9,6342713
crowding,9,6342713
praised,9,6342713
prophet,9,6342713
harris,9,6342713
outfall,9,6342713
legumes,9,6342713
reinvest,9,6342713
saturated,9,6342713
crashes,9,6342713
lockbox,9,6342713
physicians,9,6342713
rounding,9,6342713
mugs,9,6342713
maximized,9,6342713
unsettling,9,6342713
masquerades,9,6342713
injectable,9,6342713
undergone,9,6342713
manure,9,6342713
mercury,9,6342713
declines,9,6342713
appropriation,9,6342713
regression,9,6342713
usability,9,6342713
baseless,9,6342713
lifelong,9,6342713
vengeful,9,6342713
dad,9,6342713
copper,9,6342713
smack,9,6342713
bolstering,9,6342713
odometer,9,6342713
bonfire,9,6342713
gesturing,9,6342713
untruths,9,6342713
mo,9,6342713
hypnotic,9,6342713
tvs,9,6342713
scatter,9,6342713
sheep,9,6342713
camel,9,6342713
pointers,9,6342713
syndicate,9,6342713
depletion,9,6342713
bezos,9,6342713
redacted,9,6342713
milligrams,9,6342713
strides,9,6342713
powdery,9,6342713
accessory,9,6342713
memo,9,6342713
innuendos,9,6342713
numbness,9,6342713
limbs,9,6342713
unleashing,9,6342713
hominem,9,6342713
renders,9,6342713
rehearsal,9,6342713
gofundme,9,6342713
overland,9,6342713
culprit,9,6342713
hedges,9,6342713
aggregated,9,6342713
scopolamine,9,6342713
contraceptive,9,6342713
roman,9,6342713
solitary,9,6342713
cherish,9,6342713
heed,9,6342713
anderson,9,6342713
chore,9,6342713
rampant,9,6342713
rebates,9,6342713
bun,9,6342713
decay,9,6342713
academically,9,6342713
complement,9,6342713
dysfunctional,9,6342713
catalysts,9,6342713
toughness,9,6342713
whips,9,6342713
disparate,9,6342713
owls,9,6342713
fromthe,9,6342713
vigils,9,6342713
faq,9,6342713
bootlegging,9,6342713
ninja,9,6342713
unawares,9,6342713
sweetheart,9,6342713
klux,9,6342713
sizeable,9,6342713
communist,9,6342713
untoward,9,6342713
allotted,9,6342713
thru,9,6342713
corp,9,6342713
cutlery,9,6342713
revisiting,9,6342713
hauling,9,6342713
pcp,9,6342713
bullshit,9,6342713
crank,9,6342713
sneakers,9,6342713
inmate,9,6342713
abbreviations,9,6342713
fashionable,9,6342713
parmesan,9,6342713
kodi,9,6342713
grieving,9,6342713
tp,9,6342713
boogers,9,6342713
circumvented,9,6342713
squirrels,9,6342713
pentobarbital,9,6342713
surge,9,6342713
legislature,9,6342713
tribe,9,6342713
clippers,9,6342713
hydroponics,9,6342713
convinces,9,6342713
dirtier,9,6342713
rescuer,9,6342713
salad,9,6342713
suites,9,6342713
dm,9,6342713
rootkit,9,6342713
omit,9,6342713
graphical,9,6342713
torrentz,9,6342713
grinding,9,6342713
factually,9,6342713
normalization,9,6342713
suffers,9,6342713
exploiter,9,6342713
vin,9,6342713
hairstyles,9,6342713
sexes,9,6342713
measurement,9,6342713
oppressors,9,6342713
dictator,9,6342713
uninterested,9,6342713
succinct,9,6342713
discriminates,9,6342713
pilfer,9,6342713
bothered,9,6342713
workshop,9,6342713
solace,9,6342713
empowers,9,6342713
multifaceted,9,6342713
shove,9,6342713
swingers,9,6342713
nevada,9,6342713
plugging,9,6342713
viewership,9,6342713
roaming,9,6342713
upcycling,9,6342713
whomever,9,6342713
stabilization,9,6342713
monogamous,9,6342713
hunted,9,6342713
biblical,9,6342713
gunshot,9,6342713
unstructured,9,6342713
destruct,9,6342713
dentist,9,6342713
radios,9,6342713
lash,9,6342713
notions,9,6342713
prince,9,6342713
overloading,9,6342713
insulate,9,6342713
aerosolized,9,6342713
kaplan,9,6342713
tactically,9,6342713
overpay,9,6342713
prostitute,9,6342713
franklin,9,6342713
nv,9,6342713
tray,9,6342713
slipped,9,6342713
embraces,9,6342713
grasping,9,6342713
thinly,9,6342713
carolina,9,6342713
backstage,9,6342713
forbes,9,6342713
formations,9,6342713
drugstore,9,6342713
sulfate,9,6342713
femininity,9,6342713
speculations,9,6342713
clout,9,6342713
beaten,9,6342713
contradictions,9,6342713
clandestinely,9,6342713
psychiatric,9,6342713
decriminalized,9,6342713
annoyance,9,6342713
gunsmith,9,6342713
waterproof,9,6342713
mcdonalds,9,6342713
roasting,9,6342713
takeout,9,6342713
greasy,9,6342713
marc,9,6342713
portrait,9,6342713
aerators,9,6342713
oxidation,9,6342713
chink,9,6342713
amy,9,6342713
hypocrite,9,6342713
effortlessly,9,6342713
deepfake,9,6342713
tweeting,9,6342713
doings,9,6342713
unmanned,9,6342713
substations,9,6342713
bedrooms,9,6342713
eerie,9,6342713
textiles,9,6342713
parchment,9,6342713
purchaser,9,6342713
pejorative,9,6342713
licences,9,6342713
phrased,9,6342713
sprinkler,9,6342713
cruz,9,6342713
kickstarter,9,6342713
circumvention,9,6342713
keying,9,6342713
latency,9,6342713
regionally,9,6342713
onthe,9,6342713
kentucky,9,6342713
quest,9,6342713
intercultural,9,6342713
astute,9,6342713
fridays,9,6342713
relocated,9,6342713
booths,9,6342713
fume,9,6342713
confidant,9,6342713
skillet,9,6342713
payee,9,6342713
detroit,9,6342713
lincoln,9,6342713
tide,9,6342713
carl,9,6342713
jimmy,9,6342713
rushed,9,6342713
soiled,9,6342713
fingertips,9,6342713
reaping,9,6342713
ecologically,9,6342713
enthusiast,9,6342713
uptime,9,6342713
satisfactorily,9,6342713
tenacity,9,6342713
landmark,9,6342713
lettuce,9,6342713
rapidshare,9,6342713
straining,9,6342713
ascertain,9,6342713
cartoon,9,6342713
bumps,9,6342713
clergy,9,6342713
aa,9,6342713
inference,9,6342713
indexed,9,6342713
testers,9,6342713
electrostatic,9,6342713
purifier,9,6342713
adjusts,9,6342713
parole,9,6342713
counted,9,6342713
subscribers,9,6342713
electrons,9,6342713
bee,9,6342713
hive,9,6342713
commander,9,6342713
shading,9,6342713
synchronized,9,6342713
adulterants,9,6342713
preemptive,9,6342713
muted,9,6342713
inducement,9,6342713
arenas,9,6342713
transitional,9,6342713
mulching,9,6342713
tournament,9,6342713
shuffle,9,6342713
methamphetamines,9,6342713
simplified,9,6342713
bookmarks,9,6342713
censors,9,6342713
classifier,9,6342713
burgers,9,6342713
neutralization,9,6342713
degraded,9,6342713
grandfather,9,6342713
cults,9,6342713
patriotic,9,6342713
idiotic,9,6342713
tipped,9,6342713
sculpture,9,6342713
cancellation,9,6342713
hoods,9,6342713
groundwork,9,6342713
pearl,9,6342713
hairspray,9,6342713
originates,9,6342713
sizing,9,6342713
motions,9,6342713
shiny,9,6342713
jeans,9,6342713
optics,9,6342713
walkway,9,6342713
fiercely,9,6342713
drawings,9,6342713
exposures,9,6342713
tempo,9,6342713
christopher,9,6342713
hangers,9,6342713
nitrite,9,6342713
handbags,9,6342713
sufficiency,9,6342713
redistribute,9,6342713
uncharted,9,6342713
distortions,9,6342713
valentine,9,6342713
toppings,9,6342713
lobbyist,9,6342713
vimeo,9,6342713
vicious,9,6342713
connectedness,9,6342713
cheats,9,6342713
contentment,9,6342713
flashmob,9,6342713
briefings,9,6342713
bigotry,9,6342713
airpods,9,6342713
scold,9,6342713
voyage,9,6342713
courageously,9,6342713
novice,9,6342713
busts,9,6342713
ofyour,9,6342713
spectacular,9,6342713
deviation,9,6342713
evermore,9,6342713
cheer,9,6342713
beholden,9,6342713
consistant,9,6342713
maze,9,6342713
serenity,9,6342713
outwit,9,6342713
nationalist,9,6342713
checkers,9,6342713
spammers,9,6342713
padded,9,6342713
median,9,6342713
robber,9,6342713
typosquatting,9,6342713
cluster,9,6342713
absences,9,6342713
buttocks,9,6342713
greenland,9,6342713
flocculants,9,6342713
barked,9,6342713
nonviolence,9,6342713
analysed,8,6342713
skins,8,6342713
lame,8,6342713
amicably,8,6342713
canceled,8,6342713
provinces,8,6342713
groupthink,8,6342713
refinement,8,6342713
outbursts,8,6342713
infects,8,6342713
complied,8,6342713
homemaker,8,6342713
unreasonably,8,6342713
transporter,8,6342713
blues,8,6342713
priest,8,6342713
priests,8,6342713
sequestration,8,6342713
broaching,8,6342713
physiology,8,6342713
hashing,8,6342713
tickle,8,6342713
trainees,8,6342713
semen,8,6342713
rephrasing,8,6342713
concentrates,8,6342713
disconnection,8,6342713
lunches,8,6342713
holocaust,8,6342713
ungrateful,8,6342713
drafted,8,6342713
solves,8,6342713
misinforming,8,6342713
instinct,8,6342713
enhancement,8,6342713
eyed,8,6342713
taxis,8,6342713
saboteurs,8,6342713
legitimized,8,6342713
infringed,8,6342713
competitively,8,6342713
replenish,8,6342713
genes,8,6342713
statute,8,6342713
leds,8,6342713
poach,8,6342713
graciously,8,6342713
disdain,8,6342713
len,8,6342713
dwelling,8,6342713
venting,8,6342713
quickbooks,8,6342713
rows,8,6342713
aggressiveness,8,6342713
baseline,8,6342713
compulsive,8,6342713
parting,8,6342713
stimulates,8,6342713
evaporated,8,6342713
salted,8,6342713
buckle,8,6342713
memorabilia,8,6342713
brainwash,8,6342713
starch,8,6342713
scriptures,8,6342713
detract,8,6342713
turk,8,6342713
hourly,8,6342713
shaft,8,6342713
screenshot,8,6342713
rinsing,8,6342713
toiletries,8,6342713
parasite,8,6342713
volition,8,6342713
ultrasonic,8,6342713
lovingly,8,6342713
kickasstorrents,8,6342713
speculating,8,6342713
verifies,8,6342713
mockingbird,8,6342713
engender,8,6342713
mailboxes,8,6342713
organise,8,6342713
corroborating,8,6342713
scramble,8,6342713
upcomplex,8,6342713
transactionsthrough,8,6342713
halls,8,6342713
clarified,8,6342713
pyrolysis,8,6342713
junior,8,6342713
disincentive,8,6342713
imitation,8,6342713
philippines,8,6342713
ministries,8,6342713
nightfall,8,6342713
rooting,8,6342713
mallet,8,6342713
unlucky,8,6342713
pretense,8,6342713
confidences,8,6342713
mocks,8,6342713
chime,8,6342713
reclaim,8,6342713
wildly,8,6342713
participated,8,6342713
hinders,8,6342713
solicitations,8,6342713
acetic,8,6342713
sensitively,8,6342713
muscular,8,6342713
angled,8,6342713
restlessness,8,6342713
boyfriends,8,6342713
reproductions,8,6342713
clusters,8,6342713
wetland,8,6342713
spanning,8,6342713
generational,8,6342713
arc,8,6342713
intertwined,8,6342713
diabetes,8,6342713
delaware,8,6342713
barring,8,6342713
printable,8,6342713
someday,8,6342713
furnishings,8,6342713
polyamory,8,6342713
multifactor,8,6342713
domineering,8,6342713
inevitable,8,6342713
woke,8,6342713
overdoing,8,6342713
launchers,8,6342713
cashback,8,6342713
salesperson,8,6342713
inspires,8,6342713
oiled,8,6342713
kiwi,8,6342713
smoothies,8,6342713
democracies,8,6342713
nuance,8,6342713
greatness,8,6342713
interdependent,8,6342713
muay,8,6342713
maritime,8,6342713
spilling,8,6342713
bernard,8,6342713
stashing,8,6342713
saturday,8,6342713
smiles,8,6342713
reconstruction,8,6342713
craving,8,6342713
flavorings,8,6342713
instil,8,6342713
feared,8,6342713
deescalating,8,6342713
categorization,8,6342713
mishandled,8,6342713
robbed,8,6342713
nelson,8,6342713
restful,8,6342713
adaptability,8,6342713
improprieties,8,6342713
irrefutable,8,6342713
freebies,8,6342713
itching,8,6342713
sc,8,6342713
secretary,8,6342713
depicts,8,6342713
typography,8,6342713
horizontally,8,6342713
sharper,8,6342713
prowess,8,6342713
lurk,8,6342713
pierce,8,6342713
abducting,8,6342713
cents,8,6342713
teepee,8,6342713
betterment,8,6342713
offshoring,8,6342713
wrestling,8,6342713
notably,8,6342713
coolers,8,6342713
organism,8,6342713
retraining,8,6342713
patronage,8,6342713
necessitate,8,6342713
eventualities,8,6342713
giveaway,8,6342713
retreats,8,6342713
notorious,8,6342713
fabrications,8,6342713
roleplaying,8,6342713
pillow,8,6342713
chews,8,6342713
hacktivist,8,6342713
fond,8,6342713
illiquid,8,6342713
affordability,8,6342713
presentable,8,6342713
warmer,8,6342713
throttle,8,6342713
uninvited,8,6342713
slash,8,6342713
horizontal,8,6342713
perfume,8,6342713
upgraded,8,6342713
elementary,8,6342713
annoyed,8,6342713
wards,8,6342713
overcrowded,8,6342713
pleases,8,6342713
arming,8,6342713
exhibited,8,6342713
ecology,8,6342713
incumbent,8,6342713
unadvisable,8,6342713
polices,8,6342713
saltpeter,8,6342713
baker,8,6342713
nun,8,6342713
implanting,8,6342713
mutation,8,6342713
endorsing,8,6342713
liquidate,8,6342713
usher,8,6342713
expanded,8,6342713
derail,8,6342713
diplomas,8,6342713
missiles,8,6342713
rimmed,8,6342713
inquires,8,6342713
prosthetics,8,6342713
extenuating,8,6342713
bedtime,8,6342713
cartel,8,6342713
disenfranchised,8,6342713
tugging,8,6342713
micromanagement,8,6342713
broach,8,6342713
kg,8,6342713
shatter,8,6342713
vacuuming,8,6342713
hydraulic,8,6342713
hashtagging,8,6342713
foment,8,6342713
chiefs,8,6342713
upright,8,6342713
discerning,8,6342713
apparently,8,6342713
corpse,8,6342713
erotica,8,6342713
overturn,8,6342713
trivia,8,6342713
ostracize,8,6342713
mop,8,6342713
probes,8,6342713
lust,8,6342713
diminishes,8,6342713
horrifying,8,6342713
taboos,8,6342713
momma,8,6342713
breaker,8,6342713
refill,8,6342713
delegate,8,6342713
spoofs,8,6342713
qualifies,8,6342713
diary,8,6342713
speedy,8,6342713
fillers,8,6342713
edgy,8,6342713
wished,8,6342713
canadians,8,6342713
wendy,8,6342713
pal,8,6342713
pray,8,6342713
ky,8,6342713
bandwagon,8,6342713
assaulted,8,6342713
reclaiming,8,6342713
looting,8,6342713
spiking,8,6342713
frogs,8,6342713
developmental,8,6342713
averting,8,6342713
unwillingess,8,6342713
sue,8,6342713
bull,8,6342713
carpet,8,6342713
avid,8,6342713
registries,8,6342713
allay,8,6342713
iso,8,6342713
catalogs,8,6342713
muhammad,8,6342713
bowling,8,6342713
entryways,8,6342713
expelling,8,6342713
revising,8,6342713
millennium,8,6342713
rationalizing,8,6342713
reversals,8,6342713
undeserving,8,6342713
amid,8,6342713
codeine,8,6342713
repeal,8,6342713
dissension,8,6342713
evicted,8,6342713
understate,8,6342713
unpredictably,8,6342713
rsa,8,6342713
pennsylvania,8,6342713
wechat,8,6342713
nocturnal,8,6342713
anguish,8,6342713
propellant,8,6342713
insure,8,6342713
reforming,8,6342713
slaughter,8,6342713
vibe,8,6342713
pronounce,8,6342713
resonance,8,6342713
sars,8,6342713
chin,8,6342713
uniformity,8,6342713
darts,8,6342713
callous,8,6342713
billboard,8,6342713
ish,8,6342713
suitor,8,6342713
debug,8,6342713
backdrop,8,6342713
partly,8,6342713
congested,8,6342713
compounding,8,6342713
flatten,8,6342713
understated,8,6342713
distasteful,8,6342713
counteracting,8,6342713
turtle,8,6342713
fmovies,8,6342713
gays,8,6342713
killings,8,6342713
cardiac,8,6342713
fading,8,6342713
doc,8,6342713
washer,8,6342713
coyotes,8,6342713
auditory,8,6342713
rifts,8,6342713
nancy,8,6342713
dowel,8,6342713
spiteful,8,6342713
shoplifters,8,6342713
tinted,8,6342713
pooch,8,6342713
momentarily,8,6342713
disproved,8,6342713
curbing,8,6342713
champions,8,6342713
stirred,8,6342713
comfy,8,6342713
flirty,8,6342713
caressing,8,6342713
feather,8,6342713
pickpockets,8,6342713
blu,8,6342713
hydrating,8,6342713
explorer,8,6342713
opportunistic,8,6342713
automates,8,6342713
taco,8,6342713
necklace,8,6342713
grabbed,8,6342713
dime,8,6342713
runner,8,6342713
counsellors,8,6342713
provenance,8,6342713
visualizations,8,6342713
caregiver,8,6342713
recharge,8,6342713
interrogate,8,6342713
clog,8,6342713
anesthetics,8,6342713
mediate,8,6342713
anomalous,8,6342713
meddling,8,6342713
milestone,8,6342713
falsehood,8,6342713
ensues,8,6342713
bales,8,6342713
agitating,8,6342713
trillion,8,6342713
congressional,8,6342713
fungus,8,6342713
disappoint,8,6342713
thoroughfares,8,6342713
twofish,8,6342713
softwares,8,6342713
methylene,8,6342713
velocity,8,6342713
neutrality,8,6342713
mats,8,6342713
ducts,8,6342713
classics,8,6342713
steven,8,6342713
institutionalized,8,6342713
peeking,8,6342713
satanic,8,6342713
cambridge,8,6342713
headings,8,6342713
carpools,8,6342713
staggered,8,6342713
ruined,8,6342713
envision,8,6342713
topography,8,6342713
bearings,8,6342713
hamsters,8,6342713
farts,8,6342713
appalling,8,6342713
respite,8,6342713
cab,8,6342713
delegating,8,6342713
commiting,8,6342713
mashed,8,6342713
coated,8,6342713
persevere,8,6342713
attendee,8,6342713
videogames,8,6342713
swollen,8,6342713
startups,8,6342713
nozzles,8,6342713
tiers,8,6342713
promiscuous,8,6342713
pineapples,8,6342713
raided,8,6342713
paralyze,8,6342713
incidence,8,6342713
canes,8,6342713
harvester,8,6342713
categorical,8,6342713
dug,8,6342713
foams,8,6342713
overheating,8,6342713
aloof,8,6342713
awake,8,6342713
lamps,8,6342713
invaders,8,6342713
blockading,8,6342713
overstepping,8,6342713
tours,8,6342713
signings,8,6342713
autopsy,8,6342713
facilitation,8,6342713
adaptable,8,6342713
bombarding,8,6342713
modestly,8,6342713
mayo,8,6342713
spaying,8,6342713
supplemental,8,6342713
idiots,8,6342713
tooth,8,6342713
burp,8,6342713
conceived,8,6342713
terrifying,8,6342713
descript,8,6342713
scarring,8,6342713
sparring,8,6342713
irc,8,6342713
graduation,8,6342713
rider,8,6342713
whispers,8,6342713
rescuers,8,6342713
speculators,8,6342713
monkshood,8,6342713
tightening,8,6342713
peek,8,6342713
waived,8,6342713
freshener,8,6342713
hostages,8,6342713
inconsequential,8,6342713
seedlings,8,6342713
pellet,8,6342713
rehearsals,8,6342713
lgbtqia,8,6342713
nutritionist,8,6342713
incapacitated,8,6342713
derogation,8,6342713
selves,8,6342713
relatedto,8,6342713
livestream,8,6342713
appreciative,8,6342713
infringers,8,6342713
rightsholder,8,6342713
forwarders,8,6342713
unannounced,8,6342713
chalk,8,6342713
thinning,8,6342713
wigs,8,6342713
communicative,8,6342713
workloads,8,6342713
appointing,8,6342713
rewriting,8,6342713
evergreen,8,6342713
carving,8,6342713
invade,8,6342713
ate,8,6342713
ceos,8,6342713
sparkle,8,6342713
flourish,8,6342713
strife,8,6342713
freelancer,8,6342713
sentimental,8,6342713
nourishment,8,6342713
cocoa,8,6342713
adsorption,8,6342713
reverence,8,6342713
liars,8,6342713
weave,8,6342713
diaspora,8,6342713
equitably,8,6342713
broom,8,6342713
chimney,8,6342713
intersectional,8,6342713
refrigerated,8,6342713
floyd,8,6342713
varnish,8,6342713
photocopy,8,6342713
ladies,8,6342713
essays,8,6342713
exonerate,8,6342713
booze,8,6342713
translate,8,6342713
deferrals,8,6342713
hearings,8,6342713
butts,8,6342713
velcro,8,6342713
sweeteners,8,6342713
altruistic,8,6342713
reviewers,8,6342713
highster,8,6342713
ridge,8,6342713
gods,8,6342713
curl,8,6342713
untrained,8,6342713
longest,8,6342713
neuter,8,6342713
variances,8,6342713
extorted,8,6342713
handbrake,8,6342713
wreck,8,6342713
toned,8,6342713
backstories,8,6342713
unexplored,8,6342713
masturbating,8,6342713
workstations,8,6342713
guerilla,8,6342713
aided,8,6342713
crippling,8,6342713
archery,8,6342713
napkins,8,6342713
rpa,8,6342713
foresight,8,6342713
mat,8,6342713
cooks,8,6342713
misconstrued,8,6342713
exe,8,6342713
diagnosed,8,6342713
thyme,8,6342713
lamb,8,6342713
sir,8,6342713
altcoins,8,6342713
barbara,8,6342713
australian,8,6342713
preexisting,8,6342713
leopard,8,6342713
wilderness,8,6342713
princess,8,6342713
autoclaves,8,6342713
waist,8,6342713
radicalization,8,6342713
siri,8,6342713
philanthropic,8,6342713
bruteforce,8,6342713
ribbon,8,6342713
wagering,8,6342713
sharpened,8,6342713
clutch,8,6342713
synchronization,8,6342713
pallets,8,6342713
lawns,8,6342713
openai,8,6342713
creations,8,6342713
stub,8,6342713
sacramento,8,6342713
venomous,8,6342713
digestible,8,6342713
lan,8,6342713
catfishing,8,6342713
mastery,8,6342713
deadbolt,8,6342713
grapefruit,8,6342713
preheat,8,6342713
disks,8,6342713
detours,8,6342713
breakdowns,8,6342713
detectives,8,6342713
lemons,8,6342713
legitimizing,8,6342713
verbatim,8,6342713
ordinarily,8,6342713
testament,8,6342713
diffusing,8,6342713
airbus,8,6342713
spencer,8,6342713
mankind,8,6342713
firefox,8,6342713
outlawed,8,6342713
frivolous,8,6342713
septic,8,6342713
startled,8,6342713
commercials,8,6342713
teas,8,6342713
oftentimes,8,6342713
july,8,6342713
bouncing,8,6342713
visions,8,6342713
orgasmic,8,6342713
revive,8,6342713
rift,8,6342713
hyperactivity,8,6342713
homogeneous,8,6342713
baggie,8,6342713
vermont,8,6342713
pcr,8,6342713
rot,8,6342713
ed,8,6342713
chartered,8,6342713
successive,8,6342713
gels,8,6342713
racket,8,6342713
dreaming,8,6342713
broadcasted,8,6342713
misinformed,8,6342713
tomato,8,6342713
rehearsing,8,6342713
cakes,8,6342713
philosophies,8,6342713
unchallenged,8,6342713
redistribution,8,6342713
liposuction,8,6342713
prisons,8,6342713
plague,8,6342713
antibacterial,8,6342713
playlist,8,6342713
abhorrent,8,6342713
wilson,8,6342713
quid,8,6342713
intelligently,8,6342713
farmland,8,6342713
compressor,8,6342713
intern,8,6342713
pillars,8,6342713
oxycodone,8,6342713
dispenser,8,6342713
groomer,8,6342713
oregon,8,6342713
kernel,8,6342713
keygen,8,6342713
expend,8,6342713
potions,8,6342713
fob,8,6342713
revised,8,6342713
alimony,8,6342713
definite,8,6342713
witnessing,8,6342713
brisket,8,6342713
resins,8,6342713
nostalgic,8,6342713
curtail,8,6342713
samhsa,8,6342713
categorize,8,6342713
onlyfans,8,6342713
flock,8,6342713
cramped,8,6342713
interceptions,8,6342713
tai,8,6342713
penetrative,8,6342713
denies,8,6342713
composers,8,6342713
disbursement,8,6342713
rooftop,8,6342713
cellulite,8,6342713
primer,8,6342713
veneer,8,6342713
proliferation,8,6342713
proofing,8,6342713
adjectives,8,6342713
sweep,8,6342713
beta,8,6342713
chef,8,6342713
sunrise,8,6342713
jet,8,6342713
infantry,8,6342713
hawaii,8,6342713
murky,8,6342713
dial,8,6342713
osmosis,8,6342713
mods,8,6342713
winding,8,6342713
tractor,8,6342713
faucet,8,6342713
workstation,8,6342713
frontiers,8,6342713
wilshire,8,6342713
cling,8,6342713
payables,8,6342713
compostable,8,6342713
chevy,8,6342713
hungry,8,6342713
dismantling,8,6342713
harbor,8,6342713
disinfectants,8,6342713
formulations,8,6342713
ruby,8,6342713
deviate,8,6342713
redress,8,6342713
cockfighting,8,6342713
curly,8,6342713
doable,8,6342713
laterally,8,6342713
tubi,8,6342713
nagging,8,6342713
bathe,8,6342713
emanating,8,6342713
coherent,8,6342713
reminiscent,8,6342713
dependance,8,6342713
infinitely,8,6342713
paperclips,8,6342713
unbreakable,8,6342713
pathological,8,6342713
stacked,8,6342713
traceback,8,6342713
aroma,8,6342713
molding,8,6342713
droplet,8,6342713
txt,8,6342713
auxiliary,8,6342713
po,8,6342713
overcharge,8,6342713
sensationalism,8,6342713
ain,8,6342713
interdiction,8,6342713
demoralized,8,6342713
downfall,8,6342713
ringing,8,6342713
stipulations,8,6342713
greenwashing,8,6342713
angels,8,6342713
grabs,8,6342713
curses,8,6342713
cane,8,6342713
poems,8,6342713
resonant,8,6342713
displeased,8,6342713
spawning,8,6342713
saul,8,6342713
wastewaters,8,6342713
burglaries,8,6342713
failings,8,6342713
patreon,7,6342713
affiliates,7,6342713
cliff,7,6342713
savory,7,6342713
roasted,7,6342713
veggie,7,6342713
loosening,7,6342713
samoa,7,6342713
icos,7,6342713
artery,7,6342713
downloaders,7,6342713
spawn,7,6342713
easter,7,6342713
decals,7,6342713
docile,7,6342713
barnes,7,6342713
irritable,7,6342713
condescendingly,7,6342713
etf,7,6342713
duping,7,6342713
sometime,7,6342713
warmly,7,6342713
burdensome,7,6342713
curating,7,6342713
sins,7,6342713
stripper,7,6342713
er,7,6342713
interferes,7,6342713
sockets,7,6342713
scarves,7,6342713
materialistic,7,6342713
compass,7,6342713
ufos,7,6342713
altitude,7,6342713
embargoes,7,6342713
sustenance,7,6342713
borrower,7,6342713
fidelity,7,6342713
clogged,7,6342713
hormonal,7,6342713
bald,7,6342713
protested,7,6342713
complains,7,6342713
precinct,7,6342713
deformed,7,6342713
usbs,7,6342713
viewable,7,6342713
aggregators,7,6342713
concurrently,7,6342713
perpetual,7,6342713
installer,7,6342713
songwriters,7,6342713
railway,7,6342713
tryingto,7,6342713
looping,7,6342713
postponing,7,6342713
aggressors,7,6342713
doorknob,7,6342713
enrollment,7,6342713
disunity,7,6342713
transplant,7,6342713
lotions,7,6342713
swam,7,6342713
cartridge,7,6342713
homogenous,7,6342713
unidentified,7,6342713
instructs,7,6342713
resets,7,6342713
civilly,7,6342713
chegg,7,6342713
darknets,7,6342713
recollection,7,6342713
alight,7,6342713
effected,7,6342713
ideation,7,6342713
stripes,7,6342713
critiquing,7,6342713
architectural,7,6342713
scoring,7,6342713
checklist,7,6342713
fierce,7,6342713
fitzgerald,7,6342713
loader,7,6342713
pastry,7,6342713
blockbuster,7,6342713
omission,7,6342713
shorting,7,6342713
goat,7,6342713
fathers,7,6342713
verifications,7,6342713
metaphor,7,6342713
chant,7,6342713
bangladesh,7,6342713
jordan,7,6342713
lebanon,7,6342713
roberts,7,6342713
furious,7,6342713
flattening,7,6342713
specialise,7,6342713
stereo,7,6342713
emancipation,7,6342713
itineraries,7,6342713
scrutinizing,7,6342713
downwind,7,6342713
belongingness,7,6342713
uniting,7,6342713
ly,7,6342713
mitm,7,6342713
reportable,7,6342713
snugly,7,6342713
entitlements,7,6342713
pathos,7,6342713
dashing,7,6342713
staggering,7,6342713
rideshare,7,6342713
anemia,7,6342713
equities,7,6342713
bruise,7,6342713
interval,7,6342713
referendums,7,6342713
nearing,7,6342713
flux,7,6342713
renew,7,6342713
reclaimed,7,6342713
accorded,7,6342713
combing,7,6342713
eucalyptus,7,6342713
rdp,7,6342713
austin,7,6342713
georgia,7,6342713
plywood,7,6342713
deflated,7,6342713
popularized,7,6342713
pci,7,6342713
descendants,7,6342713
plight,7,6342713
macro,7,6342713
absorbs,7,6342713
rims,7,6342713
walgreens,7,6342713
sirens,7,6342713
deepfakes,7,6342713
sprains,7,6342713
sifting,7,6342713
lentils,7,6342713
skillfully,7,6342713
orchestrate,7,6342713
devastation,7,6342713
fend,7,6342713
soothe,7,6342713
irritant,7,6342713
blowback,7,6342713
adoptive,7,6342713
manifests,7,6342713
consultancies,7,6342713
notoriously,7,6342713
glands,7,6342713
contrition,7,6342713
kidnappers,7,6342713
cheesecloth,7,6342713
arsenal,7,6342713
aspiration,7,6342713
pitching,7,6342713
faa,7,6342713
tripped,7,6342713
aggravate,7,6342713
stigmas,7,6342713
theatres,7,6342713
uninterrupted,7,6342713
manufactures,7,6342713
queue,7,6342713
fraught,7,6342713
inclement,7,6342713
ascend,7,6342713
retired,7,6342713
suppressors,7,6342713
nursing,7,6342713
capsule,7,6342713
subtlely,7,6342713
motto,7,6342713
complementing,7,6342713
flaunting,7,6342713
editorial,7,6342713
thrust,7,6342713
metoo,7,6342713
overheard,7,6342713
lightbulb,7,6342713
incapacitation,7,6342713
bicarbonate,7,6342713
understandably,7,6342713
validates,7,6342713
potted,7,6342713
spans,7,6342713
oxides,7,6342713
herbicide,7,6342713
pandemics,7,6342713
legalizing,7,6342713
oddly,7,6342713
tame,7,6342713
smokeless,7,6342713
unchanged,7,6342713
columbia,7,6342713
armpits,7,6342713
overwhelms,7,6342713
unpunished,7,6342713
shortening,7,6342713
instinctive,7,6342713
refreshments,7,6342713
slicing,7,6342713
beers,7,6342713
reassurances,7,6342713
clumsy,7,6342713
repetitively,7,6342713
revision,7,6342713
stacking,7,6342713
reunite,7,6342713
unethically,7,6342713
preoccupied,7,6342713
solitude,7,6342713
comings,7,6342713
dents,7,6342713
viscous,7,6342713
asa,7,6342713
telephones,7,6342713
heartedly,7,6342713
exacerbated,7,6342713
devious,7,6342713
iris,7,6342713
gypsy,7,6342713
crashing,7,6342713
stalin,7,6342713
abolishing,7,6342713
severance,7,6342713
librarian,7,6342713
clad,7,6342713
relinquishing,7,6342713
urinating,7,6342713
outflows,7,6342713
hydrolysis,7,6342713
abundantly,7,6342713
sandy,7,6342713
aloe,7,6342713
vera,7,6342713
empathizing,7,6342713
adulterated,7,6342713
cleansed,7,6342713
tillage,7,6342713
photoshoot,7,6342713
tarnishing,7,6342713
newest,7,6342713
peelings,7,6342713
goings,7,6342713
feline,7,6342713
fuzzing,7,6342713
asphyxiation,7,6342713
hoops,7,6342713
picnics,7,6342713
elites,7,6342713
rudimentary,7,6342713
saturate,7,6342713
defect,7,6342713
ryan,7,6342713
marnier,7,6342713
breadcrumbs,7,6342713
insecticide,7,6342713
thwarted,7,6342713
wreaking,7,6342713
patent,7,6342713
retreating,7,6342713
pitched,7,6342713
generously,7,6342713
flashcards,7,6342713
guardianship,7,6342713
genitalia,7,6342713
shortness,7,6342713
hacktivism,7,6342713
seniority,7,6342713
socialising,7,6342713
letterhead,7,6342713
surname,7,6342713
eagerly,7,6342713
reporter,7,6342713
outfitted,7,6342713
lesbians,7,6342713
traumatized,7,6342713
alex,7,6342713
copywriting,7,6342713
saharan,7,6342713
visualizing,7,6342713
baskets,7,6342713
geographies,7,6342713
detain,7,6342713
affront,7,6342713
percentages,7,6342713
fountains,7,6342713
coughs,7,6342713
performer,7,6342713
putty,7,6342713
leach,7,6342713
aspire,7,6342713
inundate,7,6342713
upperhand,7,6342713
wits,7,6342713
banknotes,7,6342713
harshness,7,6342713
lunar,7,6342713
doe,7,6342713
conspiracies,7,6342713
jacks,7,6342713
piss,7,6342713
vulgar,7,6342713
thrill,7,6342713
shoots,7,6342713
cbs,7,6342713
payback,7,6342713
wounded,7,6342713
colonists,7,6342713
conclusively,7,6342713
redecorate,7,6342713
vase,7,6342713
guideline,7,6342713
peoplefinders,7,6342713
preservatives,7,6342713
parlors,7,6342713
earners,7,6342713
cannibalism,7,6342713
tyrannical,7,6342713
estates,7,6342713
axe,7,6342713
detach,7,6342713
wildfire,7,6342713
allegation,7,6342713
dictating,7,6342713
unnoticeable,7,6342713
selfie,7,6342713
hamburgers,7,6342713
superstitious,7,6342713
soups,7,6342713
oregano,7,6342713
planner,7,6342713
hawalas,7,6342713
tits,7,6342713
automobiles,7,6342713
stockpiling,7,6342713
bermuda,7,6342713
concession,7,6342713
jeffrey,7,6342713
colombia,7,6342713
thirst,7,6342713
disburse,7,6342713
prosperous,7,6342713
glamorous,7,6342713
pokes,7,6342713
evaporating,7,6342713
objectification,7,6342713
bitches,7,6342713
tan,7,6342713
gmp,7,6342713
udemy,7,6342713
collision,7,6342713
decks,7,6342713
snarky,7,6342713
bureaucratic,7,6342713
dynamically,7,6342713
doorway,7,6342713
abbreviation,7,6342713
supernatural,7,6342713
ross,7,6342713
xvideos,7,6342713
cocksucker,7,6342713
pdfs,7,6342713
violators,7,6342713
treasures,7,6342713
hurdles,7,6342713
platonic,7,6342713
gibbons,7,6342713
cone,7,6342713
panicked,7,6342713
incites,7,6342713
levers,7,6342713
restructure,7,6342713
electrolyte,7,6342713
edged,7,6342713
shunning,7,6342713
champagne,7,6342713
promoters,7,6342713
alphanumeric,7,6342713
technicalities,7,6342713
jab,7,6342713
entrants,7,6342713
disinterest,7,6342713
freighter,7,6342713
appetizing,7,6342713
saws,7,6342713
sensing,7,6342713
captchas,7,6342713
pranked,7,6342713
johnny,7,6342713
irons,7,6342713
remorseful,7,6342713
tammy,7,6342713
obstruction,7,6342713
nosy,7,6342713
clingy,7,6342713
repulsive,7,6342713
zelle,7,6342713
cpa,7,6342713
laminating,7,6342713
mitnick,7,6342713
criminally,7,6342713
mod,7,6342713
erratically,7,6342713
betray,7,6342713
fucked,7,6342713
vampire,7,6342713
plugin,7,6342713
rainfall,7,6342713
rulings,7,6342713
cremate,7,6342713
cemetery,7,6342713
paris,7,6342713
gomovies,7,6342713
neo,7,6342713
assertion,7,6342713
ours,7,6342713
defecation,7,6342713
spouses,7,6342713
ostracizing,7,6342713
undertone,7,6342713
caresses,7,6342713
scouring,7,6342713
flue,7,6342713
passively,7,6342713
pinpointing,7,6342713
dakota,7,6342713
railings,7,6342713
dumbest,7,6342713
invisibility,7,6342713
semblance,7,6342713
transpired,7,6342713
diagnoses,7,6342713
pretences,7,6342713
academia,7,6342713
bioreactors,7,6342713
blueprint,7,6342713
nat,7,6342713
seamless,7,6342713
detectability,7,6342713
naval,7,6342713
inaction,7,6342713
modulation,7,6342713
countered,7,6342713
constituent,7,6342713
mackey,7,6342713
misstatements,7,6342713
lung,7,6342713
cognition,7,6342713
deported,7,6342713
humbly,7,6342713
melt,7,6342713
incompetence,7,6342713
tumultuous,7,6342713
grieve,7,6342713
mailed,7,6342713
balcony,7,6342713
jumped,7,6342713
trimmed,7,6342713
clipping,7,6342713
cia,7,6342713
beg,7,6342713
phil,7,6342713
circuitry,7,6342713
fragmentation,7,6342713
coincide,7,6342713
squats,7,6342713
fallback,7,6342713
summarization,7,6342713
overgrown,7,6342713
fenced,7,6342713
genius,7,6342713
cushions,7,6342713
microwaving,7,6342713
del,7,6342713
folded,7,6342713
inconsistency,7,6342713
reptile,7,6342713
pave,7,6342713
egregious,7,6342713
compress,7,6342713
initiates,7,6342713
relays,7,6342713
husbandry,7,6342713
decorum,7,6342713
custodial,7,6342713
benefactors,7,6342713
totals,7,6342713
photoshopping,7,6342713
liens,7,6342713
bankruptcies,7,6342713
commences,7,6342713
stew,7,6342713
scalpers,7,6342713
greywater,7,6342713
starve,7,6342713
overloads,7,6342713
glimpse,7,6342713
helplines,7,6342713
nasal,7,6342713
goodbye,7,6342713
gums,7,6342713
bachelor,7,6342713
suicides,7,6342713
fester,7,6342713
overdosing,7,6342713
bearer,7,6342713
owing,7,6342713
ri,7,6342713
chatting,7,6342713
euro,7,6342713
snagfilms,7,6342713
swipe,7,6342713
tended,7,6342713
casings,7,6342713
phishes,7,6342713
guesswork,7,6342713
refundable,7,6342713
apprehending,7,6342713
cisgender,7,6342713
ether,7,6342713
vegans,7,6342713
iv,7,6342713
serotonin,7,6342713
dunce,7,6342713
contingent,7,6342713
barbaric,7,6342713
departmental,7,6342713
upstream,7,6342713
watermarking,7,6342713
shorts,7,6342713
transphobia,7,6342713
anthrax,7,6342713
forger,7,6342713
distracts,7,6342713
exceedingly,7,6342713
benefited,7,6342713
inheriting,7,6342713
laura,7,6342713
lowercase,7,6342713
timeliness,7,6342713
denouncing,7,6342713
kills,7,6342713
desensitized,7,6342713
complicity,7,6342713
spacious,7,6342713
parrots,7,6342713
meanest,7,6342713
leap,7,6342713
inherit,7,6342713
projected,7,6342713
graduates,7,6342713
reversal,7,6342713
fibre,7,6342713
inequity,7,6342713
tothe,7,6342713
rhythms,7,6342713
seeded,7,6342713
randomize,7,6342713
fondling,7,6342713
tutor,7,6342713
illogical,7,6342713
soot,7,6342713
gallons,7,6342713
spirituality,7,6342713
scarecrows,7,6342713
shred,7,6342713
integer,7,6342713
adware,7,6342713
sparkler,7,6342713
silences,7,6342713
criminality,7,6342713
toothpick,7,6342713
rugby,7,6342713
countdown,7,6342713
resorts,7,6342713
surveilled,7,6342713
videotaping,7,6342713
overthe,7,6342713
mowing,7,6342713
stakeholder,7,6342713
apr,7,6342713
logistic,7,6342713
themself,7,6342713
evacuating,7,6342713
preferring,7,6342713
manifestation,7,6342713
avocado,7,6342713
metropolitan,7,6342713
scholarly,7,6342713
refunded,7,6342713
unheard,7,6342713
commonality,7,6342713
unhygienic,7,6342713
ablaze,7,6342713
attends,7,6342713
joyful,7,6342713
conjure,7,6342713
sprinklers,7,6342713
childish,7,6342713
squatting,7,6342713
protector,7,6342713
oceanic,7,6342713
dinosaur,7,6342713
emits,7,6342713
bestiality,7,6342713
schoolwork,7,6342713
zest,7,6342713
barcodes,7,6342713
stipends,7,6342713
kardashian,7,6342713
hereafter,7,6342713
commuting,7,6342713
hyperbole,7,6342713
ornaments,7,6342713
absentee,7,6342713
cheaters,7,6342713
shuffling,7,6342713
entanglements,7,6342713
opted,7,6342713
observer,7,6342713
adjective,7,6342713
registrar,7,6342713
elicits,7,6342713
disqualify,7,6342713
attendants,7,6342713
additive,7,6342713
tumble,7,6342713
educates,7,6342713
desirability,7,6342713
dismissively,7,6342713
meted,7,6342713
trespassers,7,6342713
prick,7,6342713
implication,7,6342713
newsom,7,6342713
owl,7,6342713
solarmovie,7,6342713
clenched,7,6342713
laughed,7,6342713
fred,7,6342713
exfiltrated,7,6342713
foxes,7,6342713
chill,7,6342713
swiss,7,6342713
emulsion,7,6342713
overreacting,7,6342713
doom,7,6342713
buddhist,7,6342713
temptations,7,6342713
hypochlorite,7,6342713
genesis,7,6342713
leaker,7,6342713
precarious,7,6342713
bumping,7,6342713
chuck,7,6342713
refrigerating,7,6342713
eradication,7,6342713
entrap,7,6342713
melodies,7,6342713
reaffirm,7,6342713
looser,7,6342713
preconceived,7,6342713
microchipping,7,6342713
shadowy,7,6342713
executables,7,6342713
substituted,7,6342713
enumeration,7,6342713
procured,7,6342713
vietnamese,7,6342713
gainful,7,6342713
roma,7,6342713
markup,7,6342713
ach,7,6342713
spins,7,6342713
rebellious,7,6342713
dispel,7,6342713
permanganate,7,6342713
inundating,7,6342713
trays,7,6342713
formatted,7,6342713
kidneys,7,6342713
unbeatable,7,6342713
flipping,7,6342713
fir,7,6342713
cherries,7,6342713
classifications,7,6342713
checkbook,7,6342713
da,7,6342713
cannibals,7,6342713
fetching,7,6342713
refillable,7,6342713
ugh,7,6342713
diazepam,7,6342713
mic,7,6342713
stump,7,6342713
sheltering,7,6342713
hinduism,7,6342713
binds,7,6342713
orleans,7,6342713
legalization,7,6342713
tonality,7,6342713
les,7,6342713
friday,7,6342713
orlando,7,6342713
ben,7,6342713
fisher,7,6342713
alaska,7,6342713
showings,7,6342713
somalia,7,6342713
windpipe,7,6342713
sewing,7,6342713
ops,7,6342713
criminalizing,7,6342713
louis,7,6342713
iterative,7,6342713
kibble,7,6342713
propulsion,7,6342713
gen,7,6342713
policymaking,7,6342713
lively,7,6342713
polygraph,7,6342713
sweden,7,6342713
forrest,7,6342713
gump,7,6342713
myriad,7,6342713
hostels,7,6342713
differentiation,7,6342713
examines,7,6342713
retard,7,6342713
gifted,7,6342713
amateurs,7,6342713
compresses,7,6342713
calculators,7,6342713
militias,7,6342713
unlabeled,7,6342713
premature,7,6342713
holster,7,6342713
centric,7,6342713
thawing,7,6342713
disorderly,7,6342713
karate,7,6342713
thigh,7,6342713
excludes,7,6342713
refocus,7,6342713
dishwasher,7,6342713
mechanized,7,6342713
immortality,7,6342713
parlor,7,6342713
activations,7,6342713
walker,7,6342713
superglue,7,6342713
jets,7,6342713
antibiotic,7,6342713
asbestos,7,6342713
freshwater,7,6342713
paw,7,6342713
analyzer,7,6342713
publishes,7,6342713
infestation,7,6342713
sat,7,6342713
messes,7,6342713
bingo,7,6342713
elect,7,6342713
ditch,7,6342713
olympics,7,6342713
dogfighting,7,6342713
atlantic,7,6342713
kilometers,7,6342713
fileless,7,6342713
cheerful,7,6342713
misuses,7,6342713
molly,7,6342713
ebony,7,6342713
jumper,7,6342713
haste,7,6342713
rains,7,6342713
effecting,7,6342713
heater,7,6342713
semitic,7,6342713
ion,7,6342713
nas,7,6342713
margaret,7,6342713
repertoire,7,6342713
bizarre,7,6342713
doctrines,7,6342713
rummaging,7,6342713
fade,7,6342713
ymca,7,6342713
matrix,7,6342713
rainn,7,6342713
restorative,7,6342713
overstated,7,6342713
lily,7,6342713
mnpi,7,6342713
antidiscrimination,7,6342713
rehome,7,6342713
boosters,7,6342713
enlightened,7,6342713
fares,7,6342713
baton,7,6342713
fusion,7,6342713
spyine,7,6342713
llm,7,6342713
comics,7,6342713
muffin,7,6342713
sheriff,7,6342713
detoxifying,7,6342713
consolidation,7,6342713
tendering,7,6342713
sharks,7,6342713
laundromat,7,6342713
vps,7,6342713
whale,7,6342713
dejected,7,6342713
dialects,7,6342713
plantation,7,6342713
linear,7,6342713
bobby,7,6342713
nominees,7,6342713
gerrymandering,7,6342713
steroid,7,6342713
drew,7,6342713
mishandling,7,6342713
unacknowledged,7,6342713
allyship,7,6342713
vaults,7,6342713
frying,7,6342713
wardrobe,7,6342713
stocking,7,6342713
mustache,7,6342713
redirection,7,6342713
mathematicians,7,6342713
lithium,7,6342713
hikes,7,6342713
rested,7,6342713
contaminates,7,6342713
spatial,7,6342713
buffering,7,6342713
sims,7,6342713
toothbrush,7,6342713
preview,6,6342713
brandy,6,6342713
hyper,6,6342713
ol,6,6342713
figurines,6,6342713
carotid,6,6342713
ofreposado,6,6342713
jewels,6,6342713
deteriorating,6,6342713
curves,6,6342713
overuse,6,6342713
cv,6,6342713
flickering,6,6342713
embellishing,6,6342713
entrench,6,6342713
coolant,6,6342713
inconclusive,6,6342713
presently,6,6342713
drove,6,6342713
electing,6,6342713
cheque,6,6342713
arborist,6,6342713
whipping,6,6342713
unharmed,6,6342713
ghostery,6,6342713
inclination,6,6342713
miracles,6,6342713
tallest,6,6342713
thetruthspy,6,6342713
misreporting,6,6342713
prized,6,6342713
threating,6,6342713
cfls,6,6342713
outbound,6,6342713
acrylic,6,6342713
heinous,6,6342713
sharpening,6,6342713
lexisnexis,6,6342713
underprivileged,6,6342713
caters,6,6342713
noisemakers,6,6342713
saline,6,6342713
stool,6,6342713
memorized,6,6342713
grower,6,6342713
surfacing,6,6342713
clones,6,6342713
brie,6,6342713
pointer,6,6342713
dances,6,6342713
racists,6,6342713
harasser,6,6342713
scientifically,6,6342713
keychain,6,6342713
lizards,6,6342713
fiberglass,6,6342713
grassy,6,6342713
prolific,6,6342713
maximal,6,6342713
dvr,6,6342713
televisions,6,6342713
vibrators,6,6342713
va,6,6342713
lyft,6,6342713
methylamine,6,6342713
radiates,6,6342713
indifferent,6,6342713
joys,6,6342713
gatsby,6,6342713
harper,6,6342713
charlotte,6,6342713
stovetop,6,6342713
experiential,6,6342713
forgers,6,6342713
needless,6,6342713
carriage,6,6342713
anytown,6,6342713
unapologetic,6,6342713
paving,6,6342713
deodorization,6,6342713
disassemble,6,6342713
herbert,6,6342713
overrepresented,6,6342713
roadway,6,6342713
reels,6,6342713
titanium,6,6342713
ics,6,6342713
dox,6,6342713
stood,6,6342713
austria,6,6342713
brag,6,6342713
fifteen,6,6342713
salvador,6,6342713
carton,6,6342713
leafy,6,6342713
greens,6,6342713
baldwin,6,6342713
yify,6,6342713
extricate,6,6342713
advisers,6,6342713
brushed,6,6342713
voip,6,6342713
admixture,6,6342713
espouse,6,6342713
delusions,6,6342713
forearm,6,6342713
armslist,6,6342713
checker,6,6342713
ies,6,6342713
nods,6,6342713
keyboards,6,6342713
undervaluing,6,6342713
osint,6,6342713
assuage,6,6342713
sinks,6,6342713
predominately,6,6342713
girlfriends,6,6342713
insignificance,6,6342713
fuss,6,6342713
preserved,6,6342713
wholeheartedly,6,6342713
brotherhood,6,6342713
alfred,6,6342713
glaring,6,6342713
targetted,6,6342713
clamp,6,6342713
exes,6,6342713
videotape,6,6342713
dysphoria,6,6342713
unvalued,6,6342713
imgur,6,6342713
repaid,6,6342713
ventilators,6,6342713
nonchalantly,6,6342713
misinterpretation,6,6342713
infertility,6,6342713
amortization,6,6342713
arguably,6,6342713
jurors,6,6342713
perpetuation,6,6342713
mildly,6,6342713
afflicted,6,6342713
hinges,6,6342713
wikiprice,6,6342713
hydrocarbons,6,6342713
vanish,6,6342713
inflaming,6,6342713
bust,6,6342713
subtitles,6,6342713
particle,6,6342713
subpoenaing,6,6342713
vocalization,6,6342713
ugliest,6,6342713
vitally,6,6342713
ein,6,6342713
rectifying,6,6342713
wig,6,6342713
bothersome,6,6342713
deliberation,6,6342713
amending,6,6342713
fubu,6,6342713
sexualities,6,6342713
suffocating,6,6342713
overdoses,6,6342713
scalable,6,6342713
charlie,6,6342713
den,6,6342713
stabilizing,6,6342713
capitalism,6,6342713
consumerism,6,6342713
paced,6,6342713
sparkles,6,6342713
matt,6,6342713
swatting,6,6342713
psychographic,6,6342713
silhouettes,6,6342713
adorable,6,6342713
newborn,6,6342713
mussolini,6,6342713
expectancy,6,6342713
ranch,6,6342713
crawlers,6,6342713
intentioned,6,6342713
servicing,6,6342713
cannons,6,6342713
parody,6,6342713
gait,6,6342713
rachel,6,6342713
vaxxers,6,6342713
chorus,6,6342713
troubled,6,6342713
mined,6,6342713
aggressor,6,6342713
betweens,6,6342713
dosed,6,6342713
anus,6,6342713
freenet,6,6342713
antireflective,6,6342713
minced,6,6342713
thawed,6,6342713
cordless,6,6342713
ripped,6,6342713
unison,6,6342713
impressionable,6,6342713
overextend,6,6342713
bert,6,6342713
fixes,6,6342713
awaits,6,6342713
postcards,6,6342713
ransoms,6,6342713
elevators,6,6342713
pleasures,6,6342713
generalities,6,6342713
myanmar,6,6342713
vowels,6,6342713
youths,6,6342713
simplify,6,6342713
discreetness,6,6342713
ensuing,6,6342713
meditations,6,6342713
larvae,6,6342713
anarchist,6,6342713
hoe,6,6342713
anaphylaxis,6,6342713
leafly,6,6342713
plugged,6,6342713
recoup,6,6342713
bodyguard,6,6342713
indispensable,6,6342713
tanning,6,6342713
paperclip,6,6342713
synthesizing,6,6342713
crybaby,6,6342713
secular,6,6342713
ventilate,6,6342713
shampoos,6,6342713
cupboards,6,6342713
convincingly,6,6342713
webserver,6,6342713
scaled,6,6342713
outperform,6,6342713
subsidizing,6,6342713
absurd,6,6342713
cannabinoid,6,6342713
informant,6,6342713
tides,6,6342713
apache,6,6342713
delicacy,6,6342713
bride,6,6342713
enforces,6,6342713
trance,6,6342713
decrypting,6,6342713
anthony,6,6342713
berkeley,6,6342713
talcum,6,6342713
flushed,6,6342713
propositions,6,6342713
hindrance,6,6342713
offload,6,6342713
thickness,6,6342713
camcorder,6,6342713
unobserved,6,6342713
overpaying,6,6342713
reimburse,6,6342713
undercutting,6,6342713
quotation,6,6342713
championship,6,6342713
unrecorded,6,6342713
hydrants,6,6342713
geometry,6,6342713
geotagging,6,6342713
blinding,6,6342713
telecommuting,6,6342713
brokering,6,6342713
scenery,6,6342713
annuities,6,6342713
breastfeeding,6,6342713
blower,6,6342713
tapes,6,6342713
cremated,6,6342713
tigers,6,6342713
federation,6,6342713
fermenting,6,6342713
unreal,6,6342713
angrily,6,6342713
globalization,6,6342713
argues,6,6342713
farted,6,6342713
overheat,6,6342713
witchcraft,6,6342713
rebuke,6,6342713
editions,6,6342713
catered,6,6342713
ba,6,6342713
intensify,6,6342713
defies,6,6342713
invasions,6,6342713
multitasking,6,6342713
glitches,6,6342713
flair,6,6342713
refrigerate,6,6342713
misinterpret,6,6342713
scottsdale,6,6342713
gentler,6,6342713
roadside,6,6342713
trainee,6,6342713
overestimate,6,6342713
ambiguities,6,6342713
slacking,6,6342713
trinkets,6,6342713
garages,6,6342713
mole,6,6342713
undo,6,6342713
inflationary,6,6342713
transportations,6,6342713
liked,6,6342713
pivotal,6,6342713
tilted,6,6342713
queried,6,6342713
bytes,6,6342713
chopping,6,6342713
cushioning,6,6342713
dialysis,6,6342713
softonic,6,6342713
traumatizing,6,6342713
nigeria,6,6342713
override,6,6342713
disenfranchisement,6,6342713
condemning,6,6342713
laxatives,6,6342713
intersect,6,6342713
coursera,6,6342713
tolerances,6,6342713
micromanaging,6,6342713
objectifies,6,6342713
forks,6,6342713
jam,6,6342713
moderator,6,6342713
nitrates,6,6342713
protruding,6,6342713
queens,6,6342713
hydroelectricity,6,6342713
chefs,6,6342713
np,6,6342713
oldest,6,6342713
widow,6,6342713
minneapolis,6,6342713
critic,6,6342713
barcelona,6,6342713
suing,6,6342713
crotch,6,6342713
cutouts,6,6342713
chocolates,6,6342713
imaginable,6,6342713
stigmatizing,6,6342713
demotion,6,6342713
detached,6,6342713
confessing,6,6342713
captives,6,6342713
docs,6,6342713
ridicules,6,6342713
reintroducing,6,6342713
nazism,6,6342713
socialism,6,6342713
feller,6,6342713
merge,6,6342713
prohibitive,6,6342713
dorm,6,6342713
precedents,6,6342713
kamala,6,6342713
nomadic,6,6342713
consolidated,6,6342713
healthily,6,6342713
decor,6,6342713
fundraiser,6,6342713
skynet,6,6342713
euthanizing,6,6342713
endearment,6,6342713
correlated,6,6342713
royal,6,6342713
counterfeits,6,6342713
katie,6,6342713
unclaimed,6,6342713
telstra,6,6342713
nutmeg,6,6342713
exile,6,6342713
rife,6,6342713
aggravating,6,6342713
turtles,6,6342713
derision,6,6342713
yarn,6,6342713
spokespeople,6,6342713
cooper,6,6342713
livable,6,6342713
complicates,6,6342713
pulses,6,6342713
celebratory,6,6342713
footing,6,6342713
catapult,6,6342713
waiter,6,6342713
safekeeping,6,6342713
umbrellas,6,6342713
inhibitors,6,6342713
polygamy,6,6342713
compensatory,6,6342713
eggshells,6,6342713
fetlife,6,6342713
cosby,6,6342713
persecuted,6,6342713
bosses,6,6342713
roommates,6,6342713
maiden,6,6342713
caloric,6,6342713
bowels,6,6342713
lipped,6,6342713
exported,6,6342713
stipulate,6,6342713
skiing,6,6342713
summarizing,6,6342713
bona,6,6342713
fide,6,6342713
randomization,6,6342713
querying,6,6342713
mites,6,6342713
nickel,6,6342713
honking,6,6342713
biofuel,6,6342713
brady,6,6342713
whatismyipaddress,6,6342713
dhcp,6,6342713
turkish,6,6342713
liters,6,6342713
bongs,6,6342713
streak,6,6342713
implicating,6,6342713
expeditions,6,6342713
psycho,6,6342713
clitoris,6,6342713
cordial,6,6342713
emoji,6,6342713
handlebars,6,6342713
caged,6,6342713
heightening,6,6342713
bragging,6,6342713
simmer,6,6342713
enterprising,6,6342713
budgeted,6,6342713
mufflers,6,6342713
inoperable,6,6342713
bb,6,6342713
worldviews,6,6342713
scream,6,6342713
readable,6,6342713
indecent,6,6342713
unblock,6,6342713
dyke,6,6342713
beams,6,6342713
homing,6,6342713
regeneration,6,6342713
taunt,6,6342713
frightened,6,6342713
backroom,6,6342713
turf,6,6342713
mescaline,6,6342713
bubbly,6,6342713
capita,6,6342713
tracebacks,6,6342713
obscurity,6,6342713
goats,6,6342713
succession,6,6342713
dec,6,6342713
evan,6,6342713
objection,6,6342713
rekindle,6,6342713
unpublished,6,6342713
inn,6,6342713
legislations,6,6342713
prototypes,6,6342713
elegant,6,6342713
disapprove,6,6342713
hydrocarbon,6,6342713
eyesight,6,6342713
cloaks,6,6342713
shaken,6,6342713
nurse,6,6342713
innuendoes,6,6342713
cub,6,6342713
doorbell,6,6342713
sentient,6,6342713
liberally,6,6342713
intimately,6,6342713
arose,6,6342713
unhindered,6,6342713
sheeting,6,6342713
commonalities,6,6342713
valium,6,6342713
teaser,6,6342713
massaging,6,6342713
powering,6,6342713
whitening,6,6342713
fireproof,6,6342713
affidavit,6,6342713
accelerator,6,6342713
hospitalizations,6,6342713
impervious,6,6342713
mindsets,6,6342713
caves,6,6342713
dozens,6,6342713
hyperbolic,6,6342713
sailors,6,6342713
patting,6,6342713
lockdown,6,6342713
intricacies,6,6342713
communicable,6,6342713
melee,6,6342713
noone,6,6342713
tongs,6,6342713
passageways,6,6342713
illuminated,6,6342713
prevails,6,6342713
haha,6,6342713
slacker,6,6342713
nih,6,6342713
nectar,6,6342713
solicitation,6,6342713
snuff,6,6342713
leveling,6,6342713
juvenile,6,6342713
smokers,6,6342713
headsets,6,6342713
commentaries,6,6342713
withthe,6,6342713
cartilage,6,6342713
serps,6,6342713
correspond,6,6342713
exhibitions,6,6342713
kayaking,6,6342713
remover,6,6342713
wielding,6,6342713
awol,6,6342713
discontentment,6,6342713
turban,6,6342713
drizzle,6,6342713
dues,6,6342713
deterred,6,6342713
cowardly,6,6342713
accessorize,6,6342713
craig,6,6342713
uppercase,6,6342713
microaggressions,6,6342713
shorthand,6,6342713
desert,6,6342713
pursuant,6,6342713
planter,6,6342713
hitch,6,6342713
adjusters,6,6342713
articulating,6,6342713
salmonella,6,6342713
tardiness,6,6342713
replant,6,6342713
fracture,6,6342713
curricular,6,6342713
anybody,6,6342713
crunchy,6,6342713
barbecue,6,6342713
tipline,6,6342713
carol,6,6342713
fades,6,6342713
troubleshooting,6,6342713
redness,6,6342713
depressant,6,6342713
filesharing,6,6342713
sewn,6,6342713
equation,6,6342713
exertion,6,6342713
calibrated,6,6342713
sighing,6,6342713
botanical,6,6342713
ku,6,6342713
massages,6,6342713
crackdowns,6,6342713
scrubber,6,6342713
devalues,6,6342713
aboard,6,6342713
grudge,6,6342713
kyle,6,6342713
coral,6,6342713
creeping,6,6342713
refresher,6,6342713
saturation,6,6342713
savages,6,6342713
modesty,6,6342713
trenches,6,6342713
hanks,6,6342713
debunking,6,6342713
counterargument,6,6342713
accrued,6,6342713
potluck,6,6342713
specialises,6,6342713
imei,6,6342713
scholars,6,6342713
oxidizers,6,6342713
jest,6,6342713
pigeon,6,6342713
governs,6,6342713
tar,6,6342713
grill,6,6342713
alabama,6,6342713
kike,6,6342713
escorted,6,6342713
dms,6,6342713
manhattan,6,6342713
characterization,6,6342713
mantras,6,6342713
unwell,6,6342713
debtors,6,6342713
entertainers,6,6342713
unadulterated,6,6342713
varnishes,6,6342713
sail,6,6342713
adolescence,6,6342713
toronto,6,6342713
gradient,6,6342713
articulated,6,6342713
siding,6,6342713
radioactivity,6,6342713
reconnecting,6,6342713
handkerchief,6,6342713
endemic,6,6342713
minnesota,6,6342713
penal,6,6342713
feud,6,6342713
descended,6,6342713
encased,6,6342713
slate,6,6342713
snobby,6,6342713
receptacles,6,6342713
dusk,6,6342713
islamophobia,6,6342713
congregating,6,6342713
multiplayer,6,6342713
capsaicin,6,6342713
sweetener,6,6342713
demise,6,6342713
evict,6,6342713
audition,6,6342713
limetorrents,6,6342713
cams,6,6342713
bernie,6,6342713
tastefully,6,6342713
installers,6,6342713
encapsulation,6,6342713
radiator,6,6342713
rocky,6,6342713
addict,6,6342713
meditate,6,6342713
stomping,6,6342713
informs,6,6342713
spay,6,6342713
accentuate,6,6342713
humiliates,6,6342713
myers,6,6342713
hardwood,6,6342713
overseen,6,6342713
unreadable,6,6342713
ergonomic,6,6342713
compels,6,6342713
lebron,6,6342713
victor,6,6342713
richness,6,6342713
deli,6,6342713
dips,6,6342713
virtue,6,6342713
ranked,6,6342713
crow,6,6342713
pyrotechnic,6,6342713
dreamer,6,6342713
variability,6,6342713
tubs,6,6342713
multitask,6,6342713
profanities,6,6342713
invisibly,6,6342713
aggregating,6,6342713
extortionate,6,6342713
suboxone,6,6342713
repatriation,6,6342713
measles,6,6342713
influentials,6,6342713
mahatma,6,6342713
gandhi,6,6342713
barrage,6,6342713
reverting,6,6342713
bulls,6,6342713
ali,6,6342713
fascist,6,6342713
deficient,6,6342713
heterosexuality,6,6342713
salon,6,6342713
lag,6,6342713
cincinnati,6,6342713
emoticons,6,6342713
trousers,6,6342713
jackpots,6,6342713
biasing,6,6342713
plump,6,6342713
tucking,6,6342713
specifies,6,6342713
untold,6,6342713
isbn,6,6342713
bankroll,6,6342713
anchors,6,6342713
zoology,6,6342713
prongs,6,6342713
vermin,6,6342713
bookshelf,6,6342713
deducted,6,6342713
anonymizers,6,6342713
appreciates,6,6342713
flyering,6,6342713
phosphate,6,6342713
afloat,6,6342713
fulfil,6,6342713
shattered,6,6342713
outsmart,6,6342713
rationalized,6,6342713
embarassment,6,6342713
irving,6,6342713
dares,6,6342713
remedial,6,6342713
ware,6,6342713
renters,6,6342713
supporter,6,6342713
combatted,6,6342713
timesheets,6,6342713
fundamentalism,6,6342713
taunts,6,6342713
grassroot,6,6342713
campsite,6,6342713
simulators,6,6342713
medicare,6,6342713
fleeting,6,6342713
flanking,6,6342713
maximising,6,6342713
knob,6,6342713
cautions,6,6342713
acquainted,6,6342713
equilibrium,6,6342713
secreting,6,6342713
solidifying,6,6342713
paraffin,6,6342713
singled,6,6342713
june,6,6342713
thunder,6,6342713
healthiest,6,6342713
spectrometry,6,6342713
legible,6,6342713
grapple,6,6342713
relinquish,6,6342713
neighbouring,6,6342713
bullion,6,6342713
maim,6,6342713
vibrating,6,6342713
translations,6,6342713
tropes,6,6342713
leastly,6,6342713
meds,6,6342713
fabulous,6,6342713
epoxy,6,6342713
arrivals,6,6342713
saddle,6,6342713
revolves,6,6342713
paychecks,6,6342713
maine,6,6342713
wrenches,6,6342713
hotter,6,6342713
goose,6,6342713
thinkers,6,6342713
bulb,6,6342713
noose,6,6342713
metric,6,6342713
verses,6,6342713
iterate,6,6342713
embroiled,6,6342713
emulator,6,6342713
pseudonymization,6,6342713
importantto,6,6342713
caulk,6,6342713
acuity,6,6342713
fermented,6,6342713
leagues,6,6342713
excite,6,6342713
vinyl,6,6342713
fairy,6,6342713
gibberish,6,6342713
stumbled,6,6342713
muddle,6,6342713
lizard,6,6342713
briefed,6,6342713
wp,6,6342713
filmmakers,6,6342713
loudness,6,6342713
occupants,6,6342713
phenol,6,6342713
sworn,6,6342713
clearcutting,6,6342713
burdens,6,6342713
fervor,6,6342713
invoke,6,6342713
distilling,6,6342713
lawlessness,6,6342713
respectfulness,6,6342713
titanic,6,6342713
stings,6,6342713
porous,6,6342713
collectible,6,6342713
outback,6,6342713
oyster,6,6342713
pine,6,6342713
omaha,6,6342713
frosting,6,6342713
snug,6,6342713
scenic,6,6342713
retargeting,6,6342713
photosynthesis,6,6342713
oppressing,6,6342713
smug,6,6342713
sqrt,6,6342713
nolan,6,6342713
realization,6,6342713
translated,6,6342713
zombies,6,6342713
fracturing,6,6342713
aquifers,6,6342713
cleveland,6,6342713
gimp,6,6342713
greyhound,6,6342713
sanctioning,6,6342713
disorganized,6,6342713
jurisdictional,6,6342713
cumin,6,6342713
mailings,6,6342713
trevor,6,6342713
dehumanizes,6,6342713
rehabilitate,6,6342713
renewal,6,6342713
tellers,6,6342713
tickling,6,6342713
delightful,6,6342713
culminate,6,6342713
rudeness,6,6342713
pupils,6,6342713
homeschooling,6,6342713
rehabilitating,6,6342713
demoralizing,6,6342713
nontraditional,6,6342713
heaters,6,6342713
faraway,6,6342713
doling,6,6342713
rotting,6,6342713
scalpels,6,6342713
pollsters,6,6342713
workable,6,6342713
invalidation,6,6342713
coils,6,6342713
pups,6,6342713
montage,6,6342713
divergent,6,6342713
abided,6,6342713
joyously,6,6342713
downturns,6,6342713
wisconsin,6,6342713
ozone,6,6342713
painter,6,6342713
freeing,6,6342713
lighted,6,6342713
tomatoes,6,6342713
supplementing,6,6342713
pretends,6,6342713
murray,6,6342713
eighth,6,6342713
modernizing,6,6342713
mifepristone,6,6342713
connectivity,6,6342713
inhibit,6,6342713
infringements,6,6342713
boolean,6,6342713
reid,6,6342713
ado,6,6342713
instills,6,6342713
vegetarians,6,6342713
floats,6,6342713
hysteria,6,6342713
hike,6,6342713
pleased,6,6342713
basins,6,6342713
condolences,6,6342713
timex,6,6342713
obscenities,6,6342713
pounce,6,6342713
endangerment,6,6342713
azure,6,6342713
tyres,6,6342713
surpass,6,6342713
rugs,6,6342713
lounges,6,6342713
tyrone,6,6342713
deshawn,6,6342713
criminalization,6,6342713
populace,6,6342713
depleting,6,6342713
herpes,6,6342713
continuity,6,6342713
indistinguishable,6,6342713
shorten,6,6342713
learnt,6,6342713
sneakiness,6,6342713
emitted,6,6342713
splashing,6,6342713
prestigious,6,6342713
indentation,6,6342713
chirping,6,6342713
hmm,6,6342713
willed,6,6342713
businessmen,6,6342713
teasers,6,6342713
ferrari,6,6342713
fulfills,6,6342713
gamers,6,6342713
patriarchal,6,6342713
incels,6,6342713
maryland,6,6342713
crib,6,6342713
ligaments,6,6342713
uphill,6,6342713
festive,6,6342713
journalistic,6,6342713
culpable,6,6342713
sununu,6,6342713
nobel,6,6342713
gorgeous,6,6342713
xnspy,6,6342713
evenings,6,6342713
saucepan,6,6342713
ticketing,6,6342713
buddhists,6,6342713
uplifts,6,6342713
antimalware,6,6342713
comprehensively,6,6342713
cricket,6,6342713
rapes,6,6342713
smarts,6,6342713
torque,6,6342713
breakout,6,6342713
enforceable,6,6342713
dehumanization,6,6342713
suburban,6,6342713
crave,6,6342713
dismay,6,6342713
insurers,6,6342713
sensationalizing,6,6342713
modus,6,6342713
operandi,6,6342713
sprints,6,6342713
lauren,6,6342713
orbit,6,6342713
sixteen,6,6342713
haunted,6,6342713
fatality,6,6342713
fearless,6,6342713
riches,6,6342713
coverthe,6,6342713
homemadetagwith,6,6342713
communion,6,6342713
binge,6,6342713
sucessful,6,6342713
containerized,6,6342713
unjustifiable,6,6342713
wickr,6,6342713
rainstorms,6,6342713
forevermore,6,6342713
marvel,6,6342713
summit,6,6342713
truckers,6,6342713
stowing,6,6342713
lapse,6,6342713
unodc,6,6342713
idling,6,6342713
methodically,6,6342713
gunshots,6,6342713
consulates,6,6342713
larry,6,6342713
registry,6,6342713
unparalleled,6,6342713
demo,6,6342713
gaslighter,6,6342713
alegal,6,6342713
pickups,6,6342713
misdemeanors,6,6342713
replicas,6,6342713
outbuilding,6,6342713
sulfide,6,6342713
tribute,6,6342713
enzymes,6,6342713
waging,6,6342713
decomposing,6,6342713
shorelines,6,6342713
ltd,6,6342713
disposition,6,6342713
beenverified,6,6342713
introduces,6,6342713
palestinian,6,6342713
tragic,6,6342713
muffler,6,6342713
gordon,6,6342713
lifespans,6,6342713
str,6,6342713
ralph,6,6342713
receptors,6,6342713
wiretap,6,6342713
defaming,6,6342713
honour,6,6342713
obfuscates,6,6342713
stadiums,6,6342713
suggestible,6,6342713
ufo,6,6342713
antihistamines,6,6342713
reagan,6,6342713
sunscreen,6,6342713
refills,6,6342713
productions,6,6342713
res,6,6342713
retaliatory,6,6342713
cad,6,6342713
democratically,6,6342713
riverbed,6,6342713
emo,6,6342713
triangles,6,6342713
homosexuals,6,6342713
depotting,6,6342713
mooders,6,6342713
pipings,6,6342713
maxnum,6,6342713
preposition,6,6342713
euclidean,6,6342713
ubiqutiy,6,6342713
temporal,6,6342713
signup,5,6342713
uninstall,5,6342713
defectors,5,6342713
salsa,5,6342713
hotwiring,5,6342713
elk,5,6342713
stature,5,6342713
asymptomatic,5,6342713
bod,5,6342713
intercom,5,6342713
communism,5,6342713
liquidating,5,6342713
rebuttal,5,6342713
debated,5,6342713
religiously,5,6342713
eyeglasses,5,6342713
regrowth,5,6342713
roundabout,5,6342713
abrasions,5,6342713
dismissals,5,6342713
stalked,5,6342713
ejaculation,5,6342713
factoring,5,6342713
linen,5,6342713
amplifiers,5,6342713
aws,5,6342713
ruthless,5,6342713
vindictive,5,6342713
hometowns,5,6342713
capitalizes,5,6342713
intellectuals,5,6342713
lifeline,5,6342713
fragrant,5,6342713
seismic,5,6342713
semitism,5,6342713
cinematic,5,6342713
extraterrestrial,5,6342713
spawned,5,6342713
counterattacks,5,6342713
woodside,5,6342713
inverse,5,6342713
airspace,5,6342713
eagle,5,6342713
popularly,5,6342713
jockey,5,6342713
litters,5,6342713
remixes,5,6342713
proliferate,5,6342713
stealthier,5,6342713
aggravated,5,6342713
songwriter,5,6342713
ramping,5,6342713
nbc,5,6342713
expandable,5,6342713
craftsmanship,5,6342713
repayments,5,6342713
circumstantial,5,6342713
spammy,5,6342713
siege,5,6342713
fortifications,5,6342713
steak,5,6342713
dedicate,5,6342713
delve,5,6342713
bombings,5,6342713
recuperation,5,6342713
synonyms,5,6342713
waiving,5,6342713
crating,5,6342713
equations,5,6342713
hardly,5,6342713
troves,5,6342713
humorously,5,6342713
larson,5,6342713
detachment,5,6342713
boundless,5,6342713
replicated,5,6342713
misses,5,6342713
disappearance,5,6342713
profiteer,5,6342713
lard,5,6342713
qualms,5,6342713
nonthreatening,5,6342713
debuggers,5,6342713
ridesharing,5,6342713
intergenerational,5,6342713
cellulose,5,6342713
courtroom,5,6342713
aggregator,5,6342713
guitar,5,6342713
expedition,5,6342713
tupperware,5,6342713
clueless,5,6342713
gab,5,6342713
abides,5,6342713
fodder,5,6342713
inexcusable,5,6342713
burrito,5,6342713
exchangers,5,6342713
socialmediamarketing,5,6342713
mopping,5,6342713
counterintelligence,5,6342713
weightlifting,5,6342713
upscale,5,6342713
biologists,5,6342713
gary,5,6342713
plumber,5,6342713
scathing,5,6342713
vehicular,5,6342713
spotter,5,6342713
oncoming,5,6342713
reconciled,5,6342713
poland,5,6342713
observance,5,6342713
uninspired,5,6342713
faction,5,6342713
costa,5,6342713
rica,5,6342713
jamaica,5,6342713
kuwait,5,6342713
sudan,5,6342713
taiwan,5,6342713
oversights,5,6342713
bartering,5,6342713
timothy,5,6342713
cucumber,5,6342713
microwaves,5,6342713
insurgency,5,6342713
postcard,5,6342713
openload,5,6342713
illustrates,5,6342713
venice,5,6342713
interrogating,5,6342713
conformance,5,6342713
igniter,5,6342713
kinship,5,6342713
fragment,5,6342713
conditioners,5,6342713
bookings,5,6342713
inexpensively,5,6342713
unfocused,5,6342713
adjoining,5,6342713
involuntarily,5,6342713
unworthiness,5,6342713
ceilings,5,6342713
muster,5,6342713
cystic,5,6342713
fibrosis,5,6342713
panting,5,6342713
substandard,5,6342713
mistreat,5,6342713
rainbows,5,6342713
encompass,5,6342713
wandering,5,6342713
diverging,5,6342713
treasured,5,6342713
blesses,5,6342713
chicks,5,6342713
autoit,5,6342713
netcat,5,6342713
leakages,5,6342713
skies,5,6342713
tightened,5,6342713
consensually,5,6342713
unaffiliated,5,6342713
eroded,5,6342713
harbors,5,6342713
waged,5,6342713
finders,5,6342713
affix,5,6342713
coverup,5,6342713
exerted,5,6342713
naperville,5,6342713
decontaminate,5,6342713
complacency,5,6342713
cached,5,6342713
knockoff,5,6342713
acknowledgment,5,6342713
probiotic,5,6342713
nitrocellulose,5,6342713
krav,5,6342713
excused,5,6342713
misrepresents,5,6342713
strangle,5,6342713
fellowship,5,6342713
formalities,5,6342713
nightmares,5,6342713
acclaim,5,6342713
panicking,5,6342713
gelatin,5,6342713
parodies,5,6342713
machetes,5,6342713
rectum,5,6342713
vile,5,6342713
nightmare,5,6342713
gruesome,5,6342713
hoodies,5,6342713
provokes,5,6342713
sexiest,5,6342713
mocked,5,6342713
ableto,5,6342713
clap,5,6342713
disrespecting,5,6342713
shodan,5,6342713
impetus,5,6342713
programmatic,5,6342713
redundancies,5,6342713
misogynistic,5,6342713
lipstick,5,6342713
discoverable,5,6342713
chess,5,6342713
hypothetically,5,6342713
extremes,5,6342713
tennessee,5,6342713
avail,5,6342713
irregularly,5,6342713
growls,5,6342713
exploded,5,6342713
modernization,5,6342713
counterattack,5,6342713
subset,5,6342713
headgear,5,6342713
demolition,5,6342713
negating,5,6342713
sandwiches,5,6342713
bartenders,5,6342713
stabilizers,5,6342713
chaturbate,5,6342713
winters,5,6342713
unpacking,5,6342713
headscarf,5,6342713
dahlia,5,6342713
elizabeth,5,6342713
imposes,5,6342713
ominous,5,6342713
hentai,5,6342713
idealized,5,6342713
apa,5,6342713
evaders,5,6342713
celery,5,6342713
intraday,5,6342713
resells,5,6342713
refurbished,5,6342713
amass,5,6342713
howto,5,6342713
pact,5,6342713
lone,5,6342713
colder,5,6342713
friending,5,6342713
jaw,5,6342713
narrower,5,6342713
ancestral,5,6342713
injector,5,6342713
troubling,5,6342713
splatter,5,6342713
interviewed,5,6342713
unorthodox,5,6342713
misunderstand,5,6342713
northerners,5,6342713
sedentary,5,6342713
withdraws,5,6342713
backfires,5,6342713
scrambling,5,6342713
preliminary,5,6342713
consolidating,5,6342713
seatbelts,5,6342713
ssns,5,6342713
lineup,5,6342713
correctional,5,6342713
untruthful,5,6342713
natured,5,6342713
depots,5,6342713
downsides,5,6342713
veins,5,6342713
blacklivesmatter,5,6342713
solidified,5,6342713
fec,5,6342713
overfishing,5,6342713
nitrile,5,6342713
directv,5,6342713
earmarked,5,6342713
popped,5,6342713
resigned,5,6342713
motorbikes,5,6342713
artistry,5,6342713
sleeper,5,6342713
shunned,5,6342713
indoctrinating,5,6342713
sarcastically,5,6342713
whisky,5,6342713
sisters,5,6342713
sips,5,6342713
swab,5,6342713
unlinked,5,6342713
cisco,5,6342713
cfl,5,6342713
nit,5,6342713
spontaneously,5,6342713
decibels,5,6342713
empirical,5,6342713
jihad,5,6342713
greenwich,5,6342713
demote,5,6342713
chile,5,6342713
underdeveloped,5,6342713
duolingo,5,6342713
libelous,5,6342713
clara,5,6342713
ssa,5,6342713
mascara,5,6342713
smearing,5,6342713
excrement,5,6342713
deafness,5,6342713
ramps,5,6342713
baggies,5,6342713
postponed,5,6342713
facemasks,5,6342713
epic,5,6342713
priceless,5,6342713
slows,5,6342713
provocations,5,6342713
medicated,5,6342713
secures,5,6342713
substitutions,5,6342713
spoiling,5,6342713
subside,5,6342713
dryers,5,6342713
stumbling,5,6342713
assimilation,5,6342713
infertile,5,6342713
repatriate,5,6342713
infested,5,6342713
pipework,5,6342713
cursed,5,6342713
riddles,5,6342713
inauthentic,5,6342713
statue,5,6342713
cashed,5,6342713
pant,5,6342713
oysters,5,6342713
faqs,5,6342713
overtures,5,6342713
inevitability,5,6342713
brow,5,6342713
creep,5,6342713
primed,5,6342713
unicef,5,6342713
oop,5,6342713
bindings,5,6342713
calculus,5,6342713
sequentially,5,6342713
ingenious,5,6342713
nsa,5,6342713
roadmap,5,6342713
rosy,5,6342713
untaxed,5,6342713
mosquitos,5,6342713
turing,5,6342713
betraying,5,6342713
masterfully,5,6342713
federally,5,6342713
watertight,5,6342713
rebalancing,5,6342713
paranoid,5,6342713
attractants,5,6342713
impart,5,6342713
planets,5,6342713
subtracting,5,6342713
communicator,5,6342713
lions,5,6342713
livestreaming,5,6342713
vested,5,6342713
lanterns,5,6342713
sparse,5,6342713
rye,5,6342713
indiscriminate,5,6342713
wps,5,6342713
logmein,5,6342713
pipl,5,6342713
critters,5,6342713
cholesterol,5,6342713
digitized,5,6342713
maid,5,6342713
fleece,5,6342713
gmps,5,6342713
sustains,5,6342713
floss,5,6342713
herb,5,6342713
oversharing,5,6342713
palestine,5,6342713
plagued,5,6342713
coursework,5,6342713
shabbat,5,6342713
miniature,5,6342713
locator,5,6342713
fractions,5,6342713
widest,5,6342713
motels,5,6342713
moods,5,6342713
scarecrow,5,6342713
relinquished,5,6342713
liechtenstein,5,6342713
halal,5,6342713
waterhole,5,6342713
compounded,5,6342713
defiant,5,6342713
unleashed,5,6342713
hillary,5,6342713
demoting,5,6342713
effortless,5,6342713
anniversary,5,6342713
polyurethane,5,6342713
deceleration,5,6342713
composer,5,6342713
sayings,5,6342713
filehippo,5,6342713
refuel,5,6342713
parkway,5,6342713
tacky,5,6342713
snuggle,5,6342713
unaffected,5,6342713
rationalization,5,6342713
ignitable,5,6342713
aforementioned,5,6342713
ticking,5,6342713
dissolution,5,6342713
gatekeepers,5,6342713
ensnared,5,6342713
traitor,5,6342713
tinfoil,5,6342713
paulette,5,6342713
rivest,5,6342713
shamir,5,6342713
adleman,5,6342713
indiana,5,6342713
youporn,5,6342713
weedmaps,5,6342713
remuneration,5,6342713
excusing,5,6342713
sockpuppet,5,6342713
paddle,5,6342713
mcmaster,5,6342713
graces,5,6342713
surveying,5,6342713
overworked,5,6342713
revisit,5,6342713
towed,5,6342713
iterations,5,6342713
numpy,5,6342713
paragraph,5,6342713
majestic,5,6342713
hansa,5,6342713
stagger,5,6342713
decoding,5,6342713
prohibitively,5,6342713
yielding,5,6342713
alliteration,5,6342713
firmness,5,6342713
substitution,5,6342713
pragmatic,5,6342713
mma,5,6342713
congresswoman,5,6342713
prostituting,5,6342713
footnotes,5,6342713
avoidable,5,6342713
scrutinize,5,6342713
practicality,5,6342713
frontline,5,6342713
adapter,5,6342713
sd,5,6342713
cowering,5,6342713
samaritan,5,6342713
protracted,5,6342713
surgeries,5,6342713
scares,5,6342713
kicked,5,6342713
ministers,5,6342713
overwriting,5,6342713
carson,5,6342713
bios,5,6342713
aptitude,5,6342713
businesspeople,5,6342713
singtel,5,6342713
junction,5,6342713
arabic,5,6342713
hybrids,5,6342713
notarized,5,6342713
flickr,5,6342713
deplorable,5,6342713
circulatory,5,6342713
lush,5,6342713
cookware,5,6342713
ebonics,5,6342713
cookers,5,6342713
acronym,5,6342713
unduly,5,6342713
salvia,5,6342713
lessened,5,6342713
outta,5,6342713
grudges,5,6342713
illegitimately,5,6342713
cheesy,5,6342713
lookalike,5,6342713
indentured,5,6342713
skinning,5,6342713
archaic,5,6342713
creationism,5,6342713
antagonize,5,6342713
intruding,5,6342713
complimented,5,6342713
unfavourable,5,6342713
censure,5,6342713
aborigines,5,6342713
charlottesville,5,6342713
drinkable,5,6342713
interrogator,5,6342713
downright,5,6342713
hushed,5,6342713
stools,5,6342713
macos,5,6342713
purging,5,6342713
fearsome,5,6342713
enrichments,5,6342713
ambulance,5,6342713
libertarians,5,6342713
commanded,5,6342713
outburst,5,6342713
forgiven,5,6342713
contractually,5,6342713
reachable,5,6342713
conservancy,5,6342713
sensuality,5,6342713
toner,5,6342713
beaner,5,6342713
juan,5,6342713
pp,5,6342713
eminent,5,6342713
crooks,5,6342713
cockroach,5,6342713
dexterity,5,6342713
artfully,5,6342713
motorists,5,6342713
crowdsourcing,5,6342713
roth,5,6342713
kitten,5,6342713
turks,5,6342713
tlc,5,6342713
psychosis,5,6342713
sprint,5,6342713
trajectory,5,6342713
martha,5,6342713
plaza,5,6342713
harmoniously,5,6342713
bandanas,5,6342713
descend,5,6342713
personalised,5,6342713
nsaids,5,6342713
sterilizing,5,6342713
dirtiest,5,6342713
strenuous,5,6342713
managerial,5,6342713
roadblock,5,6342713
modest,5,6342713
filers,5,6342713
overturning,5,6342713
depp,5,6342713
unwind,5,6342713
intensities,5,6342713
persisting,5,6342713
maternal,5,6342713
deviates,5,6342713
easterners,5,6342713
lifts,5,6342713
ers,5,6342713
potable,5,6342713
jammer,5,6342713
cleanser,5,6342713
intravenously,5,6342713
mildew,5,6342713
boasting,5,6342713
bluff,5,6342713
presidents,5,6342713
enhancers,5,6342713
corpses,5,6342713
flashmobs,5,6342713
educations,5,6342713
mucus,5,6342713
portman,5,6342713
columbus,5,6342713
defaced,5,6342713
scratched,5,6342713
erection,5,6342713
dissipate,5,6342713
resent,5,6342713
weakens,5,6342713
glorious,5,6342713
thirds,5,6342713
tossed,5,6342713
homo,5,6342713
narrowing,5,6342713
aviary,5,6342713
inflection,5,6342713
harvesters,5,6342713
innately,5,6342713
chargebacks,5,6342713
raining,5,6342713
unbalanced,5,6342713
feedings,5,6342713
compliances,5,6342713
wade,5,6342713
jewel,5,6342713
asphalt,5,6342713
spiritually,5,6342713
separatists,5,6342713
asap,5,6342713
bouquet,5,6342713
pacing,5,6342713
incrimination,5,6342713
blackberry,5,6342713
dumber,5,6342713
npr,5,6342713
transshipment,5,6342713
hardcore,5,6342713
lyrical,5,6342713
blush,5,6342713
inconsistently,5,6342713
battling,5,6342713
respectability,5,6342713
sext,5,6342713
spellings,5,6342713
tester,5,6342713
rotations,5,6342713
centrally,5,6342713
filth,5,6342713
absurdity,5,6342713
deciphering,5,6342713
ironclad,5,6342713
parasitic,5,6342713
disbursing,5,6342713
wheelchairs,5,6342713
skincare,5,6342713
primates,5,6342713
sledgehammer,5,6342713
surveyed,5,6342713
proctors,5,6342713
hoodie,5,6342713
irrigate,5,6342713
escalations,5,6342713
ventured,5,6342713
canisters,5,6342713
stumbles,5,6342713
storefronts,5,6342713
geofencing,5,6342713
minimised,5,6342713
goddamn,5,6342713
realtors,5,6342713
gasification,5,6342713
segmented,5,6342713
plazas,5,6342713
otc,5,6342713
barry,5,6342713
crystalline,5,6342713
totality,5,6342713
slacks,5,6342713
moderated,5,6342713
naps,5,6342713
microchips,5,6342713
enquiries,5,6342713
assigns,5,6342713
advises,5,6342713
ambushing,5,6342713
infiltrators,5,6342713
hick,5,6342713
lol,5,6342713
collins,5,6342713
crutches,5,6342713
sensationalist,5,6342713
traversal,5,6342713
resolute,5,6342713
calmed,5,6342713
muddy,5,6342713
accelerations,5,6342713
deactivated,5,6342713
obtainment,5,6342713
whiten,5,6342713
awa,5,6342713
sikh,5,6342713
severing,5,6342713
lockpicking,5,6342713
sensationalistic,5,6342713
unopened,5,6342713
senate,5,6342713
importation,5,6342713
compartmentalization,5,6342713
cloudflare,5,6342713
redeeming,5,6342713
splashes,5,6342713
cactus,5,6342713
feints,5,6342713
stationary,5,6342713
diagnosing,5,6342713
apes,5,6342713
strives,5,6342713
imitations,5,6342713
pics,5,6342713
tracers,5,6342713
flyer,5,6342713
bloom,5,6342713
obtrusive,5,6342713
explorers,5,6342713
xhamster,5,6342713
sermons,5,6342713
condiment,5,6342713
supplemented,5,6342713
amp,5,6342713
foxglove,5,6342713
conductors,5,6342713
hillbilly,5,6342713
exhilarating,5,6342713
avian,5,6342713
unwelcoming,5,6342713
earplugs,5,6342713
castle,5,6342713
labyrinth,5,6342713
gaap,5,6342713
insuring,5,6342713
cain,5,6342713
complements,5,6342713
proofread,5,6342713
hangings,5,6342713
bolsters,5,6342713
susceptibilities,5,6342713
payslips,5,6342713
detour,5,6342713
booter,5,6342713
stresser,5,6342713
kate,5,6342713
terrarium,5,6342713
formulation,5,6342713
molecular,5,6342713
overplay,5,6342713
devote,5,6342713
bargains,5,6342713
burka,5,6342713
wayne,5,6342713
recuperate,5,6342713
ctas,5,6342713
piano,5,6342713
mi,5,6342713
richardson,5,6342713
sandpaper,5,6342713
merry,5,6342713
gpa,5,6342713
tincture,5,6342713
misconception,5,6342713
plank,5,6342713
energize,5,6342713
grazing,5,6342713
sambo,5,6342713
rowling,5,6342713
hardening,5,6342713
stalkers,5,6342713
mastercard,5,6342713
canal,5,6342713
eject,5,6342713
juries,5,6342713
converse,5,6342713
uninstalling,5,6342713
unambiguous,5,6342713
walnut,5,6342713
honeypot,5,6342713
allen,5,6342713
oppressor,5,6342713
overloaded,5,6342713
pun,5,6342713
proofreading,5,6342713
perfectionism,5,6342713
fruity,5,6342713
troublesome,5,6342713
watered,5,6342713
fasten,5,6342713
lacing,5,6342713
crumpling,5,6342713
signifies,5,6342713
clenching,5,6342713
admired,5,6342713
impeachment,5,6342713
reins,5,6342713
moore,5,6342713
hardest,5,6342713
cornell,5,6342713
nearer,5,6342713
widen,5,6342713
tropical,5,6342713
narrowly,5,6342713
dredging,5,6342713
lockable,5,6342713
shakes,5,6342713
nondiscrimination,5,6342713
phillips,5,6342713
injures,5,6342713
modifies,5,6342713
redeem,5,6342713
preset,5,6342713
ploy,5,6342713
cuff,5,6342713
nida,5,6342713
founding,5,6342713
andy,5,6342713
penn,5,6342713
feral,5,6342713
yts,5,6342713
sandboxing,5,6342713
exploratory,5,6342713
blocker,5,6342713
canyon,5,6342713
recurrent,5,6342713
modifiers,5,6342713
chokeholds,5,6342713
fx,5,6342713
ze,5,6342713
maximally,5,6342713
boardgames,5,6342713
responsiveness,5,6342713
leaky,5,6342713
scada,5,6342713
cheeses,5,6342713
prudence,5,6342713
boilers,5,6342713
virally,5,6342713
paralyzing,5,6342713
heels,5,6342713
immobilizing,5,6342713
googling,5,6342713
refreshed,5,6342713
dearly,5,6342713
fatalities,5,6342713
liquors,5,6342713
stews,5,6342713
sentry,5,6342713
quoted,5,6342713
demos,5,6342713
cyberbullies,5,6342713
supervisory,5,6342713
abstaining,5,6342713
highland,5,6342713
prefix,5,6342713
disappeared,5,6342713
reinvestment,5,6342713
clamps,5,6342713
pussy,5,6342713
botulinum,5,6342713
spokeo,5,6342713
retriever,5,6342713
disloyal,5,6342713
reaffirming,5,6342713
truthfulness,5,6342713
weary,5,6342713
sagging,5,6342713
vigilantism,5,6342713
safari,5,6342713
unfettered,5,6342713
choreographed,5,6342713
lynette,5,6342713
cleans,5,6342713
extinct,5,6342713
deplete,5,6342713
dune,5,6342713
chemotherapy,5,6342713
vocalizations,5,6342713
renegotiating,5,6342713
payees,5,6342713
sprinkles,5,6342713
egging,5,6342713
illumination,5,6342713
missouri,5,6342713
contravenes,5,6342713
manuscript,5,6342713
musician,5,6342713
diners,5,6342713
profiteering,5,6342713
villainous,5,6342713
misplace,5,6342713
deprecation,5,6342713
issuer,5,6342713
lightening,5,6342713
madam,5,6342713
leaflet,5,6342713
reactivity,5,6342713
inception,5,6342713
terraces,5,6342713
coarse,5,6342713
crumbs,5,6342713
detoxing,5,6342713
rebuttals,5,6342713
foundational,5,6342713
writings,5,6342713
workspaces,5,6342713
heartbreak,5,6342713
spoke,5,6342713
drips,5,6342713
chemists,5,6342713
eventbrite,5,6342713
disharmony,5,6342713
denoting,5,6342713
inferring,5,6342713
neighborly,5,6342713
illusory,5,6342713
pressurize,5,6342713
halted,5,6342713
janet,5,6342713
overspending,5,6342713
pinhole,5,6342713
bore,5,6342713
caching,5,6342713
unbranded,5,6342713
mega,5,6342713
endings,5,6342713
cuffs,5,6342713
pegging,5,6342713
propel,5,6342713
dancer,5,6342713
unorganized,5,6342713
snapshots,5,6342713
suitably,5,6342713
snaps,5,6342713
inflicts,5,6342713
noticeably,5,6342713
unsuspectingly,5,6342713
stewards,5,6342713
slippers,5,6342713
supplementary,5,6342713
upping,5,6342713
carefree,5,6342713
rightsholders,5,6342713
dl,5,6342713
peels,5,6342713
absorbents,5,6342713
untapped,5,6342713
characterize,5,6342713
dressings,5,6342713
cuban,5,6342713
renault,5,6342713
cheater,5,6342713
acupuncture,5,6342713
hiroshima,5,6342713
stifling,5,6342713
intra,5,6342713
pooling,5,6342713
traveller,5,6342713
spinal,5,6342713
attaches,5,6342713
jay,5,6342713
citizenry,5,6342713
monsters,5,6342713
quests,5,6342713
paywalls,5,6342713
sequential,5,6342713
erowid,5,6342713
detonates,5,6342713
cpr,5,6342713
propagates,5,6342713
capitalized,5,6342713
proselytizing,5,6342713
rein,5,6342713
stride,5,6342713
dictatorship,5,6342713
binaries,5,6342713
mateo,5,6342713
installs,5,6342713
hampshire,5,6342713
vbscript,5,6342713
palette,5,6342713
kilogram,5,6342713
malpractices,5,6342713
sri,5,6342713
roosevelt,5,6342713
intercepts,5,6342713
cementing,5,6342713
khan,5,6342713
buzzwords,5,6342713
complexions,5,6342713
observable,5,6342713
testimonial,5,6342713
scrupulously,5,6342713
misinform,5,6342713
initiators,5,6342713
tempers,5,6342713
incisions,5,6342713
hospitable,5,6342713
cannon,5,6342713
hoodrat,5,6342713
blogger,5,6342713
evidentiary,5,6342713
unfeasible,5,6342713
promissory,5,6342713
neem,5,6342713
hairs,5,6342713
shouldered,5,6342713
epub,5,6342713
memorizing,5,6342713
commanders,5,6342713
blueberries,5,6342713
undress,5,6342713
coca,5,6342713
laminate,5,6342713
monopolies,5,6342713
crematorium,5,6342713
springfield,5,6342713
redtube,5,6342713
homebrewing,5,6342713
mingle,5,6342713
landfilling,5,6342713
impersonated,5,6342713
intentionality,5,6342713
conscientiously,5,6342713
bythe,5,6342713
breeze,5,6342713
unknowns,5,6342713
tripod,5,6342713
uptight,5,6342713
uncaring,5,6342713
prepackaged,5,6342713
hindus,5,6342713
admittance,5,6342713
southwest,5,6342713
stark,5,6342713
prodding,5,6342713
unkempt,5,6342713
desiring,5,6342713
modernize,5,6342713
seep,5,6342713
uneaten,5,6342713
munitions,5,6342713
denmark,5,6342713
iceland,5,6342713
carrot,5,6342713
adwords,5,6342713
spine,5,6342713
stares,5,6342713
premeditation,5,6342713
opener,5,6342713
expensing,5,6342713
yemen,5,6342713
bowel,5,6342713
multiculturalism,5,6342713
pirates,5,6342713
nonchalant,5,6342713
burglar,5,6342713
hashish,5,6342713
breathalyzer,5,6342713
revving,5,6342713
prune,5,6342713
affixed,5,6342713
overstatement,5,6342713
sinful,5,6342713
bettering,5,6342713
cooperatives,5,6342713
chalmette,5,6342713
marchers,5,6342713
backside,5,6342713
unsophisticated,5,6342713
skipped,5,6342713
audacity,5,6342713
shames,5,6342713
csv,5,6342713
berkshire,5,6342713
nope,5,6342713
breastfeed,5,6342713
unexplainable,5,6342713
pharma,5,6342713
unlatch,5,6342713
mailers,5,6342713
scapegoat,5,6342713
spotless,5,6342713
republish,5,6342713
risque,5,6342713
undying,5,6342713
craftiness,5,6342713
cameron,5,6342713
leveled,5,6342713
intercall,5,6342713
insane,5,6342713
salvage,5,6342713
mistruths,5,6342713
endearing,5,6342713
bono,5,6342713
smoker,5,6342713
skewing,5,6342713
woah,5,6342713
terminations,5,6342713
temper,5,6342713
proprietor,5,6342713
stubhub,5,6342713
exaggeratedly,5,6342713
furby,5,6342713
retro,5,6342713
kilograms,5,6342713
immediacy,5,6342713
dimension,5,6342713
adhd,5,6342713
unifying,5,6342713
hypodermic,5,6342713
smishing,5,6342713
cms,5,6342713
ashley,5,6342713
impersonal,5,6342713
pageant,5,6342713
indefinite,5,6342713
flare,5,6342713
gagging,5,6342713
absolve,5,6342713
backdated,5,6342713
flirtation,5,6342713
knockout,5,6342713
vacancies,5,6342713
cloaked,5,6342713
waterboarding,5,6342713
burdened,5,6342713
dashboards,5,6342713
transformer,5,6342713
mulchers,5,6342713
dusted,5,6342713
appraisal,5,6342713
enlightenment,5,6342713
improbable,5,6342713
roadsides,5,6342713
embolism,5,6342713
graceful,5,6342713
minimally,5,6342713
hawks,5,6342713
passerby,5,6342713
remedied,5,6342713
resentments,5,6342713
unsatisfied,5,6342713
treehouse,5,6342713
canopy,5,6342713
molasses,5,6342713
kik,5,6342713
geneva,5,6342713
keeper,5,6342713
clogs,5,6342713
amish,5,6342713
redefining,5,6342713
calculation,5,6342713
pensions,5,6342713
finely,5,6342713
gregory,5,6342713
aerate,5,6342713
frequenting,5,6342713
chatter,5,6342713
yorkers,5,6342713
merging,5,6342713
happiest,5,6342713
charms,5,6342713
soprano,5,6342713
misinterpretations,5,6342713
lick,5,6342713
excerpt,5,6342713
boarders,5,6342713
tacitly,5,6342713
contour,5,6342713
greenery,5,6342713
illustrative,5,6342713
narcotic,5,6342713
submissiveness,5,6342713
mythology,5,6342713
nasa,5,6342713
chipper,5,6342713
manslaughter,5,6342713
hud,5,6342713
goodness,5,6342713
immutable,5,6342713
woodworking,5,6342713
gpg,5,6342713
plainly,5,6342713
urinalysis,5,6342713
postpone,5,6342713
ordnance,5,6342713
paraphrase,5,6342713
digit,5,6342713
zeroes,5,6342713
campbell,5,6342713
outwards,5,6342713
healed,5,6342713
incision,5,6342713
regaining,5,6342713
tvpa,5,6342713
ho,5,6342713
oct,5,6342713
centering,5,6342713
freed,5,6342713
scuba,5,6342713
stationed,5,6342713
obscures,5,6342713
aspirational,5,6342713
prolong,5,6342713
tiredness,5,6342713
concede,5,6342713
hated,5,6342713
honeypots,5,6342713
backbone,5,6342713
excavation,5,6342713
ipad,5,6342713
asymmetric,5,6342713
ned,5,6342713
permissive,5,6342713
mets,5,6342713
bausch,5,6342713
dryness,5,6342713
clickable,5,6342713
revert,5,6342713
divestment,5,6342713
insurer,5,6342713
frayed,5,6342713
unscrewing,5,6342713
hissing,5,6342713
keyless,5,6342713
stewart,5,6342713
caricatures,5,6342713
capsicum,5,6342713
bout,5,6342713
incel,5,6342713
russians,5,6342713
wheeler,5,6342713
maples,5,6342713
waitress,5,6342713
js,5,6342713
wayback,5,6342713
benzos,5,6342713
euros,5,6342713
tanker,5,6342713
cranberry,5,6342713
melody,5,6342713
ploys,5,6342713
relent,5,6342713
sandra,5,6342713
mescal,5,6342713
jalapeno,5,6342713
leonard,5,6342713
organophosphates,5,6342713
salmon,5,6342713
convict,5,6342713
malevolent,5,6342713
grips,5,6342713
daisy,5,6342713
sacrificed,5,6342713
leasing,5,6342713
breakage,5,6342713
fanbase,5,6342713
minus,5,6342713
transformations,5,6342713
mormon,5,6342713
israeli,5,6342713
silhouette,5,6342713
hesitations,5,6342713
neurological,5,6342713
attesting,5,6342713
homegrown,5,6342713
forefront,5,6342713
sings,5,6342713
declassified,5,6342713
affectionately,5,6342713
pats,5,6342713
rejects,5,6342713
elm,5,6342713
riverside,5,6342713
farting,5,6342713
galaxies,5,6342713
evocative,5,6342713
benzodiazepine,5,6342713
perpetually,5,6342713
uplift,5,6342713
depreciating,5,6342713
plagiarized,5,6342713
seas,5,6342713
astounding,5,6342713
learner,5,6342713
pinnacle,5,6342713
molded,5,6342713
replacements,5,6342713
creed,5,6342713
biosecurity,5,6342713
alphabet,5,6342713
schwab,5,6342713
gravitate,5,6342713
unaddressed,5,6342713
tolerable,5,6342713
learners,5,6342713
bulldozer,5,6342713
syncing,5,6342713
mistrustful,5,6342713
egypt,5,6342713
peeled,5,6342713
peeling,5,6342713
felled,5,6342713
cautioned,5,6342713
riddle,5,6342713
weatherstripping,5,6342713
sans,5,6342713
behaviourist,5,6342713
vitality,5,6342713
plaintiff,5,6342713
antiviruses,5,6342713
everytime,5,6342713
contradicted,5,6342713
voicemails,5,6342713
borrowings,5,6342713
sunk,5,6342713
recyclers,5,6342713
flavour,5,6342713
vumoo,5,6342713
lowers,5,6342713
birdseed,5,6342713
toyota,5,6342713
patio,5,6342713
fudge,5,6342713
gabriel,5,6342713
extremities,5,6342713
rigidly,5,6342713
backtesting,5,6342713
assassinated,5,6342713
giver,5,6342713
wand,5,6342713
berlin,5,6342713
raindrops,5,6342713
lgbtqi,5,6342713
quarry,5,6342713
lauder,5,6342713
piling,5,6342713
ctrl,5,6342713
alumni,5,6342713
aerobics,5,6342713
hollowing,5,6342713
impartiality,5,6342713
contravene,5,6342713
takeaway,5,6342713
snout,5,6342713
uscis,5,6342713
radiant,5,6342713
perfumes,5,6342713
chargeback,5,6342713
interiors,5,6342713
stupidity,5,6342713
humanrights,5,6342713
prosper,5,6342713
strangely,5,6342713
parliamentary,5,6342713
scrubbed,5,6342713
threesomes,5,6342713
dissociate,5,6342713
chimes,5,6342713
silica,5,6342713
vacuums,5,6342713
dhl,5,6342713
phonesheriff,5,6342713
indexing,5,6342713
oracle,5,6342713
epithets,5,6342713
breakthroughs,5,6342713
deletes,5,6342713
esd,5,6342713
gorilla,5,6342713
quantify,5,6342713
suspensions,5,6342713
verbs,5,6342713
tr,5,6342713
theatrical,5,6342713
tile,5,6342713
oxycontin,5,6342713
sikhs,5,6342713
wicked,5,6342713
pl,5,6342713
amphibians,5,6342713
avengers,5,6342713
bearable,5,6342713
vented,5,6342713
intothe,5,6342713
kinsa,5,6342713
plumbers,5,6342713
napoleon,5,6342713
assists,5,6342713
rotational,5,6342713
geological,5,6342713
hussein,5,6342713
neutralized,5,6342713
piratebay,5,6342713
groundbreaking,5,6342713
slopes,5,6342713
steered,5,6342713
tokyo,5,6342713
nonrelated,5,6342713
var,5,6342713
abnormally,5,6342713
pasty,5,6342713
pretreatment,5,6342713
antidepressants,5,6342713
scottish,5,6342713
multiplied,5,6342713
phising,5,6342713
para,5,6342713
attentions,5,6342713
inventors,5,6342713
sequenced,5,6342713
