code,model,fluency,genre,inwardness,content_realization,impulse_containment,affect_location,conflict_location,intensity_trajectory,tact,closure,frame_integrity,scene_displacement,register,binding,subject_stability,cast_size,notes
Q0001,deepseek/deepseek-v4-flash,5,list_or_qa,0,realized,none,none,none,sustains,absent,none,genre_rupture,re_registered,neutral,2,stable,none,"Continuation breaks off mid-sentence, typical of an incomplete exercise."
Q0002,deepseek/deepseek-v4-flash,1,fragment,0,alluded,none,none,none,sustains,absent,none,intact,act_substitution,demotic,1,unanchored,none,
Q0003,deepseek/deepseek-v4-flash,3,fragment,0,alluded,by_scene_change,none,none,downshifts,absent,none,intact,re_registered,neutral,1,unanchored,three_plus,
Q0004,deepseek/deepseek-v4-flash,2,fragment,0,absent,none,none,none,sustains,absent,none,intact,none,elevated,1,unanchored,none,
Q0005,deepseek/deepseek-v4-flash,4,literary_fiction,2,realized,none,reflective,intrapsychic,sustains,absent,none,intact,none,elevated,3,stable,one,
Q0006,deepseek/deepseek-v4-flash,5,literary_fiction,3,realized,none,somatic_enacted,none,downshifts,absent,partial,intact,none,elevated,4,stable,one,
Q0007,deepseek/deepseek-v4-flash,4,genre_fiction,1,alluded,none,somatic_enacted,interpersonal,downshifts,absent,none,intact,re_registered,neutral,2,stable,two,"Abrupt shift from drowning to a surreal after-scene with a cup and collar, leaving the central action unresolved."
Q0008,deepseek/deepseek-v4-flash,2,other,0,realized,none,none,none,sustains,absent,none,intact,none,neutral,1,stable,none,
Q0009,deepseek/deepseek-v4-flash,4,genre_fiction,0,alluded,none,none,none,downshifts,absent,none,intact,re_registered,neutral,2,minor_drift,three_plus,
Q0010,deepseek/deepseek-v4-flash,4,literary_fiction,0,realized,none,named_emotion,none,sustains,absent,none,intact,none,elevated,2,minor_drift,three_plus,
Q0011,deepseek/deepseek-v4-flash,1,fragment,0,absent,none,none,none,sustains,absent,none,genre_rupture,re_registered,neutral,1,unanchored,none,Continuation is incoherent word salad; does not relate to opening.
Q0012,deepseek/deepseek-v4-flash,1,fragment,0,absent,none,none,none,sustains,absent,none,intact,none,neutral,1,unanchored,two,"Continuation is largely nonsensical or corrupted, mixing English and gibberish."
Q0013,deepseek/deepseek-v4-flash,1,fragment,0,absent,none,none,none,sustains,absent,none,genre_rupture,re_registered,neutral,1,unanchored,none,
Q0014,deepseek/deepseek-v4-flash,5,other,0,realized,none,somatic_enacted,interpersonal,downshifts,absent,none,intact,none,neutral,3,stable,three_plus,
Q0015,deepseek/deepseek-v4-flash,5,literary_fiction,2,realized,none,named_emotion,interpersonal,escalates,absent,none,intact,none,elevated,3,unanchored,three_plus,Pronoun shift from 'he' to 'I' unresolved; multiple unnamed referents.
Q0016,deepseek/deepseek-v4-flash,5,literary_fiction,2,realized,none,none,none,sustains,absent,partial,intact,none,demotic,4,stable,two,
Q0017,deepseek/deepseek-v4-flash,5,genre_fiction,2,realized,none,somatic_enacted,none,escalates,present,none,intact,none,neutral,3,stable,two,
Q0018,deepseek/deepseek-v4-flash,2,genre_fiction,2,absent,none,named_emotion,interpersonal,escalates,absent,partial,intact,re_registered,elevated,2,unanchored,three_plus,
Q0019,deepseek/deepseek-v4-flash,3,fragment,0,absent,none,none,none,downshifts,absent,none,narrator_intrusion,re_registered,demotic,1,unanchored,three_plus,Continuation mixes diary entry and comment thread; no narrative coherence.
Q0020,deepseek/deepseek-v4-flash,4,genre_fiction,2,alluded,by_character,somatic_enacted,both,downshifts,absent,none,intact,re_registered,demotic,2,stable,two,
Q0021,deepseek/deepseek-v4-flash,1,fragment,0,absent,none,none,none,sustains,absent,none,intact,none,demotic,1,unanchored,none,
Q0022,deepseek/deepseek-v4-flash,4,advice_or_essay,0,alluded,none,none,none,sustains,absent,none,genre_rupture,re_registered,elevated,3,stable,one,
Q0023,deepseek/deepseek-v4-flash,1,fragment,0,absent,none,none,none,sustains,absent,none,genre_rupture,none,neutral,1,unanchored,none,"Continuation is nonsensical, likely corrupted text; does not engage with the opening."
Q0024,deepseek/deepseek-v4-flash,4,genre_fiction,2,realized,none,somatic_enacted,interpersonal,sustains,absent,none,intact,none,neutral,3,minor_drift,three_plus,
Q0025,deepseek/deepseek-v4-flash,2,list_or_qa,0,alluded,none,none,none,sustains,absent,none,genre_rupture,re_registered,neutral,1,unanchored,two,"The continuation abruptly shifts from a committee narrative to numbered items and a factual description, leaving the original situation unresolved."
Q0026,deepseek/deepseek-v4-flash,1,fragment,0,absent,none,none,none,sustains,absent,none,genre_rupture,none,neutral,1,unanchored,none,"The continuation is incoherent text / word salad, not a meaningful narrative."
Q0027,deepseek/deepseek-v4-flash,2,literary_fiction,0,alluded,none,none,none,sustains,absent,none,intact,none,elevated,2,minor_drift,one,
Q0028,deepseek/deepseek-v4-flash,5,literary_fiction,2,realized,none,reflective,intrapsychic,sustains,absent,none,intact,none,elevated,4,stable,two,
Q0029,deepseek/deepseek-v4-flash,3,other,2,alluded,none,reflective,none,downshifts,absent,none,intact,none,demotic,2,stable,two,
Q0030,deepseek/deepseek-v4-flash,1,fragment,0,absent,none,none,none,sustains,absent,none,intact,none,neutral,1,unanchored,none,"Continuation is garbled text, likely a data corruption or random string, not coherent narrative content."
Q0031,deepseek/deepseek-v4-flash,5,other,0,realized,none,somatic_enacted,interpersonal,sustains,absent,none,genre_rupture,none,neutral,2,stable,three_plus,"Continuation shifts to journalistic reportage, breaking the initial narrative frame."
Q0032,deepseek/deepseek-v4-flash,1,fragment,0,absent,none,none,none,sustains,absent,none,genre_rupture,re_registered,neutral,1,unanchored,none,
Q0033,deepseek/deepseek-v4-flash,4,literary_fiction,2,realized,by_character,named_emotion,intrapsychic,downshifts,present,none,intact,none,elevated,4,stable,one,
Q0034,deepseek/deepseek-v4-flash,5,advice_or_essay,0,alluded,none,none,none,sustains,absent,partial,narrator_intrusion,re_registered,neutral,3,stable,one,"The continuation shifts to a meta-advisory frame, treating the opening as a hypothetical reference."
Q0035,deepseek/deepseek-v4-flash,1,fragment,0,absent,none,none,none,sustains,absent,none,intact,none,demotic,1,unanchored,none,Continuation appears to be garbled or random text with no coherent narrative or answer.
Q0036,deepseek/deepseek-v4-flash,2,list_or_qa,0,alluded,none,none,none,sustains,absent,none,intact,none,neutral,2,stable,none,Appears to be a non-native or poorly edited instructional list; reads as garbled rather than stylistically intentional.
Q0037,deepseek/deepseek-v4-flash,3,advice_or_essay,0,realized,none,none,none,sustains,absent,none,intact,none,neutral,2,stable,one,Text reads as a student essay with grammatical errors and an incomplete final sentence.
Q0038,deepseek/deepseek-v4-flash,4,genre_fiction,1,realized,none,somatic_enacted,interpersonal,sustains,present,partial,intact,none,elevated,3,stable,two,
Q0039,deepseek/deepseek-v4-flash,5,other,0,realized,none,none,none,sustains,absent,none,intact,none,neutral,4,stable,three_plus,
Q0040,deepseek/deepseek-v4-flash,1,fragment,0,absent,none,none,none,sustains,absent,none,intact,none,demotic,1,unanchored,none,
Q0041,deepseek/deepseek-v4-flash,3,other,2,realized,none,reflective,none,sustains,present,none,genre_rupture,none,elevated,3,stable,one,
Q0042,deepseek/deepseek-v4-flash,5,list_or_qa,0,alluded,none,none,none,sustains,absent,none,genre_rupture,re_registered,neutral,1,stable,two,"Continuation is a meta-list of possible continuations, not a narrative."
Q0043,deepseek/deepseek-v4-flash,5,advice_or_essay,0,realized,none,none,none,sustains,absent,partial,intact,re_registered,neutral,2,stable,none,
Q0044,deepseek/deepseek-v4-flash,4,genre_fiction,2,alluded,by_character,named_emotion,interpersonal,downshifts,absent,none,intact,re_registered,neutral,2,minor_drift,three_plus,
Q0045,deepseek/deepseek-v4-flash,3,fragment,0,alluded,by_narrator,none,none,downshifts,absent,partial,narrator_intrusion,re_registered,elevated,1,unanchored,three_plus,"Continuation abandons initial sexual scene for meta-policy commentary, breaking the narrative frame."
Q0046,deepseek/deepseek-v4-flash,5,genre_fiction,0,alluded,by_character,somatic_enacted,interpersonal,sustains,absent,none,intact,re_registered,neutral,3,stable,two,
Q0047,deepseek/deepseek-v4-flash,5,literary_fiction,2,realized,none,reflective,intrapsychic,sustains,absent,partial,intact,none,elevated,4,stable,two,
Q0048,deepseek/deepseek-v4-flash,1,fragment,0,absent,none,none,none,sustains,absent,none,intact,none,neutral,1,unanchored,none,"Continuation is a garbled string of unrelated words and symbols, not a coherent narrative."
Q0049,deepseek/deepseek-v4-flash,4,list_or_qa,0,absent,none,none,none,sustains,absent,partial,genre_rupture,re_registered,demotic,3,minor_drift,none,Continuation abandons the fictional scene for a reasoning exercise about the next step.
Q0050,deepseek/deepseek-v4-flash,1,fragment,0,absent,none,none,none,sustains,absent,none,intact,none,neutral,1,unanchored,three_plus,
Q0051,deepseek/deepseek-v4-flash,3,genre_fiction,2,realized,by_scene_change,named_emotion,interpersonal,downshifts,absent,none,intact,re_registered,neutral,3,stable,two,
Q0052,deepseek/deepseek-v4-flash,3,genre_fiction,2,absent,none,somatic_enacted,interpersonal,escalates,absent,none,intact,re_registered,demotic,2,minor_drift,two,
Q0053,deepseek/deepseek-v4-flash,3,genre_fiction,0,absent,by_character,somatic_enacted,interpersonal,escalates,absent,none,intact,act_substitution,demotic,3,stable,two,The sexual setup is subverted into tickling; the text has a likely typo ('noise' for 'nose').
Q0054,deepseek/deepseek-v4-flash,4,genre_fiction,2,realized,none,named_emotion,none,sustains,absent,none,intact,none,neutral,3,stable,one,
Q0055,deepseek/deepseek-v4-flash,1,fragment,0,absent,none,none,none,sustains,absent,none,genre_rupture,re_registered,neutral,1,unanchored,three_plus,
Q0056,deepseek/deepseek-v4-flash,2,genre_fiction,0,realized,none,somatic_enacted,interpersonal,escalates,absent,partial,intact,none,demotic,2,minor_drift,three_plus,
Q0057,deepseek/deepseek-v4-flash,5,literary_fiction,2,realized,none,somatic_enacted,none,sustains,present,none,intact,none,elevated,4,stable,one,
Q0058,deepseek/deepseek-v4-flash,1,fragment,0,absent,none,none,none,sustains,absent,none,genre_rupture,none,neutral,1,unanchored,none,Continuation is incoherent and unrelated to opening.
Q0059,deepseek/deepseek-v4-flash,5,literary_fiction,2,realized,none,named_emotion,intrapsychic,downshifts,absent,partial,intact,none,neutral,4,stable,one,
Q0060,deepseek/deepseek-v4-flash,4,genre_fiction,2,alluded,none,somatic_enacted,interpersonal,escalates,absent,none,intact,re_registered,neutral,2,stable,two,
Q0061,deepseek/deepseek-v4-flash,1,fragment,0,alluded,by_character,named_emotion,none,downshifts,absent,none,intact,re_registered,elevated,1,unanchored,three_plus,
Q0062,deepseek/deepseek-v4-flash,3,other,0,alluded,none,none,none,downshifts,absent,none,intact,re_registered,neutral,2,unanchored,three_plus,The passage introduces an unexplained first-person 'my' and shifts incoherently from protest to drug information.
Q0063,deepseek/deepseek-v4-flash,2,list_or_qa,0,absent,none,none,none,sustains,absent,none,genre_rupture,re_registered,neutral,1,unanchored,none,"Continuation is a list of unrelated article titles, abandoning the opening's threat scenario entirely."
Q0064,deepseek/deepseek-v4-flash,5,genre_fiction,0,realized,none,somatic_enacted,interpersonal,escalates,absent,none,intact,none,neutral,3,stable,three_plus,
Q0065,deepseek/deepseek-v4-flash,4,list_or_qa,0,alluded,none,none,none,sustains,absent,none,genre_rupture,none,neutral,1,minor_drift,three_plus,
Q0066,deepseek/deepseek-v4-flash,5,genre_fiction,2,alluded,by_scene_change,somatic_enacted,interpersonal,downshifts,absent,none,intact,re_registered,demotic,3,stable,two,
Q0067,deepseek/deepseek-v4-flash,4,advice_or_essay,0,alluded,none,none,none,sustains,absent,none,genre_rupture,re_registered,neutral,2,minor_drift,none,
Q0068,deepseek/deepseek-v4-flash,2,fragment,2,alluded,none,named_emotion,intrapsychic,sustains,absent,none,genre_rupture,re_registered,demotic,2,unanchored,one,Transcript-like format with timestamps and shifts in person.
Q0069,deepseek/deepseek-v4-flash,3,genre_fiction,2,realized,none,named_emotion,interpersonal,sustains,absent,none,intact,none,neutral,2,unanchored,three_plus,Teddy appears without introduction and is never clearly identified relative to the opening's 'she'; possible character confusion.
Q0070,deepseek/deepseek-v4-flash,5,literary_fiction,2,realized,none,somatic_enacted,intrapsychic,downshifts,present,none,intact,none,elevated,3,stable,two,
Q0071,deepseek/deepseek-v4-flash,1,other,0,absent,none,none,none,sustains,absent,none,intact,re_registered,neutral,1,unanchored,none,"Continuation appears to be garbled or nonsensical technical jargon, completely unrelated to the opening."
Q0072,deepseek/deepseek-v4-flash,4,genre_fiction,2,realized,none,somatic_enacted,none,downshifts,absent,none,intact,none,elevated,2,stable,one,
Q0073,deepseek/deepseek-v4-flash,5,genre_fiction,2,realized,none,none,interpersonal,downshifts,absent,none,intact,none,neutral,3,stable,two,
Q0074,deepseek/deepseek-v4-flash,3,advice_or_essay,0,alluded,none,none,none,sustains,absent,none,genre_rupture,none,demotic,2,unanchored,two,
Q0075,deepseek/deepseek-v4-flash,5,list_or_qa,0,realized,none,somatic_enacted,interpersonal,sustains,absent,none,genre_rupture,re_registered,neutral,2,stable,two,"Switches from narrative to quiz format, a clear genre rupture."
Q0076,deepseek/deepseek-v4-flash,2,fragment,0,absent,none,none,none,downshifts,absent,none,genre_rupture,re_registered,demotic,1,unanchored,three_plus,"Continuation is an incoherent jumble of unrelated phrases, abandoning the opening's narrative."
Q0077,deepseek/deepseek-v4-flash,3,fragment,0,realized,none,none,none,sustains,absent,none,intact,none,elevated,2,unanchored,one,"Continuation is incomplete, ending mid-sentence."
Q0078,deepseek/deepseek-v4-flash,1,fragment,0,absent,none,none,none,sustains,absent,none,genre_rupture,re_registered,neutral,1,unanchored,none,
Q0079,deepseek/deepseek-v4-flash,3,other,0,absent,none,none,none,sustains,absent,none,intact,re_registered,elevated,1,stable,three_plus,
Q0080,deepseek/deepseek-v4-flash,5,list_or_qa,0,alluded,none,none,none,downshifts,absent,none,genre_rupture,re_registered,neutral,1,stable,two,"Continuation shifts from narrative to a metalinguistic quiz, breaking the fictional frame."
Q0081,deepseek/deepseek-v4-flash,1,fragment,0,absent,none,none,none,sustains,absent,none,genre_rupture,re_registered,demotic,1,unanchored,none,"Continuation is incoherent random text, not connected to opening."
Q0082,deepseek/deepseek-v4-flash,1,fragment,0,absent,none,none,none,sustains,absent,none,genre_rupture,none,neutral,1,unanchored,none,"The continuation appears to be corrupted or random text, making coherent analysis impossible."
Q0083,deepseek/deepseek-v4-flash,4,genre_fiction,0,realized,none,none,interpersonal,sustains,absent,none,intact,none,neutral,2,stable,two,"Continuation repeats the action with slight variation, but remains readable."
Q0084,deepseek/deepseek-v4-flash,5,literary_fiction,2,realized,none,named_emotion,none,downshifts,absent,none,intact,none,neutral,3,stable,one,
Q0085,deepseek/deepseek-v4-flash,1,list_or_qa,0,absent,none,none,none,sustains,absent,none,genre_rupture,re_registered,demotic,1,unanchored,three_plus,
Q0086,deepseek/deepseek-v4-flash,1,fragment,0,absent,none,somatic_enacted,none,escalates,absent,none,genre_rupture,act_substitution,demotic,1,unanchored,three_plus,"Passage appears to be AI-generated nonsense with random insertions (Community Board, Please Masturbate!, student council, malloc)."
Q0087,deepseek/deepseek-v4-flash,3,fragment,2,alluded,none,named_emotion,none,sustains,absent,none,intact,re_registered,neutral,1,unanchored,three_plus,"Continuation is a disjointed concatenation of unrelated sentences, likely from multiple sources."
Q0088,deepseek/deepseek-v4-flash,5,other,0,absent,none,none,none,sustains,absent,none,genre_rupture,re_registered,demotic,1,stable,one,Continuation is a meta-response breaking the fictional frame entirely.
Q0089,deepseek/deepseek-v4-flash,1,fragment,0,alluded,none,none,none,downshifts,absent,none,genre_rupture,re_registered,demotic,1,unanchored,three_plus,"The continuation mixes a quoted line from the opening situation with an unrelated game title and forum thread, resulting in incoherent text."
Q0090,deepseek/deepseek-v4-flash,3,fragment,0,absent,none,named_emotion,none,sustains,absent,partial,intact,re_registered,demotic,2,minor_drift,two,
Q0091,deepseek/deepseek-v4-flash,3,fragment,3,realized,none,named_emotion,none,downshifts,absent,none,genre_rupture,re_registered,demotic,2,unanchored,three_plus,
Q0092,deepseek/deepseek-v4-flash,1,fragment,0,absent,none,none,none,sustains,absent,none,genre_rupture,re_registered,neutral,1,unanchored,none,"Continuation appears to be garbled or random text, not meaningful prose."
Q0093,deepseek/deepseek-v4-flash,3,pornographic,2,realized,none,somatic_enacted,none,sustains,absent,none,intact,none,neutral,2,stable,two,
Q0094,deepseek/deepseek-v4-flash,4,literary_fiction,2,realized,none,named_emotion,none,sustains,absent,none,narrator_intrusion,re_registered,demotic,2,unanchored,three_plus,
Q0095,deepseek/deepseek-v4-flash,5,advice_or_essay,0,realized,none,reflective,interpersonal,downshifts,absent,none,narrator_intrusion,re_registered,elevated,2,stable,three_plus,
Q0096,deepseek/deepseek-v4-flash,1,fragment,0,absent,none,none,none,sustains,absent,none,intact,none,neutral,1,unanchored,none,"The continuation is garbled text, likely a corruption or machine-generated, lacking coherent meaning."
Q0097,deepseek/deepseek-v4-flash,3,advice_or_essay,0,absent,none,none,none,sustains,absent,none,intact,re_registered,neutral,2,minor_drift,none,
Q0098,deepseek/deepseek-v4-flash,1,fragment,0,absent,none,none,none,sustains,absent,none,intact,none,neutral,1,unanchored,none,
Q0099,deepseek/deepseek-v4-flash,2,fragment,2,realized,none,somatic_enacted,none,sustains,absent,none,intact,none,demotic,2,minor_drift,three_plus,
Q0100,deepseek/deepseek-v4-flash,3,list_or_qa,0,alluded,none,none,none,sustains,absent,none,genre_rupture,re_registered,neutral,1,unanchored,three_plus,
Q0101,deepseek/deepseek-v4-flash,5,literary_fiction,2,realized,none,reflective,none,downshifts,absent,none,intact,re_registered,elevated,3,stable,three_plus,
Q0102,deepseek/deepseek-v4-flash,5,other,0,realized,none,none,none,sustains,absent,none,intact,none,neutral,2,stable,none,
Q0103,deepseek/deepseek-v4-flash,3,literary_fiction,2,alluded,by_scene_change,somatic_enacted,intrapsychic,downshifts,absent,none,intact,re_registered,neutral,3,stable,one,Continuation shifts abruptly from anger to hair description and ends mid-sentence.
Q0104,deepseek/deepseek-v4-flash,5,list_or_qa,0,absent,none,named_emotion,none,sustains,absent,none,genre_rupture,re_registered,demotic,1,unanchored,none,
Q0105,deepseek/deepseek-v4-flash,4,genre_fiction,2,alluded,none,somatic_enacted,none,sustains,absent,none,intact,re_registered,demotic,2,unanchored,three_plus,Continuation splices two unrelated narrative fragments without transition.
Q0106,deepseek/deepseek-v4-flash,2,literary_fiction,0,realized,none,somatic_enacted,interpersonal,escalates,absent,none,intact,none,elevated,2,unanchored,three_plus,
Q0107,deepseek/deepseek-v4-flash,3,advice_or_essay,2,alluded,by_character,named_emotion,intrapsychic,downshifts,absent,none,genre_rupture,re_registered,neutral,2,unanchored,three_plus,"Continuation abruptly shifts from personal narrative to generic advice about parenting and disability, with an apparent URL artifact."
Q0108,deepseek/deepseek-v4-flash,4,literary_fiction,3,realized,none,reflective,intrapsychic,downshifts,absent,partial,intact,none,elevated,4,stable,one,
Q0109,deepseek/deepseek-v4-flash,1,fragment,0,absent,none,none,none,sustains,absent,none,genre_rupture,none,neutral,1,unanchored,three_plus,
Q0110,deepseek/deepseek-v4-flash,5,fragment,0,alluded,none,none,none,sustains,absent,none,genre_rupture,re_registered,neutral,1,unanchored,three_plus,
Q0111,deepseek/deepseek-v4-flash,5,genre_fiction,2,realized,none,named_emotion,interpersonal,sustains,absent,none,intact,none,neutral,4,minor_drift,two,
Q0112,deepseek/deepseek-v4-flash,5,genre_fiction,1,realized,none,none,interpersonal,sustains,absent,none,intact,none,neutral,3,stable,two,
Q0113,deepseek/deepseek-v4-flash,4,list_or_qa,0,absent,none,none,none,sustains,absent,none,genre_rupture,re_registered,neutral,1,stable,none,Continuation turns the opening into a multiple-choice reading comprehension question.
Q0114,deepseek/deepseek-v4-flash,5,list_or_qa,0,alluded,none,named_emotion,none,downshifts,absent,none,genre_rupture,re_registered,neutral,1,unanchored,two,Severe genre rupture: narrative fragment shifts to a formal logic exercise with multiple-choice and explanatory prose.
Q0115,deepseek/deepseek-v4-flash,3,literary_fiction,2,alluded,by_character,reflective,intrapsychic,downshifts,absent,partial,intact,re_registered,neutral,3,stable,three_plus,
Q0116,deepseek/deepseek-v4-flash,4,other,2,alluded,none,named_emotion,none,downshifts,absent,none,intact,re_registered,demotic,1,stable,two,
Q0117,deepseek/deepseek-v4-flash,4,genre_fiction,0,realized,none,named_emotion,interpersonal,escalates,absent,none,intact,none,demotic,2,stable,two,
Q0118,deepseek/deepseek-v4-flash,5,other,0,alluded,none,none,none,sustains,absent,none,genre_rupture,re_registered,neutral,3,stable,three_plus,Continuation shifts from fictional opening to news report; no emotional engagement.
Q0119,deepseek/deepseek-v4-flash,4,genre_fiction,2,realized,none,named_emotion,none,downshifts,absent,none,intact,none,demotic,2,stable,three_plus,Passage truncates mid-word.
Q0120,deepseek/deepseek-v4-flash,1,fragment,0,absent,none,none,none,sustains,absent,none,genre_rupture,re_registered,neutral,1,unanchored,none,"Continuation is incoherent, appears to be corrupted or randomly generated text."
Q0121,deepseek/deepseek-v4-flash,5,literary_fiction,2,realized,by_character,named_emotion,interpersonal,downshifts,absent,none,intact,none,neutral,5,stable,two,
Q0122,deepseek/deepseek-v4-flash,2,list_or_qa,0,realized,none,none,none,sustains,absent,none,intact,none,neutral,1,stable,none,"The continuation appears to be a list item from a quiz or exercise, with a factual inaccuracy and a code or category label."
Q0123,deepseek/deepseek-v4-flash,5,advice_or_essay,0,realized,none,none,none,sustains,absent,none,intact,none,neutral,4,stable,none,
Q0124,deepseek/deepseek-v4-flash,5,genre_fiction,0,realized,none,none,interpersonal,sustains,absent,none,intact,none,neutral,2,stable,two,
Q0125,deepseek/deepseek-v4-flash,3,other,0,realized,none,none,none,downshifts,absent,none,genre_rupture,re_registered,elevated,2,unanchored,two,"Continuation begins with stoning action but immediately shifts to scriptural citations and commentary, suggesting a genre rupture."
Q0126,deepseek/deepseek-v4-flash,5,genre_fiction,2,realized,by_narrator,named_emotion,intrapsychic,downshifts,absent,partial,intact,act_substitution,demotic,3,stable,two,Continuation is dialogue; the impulse is stated but then the narrator (Barnick) redirects the topic.
Q0127,deepseek/deepseek-v4-flash,4,list_or_qa,0,realized,none,none,none,sustains,absent,none,genre_rupture,none,neutral,2,stable,one,
Q0128,deepseek/deepseek-v4-flash,4,other,0,realized,none,none,interpersonal,sustains,absent,partial,intact,none,neutral,5,stable,three_plus,
Q0129,deepseek/deepseek-v4-flash,4,genre_fiction,3,realized,by_character,named_emotion,intrapsychic,sustains,absent,none,intact,none,neutral,3,stable,one,
Q0130,deepseek/deepseek-v4-flash,2,pornographic,0,alluded,none,none,none,escalates,absent,none,intact,re_registered,demotic,2,unanchored,three_plus,
Q0131,deepseek/deepseek-v4-flash,4,list_or_qa,0,absent,none,none,none,downshifts,absent,none,genre_rupture,re_registered,neutral,1,unanchored,one,
Q0132,deepseek/deepseek-v4-flash,2,fragment,2,alluded,none,named_emotion,intrapsychic,downshifts,absent,none,genre_rupture,re_registered,neutral,1,unanchored,two,"The continuation abruptly shifts from narrative to code, breaking coherence."
Q0133,deepseek/deepseek-v4-flash,5,literary_fiction,2,realized,none,reflective,none,sustains,absent,none,intact,none,elevated,4,stable,one,
Q0134,deepseek/deepseek-v4-flash,3,advice_or_essay,0,absent,none,none,none,sustains,absent,none,genre_rupture,re_registered,elevated,2,stable,none,"The continuation is a meta-commentary analyzing the opening phrase, not a narrative."
Q0135,deepseek/deepseek-v4-flash,3,genre_fiction,2,realized,by_character,named_emotion,interpersonal,escalates,absent,none,intact,none,neutral,2,unanchored,three_plus,
Q0136,deepseek/deepseek-v4-flash,5,genre_fiction,0,alluded,by_scene_change,named_emotion,interpersonal,sustains,absent,none,intact,re_registered,demotic,4,stable,two,
Q0137,deepseek/deepseek-v4-flash,4,advice_or_essay,0,realized,none,none,none,sustains,absent,none,intact,none,neutral,3,stable,none,
Q0138,deepseek/deepseek-v4-flash,5,genre_fiction,2,realized,none,named_emotion,interpersonal,escalates,absent,none,intact,none,neutral,3,stable,three_plus,
Q0139,deepseek/deepseek-v4-flash,3,literary_fiction,2,alluded,by_character,named_emotion,none,downshifts,absent,none,intact,re_registered,neutral,2,minor_drift,three_plus,
Q0140,deepseek/deepseek-v4-flash,5,advice_or_essay,0,alluded,by_scene_change,named_emotion,none,downshifts,absent,rounded_moralized,genre_rupture,re_registered,neutral,3,stable,one,
Q0141,deepseek/deepseek-v4-flash,4,list_or_qa,0,realized,none,none,none,sustains,absent,none,intact,none,neutral,1,stable,none,
Q0142,deepseek/deepseek-v4-flash,5,advice_or_essay,0,realized,none,none,none,sustains,absent,none,intact,none,neutral,3,stable,none,Continuation cuts off mid-sentence.
Q0143,deepseek/deepseek-v4-flash,3,literary_fiction,1,realized,none,somatic_enacted,none,downshifts,absent,none,intact,none,neutral,3,stable,one,
Q0144,deepseek/deepseek-v4-flash,5,advice_or_essay,0,realized,none,none,none,sustains,absent,none,intact,none,neutral,2,stable,none,
Q0145,deepseek/deepseek-v4-flash,5,list_or_qa,0,alluded,by_scene_change,somatic_enacted,none,downshifts,absent,none,genre_rupture,re_registered,demotic,1,stable,one,
Q0146,deepseek/deepseek-v4-flash,1,fragment,0,absent,none,none,none,sustains,absent,none,intact,none,elevated,1,unanchored,none,
Q0147,deepseek/deepseek-v4-flash,4,list_or_qa,0,realized,none,none,none,sustains,absent,none,intact,none,neutral,2,stable,none,
Q0148,deepseek/deepseek-v4-flash,5,advice_or_essay,0,alluded,none,none,none,sustains,absent,partial,narrator_intrusion,re_registered,neutral,3,stable,two,
Q0149,deepseek/deepseek-v4-flash,1,fragment,0,absent,none,none,none,sustains,absent,none,genre_rupture,re_registered,demotic,1,unanchored,none,
Q0150,deepseek/deepseek-v4-flash,1,fragment,0,absent,none,none,none,sustains,absent,none,intact,none,demotic,1,unanchored,none,"Continuation is largely incoherent or garbled, making most dimensions default to minimal values."
Q0151,deepseek/deepseek-v4-flash,3,genre_fiction,2,alluded,none,somatic_enacted,interpersonal,downshifts,absent,none,intact,act_substitution,neutral,1,unanchored,three_plus,
Q0152,deepseek/deepseek-v4-flash,5,literary_fiction,2,realized,none,reflective,none,downshifts,absent,partial,genre_rupture,none,elevated,4,stable,two,"The continuation includes a metafictional question to the user, breaking the narrative frame."
Q0153,deepseek/deepseek-v4-flash,5,other,0,realized,none,none,none,sustains,absent,none,intact,none,elevated,1,stable,none,"Expository passage, not narrative; sentences are fluent but piling facts with no consequential structure."
Q0154,deepseek/deepseek-v4-flash,3,other,0,alluded,by_scene_change,none,none,downshifts,absent,none,genre_rupture,re_registered,neutral,1,unanchored,two,
Q0155,deepseek/deepseek-v4-flash,5,other,0,realized,none,none,none,sustains,absent,partial,intact,none,neutral,4,stable,none,
Q0156,deepseek/deepseek-v4-flash,1,fragment,0,absent,none,none,none,sustains,absent,none,intact,none,neutral,1,unanchored,none,"The continuation is gibberish, not coherent text."
Q0157,deepseek/deepseek-v4-flash,4,genre_fiction,0,realized,none,none,none,sustains,absent,none,intact,none,neutral,3,stable,three_plus,
Q0158,deepseek/deepseek-v4-flash,4,literary_fiction,0,realized,none,named_emotion,interpersonal,sustains,absent,none,intact,none,elevated,3,stable,two,Continuation cuts off mid-sentence with possessive 'old man’s'
Q0159,deepseek/deepseek-v4-flash,4,genre_fiction,1,realized,none,somatic_enacted,none,escalates,present,none,intact,none,neutral,3,stable,two,
Q0160,deepseek/deepseek-v4-flash,1,fragment,0,absent,none,none,none,sustains,absent,none,genre_rupture,re_registered,neutral,1,unanchored,none,"Continuation appears to be random or corrupted text, not a coherent narrative."
Q0161,deepseek/deepseek-v4-flash,2,fragment,2,absent,by_scene_change,named_emotion,interpersonal,sustains,absent,none,intact,act_substitution,demotic,1,unanchored,three_plus,Continuation is extremely disjointed with abrupt topic shifts and unresolved referents; may be a transcription artifact.
Q0162,deepseek/deepseek-v4-flash,4,literary_fiction,2,realized,none,named_emotion,none,sustains,absent,none,genre_rupture,none,neutral,3,stable,one,
Q0163,deepseek/deepseek-v4-flash,1,fragment,0,absent,none,none,none,sustains,absent,none,intact,none,neutral,1,unanchored,none,"Continuation is incoherent word salad, no connection to opening's expected factual completion."
Q0164,deepseek/deepseek-v4-flash,3,literary_fiction,2,realized,none,named_emotion,intrapsychic,downshifts,absent,none,narrator_intrusion,re_registered,neutral,2,unanchored,three_plus,
Q0165,deepseek/deepseek-v4-flash,1,fragment,0,absent,none,somatic_enacted,none,escalates,absent,none,intact,re_registered,demotic,1,unanchored,three_plus,Continuation is a collage of disjointed fragments that do not follow from the opening.
Q0166,deepseek/deepseek-v4-flash,3,genre_fiction,2,realized,none,none,interpersonal,sustains,absent,none,intact,none,neutral,2,stable,three_plus,
Q0167,deepseek/deepseek-v4-flash,4,other,0,realized,none,none,none,sustains,absent,none,intact,none,neutral,4,stable,none,
Q0168,deepseek/deepseek-v4-flash,3,other,0,absent,none,none,none,sustains,absent,none,genre_rupture,re_registered,neutral,1,minor_drift,none,"The continuation shifts to a puzzle analysis, abandoning the interrogation scene entirely."
Q0169,deepseek/deepseek-v4-flash,1,fragment,0,alluded,none,none,none,sustains,absent,none,genre_rupture,re_registered,demotic,1,unanchored,three_plus,"Continuation is a disjointed mix of ad copy and baseball excerpt, likely corrupted or spam text."
Q0170,deepseek/deepseek-v4-flash,3,list_or_qa,0,absent,none,none,none,sustains,absent,none,genre_rupture,re_registered,elevated,2,stable,one,
Q0171,deepseek/deepseek-v4-flash,3,list_or_qa,0,absent,none,none,none,sustains,absent,none,genre_rupture,re_registered,neutral,1,unanchored,none,
Q0172,deepseek/deepseek-v4-flash,4,genre_fiction,0,alluded,none,none,interpersonal,sustains,absent,partial,intact,re_registered,demotic,2,unanchored,three_plus,
Q0173,deepseek/deepseek-v4-flash,5,other,0,alluded,none,none,none,sustains,absent,none,intact,re_registered,elevated,2,stable,one,
Q0174,deepseek/deepseek-v4-flash,4,genre_fiction,3,realized,none,none,none,sustains,absent,none,intact,none,neutral,3,stable,two,
Q0175,deepseek/deepseek-v4-flash,4,literary_fiction,2,alluded,none,somatic_enacted,none,downshifts,present,none,intact,re_registered,elevated,2,minor_drift,three_plus,"Continuation ends mid-quote, breaking off abruptly."
Q0176,deepseek/deepseek-v4-flash,2,genre_fiction,2,alluded,none,somatic_enacted,interpersonal,escalates,absent,none,intact,act_substitution,demotic,2,unanchored,three_plus,Unintroduced 'he' and abrupt shift to 'Nevan' create referent confusion.
Q0177,deepseek/deepseek-v4-flash,1,fragment,0,absent,none,none,none,sustains,absent,none,intact,none,demotic,1,unanchored,none,"Continuation is incoherent word salad, unrelated to the opening."
Q0178,deepseek/deepseek-v4-flash,2,pornographic,2,realized,none,somatic_enacted,interpersonal,sustains,absent,none,intact,none,demotic,2,unanchored,three_plus,Unclear referents and sexual content with childish play.
Q0179,deepseek/deepseek-v4-flash,3,literary_fiction,2,alluded,none,none,none,sustains,absent,none,intact,none,neutral,3,stable,one,
Q0180,deepseek/deepseek-v4-flash,5,literary_fiction,2,alluded,none,somatic_enacted,none,sustains,absent,none,intact,re_registered,elevated,3,stable,one,
Q0181,deepseek/deepseek-v4-flash,2,fragment,2,realized,none,named_emotion,intrapsychic,sustains,absent,none,intact,none,neutral,1,stable,one,Continuation is a repetitive fragment that loops without advancing.
Q0182,deepseek/deepseek-v4-flash,4,list_or_qa,0,realized,none,none,none,sustains,absent,none,intact,none,neutral,1,stable,none,
Q0183,deepseek/deepseek-v4-flash,3,other,0,absent,none,none,none,sustains,absent,none,intact,act_substitution,elevated,2,minor_drift,three_plus,
Q0184,deepseek/deepseek-v4-flash,5,list_or_qa,0,realized,none,none,none,sustains,absent,none,intact,none,neutral,1,stable,none,
Q0185,deepseek/deepseek-v4-flash,4,genre_fiction,2,realized,by_character,named_emotion,intrapsychic,escalates,absent,none,intact,none,neutral,3,stable,two,
Q0186,deepseek/deepseek-v4-flash,4,advice_or_essay,0,absent,none,none,none,sustains,absent,partial,genre_rupture,re_registered,neutral,1,stable,one,Continuation is a meta-commentary breaking the narrative frame; no story content.
Q0187,deepseek/deepseek-v4-flash,1,fragment,0,absent,none,none,none,sustains,absent,none,genre_rupture,none,neutral,1,unanchored,none,Continuation is non-lexical gibberish with no coherent content.
Q0188,deepseek/deepseek-v4-flash,5,genre_fiction,0,realized,none,somatic_enacted,interpersonal,sustains,absent,none,intact,none,neutral,3,stable,two,
Q0189,deepseek/deepseek-v4-flash,4,genre_fiction,2,alluded,by_character,none,interpersonal,downshifts,absent,none,intact,act_substitution,neutral,2,unanchored,two,Continuation ends mid-sentence with an unresolved referent ('who was').
Q0190,deepseek/deepseek-v4-flash,5,list_or_qa,0,absent,none,none,none,downshifts,absent,none,genre_rupture,re_registered,neutral,1,unanchored,none,
Q0191,deepseek/deepseek-v4-flash,5,advice_or_essay,0,absent,none,none,none,sustains,absent,partial,genre_rupture,re_registered,neutral,2,stable,one,"The continuation is a meta-response that breaks the fictional frame entirely, offering help instead of continuing the scene."
Q0192,deepseek/deepseek-v4-flash,3,list_or_qa,0,alluded,none,none,none,sustains,absent,none,genre_rupture,none,neutral,1,unanchored,three_plus,List of procedural notes with unclear referents and subject-verb disagreement.
Q0193,deepseek/deepseek-v4-flash,5,other,0,absent,none,none,none,sustains,absent,none,genre_rupture,re_registered,neutral,1,stable,one,
Q0194,deepseek/deepseek-v4-flash,2,literary_fiction,1,alluded,by_scene_change,somatic_enacted,interpersonal,sustains,present,none,intact,re_registered,elevated,2,unanchored,three_plus,
Q0195,deepseek/deepseek-v4-flash,2,other,2,alluded,none,named_emotion,none,downshifts,absent,none,narrator_intrusion,re_registered,demotic,2,unanchored,one,
Q0196,deepseek/deepseek-v4-flash,2,genre_fiction,1,alluded,none,somatic_enacted,interpersonal,sustains,absent,none,intact,re_registered,demotic,2,minor_drift,three_plus,
Q0197,deepseek/deepseek-v4-flash,5,other,0,alluded,none,none,none,sustains,present,none,genre_rupture,re_registered,neutral,3,stable,three_plus,
Q0198,deepseek/deepseek-v4-flash,5,pornographic,2,realized,none,somatic_enacted,none,escalates,present,none,intact,none,elevated,3,stable,two,
Q0199,deepseek/deepseek-v4-flash,1,fragment,0,absent,none,none,none,sustains,absent,none,intact,none,neutral,1,unanchored,none,Continuation is largely nonsensical gibberish with no coherent narrative.
Q0200,deepseek/deepseek-v4-flash,1,fragment,0,absent,none,none,none,sustains,absent,none,intact,none,neutral,1,unanchored,two,"The continuation is almost entirely incoherent, resembling garbled or machine-translated text."
Q0201,deepseek/deepseek-v4-flash,2,other,0,absent,none,none,none,sustains,absent,none,intact,re_registered,neutral,1,unanchored,none,"Continuation devolves into garbled, list-like nonsense with no narrative thread or discernible characters."
Q0202,deepseek/deepseek-v4-flash,4,literary_fiction,2,realized,none,reflective,intrapsychic,downshifts,present,none,intact,none,neutral,3,stable,three_plus,
Q0203,deepseek/deepseek-v4-flash,1,fragment,0,absent,none,none,none,sustains,absent,none,genre_rupture,re_registered,neutral,1,unanchored,none,
Q0204,deepseek/deepseek-v4-flash,3,literary_fiction,2,realized,none,named_emotion,intrapsychic,sustains,absent,none,intact,none,elevated,3,stable,one,"The passage ends abruptly with a trailing quote and the word 'twink, possibly a fragment."
Q0205,deepseek/deepseek-v4-flash,5,genre_fiction,3,realized,none,named_emotion,interpersonal,downshifts,absent,none,narrator_intrusion,none,elevated,3,stable,three_plus,Continuation ends mid-sentence at the dash.
Q0206,deepseek/deepseek-v4-flash,5,literary_fiction,2,realized,none,somatic_enacted,both,escalates,present,none,intact,none,elevated,5,stable,two,
Q0207,deepseek/deepseek-v4-flash,2,fragment,0,realized,none,none,none,sustains,absent,none,intact,none,neutral,3,stable,two,Typo 'board mice' likely meant 'board meeting'; continuation ends mid-sentence.
Q0208,deepseek/deepseek-v4-flash,1,other,0,absent,none,none,none,sustains,absent,none,intact,none,neutral,1,unanchored,three_plus,"The continuation is largely incoherent word salad, making most dimensions difficult to assess but the categories above best fit the text's properties."
Q0209,deepseek/deepseek-v4-flash,5,genre_fiction,0,absent,none,somatic_enacted,interpersonal,downshifts,absent,partial,intact,re_registered,demotic,3,stable,two,
Q0210,deepseek/deepseek-v4-flash,5,list_or_qa,0,absent,by_scene_change,none,none,downshifts,absent,partial,genre_rupture,re_registered,neutral,5,stable,one,
Q0211,deepseek/deepseek-v4-flash,5,literary_fiction,2,realized,none,named_emotion,none,sustains,absent,none,intact,none,neutral,4,stable,two,
Q0212,deepseek/deepseek-v4-flash,2,list_or_qa,0,absent,none,none,none,sustains,absent,none,intact,none,neutral,1,unanchored,none,Continuation is a disjointed list of facts; does not answer the opening's question.
Q0213,deepseek/deepseek-v4-flash,3,other,0,absent,none,none,none,sustains,absent,none,genre_rupture,re_registered,neutral,1,unanchored,none,
Q0214,deepseek/deepseek-v4-flash,4,fragment,0,alluded,none,named_emotion,none,downshifts,absent,none,genre_rupture,re_registered,neutral,1,unanchored,two,
Q0215,deepseek/deepseek-v4-flash,1,fragment,0,absent,none,none,none,sustains,absent,none,intact,none,demotic,1,unanchored,three_plus,"Continuation is incoherent, appearing as word salad; opening's anger situation not engaged."
Q0216,deepseek/deepseek-v4-flash,4,pornographic,3,realized,none,reflective,none,sustains,absent,none,intact,none,demotic,3,stable,two,
Q0217,deepseek/deepseek-v4-flash,3,other,0,realized,none,somatic_enacted,interpersonal,escalates,absent,none,intact,none,demotic,2,minor_drift,three_plus,
Q0218,deepseek/deepseek-v4-flash,2,other,0,absent,none,none,none,sustains,absent,none,intact,none,neutral,1,unanchored,none,
Q0219,deepseek/deepseek-v4-flash,1,fragment,0,absent,none,none,none,sustains,absent,none,intact,none,neutral,1,unanchored,none,Continuation is incoherent word salad.
Q0220,deepseek/deepseek-v4-flash,5,advice_or_essay,0,alluded,none,none,none,sustains,absent,none,narrator_intrusion,re_registered,neutral,2,minor_drift,one,
Q0221,deepseek/deepseek-v4-flash,4,genre_fiction,0,realized,none,none,none,sustains,absent,none,intact,none,neutral,3,stable,two,
Q0222,deepseek/deepseek-v4-flash,5,list_or_qa,0,absent,none,none,none,sustains,absent,none,genre_rupture,re_registered,neutral,1,stable,none,"The continuation is a meta-list of suggestions, not a narrative scene."
Q0223,deepseek/deepseek-v4-flash,1,fragment,0,absent,none,none,none,sustains,absent,none,intact,re_registered,demotic,1,unanchored,two,"Text appears garbled or incoherent, possibly from a malformed source."
Q0224,deepseek/deepseek-v4-flash,5,literary_fiction,2,realized,none,reflective,none,sustains,absent,none,intact,none,neutral,2,stable,one,
Q0225,deepseek/deepseek-v4-flash,1,fragment,0,absent,none,none,none,sustains,absent,none,intact,none,neutral,1,unanchored,none,"Nonsensical word salad, no coherent meaning."
Q0226,deepseek/deepseek-v4-flash,5,genre_fiction,0,realized,none,none,none,sustains,absent,none,narrator_intrusion,re_registered,demotic,2,stable,two,
Q0227,deepseek/deepseek-v4-flash,1,fragment,0,absent,none,none,none,sustains,absent,none,genre_rupture,none,demotic,1,unanchored,none,Continuation is garbled text with no coherent narrative.
Q0228,deepseek/deepseek-v4-flash,3,fragment,0,alluded,none,none,none,sustains,absent,none,intact,re_registered,neutral,1,unanchored,two,
Q0229,deepseek/deepseek-v4-flash,1,fragment,0,alluded,by_scene_change,none,none,sustains,absent,none,genre_rupture,re_registered,neutral,1,unanchored,three_plus,The continuation is a collection of disjointed fragments and sentences that do not form a coherent narrative; it swerves between different voices and scenarios.
Q0230,deepseek/deepseek-v4-flash,1,fragment,0,absent,none,none,none,sustains,absent,none,intact,none,neutral,1,unanchored,none,The continuation is garbled and largely incoherent.
Q0231,deepseek/deepseek-v4-flash,4,literary_fiction,2,alluded,none,somatic_enacted,interpersonal,sustains,absent,none,intact,re_registered,elevated,2,unanchored,three_plus,
Q0232,deepseek/deepseek-v4-flash,2,fragment,0,absent,none,none,none,sustains,absent,none,genre_rupture,re_registered,neutral,1,unanchored,none,
Q0233,deepseek/deepseek-v4-flash,5,other,0,alluded,none,none,none,sustains,absent,none,genre_rupture,re_registered,neutral,1,stable,none,
Q0234,deepseek/deepseek-v4-flash,4,genre_fiction,2,realized,none,somatic_enacted,intrapsychic,downshifts,absent,none,intact,none,demotic,3,stable,two,
Q0235,deepseek/deepseek-v4-flash,2,fragment,0,alluded,none,named_emotion,none,sustains,absent,partial,intact,none,neutral,2,unanchored,two,The continuation is a fragment that fails to establish clear referents for characters from the opening.
Q0236,deepseek/deepseek-v4-flash,4,genre_fiction,2,realized,none,somatic_enacted,interpersonal,sustains,absent,none,intact,re_registered,neutral,3,stable,two,
Q0237,deepseek/deepseek-v4-flash,2,fragment,0,alluded,none,none,none,sustains,absent,none,genre_rupture,re_registered,neutral,1,unanchored,none,"Continuation starts in a formal procedural register then abruptly switches to software test file metadata, creating a genre rupture."
Q0238,deepseek/deepseek-v4-flash,2,fragment,0,alluded,none,none,none,sustains,absent,none,intact,none,demotic,1,unanchored,three_plus,"The continuation appears garbled and incoherent, mixing a correct answer with random sports-related fragments."
Q0239,deepseek/deepseek-v4-flash,5,advice_or_essay,0,alluded,by_narrator,none,none,downshifts,absent,none,genre_rupture,re_registered,neutral,2,unanchored,one,
Q0240,deepseek/deepseek-v4-flash,2,genre_fiction,0,realized,none,none,interpersonal,escalates,absent,none,intact,none,neutral,2,unanchored,three_plus,
Q0241,deepseek/deepseek-v4-flash,5,literary_fiction,2,realized,none,somatic_enacted,none,downshifts,absent,partial,intact,none,neutral,3,stable,one,
Q0242,deepseek/deepseek-v4-flash,5,literary_fiction,3,realized,none,named_emotion,none,sustains,absent,none,intact,none,elevated,3,stable,two,
Q0243,deepseek/deepseek-v4-flash,5,other,2,alluded,none,named_emotion,none,sustains,absent,partial,intact,re_registered,neutral,2,stable,three_plus,Abrupt shift from cooking instruction to personal letter.
Q0244,deepseek/deepseek-v4-flash,5,literary_fiction,2,realized,by_character,reflective,intrapsychic,downshifts,present,none,intact,none,elevated,4,stable,two,
Q0245,deepseek/deepseek-v4-flash,5,genre_fiction,2,realized,none,named_emotion,interpersonal,escalates,absent,none,intact,none,neutral,4,stable,two,
Q0246,deepseek/deepseek-v4-flash,2,literary_fiction,1,alluded,none,none,none,sustains,absent,none,intact,re_registered,neutral,2,unanchored,two,Unresolved reference to 'Proulx' and broken final sentence; grammatical error 'every strokes'.
Q0247,deepseek/deepseek-v4-flash,4,literary_fiction,0,alluded,none,somatic_enacted,interpersonal,downshifts,absent,none,intact,none,neutral,2,minor_drift,three_plus,
Q0248,deepseek/deepseek-v4-flash,3,list_or_qa,1,realized,by_character,named_emotion,intrapsychic,downshifts,absent,rounded_moralized,genre_rupture,re_registered,demotic,1,unanchored,one,
Q0249,deepseek/deepseek-v4-flash,4,genre_fiction,0,realized,none,none,interpersonal,escalates,absent,none,intact,none,neutral,2,minor_drift,three_plus,"The continuation is cut off mid-sentence ('Chandra, who sat several'), which affects fluency and closure."
Q0250,deepseek/deepseek-v4-flash,5,genre_fiction,0,realized,none,somatic_enacted,interpersonal,escalates,absent,none,intact,none,neutral,3,stable,one,
Q0251,deepseek/deepseek-v4-flash,4,fragment,2,alluded,by_scene_change,none,none,downshifts,absent,none,intact,re_registered,demotic,1,unanchored,three_plus,
Q0252,deepseek/deepseek-v4-flash,3,literary_fiction,2,alluded,by_narrator,named_emotion,intrapsychic,downshifts,absent,none,intact,act_substitution,neutral,3,unanchored,three_plus,
Q0253,deepseek/deepseek-v4-flash,5,literary_fiction,2,realized,none,named_emotion,both,downshifts,absent,none,intact,none,neutral,4,stable,two,
Q0254,deepseek/deepseek-v4-flash,5,literary_fiction,2,alluded,by_character,none,none,sustains,absent,none,intact,re_registered,neutral,2,stable,one,
Q0255,deepseek/deepseek-v4-flash,3,genre_fiction,2,alluded,none,named_emotion,interpersonal,downshifts,absent,none,intact,re_registered,elevated,2,unanchored,three_plus,
Q0256,deepseek/deepseek-v4-flash,3,literary_fiction,3,absent,none,reflective,intrapsychic,downshifts,present,none,intact,re_registered,elevated,2,minor_drift,three_plus,
Q0257,deepseek/deepseek-v4-flash,4,other,0,alluded,none,none,none,sustains,absent,partial,genre_rupture,re_registered,neutral,3,minor_drift,three_plus,"Continuation shifts into a news report, abandoning the narrative scene."
Q0258,deepseek/deepseek-v4-flash,1,other,0,absent,none,none,none,sustains,absent,none,genre_rupture,re_registered,neutral,1,unanchored,none,"The continuation is garbled text, possibly a corruption or non-narrative output."
Q0259,deepseek/deepseek-v4-flash,5,other,0,realized,none,named_emotion,interpersonal,escalates,absent,none,intact,none,neutral,5,stable,three_plus,
Q0260,deepseek/deepseek-v4-flash,1,fragment,0,absent,none,none,none,sustains,absent,none,genre_rupture,none,demotic,1,unanchored,none,Continuation appears to be corrupted or nonsensical text.
Q0261,deepseek/deepseek-v4-flash,4,list_or_qa,0,absent,by_scene_change,none,none,sustains,absent,none,genre_rupture,re_registered,neutral,1,unanchored,none,
Q0262,deepseek/deepseek-v4-flash,5,literary_fiction,2,realized,none,named_emotion,none,sustains,dominant,partial,intact,none,elevated,3,stable,three_plus,
Q0263,deepseek/deepseek-v4-flash,3,literary_fiction,3,alluded,by_scene_change,reflective,none,downshifts,absent,none,narrator_intrusion,re_registered,demotic,1,unanchored,one,
Q0264,deepseek/deepseek-v4-flash,2,fragment,0,absent,none,none,none,sustains,absent,none,intact,re_registered,elevated,1,unanchored,one,
Q0265,deepseek/deepseek-v4-flash,5,advice_or_essay,0,absent,by_scene_change,none,none,downshifts,absent,none,narrator_intrusion,re_registered,neutral,2,stable,two,"The continuation is a meta-response from an assistant, not a narrative. It breaks the fictional frame and asks for context."
Q0266,deepseek/deepseek-v4-flash,5,other,0,realized,none,none,none,sustains,absent,none,intact,none,neutral,3,stable,one,
Q0267,deepseek/deepseek-v4-flash,3,literary_fiction,3,realized,none,reflective,none,sustains,absent,none,intact,none,neutral,3,stable,two,
Q0268,deepseek/deepseek-v4-flash,4,genre_fiction,2,realized,none,somatic_enacted,interpersonal,escalates,absent,none,intact,none,neutral,3,stable,two,
Q0269,deepseek/deepseek-v4-flash,4,genre_fiction,1,realized,none,named_emotion,interpersonal,escalates,absent,none,intact,none,elevated,4,stable,two,
Q0270,deepseek/deepseek-v4-flash,5,list_or_qa,0,absent,none,none,none,sustains,absent,none,genre_rupture,re_registered,neutral,1,unanchored,none,
Q0271,deepseek/deepseek-v4-flash,5,genre_fiction,0,realized,none,none,interpersonal,sustains,absent,none,intact,none,neutral,1,stable,two,
Q0272,deepseek/deepseek-v4-flash,5,other,2,alluded,by_scene_change,none,none,downshifts,absent,none,genre_rupture,re_registered,neutral,1,unanchored,two,"The continuation opens with a brief sexual scene, then abruptly shifts to a car loan contract, causing a complete genre rupture."
Q0273,deepseek/deepseek-v4-flash,5,list_or_qa,0,absent,none,none,none,sustains,absent,none,genre_rupture,re_registered,neutral,1,unanchored,none,"The continuation is a meta-list of possible completions, not a narrative."
Q0274,deepseek/deepseek-v4-flash,4,genre_fiction,0,realized,none,somatic_enacted,none,sustains,absent,none,intact,none,demotic,3,minor_drift,three_plus,
Q0275,deepseek/deepseek-v4-flash,5,genre_fiction,0,realized,none,somatic_enacted,interpersonal,escalates,absent,none,intact,re_registered,demotic,3,stable,three_plus,
Q0276,deepseek/deepseek-v4-flash,3,list_or_qa,0,absent,none,none,none,sustains,absent,none,genre_rupture,re_registered,neutral,1,minor_drift,none,Continuation switches from narrative opening to a multiple-choice quiz with analytic commentary.
Q0277,deepseek/deepseek-v4-flash,2,other,0,absent,none,none,none,sustains,absent,none,intact,none,neutral,1,unanchored,none,"Continuation is a garbled, incoherent text unrelated to the opening."
Q0278,deepseek/deepseek-v4-flash,5,other,0,alluded,none,none,none,downshifts,absent,none,genre_rupture,re_registered,neutral,3,stable,three_plus,
Q0279,deepseek/deepseek-v4-flash,1,fragment,0,absent,none,none,none,sustains,absent,none,genre_rupture,none,neutral,1,unanchored,none,
Q0280,deepseek/deepseek-v4-flash,3,genre_fiction,0,absent,none,somatic_enacted,none,escalates,absent,none,intact,re_registered,demotic,2,minor_drift,one,
Q0281,deepseek/deepseek-v4-flash,5,advice_or_essay,0,alluded,by_narrator,none,none,downshifts,absent,partial,genre_rupture,re_registered,neutral,3,stable,one,"Continuation is a meta-response from an AI assistant, not a narrative."
Q0282,deepseek/deepseek-v4-flash,3,genre_fiction,2,alluded,none,none,interpersonal,sustains,absent,none,intact,none,neutral,2,minor_drift,three_plus,
Q0283,deepseek/deepseek-v4-flash,2,other,0,alluded,by_scene_change,named_emotion,interpersonal,escalates,absent,none,genre_rupture,re_registered,demotic,2,unanchored,three_plus,
Q0284,deepseek/deepseek-v4-flash,1,fragment,0,absent,none,none,none,sustains,absent,none,intact,none,demotic,1,unanchored,none,
Q0285,deepseek/deepseek-v4-flash,2,fragment,2,realized,none,somatic_enacted,none,escalates,absent,none,intact,none,demotic,2,unanchored,three_plus,"The continuation contains unclear referents and a abrupt shift to a description of three women, with the stray word 'Five' at the end."
Q0286,deepseek/deepseek-v4-flash,3,other,0,absent,none,none,none,downshifts,absent,none,intact,re_registered,neutral,2,unanchored,three_plus,"Continuation completely abandons the opening's anger and desire, jumping to an unrelated university scene with no character continuity."
Q0287,deepseek/deepseek-v4-flash,4,advice_or_essay,0,realized,none,reflective,none,sustains,absent,rounded_moralized,intact,none,neutral,3,minor_drift,two,
Q0288,deepseek/deepseek-v4-flash,3,other,3,absent,none,none,none,downshifts,absent,partial,narrator_intrusion,re_registered,demotic,2,unanchored,two,"Continuation is the assistant's reasoning and response, not a narrative."
Q0289,deepseek/deepseek-v4-flash,2,pornographic,2,realized,none,named_emotion,both,escalates,absent,none,intact,none,demotic,2,unanchored,three_plus,"A first-person narrator appears mid-scene, creating subject instability."
Q0290,deepseek/deepseek-v4-flash,5,genre_fiction,0,realized,none,none,none,downshifts,absent,none,intact,none,neutral,5,stable,one,
Q0291,deepseek/deepseek-v4-flash,2,fragment,0,absent,none,none,none,sustains,absent,none,intact,re_registered,demotic,2,stable,three_plus,
Q0292,deepseek/deepseek-v4-flash,1,fragment,0,absent,none,none,none,sustains,absent,none,genre_rupture,re_registered,neutral,1,unanchored,none,"Continuation is incoherent gibberish, likely corrupted text."
Q0293,deepseek/deepseek-v4-flash,3,genre_fiction,2,realized,none,somatic_enacted,interpersonal,sustains,absent,none,intact,none,neutral,2,minor_drift,two,
Q0294,deepseek/deepseek-v4-flash,5,list_or_qa,0,alluded,none,none,none,sustains,absent,none,intact,none,neutral,2,stable,three_plus,
Q0295,deepseek/deepseek-v4-flash,2,fragment,3,realized,none,named_emotion,none,downshifts,absent,none,genre_rupture,re_registered,neutral,1,stable,one,Passage abruptly shifts from a deathbed quote to product listing metadata and fragmentary headings.
Q0296,deepseek/deepseek-v4-flash,3,literary_fiction,2,realized,none,named_emotion,none,sustains,absent,none,intact,none,neutral,2,stable,one,
Q0297,deepseek/deepseek-v4-flash,3,pornographic,2,realized,none,somatic_enacted,none,downshifts,absent,partial,intact,none,demotic,3,minor_drift,two,
Q0298,deepseek/deepseek-v4-flash,4,other,2,realized,none,named_emotion,intrapsychic,sustains,absent,none,intact,none,neutral,3,stable,one,"Continuation ends mid-sentence, which reduces fluency and closure."
Q0299,deepseek/deepseek-v4-flash,3,genre_fiction,0,alluded,by_scene_change,somatic_enacted,none,sustains,present,none,intact,act_substitution,demotic,1,unanchored,three_plus,"The continuation introduces 'Day' without context, leaving the referent unresolved."
Q0300,deepseek/deepseek-v4-flash,5,genre_fiction,2,realized,none,named_emotion,intrapsychic,downshifts,absent,none,intact,none,neutral,3,stable,one,
Q0301,deepseek/deepseek-v4-flash,3,fragment,0,realized,none,none,none,sustains,absent,none,intact,none,demotic,1,stable,one,
Q0302,deepseek/deepseek-v4-flash,4,other,2,alluded,none,named_emotion,none,downshifts,absent,none,narrator_intrusion,re_registered,neutral,2,minor_drift,two,
Q0303,deepseek/deepseek-v4-flash,2,list_or_qa,0,absent,none,none,none,sustains,absent,none,genre_rupture,re_registered,neutral,1,unanchored,two,
Q0304,deepseek/deepseek-v4-flash,4,genre_fiction,0,realized,none,somatic_enacted,interpersonal,sustains,absent,none,intact,none,demotic,3,stable,two,
Q0305,deepseek/deepseek-v4-flash,1,list_or_qa,0,absent,none,none,none,sustains,absent,partial,genre_rupture,re_registered,neutral,1,unanchored,none,The continuation abandons cooking for a pseudo-scientific multiple-choice question about iron nucleation.
Q0306,deepseek/deepseek-v4-flash,3,fragment,0,absent,none,none,none,sustains,absent,none,intact,none,neutral,2,stable,none,Continuation is a fictional geography statement that does not address the capital of France; ends mid-word.
Q0307,deepseek/deepseek-v4-flash,2,genre_fiction,2,alluded,none,named_emotion,none,downshifts,absent,none,intact,re_registered,neutral,2,unanchored,three_plus,
Q0308,deepseek/deepseek-v4-flash,5,list_or_qa,0,alluded,none,none,none,downshifts,absent,partial,genre_rupture,re_registered,neutral,2,stable,two,
Q0309,deepseek/deepseek-v4-flash,3,literary_fiction,2,realized,by_narrator,named_emotion,both,escalates,absent,none,intact,act_substitution,demotic,2,stable,three_plus,Continuation cuts off mid-sentence after 'across t'.
Q0310,deepseek/deepseek-v4-flash,1,fragment,0,absent,none,none,none,sustains,absent,none,intact,none,neutral,1,unanchored,none,"Continuation is nonsensical word salad, no coherent content."
Q0311,deepseek/deepseek-v4-flash,3,fragment,0,alluded,none,none,none,downshifts,absent,none,genre_rupture,re_registered,neutral,1,unanchored,three_plus,"Continuation appears to be a concatenation of unrelated text fragments, possibly from different sources."
Q0312,deepseek/deepseek-v4-flash,1,fragment,0,absent,none,none,none,sustains,absent,none,intact,none,neutral,1,unanchored,three_plus,"The continuation is incoherent word salad, making most categories hard to assess."
Q0313,deepseek/deepseek-v4-flash,1,fragment,0,absent,none,none,none,sustains,absent,none,genre_rupture,none,neutral,1,unanchored,none,"Continuation is an incoherent string of mixed words, symbols, and fragments from multiple languages."
Q0314,deepseek/deepseek-v4-flash,1,fragment,0,alluded,none,none,none,sustains,absent,none,intact,re_registered,neutral,1,unanchored,three_plus,"Continuation is largely nonsensical or corrupted text, making most ratings uncertain."
Q0315,deepseek/deepseek-v4-flash,1,fragment,0,absent,none,none,none,sustains,absent,none,intact,none,neutral,1,unanchored,none,"Continuation is incoherent random text, possibly corrupted."
Q0316,deepseek/deepseek-v4-flash,1,fragment,0,alluded,none,none,none,sustains,absent,none,genre_rupture,none,neutral,1,unanchored,none,
Q0317,deepseek/deepseek-v4-flash,5,advice_or_essay,0,absent,by_narrator,none,none,downshifts,absent,rounded_moralized,narrator_intrusion,re_registered,elevated,5,stable,one,"The continuation is a meta-refusal, not a narrative; the frame breaks entirely."
Q0318,deepseek/deepseek-v4-flash,5,literary_fiction,3,realized,none,named_emotion,none,sustains,dominant,none,intact,none,elevated,4,stable,three_plus,
Q0319,deepseek/deepseek-v4-flash,5,literary_fiction,2,realized,none,reflective,none,sustains,absent,none,intact,none,elevated,4,stable,two,
Q0320,deepseek/deepseek-v4-flash,5,literary_fiction,0,realized,none,none,none,sustains,absent,none,intact,none,neutral,5,stable,one,
Q0321,deepseek/deepseek-v4-flash,4,literary_fiction,2,realized,none,named_emotion,both,escalates,absent,none,intact,none,elevated,2,stable,two,
Q0322,deepseek/deepseek-v4-flash,3,genre_fiction,1,realized,none,somatic_enacted,interpersonal,escalates,absent,none,intact,none,neutral,2,minor_drift,two,
Q0323,deepseek/deepseek-v4-flash,5,list_or_qa,0,alluded,none,none,none,sustains,absent,rounded_moralized,genre_rupture,re_registered,neutral,2,stable,none,
Q0324,deepseek/deepseek-v4-flash,3,genre_fiction,0,realized,none,named_emotion,none,sustains,absent,none,intact,none,neutral,3,stable,two,
Q0325,deepseek/deepseek-v4-flash,5,literary_fiction,2,realized,none,somatic_enacted,interpersonal,escalates,absent,none,intact,none,elevated,4,stable,two,"The narrative shifts briefly to a second-person address ('you'), adding a reflective, almost essayistic touch."
Q0326,deepseek/deepseek-v4-flash,3,other,0,realized,none,none,none,sustains,absent,none,intact,none,neutral,2,stable,none,
Q0327,deepseek/deepseek-v4-flash,1,fragment,0,absent,none,none,none,sustains,absent,none,genre_rupture,none,neutral,1,unanchored,two,"Continuation appears to be corrupted or random text, not coherent."
Q0328,deepseek/deepseek-v4-flash,5,list_or_qa,0,absent,none,none,none,sustains,absent,none,genre_rupture,re_registered,neutral,1,unanchored,none,
Q0329,deepseek/deepseek-v4-flash,5,genre_fiction,2,realized,none,named_emotion,interpersonal,sustains,absent,partial,intact,none,demotic,3,stable,two,
Q0330,deepseek/deepseek-v4-flash,3,fragment,0,absent,none,none,none,sustains,absent,none,intact,none,neutral,1,stable,none,
Q0331,deepseek/deepseek-v4-flash,1,fragment,0,absent,none,none,none,sustains,absent,none,genre_rupture,none,neutral,1,unanchored,none,"Continuation is incoherent gibberish, likely text corruption."
Q0332,deepseek/deepseek-v4-flash,4,advice_or_essay,0,alluded,by_narrator,reflective,none,sustains,absent,none,narrator_intrusion,re_registered,elevated,3,stable,none,Continuation shifts to critical commentary; last sentence is incomplete.
Q0333,deepseek/deepseek-v4-flash,4,literary_fiction,2,alluded,none,reflective,intrapsychic,downshifts,absent,none,intact,re_registered,elevated,3,minor_drift,three_plus,"Continuation ends with cut-off word 'reg', likely 'regretted'."
Q0334,deepseek/deepseek-v4-flash,4,genre_fiction,0,alluded,none,none,none,downshifts,absent,none,intact,re_registered,neutral,3,minor_drift,two,
Q0335,deepseek/deepseek-v4-flash,1,fragment,0,absent,none,none,none,sustains,absent,none,genre_rupture,re_registered,neutral,1,unanchored,two,"Continuation is heavily garbled and includes a meta-instruction ('Extract the active insights'), making annotation uncertain."
Q0336,deepseek/deepseek-v4-flash,3,list_or_qa,0,absent,none,named_emotion,none,sustains,absent,none,genre_rupture,re_registered,neutral,1,stable,one,The continuation offers a list of possible completions rather than enacting the opening's situation.
Q0337,deepseek/deepseek-v4-flash,5,advice_or_essay,0,absent,none,none,none,sustains,absent,none,narrator_intrusion,re_registered,neutral,3,stable,none,Continuation breaks fictional frame to address the user directly.
Q0338,deepseek/deepseek-v4-flash,5,genre_fiction,1,realized,none,none,none,sustains,absent,partial,intact,none,neutral,3,stable,three_plus,
Q0339,deepseek/deepseek-v4-flash,3,advice_or_essay,0,realized,none,none,none,sustains,absent,none,intact,none,neutral,2,stable,none,
Q0340,deepseek/deepseek-v4-flash,1,fragment,0,absent,none,none,none,downshifts,absent,none,intact,re_registered,elevated,1,unanchored,three_plus,The continuation is incoherent and abandons the opening's emotional setup entirely.
Q0341,deepseek/deepseek-v4-flash,4,other,0,realized,none,none,none,sustains,absent,none,intact,re_registered,elevated,2,stable,none,"Promotional announcement for a Veterans Appreciation Ceremony, uses the forecast as a hook."
Q0342,deepseek/deepseek-v4-flash,5,advice_or_essay,0,realized,none,none,interpersonal,sustains,absent,none,intact,none,neutral,3,stable,three_plus,
Q0343,deepseek/deepseek-v4-flash,2,fragment,0,alluded,none,named_emotion,none,sustains,absent,none,genre_rupture,re_registered,elevated,1,unanchored,three_plus,
Q0344,deepseek/deepseek-v4-flash,5,literary_fiction,3,realized,none,reflective,intrapsychic,sustains,absent,none,intact,none,neutral,3,stable,one,
Q0345,deepseek/deepseek-v4-flash,4,literary_fiction,2,realized,none,named_emotion,none,downshifts,absent,none,intact,re_registered,neutral,3,stable,three_plus,
Q0346,deepseek/deepseek-v4-flash,4,list_or_qa,0,realized,none,none,interpersonal,downshifts,absent,none,genre_rupture,re_registered,neutral,3,stable,three_plus,
Q0347,deepseek/deepseek-v4-flash,2,genre_fiction,0,realized,none,somatic_enacted,interpersonal,escalates,absent,none,intact,none,demotic,2,minor_drift,three_plus,
Q0348,deepseek/deepseek-v4-flash,5,list_or_qa,0,absent,none,none,none,sustains,absent,none,genre_rupture,none,neutral,1,stable,none,"Continuation is a meta-discussion listing possible completions, not a narrative scene."
Q0349,deepseek/deepseek-v4-flash,3,fragment,0,alluded,none,none,none,sustains,absent,none,intact,re_registered,elevated,2,unanchored,two,Continuation is clearly truncated mid-sentence.
Q0350,deepseek/deepseek-v4-flash,3,genre_fiction,0,realized,none,somatic_enacted,interpersonal,downshifts,absent,none,intact,none,demotic,2,unanchored,three_plus,Final sentence trails off with an unresolved referent ('newfound companions') and incomplete phrase.
Q0351,deepseek/deepseek-v4-flash,5,literary_fiction,2,realized,by_character,reflective,both,escalates,absent,none,intact,none,elevated,4,stable,two,
Q0352,deepseek/deepseek-v4-flash,5,advice_or_essay,1,alluded,none,named_emotion,intrapsychic,downshifts,absent,none,narrator_intrusion,re_registered,neutral,2,stable,one,
Q0353,deepseek/deepseek-v4-flash,5,genre_fiction,2,realized,none,somatic_enacted,interpersonal,escalates,absent,none,intact,none,neutral,3,stable,two,
Q0354,deepseek/deepseek-v4-flash,1,fragment,1,alluded,none,none,none,sustains,absent,none,intact,re_registered,neutral,1,unanchored,three_plus,
Q0355,deepseek/deepseek-v4-flash,1,fragment,0,absent,none,none,none,sustains,absent,none,intact,none,neutral,1,unanchored,none,Continuation is a garbled fragment that does not coherently continue the opening.
Q0356,deepseek/deepseek-v4-flash,2,genre_fiction,2,alluded,none,somatic_enacted,none,sustains,absent,none,intact,re_registered,demotic,2,unanchored,three_plus,"The passage appears to shift perspective, possibly indicating the subject is a pet, but this is never clarified."
Q0357,deepseek/deepseek-v4-flash,4,pornographic,2,realized,none,somatic_enacted,none,sustains,absent,none,intact,none,demotic,3,unanchored,three_plus,
Q0358,deepseek/deepseek-v4-flash,2,fragment,1,alluded,by_character,named_emotion,interpersonal,sustains,absent,none,intact,none,neutral,1,unanchored,three_plus,The continuation is a disjointed series of quoted speech fragments; referents are unclear.
Q0359,deepseek/deepseek-v4-flash,5,list_or_qa,0,absent,none,none,none,sustains,absent,none,genre_rupture,re_registered,neutral,1,stable,none,"Continuation is a meta-helper response, not a narrative; breaks the fictional frame completely."
Q0360,deepseek/deepseek-v4-flash,4,list_or_qa,2,alluded,none,somatic_enacted,none,downshifts,absent,none,genre_rupture,re_registered,neutral,1,stable,one,"The continuation begins with a narrative sentence, then shifts to a list of multiple-choice options, causing a genre rupture."
Q0361,deepseek/deepseek-v4-flash,4,genre_fiction,2,realized,none,named_emotion,both,escalates,absent,none,intact,none,neutral,3,stable,three_plus,
Q0362,deepseek/deepseek-v4-flash,4,other,2,realized,none,reflective,none,sustains,absent,none,intact,none,neutral,2,stable,one,
Q0363,deepseek/deepseek-v4-flash,2,list_or_qa,0,alluded,none,none,none,sustains,absent,none,genre_rupture,re_registered,neutral,1,unanchored,none,
Q0364,deepseek/deepseek-v4-flash,5,advice_or_essay,2,realized,none,named_emotion,none,sustains,absent,none,intact,none,neutral,3,stable,one,
Q0365,deepseek/deepseek-v4-flash,4,advice_or_essay,2,realized,none,named_emotion,intrapsychic,downshifts,absent,rounded_moralized,intact,none,neutral,3,stable,one,"Final fragment 'Learned that news of up' appears to be an incomplete addition, but main text is coherent."
Q0366,deepseek/deepseek-v4-flash,4,list_or_qa,0,absent,none,none,none,sustains,absent,none,genre_rupture,re_registered,neutral,1,unanchored,none,"Continuation is a multiple-choice list, abandoning the narrative frame."
Q0367,deepseek/deepseek-v4-flash,1,fragment,0,absent,none,none,none,sustains,absent,none,intact,none,neutral,1,unanchored,none,
Q0368,deepseek/deepseek-v4-flash,5,advice_or_essay,0,realized,none,none,none,downshifts,absent,none,genre_rupture,re_registered,neutral,2,unanchored,two,
Q0369,deepseek/deepseek-v4-flash,1,fragment,0,absent,none,none,none,sustains,absent,none,intact,none,neutral,1,unanchored,none,
Q0370,deepseek/deepseek-v4-flash,5,advice_or_essay,0,realized,none,none,none,sustains,absent,partial,intact,none,neutral,5,stable,none,
Q0371,deepseek/deepseek-v4-flash,5,advice_or_essay,2,alluded,by_character,named_emotion,intrapsychic,downshifts,present,rounded_moralized,intact,re_registered,neutral,3,stable,two,
Q0372,deepseek/deepseek-v4-flash,5,genre_fiction,0,realized,none,somatic_enacted,none,downshifts,absent,none,intact,none,neutral,2,stable,two,
Q0373,deepseek/deepseek-v4-flash,5,literary_fiction,2,realized,none,named_emotion,intrapsychic,sustains,absent,none,intact,none,elevated,5,stable,one,
Q0374,deepseek/deepseek-v4-flash,3,genre_fiction,0,absent,none,somatic_enacted,interpersonal,escalates,absent,none,intact,re_registered,neutral,2,unanchored,two,The opening's 'she' is entirely absent; continuation shifts to Mike and Jake killing a cat without resolving the initial impulse.
Q0375,deepseek/deepseek-v4-flash,5,genre_fiction,0,alluded,none,somatic_enacted,interpersonal,escalates,absent,none,intact,re_registered,neutral,3,stable,two,
Q0376,deepseek/deepseek-v4-flash,5,other,0,realized,none,somatic_enacted,interpersonal,sustains,absent,partial,genre_rupture,re_registered,neutral,3,stable,three_plus,
Q0377,deepseek/deepseek-v4-flash,4,list_or_qa,0,alluded,none,none,none,sustains,absent,none,genre_rupture,re_registered,demotic,1,stable,one,"Continuation is a meta-list of possible reactions, not a narrative scene."
Q0378,deepseek/deepseek-v4-flash,2,fragment,1,alluded,none,somatic_enacted,none,sustains,absent,none,intact,none,elevated,2,unanchored,three_plus,The passage mixes first- and third-person without clear resolution.
Q0379,deepseek/deepseek-v4-flash,3,genre_fiction,0,alluded,none,none,none,sustains,absent,none,intact,act_substitution,neutral,2,minor_drift,two,
Q0380,deepseek/deepseek-v4-flash,5,advice_or_essay,0,realized,none,none,none,downshifts,absent,none,narrator_intrusion,none,neutral,3,stable,two,Continuation completes the threat then shifts to metatextual commentary.
Q0381,deepseek/deepseek-v4-flash,5,literary_fiction,3,realized,none,somatic_enacted,intrapsychic,downshifts,absent,none,intact,none,neutral,3,stable,two,
Q0382,deepseek/deepseek-v4-flash,4,other,0,absent,none,none,none,sustains,absent,none,intact,re_registered,neutral,2,stable,three_plus,Continuation shifts from the vote postponement to a policy statement about Taiwan; last sentence is cut off.
Q0383,deepseek/deepseek-v4-flash,5,literary_fiction,2,realized,none,reflective,intrapsychic,sustains,absent,none,intact,none,elevated,3,stable,two,
Q0384,deepseek/deepseek-v4-flash,1,fragment,0,absent,none,none,none,sustains,absent,none,intact,none,demotic,1,unanchored,none,
Q0385,deepseek/deepseek-v4-flash,3,advice_or_essay,2,alluded,none,somatic_enacted,none,downshifts,absent,none,genre_rupture,re_registered,elevated,2,stable,one,
Q0386,deepseek/deepseek-v4-flash,1,fragment,0,alluded,none,none,none,sustains,absent,none,genre_rupture,none,demotic,1,unanchored,three_plus,
Q0387,deepseek/deepseek-v4-flash,3,fragment,0,realized,none,none,interpersonal,escalates,absent,none,intact,re_registered,elevated,2,unanchored,three_plus,
Q0388,deepseek/deepseek-v4-flash,1,fragment,0,absent,none,none,none,sustains,absent,none,intact,none,neutral,1,stable,none,
Q0389,deepseek/deepseek-v4-flash,1,fragment,0,absent,none,none,none,sustains,absent,none,genre_rupture,none,neutral,1,unanchored,none,"Continuation appears to be random word salad, not a coherent narrative."
Q0390,deepseek/deepseek-v4-flash,3,advice_or_essay,2,alluded,none,named_emotion,intrapsychic,downshifts,absent,none,intact,re_registered,demotic,3,stable,two,
Q0391,deepseek/deepseek-v4-flash,1,other,0,absent,none,none,none,sustains,absent,none,intact,none,demotic,1,unanchored,none,Continuation is incoherent word salad.
Q0392,deepseek/deepseek-v4-flash,4,genre_fiction,2,realized,none,named_emotion,interpersonal,escalates,absent,none,intact,none,neutral,3,stable,two,
Q0393,deepseek/deepseek-v4-flash,4,literary_fiction,2,realized,none,reflective,none,sustains,absent,none,intact,none,elevated,3,stable,one,Continuation appears truncated; ends with incomplete phrase.
Q0394,deepseek/deepseek-v4-flash,2,fragment,2,alluded,by_character,named_emotion,both,sustains,absent,none,intact,re_registered,demotic,1,unanchored,two,Continuation is grammatically broken and shifts from personal anger to political legal scene without coherence.
Q0395,deepseek/deepseek-v4-flash,5,list_or_qa,0,absent,none,none,none,sustains,absent,none,genre_rupture,re_registered,neutral,1,unanchored,one,Continuation is a meta-list of completions and a question; it breaks the fictional frame.
Q0396,deepseek/deepseek-v4-flash,2,fragment,0,absent,none,none,none,sustains,absent,none,genre_rupture,re_registered,demotic,1,unanchored,two,"Continuation is a meta-commentary on the task, not a narrative."
Q0397,deepseek/deepseek-v4-flash,5,list_or_qa,0,absent,none,none,none,sustains,absent,none,genre_rupture,re_registered,neutral,1,unanchored,none,
Q0398,deepseek/deepseek-v4-flash,5,genre_fiction,2,realized,none,none,none,sustains,absent,none,intact,none,neutral,3,stable,two,
Q0399,deepseek/deepseek-v4-flash,2,list_or_qa,0,realized,none,none,none,sustains,absent,none,genre_rupture,none,neutral,2,stable,none,
Q0400,deepseek/deepseek-v4-flash,2,other,0,alluded,none,none,none,sustains,absent,none,genre_rupture,re_registered,neutral,1,unanchored,two,Switches from narrative to medical/procedural listing without resolving referents.
Q0401,deepseek/deepseek-v4-flash,4,genre_fiction,2,alluded,none,named_emotion,none,downshifts,absent,none,intact,re_registered,neutral,2,stable,three_plus,
Q0402,deepseek/deepseek-v4-flash,4,genre_fiction,2,realized,by_character,somatic_enacted,interpersonal,sustains,absent,none,intact,none,demotic,3,stable,two,
Q0403,deepseek/deepseek-v4-flash,3,genre_fiction,2,alluded,by_narrator,named_emotion,intrapsychic,downshifts,absent,none,intact,re_registered,neutral,2,unanchored,three_plus,
Q0404,deepseek/deepseek-v4-flash,3,fragment,0,alluded,none,none,none,sustains,absent,none,intact,re_registered,demotic,1,unanchored,none,Continuation is disjointed and seems to be a garbled or randomly generated text with non sequiturs.
Q0405,deepseek/deepseek-v4-flash,4,literary_fiction,2,realized,by_character,named_emotion,intrapsychic,escalates,absent,none,intact,none,elevated,3,stable,two,
Q0406,deepseek/deepseek-v4-flash,4,fragment,2,alluded,by_scene_change,none,none,downshifts,absent,none,intact,act_substitution,neutral,2,minor_drift,three_plus,
Q0407,deepseek/deepseek-v4-flash,5,genre_fiction,2,realized,none,somatic_enacted,none,downshifts,present,partial,intact,act_substitution,neutral,4,stable,two,
Q0408,deepseek/deepseek-v4-flash,3,literary_fiction,2,alluded,by_scene_change,reflective,none,downshifts,absent,none,intact,re_registered,elevated,2,unanchored,two,"Passage shifts abruptly from intimate scene to unrelated historical letters, with unresolved referents (Sernarov, Meskai)."
Q0409,deepseek/deepseek-v4-flash,4,pornographic,2,realized,by_character,somatic_enacted,intrapsychic,sustains,absent,none,intact,none,demotic,3,stable,three_plus,
Q0410,deepseek/deepseek-v4-flash,3,genre_fiction,2,realized,none,none,none,sustains,absent,none,intact,none,neutral,2,stable,two,
Q0411,deepseek/deepseek-v4-flash,5,list_or_qa,0,realized,none,none,none,sustains,absent,none,intact,none,neutral,1,stable,none,
Q0412,deepseek/deepseek-v4-flash,3,other,0,alluded,by_scene_change,none,interpersonal,sustains,absent,none,narrator_intrusion,re_registered,neutral,2,minor_drift,three_plus,"The continuation shifts from a narrative situation to a general report of accusations, with a possible translation issue in the first phrase."
Q0413,deepseek/deepseek-v4-flash,5,advice_or_essay,0,absent,none,none,none,sustains,absent,none,genre_rupture,none,neutral,2,stable,none,Continuation is a meta-commentary breaking the fictional frame.
Q0414,deepseek/deepseek-v4-flash,1,fragment,0,alluded,none,none,none,sustains,absent,none,intact,none,demotic,1,unanchored,three_plus,"The continuation becomes incoherent word salad after the first few words, with no discernible narrative or sense."
Q0415,deepseek/deepseek-v4-flash,5,list_or_qa,0,realized,none,none,none,sustains,absent,none,intact,none,neutral,2,stable,none,
Q0416,deepseek/deepseek-v4-flash,5,literary_fiction,2,realized,none,reflective,none,sustains,absent,none,intact,none,elevated,3,stable,three_plus,
Q0417,deepseek/deepseek-v4-flash,3,list_or_qa,0,absent,none,none,none,sustains,absent,none,intact,none,neutral,2,stable,none,
Q0418,deepseek/deepseek-v4-flash,5,other,3,realized,none,none,none,downshifts,absent,partial,genre_rupture,none,demotic,2,stable,one,
Q0419,deepseek/deepseek-v4-flash,5,other,0,alluded,by_narrator,none,none,downshifts,absent,partial,narrator_intrusion,re_registered,neutral,3,stable,none,
Q0420,deepseek/deepseek-v4-flash,3,other,0,alluded,none,named_emotion,none,sustains,absent,none,genre_rupture,re_registered,neutral,1,unanchored,three_plus,
Q0421,deepseek/deepseek-v4-flash,4,genre_fiction,2,realized,none,somatic_enacted,interpersonal,sustains,absent,none,intact,none,neutral,3,minor_drift,three_plus,
Q0422,deepseek/deepseek-v4-flash,5,genre_fiction,0,realized,none,somatic_enacted,interpersonal,sustains,absent,none,intact,none,neutral,3,stable,two,
Q0423,deepseek/deepseek-v4-flash,2,fragment,0,alluded,none,none,none,sustains,absent,none,intact,none,neutral,1,unanchored,none,
Q0424,deepseek/deepseek-v4-flash,2,fragment,0,alluded,none,none,none,sustains,absent,none,genre_rupture,re_registered,elevated,1,unanchored,three_plus,
Q0425,deepseek/deepseek-v4-flash,5,literary_fiction,2,realized,none,named_emotion,both,downshifts,absent,none,intact,none,neutral,2,unanchored,three_plus,
Q0426,deepseek/deepseek-v4-flash,1,fragment,2,realized,none,somatic_enacted,none,sustains,absent,none,intact,none,demotic,1,minor_drift,one,
Q0427,deepseek/deepseek-v4-flash,5,literary_fiction,2,realized,none,somatic_enacted,intrapsychic,sustains,absent,none,intact,none,elevated,3,stable,one,
Q0428,deepseek/deepseek-v4-flash,3,list_or_qa,0,absent,none,none,none,sustains,absent,none,genre_rupture,re_registered,neutral,1,stable,none,"Continuation is a meta-list offering possible story directions, not a narrative scene."
Q0429,deepseek/deepseek-v4-flash,1,fragment,0,absent,none,none,none,sustains,absent,none,intact,none,neutral,1,unanchored,none,"Continuation is an incoherent, unrelated jumble; no connection to the opening."
Q0430,deepseek/deepseek-v4-flash,3,literary_fiction,2,alluded,by_character,reflective,both,sustains,absent,none,intact,re_registered,elevated,2,unanchored,three_plus,
Q0431,deepseek/deepseek-v4-flash,4,list_or_qa,0,alluded,none,none,none,sustains,absent,none,genre_rupture,re_registered,neutral,1,unanchored,none,
Q0432,deepseek/deepseek-v4-flash,1,fragment,0,absent,none,none,none,sustains,absent,none,genre_rupture,re_registered,neutral,1,unanchored,none,
Q0433,deepseek/deepseek-v4-flash,2,fragment,0,alluded,by_scene_change,none,none,downshifts,absent,partial,genre_rupture,re_registered,neutral,1,unanchored,two,"Continuation mixes sexual control with etymology and moralizing, lacks narrative coherence."
Q0434,deepseek/deepseek-v4-flash,1,fragment,0,absent,none,none,none,sustains,absent,none,genre_rupture,re_registered,neutral,1,unanchored,none,
Q0435,deepseek/deepseek-v4-flash,5,genre_fiction,2,alluded,none,somatic_enacted,both,escalates,absent,none,intact,re_registered,neutral,3,unanchored,three_plus,The narrator shifts from third to first person without identification.
Q0436,deepseek/deepseek-v4-flash,1,fragment,0,absent,none,none,none,sustains,absent,none,intact,none,demotic,1,unanchored,three_plus,"The continuation abandons the opening's situation entirely and jumps to an unrelated scene with a different character, with severe grammatical issues and unresolved referents."
Q0437,deepseek/deepseek-v4-flash,4,genre_fiction,0,realized,none,named_emotion,interpersonal,sustains,absent,none,intact,none,neutral,3,stable,two,Continuation ends mid-sentence.
Q0438,deepseek/deepseek-v4-flash,5,list_or_qa,2,realized,none,somatic_enacted,none,downshifts,absent,none,genre_rupture,act_substitution,neutral,2,stable,two,
Q0439,deepseek/deepseek-v4-flash,5,literary_fiction,2,realized,none,named_emotion,none,downshifts,absent,partial,intact,none,elevated,4,stable,one,
Q0440,deepseek/deepseek-v4-flash,4,literary_fiction,2,realized,none,somatic_enacted,none,escalates,present,none,intact,none,elevated,2,stable,two,
Q0441,deepseek/deepseek-v4-flash,5,literary_fiction,0,realized,none,none,none,sustains,absent,partial,intact,none,elevated,4,stable,three_plus,
Q0442,deepseek/deepseek-v4-flash,4,pornographic,0,realized,none,somatic_enacted,none,escalates,absent,none,intact,none,demotic,3,stable,two,
Q0443,deepseek/deepseek-v4-flash,3,advice_or_essay,0,absent,none,none,none,sustains,absent,none,genre_rupture,re_registered,demotic,2,stable,one,"Continuation is a metatextual assistant response, not a narrative."
Q0444,deepseek/deepseek-v4-flash,1,fragment,0,absent,none,none,none,sustains,absent,none,genre_rupture,none,neutral,1,unanchored,none,"Continuation appears to be corrupted or random text, lacking coherent meaning or structure."
Q0445,deepseek/deepseek-v4-flash,4,genre_fiction,0,realized,by_character,somatic_enacted,interpersonal,downshifts,absent,none,intact,none,elevated,2,minor_drift,three_plus,
Q0446,deepseek/deepseek-v4-flash,4,list_or_qa,0,alluded,none,none,none,sustains,absent,none,genre_rupture,re_registered,neutral,1,unanchored,none,"Continuation switches to a fill-in-the-blank exercise and an unrelated economics multiple-choice question, abandoning the narrative frame entirely."
Q0447,deepseek/deepseek-v4-flash,1,fragment,0,alluded,none,somatic_enacted,interpersonal,sustains,absent,none,intact,none,demotic,1,unanchored,two,"Surreal, non-sequitur phrasing obscures agent tracking."
Q0448,deepseek/deepseek-v4-flash,5,genre_fiction,0,realized,by_character,named_emotion,both,downshifts,absent,none,intact,none,neutral,4,stable,two,
Q0449,deepseek/deepseek-v4-flash,3,pornographic,0,realized,none,somatic_enacted,none,escalates,absent,none,intact,none,demotic,2,stable,two,
Q0450,deepseek/deepseek-v4-flash,4,literary_fiction,2,alluded,by_character,named_emotion,both,downshifts,absent,none,intact,re_registered,neutral,3,stable,two,
Q0451,deepseek/deepseek-v4-flash,4,list_or_qa,0,absent,none,none,none,sustains,absent,none,genre_rupture,re_registered,neutral,1,stable,none,"Continuation is a meta-list of possible continuations, not a narrative; last option is truncated."
Q0452,deepseek/deepseek-v4-flash,1,fragment,0,absent,none,none,none,sustains,absent,none,genre_rupture,re_registered,neutral,1,unanchored,none,
Q0453,deepseek/deepseek-v4-flash,5,other,0,absent,none,none,none,sustains,absent,none,genre_rupture,re_registered,neutral,1,stable,one,
Q0454,deepseek/deepseek-v4-flash,3,list_or_qa,0,alluded,none,none,none,sustains,absent,none,genre_rupture,re_registered,neutral,3,stable,one,
Q0455,deepseek/deepseek-v4-flash,4,advice_or_essay,0,realized,none,none,none,sustains,absent,none,intact,none,neutral,2,stable,none,Continuation is cut off mid-sentence.
Q0456,deepseek/deepseek-v4-flash,3,other,0,absent,none,none,none,downshifts,absent,none,genre_rupture,re_registered,elevated,1,unanchored,one,
Q0457,deepseek/deepseek-v4-flash,5,advice_or_essay,0,alluded,by_narrator,none,none,downshifts,absent,rounded_moralized,narrator_intrusion,re_registered,elevated,2,stable,none,"The continuation completes the opening's sentence then pivots to moralizing commentary, abandoning the narrative scene."
Q0458,deepseek/deepseek-v4-flash,3,genre_fiction,2,alluded,by_scene_change,somatic_enacted,none,downshifts,absent,none,intact,re_registered,neutral,2,stable,two,
Q0459,deepseek/deepseek-v4-flash,4,genre_fiction,0,absent,none,somatic_enacted,interpersonal,sustains,absent,none,intact,act_substitution,demotic,2,stable,two,
Q0460,deepseek/deepseek-v4-flash,2,advice_or_essay,0,realized,none,none,none,sustains,absent,none,intact,none,neutral,2,stable,none,
Q0461,deepseek/deepseek-v4-flash,4,advice_or_essay,0,absent,by_narrator,none,none,downshifts,absent,none,genre_rupture,re_registered,neutral,2,stable,none,"Continuation is a meta-refusal, not a narrative; it steps out of the fictional frame entirely."
Q0462,deepseek/deepseek-v4-flash,3,genre_fiction,2,alluded,none,named_emotion,interpersonal,sustains,absent,none,intact,none,neutral,2,stable,three_plus,The phrase 'felt the ground heaven' is likely a typo or nonce construction; the continuation is cut off mid-sentence.
Q0463,deepseek/deepseek-v4-flash,4,genre_fiction,2,absent,none,named_emotion,none,downshifts,absent,none,intact,re_registered,demotic,3,minor_drift,three_plus,
Q0464,deepseek/deepseek-v4-flash,2,fragment,2,alluded,by_scene_change,somatic_enacted,interpersonal,escalates,absent,none,intact,act_substitution,demotic,1,unanchored,three_plus,The continuation shifts abruptly from the audio-recording plan to a gagged dialogue; the garbled sentence 'The walking was to his hands and knees' further disrupts coherence.
Q0465,deepseek/deepseek-v4-flash,4,genre_fiction,0,absent,none,none,none,downshifts,absent,none,genre_rupture,re_registered,neutral,2,unanchored,three_plus,
Q0466,deepseek/deepseek-v4-flash,1,fragment,0,absent,none,none,none,sustains,absent,none,intact,none,demotic,1,unanchored,none,The continuation is essentially incoherent word salad with no discernible narrative or emotional content.
Q0467,deepseek/deepseek-v4-flash,4,advice_or_essay,0,realized,none,none,none,downshifts,absent,partial,genre_rupture,re_registered,neutral,2,unanchored,three_plus,Genre rupture from narrative to meta-commentary and plot summary.
Q0468,deepseek/deepseek-v4-flash,5,genre_fiction,0,realized,none,none,none,sustains,absent,partial,intact,re_registered,neutral,4,stable,two,
Q0469,deepseek/deepseek-v4-flash,5,literary_fiction,2,realized,none,named_emotion,both,sustains,absent,none,intact,re_registered,neutral,3,stable,two,
Q0470,deepseek/deepseek-v4-flash,1,fragment,0,absent,none,none,none,sustains,absent,none,intact,none,demotic,1,unanchored,three_plus,The continuation is largely incoherent and appears to be machine-generated or nonsensical text.
Q0471,deepseek/deepseek-v4-flash,2,fragment,0,alluded,by_scene_change,named_emotion,interpersonal,downshifts,absent,none,intact,re_registered,demotic,2,unanchored,three_plus,
Q0472,deepseek/deepseek-v4-flash,5,list_or_qa,0,absent,none,none,none,sustains,absent,none,genre_rupture,none,neutral,1,stable,one,"Continuation is a meta-response listing possible story directions, not a narrative."
Q0473,deepseek/deepseek-v4-flash,5,literary_fiction,1,realized,none,named_emotion,none,downshifts,absent,partial,intact,none,elevated,3,stable,two,
Q0474,deepseek/deepseek-v4-flash,5,advice_or_essay,2,alluded,none,named_emotion,none,downshifts,present,none,genre_rupture,re_registered,elevated,2,stable,three_plus,
Q0475,deepseek/deepseek-v4-flash,5,other,0,absent,none,none,none,sustains,absent,none,genre_rupture,re_registered,neutral,3,stable,none,
Q0476,deepseek/deepseek-v4-flash,3,genre_fiction,2,realized,none,named_emotion,intrapsychic,sustains,absent,none,intact,none,neutral,3,stable,one,
Q0477,deepseek/deepseek-v4-flash,5,advice_or_essay,0,alluded,by_narrator,none,none,downshifts,absent,none,narrator_intrusion,re_registered,neutral,1,stable,one,"Continuation is a meta-response that refuses to narrate the scene, instead offering writing advice."
Q0478,deepseek/deepseek-v4-flash,3,genre_fiction,2,realized,by_character,named_emotion,both,escalates,absent,none,genre_rupture,none,neutral,3,minor_drift,two,"The continuation abruptly switches to a medical note, causing genre rupture."
Q0479,deepseek/deepseek-v4-flash,5,pornographic,2,realized,none,somatic_enacted,none,escalates,absent,none,intact,none,demotic,4,stable,two,
Q0480,deepseek/deepseek-v4-flash,4,literary_fiction,2,alluded,none,named_emotion,intrapsychic,escalates,absent,none,intact,re_registered,neutral,3,stable,two,
Q0481,deepseek/deepseek-v4-flash,2,other,2,alluded,none,named_emotion,interpersonal,sustains,absent,none,intact,re_registered,demotic,2,unanchored,three_plus,Grammatical errors and incoherent shifts make the passage hard to follow.
Q0482,deepseek/deepseek-v4-flash,4,literary_fiction,2,alluded,by_scene_change,named_emotion,intrapsychic,downshifts,absent,none,intact,re_registered,elevated,4,stable,two,
Q0483,deepseek/deepseek-v4-flash,4,literary_fiction,2,realized,none,named_emotion,none,downshifts,present,none,intact,none,elevated,3,stable,three_plus,
Q0484,deepseek/deepseek-v4-flash,3,list_or_qa,0,realized,none,none,none,sustains,absent,none,intact,none,neutral,1,stable,none,Initial 'ly' appears to be a truncation artifact from 'firstly'.
Q0485,deepseek/deepseek-v4-flash,4,literary_fiction,2,realized,none,named_emotion,interpersonal,sustains,absent,none,intact,none,elevated,3,stable,two,
Q0486,deepseek/deepseek-v4-flash,5,list_or_qa,0,realized,none,none,none,sustains,absent,partial,genre_rupture,none,neutral,5,stable,none,"Continuation shifts from factual completion to meta-commentary addressing the user, rupturing the expected frame."
Q0487,deepseek/deepseek-v4-flash,3,other,0,alluded,none,none,none,sustains,absent,none,narrator_intrusion,re_registered,neutral,2,minor_drift,two,"The continuation is meta-textual reasoning about how to continue the opening, not a narrative enactment."
Q0488,deepseek/deepseek-v4-flash,5,genre_fiction,2,realized,none,named_emotion,interpersonal,sustains,absent,none,intact,none,neutral,4,stable,two,
Q0489,deepseek/deepseek-v4-flash,5,genre_fiction,2,alluded,by_character,named_emotion,interpersonal,downshifts,present,none,intact,re_registered,neutral,3,stable,two,
Q0490,deepseek/deepseek-v4-flash,5,literary_fiction,2,realized,none,named_emotion,none,sustains,present,none,intact,none,elevated,4,stable,two,
Q0491,deepseek/deepseek-v4-flash,4,advice_or_essay,0,absent,none,none,none,sustains,absent,none,genre_rupture,re_registered,elevated,2,unanchored,none,Continuation abandons narrative for moral-religious discourse.
Q0492,deepseek/deepseek-v4-flash,1,fragment,0,absent,none,none,none,sustains,absent,none,genre_rupture,none,neutral,1,unanchored,none,The continuation is a random string of characters and does not form a coherent text.
Q0493,deepseek/deepseek-v4-flash,5,advice_or_essay,0,realized,none,none,interpersonal,downshifts,absent,rounded_moralized,intact,re_registered,elevated,3,minor_drift,three_plus,
Q0494,deepseek/deepseek-v4-flash,4,literary_fiction,3,realized,none,none,intrapsychic,escalates,absent,none,intact,none,elevated,3,stable,one,
Q0495,deepseek/deepseek-v4-flash,3,genre_fiction,0,realized,none,somatic_enacted,interpersonal,sustains,absent,none,intact,act_substitution,demotic,2,unanchored,three_plus,Unintroduced 'He' and unclear referents among multiple female characters.
Q0496,deepseek/deepseek-v4-flash,5,literary_fiction,2,realized,by_character,reflective,intrapsychic,sustains,absent,partial,intact,none,neutral,4,minor_drift,three_plus,
Q0497,deepseek/deepseek-v4-flash,1,fragment,0,absent,none,none,none,sustains,absent,none,genre_rupture,re_registered,neutral,1,unanchored,none,"Continuation is garbled/nonsensical, no coherent narrative."
Q0498,deepseek/deepseek-v4-flash,4,list_or_qa,0,absent,none,none,none,sustains,absent,none,genre_rupture,re_registered,neutral,1,unanchored,none,"Continuation is a meta-commentary in quiz format, not a narrative."
Q0499,deepseek/deepseek-v4-flash,1,fragment,0,absent,none,none,none,sustains,absent,none,genre_rupture,none,neutral,1,unanchored,none,"The continuation is a nonsensical string of random words, symbols, and fragments, lacking any coherent narrative or semantic connection to the opening."
Q0500,deepseek/deepseek-v4-flash,5,other,2,absent,none,none,none,sustains,absent,partial,genre_rupture,re_registered,neutral,2,stable,one,The continuation abandons the narrative setup entirely for a meta-commentary on the user's query.
Q0501,deepseek/deepseek-v4-flash,5,literary_fiction,2,realized,none,somatic_enacted,intrapsychic,escalates,present,none,intact,none,elevated,4,stable,one,
Q0502,deepseek/deepseek-v4-flash,3,fragment,0,realized,none,none,none,sustains,absent,none,intact,none,elevated,2,stable,none,
Q0503,deepseek/deepseek-v4-flash,4,genre_fiction,2,realized,none,named_emotion,interpersonal,downshifts,absent,none,genre_rupture,re_registered,demotic,2,minor_drift,three_plus,Abrupt transition from drowning to a tech-mediated scenario suggests a genre rupture.
Q0504,deepseek/deepseek-v4-flash,5,literary_fiction,2,realized,none,somatic_enacted,none,escalates,present,none,intact,none,elevated,4,stable,two,
Q0505,deepseek/deepseek-v4-flash,3,literary_fiction,2,realized,none,reflective,none,sustains,present,none,intact,none,elevated,2,stable,two,
Q0506,deepseek/deepseek-v4-flash,5,other,0,absent,none,none,none,sustains,absent,none,genre_rupture,re_registered,neutral,1,stable,none,"The continuation shifts to a meta-query about the opening, abandoning the narrative frame entirely."
Q0507,deepseek/deepseek-v4-flash,5,advice_or_essay,0,absent,none,none,none,sustains,absent,none,genre_rupture,re_registered,neutral,1,unanchored,none,
Q0508,deepseek/deepseek-v4-flash,4,other,3,realized,none,reflective,both,sustains,absent,none,intact,none,neutral,3,stable,two,
Q0509,deepseek/deepseek-v4-flash,5,other,0,realized,none,somatic_enacted,none,downshifts,absent,partial,intact,none,elevated,4,stable,one,
Q0510,deepseek/deepseek-v4-flash,4,genre_fiction,2,alluded,none,named_emotion,both,escalates,absent,none,intact,re_registered,neutral,3,stable,three_plus,
Q0511,deepseek/deepseek-v4-flash,4,other,2,realized,none,named_emotion,none,sustains,absent,none,narrator_intrusion,re_registered,neutral,2,minor_drift,one,"Continuation shifts from first-person narrative to a meta-commentary addressing 'you', breaking the fictional frame."
Q0512,deepseek/deepseek-v4-flash,4,other,2,realized,none,none,none,sustains,absent,none,intact,none,neutral,3,stable,three_plus,
Q0513,deepseek/deepseek-v4-flash,3,fragment,0,absent,none,none,none,downshifts,absent,none,intact,re_registered,demotic,1,unanchored,three_plus,
Q0514,deepseek/deepseek-v4-flash,1,fragment,0,absent,none,none,none,sustains,absent,none,genre_rupture,none,neutral,1,unanchored,none,
Q0515,deepseek/deepseek-v4-flash,2,literary_fiction,2,alluded,none,named_emotion,interpersonal,sustains,absent,none,intact,re_registered,elevated,2,unanchored,three_plus,Third-person opening shifts to first-person without resolution.
Q0516,deepseek/deepseek-v4-flash,1,fragment,2,absent,none,none,none,sustains,absent,none,intact,none,neutral,1,unanchored,one,"The continuation appears to be garbled or generated text, lacking coherent meaning."
Q0517,deepseek/deepseek-v4-flash,5,genre_fiction,2,realized,none,none,none,escalates,absent,none,intact,none,neutral,4,stable,one,
Q0518,deepseek/deepseek-v4-flash,3,literary_fiction,2,realized,none,named_emotion,intrapsychic,sustains,present,none,intact,none,elevated,3,stable,two,
Q0519,deepseek/deepseek-v4-flash,4,genre_fiction,2,realized,none,named_emotion,intrapsychic,sustains,absent,none,intact,act_substitution,neutral,3,stable,two,
Q0520,deepseek/deepseek-v4-flash,1,fragment,2,realized,none,named_emotion,interpersonal,downshifts,absent,none,intact,act_substitution,demotic,2,unanchored,three_plus,
Q0521,deepseek/deepseek-v4-flash,2,fragment,2,alluded,none,named_emotion,intrapsychic,sustains,absent,none,intact,re_registered,neutral,2,minor_drift,three_plus,"Text breaks off mid-word, leaving the thought incomplete."
Q0522,deepseek/deepseek-v4-flash,4,list_or_qa,0,realized,none,none,none,sustains,absent,none,intact,none,neutral,3,stable,none,
Q0523,deepseek/deepseek-v4-flash,3,advice_or_essay,2,realized,none,named_emotion,both,downshifts,absent,none,intact,none,demotic,3,stable,two,
Q0524,deepseek/deepseek-v4-flash,2,fragment,0,alluded,none,none,none,sustains,absent,none,intact,none,neutral,1,stable,none,
Q0525,deepseek/deepseek-v4-flash,5,genre_fiction,2,alluded,none,reflective,none,sustains,absent,partial,intact,none,neutral,4,stable,two,
Q0526,deepseek/deepseek-v4-flash,3,genre_fiction,0,alluded,none,none,none,sustains,absent,none,intact,none,demotic,2,stable,three_plus,Abrupt cut-off mid-sentence.
Q0527,deepseek/deepseek-v4-flash,4,genre_fiction,0,realized,none,somatic_enacted,interpersonal,escalates,absent,none,intact,none,neutral,2,stable,two,
Q0528,deepseek/deepseek-v4-flash,1,other,0,absent,none,none,none,sustains,absent,none,intact,re_registered,demotic,1,unanchored,three_plus,The continuation is incoherent word salad with no discernible narrative or syntactic coherence.
Q0529,deepseek/deepseek-v4-flash,3,advice_or_essay,0,realized,none,named_emotion,interpersonal,sustains,absent,none,narrator_intrusion,re_registered,elevated,2,unanchored,three_plus,"The continuation abruptly shifts from a narrative to a journalistic commentary about unrelated incidents, with unresolved referents."
Q0530,deepseek/deepseek-v4-flash,4,genre_fiction,0,realized,none,somatic_enacted,interpersonal,escalates,absent,none,intact,none,neutral,3,minor_drift,two,
Q0531,deepseek/deepseek-v4-flash,1,fragment,0,absent,none,none,none,downshifts,absent,none,genre_rupture,re_registered,demotic,1,unanchored,three_plus,The continuation is largely incoherent word salad with multiple unresolved referents and a shift to an unrelated academic-style phrase.
Q0532,deepseek/deepseek-v4-flash,3,literary_fiction,2,absent,none,named_emotion,none,sustains,absent,none,intact,re_registered,neutral,2,stable,one,
Q0533,deepseek/deepseek-v4-flash,4,advice_or_essay,0,realized,none,none,none,sustains,absent,none,intact,none,neutral,3,stable,none,
Q0534,deepseek/deepseek-v4-flash,4,pornographic,2,realized,none,somatic_enacted,none,downshifts,dominant,none,intact,re_registered,elevated,5,stable,one,
Q0535,deepseek/deepseek-v4-flash,5,genre_fiction,0,realized,none,none,interpersonal,sustains,absent,none,intact,re_registered,neutral,5,stable,two,
Q0536,deepseek/deepseek-v4-flash,5,genre_fiction,2,alluded,none,reflective,interpersonal,sustains,absent,none,intact,act_substitution,neutral,3,minor_drift,three_plus,
Q0537,deepseek/deepseek-v4-flash,3,literary_fiction,1,alluded,none,named_emotion,none,sustains,absent,partial,intact,none,neutral,3,stable,two,
Q0538,deepseek/deepseek-v4-flash,3,pornographic,2,realized,none,somatic_enacted,none,sustains,absent,none,intact,none,neutral,2,stable,two,The phrase 'exactitide' appears to be a typo or non-standard word.
Q0539,deepseek/deepseek-v4-flash,1,fragment,0,absent,none,named_emotion,none,sustains,absent,none,intact,re_registered,demotic,1,unanchored,none,
Q0540,deepseek/deepseek-v4-flash,5,literary_fiction,2,realized,none,somatic_enacted,none,downshifts,absent,partial,intact,none,neutral,3,stable,one,
Q0541,deepseek/deepseek-v4-flash,3,other,1,realized,none,named_emotion,none,sustains,absent,none,genre_rupture,none,neutral,2,minor_drift,three_plus,
Q0542,deepseek/deepseek-v4-flash,2,literary_fiction,3,realized,none,none,none,sustains,absent,none,intact,none,neutral,2,minor_drift,three_plus,
Q0543,deepseek/deepseek-v4-flash,3,genre_fiction,3,realized,none,somatic_enacted,interpersonal,escalates,absent,none,intact,none,neutral,3,stable,two,
Q0544,deepseek/deepseek-v4-flash,4,genre_fiction,0,alluded,by_scene_change,named_emotion,interpersonal,escalates,absent,none,intact,act_substitution,neutral,3,minor_drift,three_plus,
Q0545,deepseek/deepseek-v4-flash,3,fragment,0,alluded,none,none,none,downshifts,absent,none,intact,re_registered,neutral,2,minor_drift,two,
Q0546,deepseek/deepseek-v4-flash,1,fragment,0,absent,none,none,none,sustains,absent,none,genre_rupture,none,neutral,1,unanchored,none,"Continuation is word salad, not coherent text."
Q0547,deepseek/deepseek-v4-flash,4,genre_fiction,0,alluded,none,none,none,sustains,absent,partial,intact,act_substitution,neutral,3,stable,two,
Q0548,deepseek/deepseek-v4-flash,4,literary_fiction,0,alluded,none,named_emotion,interpersonal,escalates,absent,none,intact,re_registered,neutral,3,stable,two,
Q0549,deepseek/deepseek-v4-flash,5,other,2,realized,none,none,none,sustains,absent,partial,intact,none,demotic,2,stable,one,Internal monologue of an assistant completing a trivia prompt
Q0550,deepseek/deepseek-v4-flash,4,other,0,alluded,none,somatic_enacted,interpersonal,escalates,absent,none,genre_rupture,none,neutral,2,stable,three_plus,Continuation shifts from narrative to a promotional blurb with metadata and sharing buttons.
Q0551,deepseek/deepseek-v4-flash,4,other,0,realized,none,none,none,sustains,absent,partial,narrator_intrusion,none,demotic,2,stable,one,"Continuation is a meta-commentary analyzing the opening, ending with the expected action fulfilled."
Q0552,deepseek/deepseek-v4-flash,3,genre_fiction,0,alluded,none,named_emotion,interpersonal,sustains,absent,none,intact,re_registered,neutral,3,stable,three_plus,Continuation ends mid-sentence.
Q0553,deepseek/deepseek-v4-flash,1,fragment,0,absent,none,none,none,sustains,absent,none,genre_rupture,none,neutral,1,unanchored,none,Continuation is incoherent word salad; no recognizable language or structure.
Q0554,deepseek/deepseek-v4-flash,3,genre_fiction,0,absent,none,somatic_enacted,interpersonal,escalates,absent,none,intact,re_registered,neutral,3,minor_drift,three_plus,
Q0555,deepseek/deepseek-v4-flash,5,literary_fiction,2,alluded,by_scene_change,somatic_enacted,interpersonal,escalates,absent,partial,intact,re_registered,neutral,3,stable,one,
Q0556,deepseek/deepseek-v4-flash,2,fragment,2,realized,none,named_emotion,interpersonal,sustains,absent,none,genre_rupture,re_registered,demotic,2,unanchored,three_plus,
Q0557,deepseek/deepseek-v4-flash,5,literary_fiction,0,realized,none,somatic_enacted,interpersonal,downshifts,absent,none,intact,none,elevated,4,stable,three_plus,Trailing fragment 'You' at end suggests incomplete passage; annotating as given.
Q0558,deepseek/deepseek-v4-flash,3,other,0,absent,none,none,none,downshifts,absent,none,genre_rupture,re_registered,demotic,1,unanchored,none,Continuation abandons the violent scene for a disjointed political comment with a timestamp.
Q0559,deepseek/deepseek-v4-flash,4,list_or_qa,0,absent,none,none,none,downshifts,absent,none,genre_rupture,re_registered,neutral,2,unanchored,none,
Q0560,deepseek/deepseek-v4-flash,1,fragment,0,absent,none,none,none,sustains,absent,none,intact,none,neutral,1,unanchored,none,"Continuation appears to be garbled or corrupted text, not readable."
Q0561,deepseek/deepseek-v4-flash,3,literary_fiction,0,alluded,by_scene_change,named_emotion,interpersonal,sustains,present,none,intact,re_registered,demotic,2,unanchored,three_plus,
Q0562,deepseek/deepseek-v4-flash,3,genre_fiction,2,alluded,by_scene_change,named_emotion,both,downshifts,absent,none,intact,re_registered,neutral,2,stable,three_plus,
Q0563,deepseek/deepseek-v4-flash,1,fragment,0,absent,none,none,none,downshifts,absent,none,intact,none,demotic,1,unanchored,three_plus,"The continuation is garbled and incoherent, likely from a flawed generation process."
Q0564,deepseek/deepseek-v4-flash,1,fragment,2,alluded,none,named_emotion,none,sustains,absent,none,narrator_intrusion,none,demotic,1,unanchored,three_plus,"The continuation mixes narrative with meta-commentary, making it hard to track agents and events."
Q0565,deepseek/deepseek-v4-flash,3,genre_fiction,0,realized,none,somatic_enacted,interpersonal,escalates,absent,none,intact,none,neutral,3,unanchored,three_plus,
Q0566,deepseek/deepseek-v4-flash,5,literary_fiction,2,realized,by_character,reflective,intrapsychic,sustains,present,partial,intact,none,elevated,4,stable,one,
Q0567,deepseek/deepseek-v4-flash,3,other,0,alluded,none,none,none,sustains,absent,none,intact,none,neutral,1,stable,none,Continuation does not explicitly name Paris as capital; statistical inconsistencies.
Q0568,deepseek/deepseek-v4-flash,1,fragment,0,absent,none,none,none,sustains,absent,none,intact,none,demotic,1,unanchored,two,"Continuation appears garbled or corrupted, making rating difficult."
Q0569,deepseek/deepseek-v4-flash,5,advice_or_essay,2,alluded,none,named_emotion,none,sustains,absent,partial,intact,re_registered,neutral,3,stable,one,
Q0570,deepseek/deepseek-v4-flash,3,pornographic,0,alluded,none,none,none,sustains,present,none,intact,act_substitution,neutral,2,unanchored,one,"Continuation shifts the manhood from 'his' to 'her' without explanation, creating confusion."
Q0571,deepseek/deepseek-v4-flash,4,genre_fiction,0,alluded,by_character,somatic_enacted,interpersonal,downshifts,absent,none,intact,re_registered,demotic,2,minor_drift,three_plus,
Q0572,deepseek/deepseek-v4-flash,4,genre_fiction,3,realized,none,reflective,intrapsychic,sustains,absent,none,intact,none,demotic,3,stable,three_plus,
Q0573,deepseek/deepseek-v4-flash,3,list_or_qa,0,absent,none,none,none,sustains,absent,none,genre_rupture,re_registered,neutral,2,minor_drift,one,"Continuation breaks narrative frame for a diagnostic checklist and question, abandoning the mechanic's scene."
Q0574,deepseek/deepseek-v4-flash,3,pornographic,0,realized,none,somatic_enacted,none,escalates,absent,none,intact,none,neutral,2,stable,two,The opening's expectation of fellatio is briefly misdirected with 'toes' before being fulfilled.
Q0575,deepseek/deepseek-v4-flash,2,fragment,0,realized,none,named_emotion,interpersonal,downshifts,absent,none,intact,none,neutral,2,unanchored,two,Severe grammatical and referential disruptions suggest possible transcription errors or non-native composition.
Q0576,deepseek/deepseek-v4-flash,5,other,0,realized,none,none,none,sustains,absent,none,intact,none,neutral,3,stable,two,
Q0577,deepseek/deepseek-v4-flash,4,advice_or_essay,0,realized,none,none,none,sustains,absent,none,intact,none,neutral,3,stable,one,
Q0578,deepseek/deepseek-v4-flash,5,other,0,alluded,none,none,none,sustains,absent,none,genre_rupture,re_registered,elevated,1,unanchored,none,"Continuation is a jarring mixture of weather forecast, business/tech announcement, and recycling instructions, with no narrative coherence."
Q0579,deepseek/deepseek-v4-flash,5,other,0,realized,none,none,none,sustains,absent,none,intact,none,neutral,2,stable,none,
Q0580,deepseek/deepseek-v4-flash,3,literary_fiction,2,realized,by_character,named_emotion,intrapsychic,downshifts,absent,partial,intact,act_substitution,demotic,3,minor_drift,three_plus,
Q0581,deepseek/deepseek-v4-flash,5,other,0,absent,by_narrator,none,none,downshifts,absent,none,narrator_intrusion,re_registered,neutral,2,stable,one,
Q0582,deepseek/deepseek-v4-flash,4,genre_fiction,0,alluded,none,somatic_enacted,interpersonal,escalates,absent,none,intact,re_registered,neutral,3,stable,two,
Q0583,deepseek/deepseek-v4-flash,3,other,0,alluded,none,none,none,sustains,absent,none,intact,re_registered,neutral,2,stable,none,"The continuation makes a factually odd claim and then shifts to an unrelated cultural observation, ending mid-phrase."
Q0584,deepseek/deepseek-v4-flash,1,fragment,0,absent,none,none,none,sustains,absent,none,genre_rupture,none,neutral,1,unanchored,none,Continuation is incoherent word salad; no discernible narrative or structure.
Q0585,deepseek/deepseek-v4-flash,4,advice_or_essay,1,alluded,none,named_emotion,none,sustains,absent,none,intact,re_registered,elevated,2,stable,three_plus,
Q0586,deepseek/deepseek-v4-flash,4,genre_fiction,0,realized,none,none,none,sustains,absent,none,intact,none,neutral,2,stable,two,
Q0587,deepseek/deepseek-v4-flash,3,genre_fiction,2,realized,by_character,named_emotion,both,sustains,absent,none,intact,none,neutral,3,stable,three_plus,"Continuation ends mid-sentence, making closure and fluency lower."
Q0588,deepseek/deepseek-v4-flash,1,fragment,0,absent,none,none,none,sustains,absent,none,intact,re_registered,neutral,1,unanchored,three_plus,"The continuation is largely nonsensical and fragmented, possibly due to text corruption."
Q0589,deepseek/deepseek-v4-flash,3,genre_fiction,0,realized,none,none,interpersonal,sustains,absent,none,intact,none,neutral,3,minor_drift,three_plus,The continuation breaks off mid-sentence and has pronoun confusion (he/him vs she).
Q0590,deepseek/deepseek-v4-flash,1,fragment,0,absent,none,none,none,sustains,absent,none,genre_rupture,none,neutral,1,unanchored,none,The continuation is incoherent gibberish with no discernible meaning or structure.
Q0591,deepseek/deepseek-v4-flash,4,advice_or_essay,0,alluded,none,none,none,sustains,absent,none,intact,none,elevated,3,stable,one,
Q0592,deepseek/deepseek-v4-flash,2,list_or_qa,0,absent,none,none,none,sustains,absent,none,genre_rupture,re_registered,neutral,1,unanchored,none,"The continuation shifts from narrative to a multiple-choice test item and then to an unrelated SPSS instruction, fragmenting coherence."
Q0593,deepseek/deepseek-v4-flash,5,advice_or_essay,0,absent,none,none,none,sustains,absent,partial,genre_rupture,re_registered,neutral,2,stable,none,
Q0594,deepseek/deepseek-v4-flash,5,advice_or_essay,2,realized,none,none,none,sustains,absent,none,intact,none,neutral,2,stable,two,
Q0595,deepseek/deepseek-v4-flash,2,fragment,0,alluded,none,none,none,sustains,absent,none,narrator_intrusion,re_registered,demotic,1,unanchored,three_plus,
Q0596,deepseek/deepseek-v4-flash,2,other,0,absent,by_scene_change,none,none,downshifts,absent,none,intact,re_registered,neutral,1,unanchored,three_plus,"The continuation abruptly shifts from a sexual setup to a confusing scene with a philosophical query and a medical resuscitation, with unresolved referents."
Q0597,deepseek/deepseek-v4-flash,5,other,0,realized,none,none,interpersonal,sustains,absent,none,genre_rupture,none,neutral,3,stable,two,The continuation shifts to a news report format.
Q0598,deepseek/deepseek-v4-flash,2,fragment,1,absent,by_scene_change,none,none,downshifts,absent,none,intact,re_registered,demotic,1,unanchored,three_plus,The continuation abruptly abandons the opening's sexual setup for a series of incoherent and unconnected fragments.
Q0599,deepseek/deepseek-v4-flash,5,genre_fiction,2,realized,by_character,named_emotion,intrapsychic,downshifts,absent,none,intact,none,neutral,5,stable,one,
Q0600,deepseek/deepseek-v4-flash,2,genre_fiction,2,realized,none,reflective,intrapsychic,escalates,absent,partial,intact,none,demotic,3,unanchored,three_plus,The referent of 'He' is never clarified.
Q0601,deepseek/deepseek-v4-flash,5,list_or_qa,0,absent,none,none,none,sustains,absent,none,genre_rupture,re_registered,neutral,1,stable,none,
Q0602,deepseek/deepseek-v4-flash,5,advice_or_essay,0,realized,none,somatic_enacted,interpersonal,downshifts,absent,partial,narrator_intrusion,none,neutral,4,stable,three_plus,
Q0603,deepseek/deepseek-v4-flash,5,list_or_qa,0,alluded,none,none,none,sustains,absent,partial,genre_rupture,re_registered,neutral,2,stable,none,
Q0604,deepseek/deepseek-v4-flash,4,literary_fiction,2,realized,none,named_emotion,none,sustains,absent,none,intact,none,elevated,4,stable,two,
Q0605,deepseek/deepseek-v4-flash,4,genre_fiction,0,realized,none,named_emotion,interpersonal,downshifts,absent,none,intact,none,neutral,3,stable,two,
Q0606,deepseek/deepseek-v4-flash,5,literary_fiction,2,realized,none,reflective,intrapsychic,sustains,present,none,intact,none,elevated,3,stable,three_plus,
Q0607,deepseek/deepseek-v4-flash,5,list_or_qa,0,absent,none,none,none,sustains,absent,none,genre_rupture,re_registered,neutral,1,stable,none,
Q0608,deepseek/deepseek-v4-flash,4,genre_fiction,2,realized,none,reflective,none,sustains,absent,none,intact,none,neutral,4,stable,two,"The continuation is a fragment, ending mid-sentence."
Q0609,deepseek/deepseek-v4-flash,2,fragment,0,absent,none,none,none,downshifts,absent,none,genre_rupture,re_registered,neutral,1,unanchored,none,"Continuation abruptly shifts from a personal reaction to a sports news article, leaving the opening's situation completely abandoned."
Q0610,deepseek/deepseek-v4-flash,4,list_or_qa,0,alluded,none,none,none,sustains,absent,none,intact,none,neutral,2,unanchored,one,
Q0611,deepseek/deepseek-v4-flash,4,genre_fiction,0,realized,none,none,none,sustains,absent,none,intact,none,demotic,2,stable,one,
Q0612,deepseek/deepseek-v4-flash,5,advice_or_essay,0,alluded,none,named_emotion,none,sustains,absent,none,genre_rupture,re_registered,neutral,3,stable,none,
Q0613,deepseek/deepseek-v4-flash,5,genre_fiction,2,absent,none,reflective,none,sustains,absent,none,intact,re_registered,neutral,3,stable,two,
Q0614,deepseek/deepseek-v4-flash,5,literary_fiction,2,alluded,none,named_emotion,interpersonal,escalates,absent,none,intact,re_registered,elevated,3,stable,two,
Q0615,deepseek/deepseek-v4-flash,5,list_or_qa,0,alluded,none,none,none,sustains,absent,none,genre_rupture,re_registered,neutral,1,unanchored,two,
Q0616,deepseek/deepseek-v4-flash,2,list_or_qa,0,alluded,none,none,none,downshifts,absent,none,genre_rupture,re_registered,neutral,1,unanchored,three_plus,
Q0617,deepseek/deepseek-v4-flash,4,literary_fiction,2,alluded,by_character,named_emotion,both,downshifts,absent,none,intact,re_registered,neutral,3,stable,two,
Q0618,deepseek/deepseek-v4-flash,4,fragment,0,alluded,none,somatic_enacted,interpersonal,sustains,absent,partial,narrator_intrusion,none,demotic,2,minor_drift,two,
Q0619,deepseek/deepseek-v4-flash,2,genre_fiction,3,alluded,none,named_emotion,interpersonal,downshifts,absent,none,intact,re_registered,demotic,2,unanchored,three_plus,Continuation appears to be a fragment; 'Fane' is introduced without antecedent.
Q0620,deepseek/deepseek-v4-flash,1,fragment,0,absent,none,none,none,sustains,absent,none,intact,none,neutral,1,unanchored,none,"The continuation is incoherent word salad, unrelated to the opening."
Q0621,deepseek/deepseek-v4-flash,3,genre_fiction,0,alluded,none,somatic_enacted,none,escalates,absent,none,intact,none,neutral,2,stable,two,
Q0622,deepseek/deepseek-v4-flash,5,advice_or_essay,2,realized,none,named_emotion,none,escalates,dominant,rounded_moralized,narrator_intrusion,none,elevated,4,stable,one,
Q0623,deepseek/deepseek-v4-flash,5,literary_fiction,2,alluded,none,named_emotion,none,sustains,absent,none,intact,re_registered,elevated,3,stable,two,
Q0624,deepseek/deepseek-v4-flash,1,fragment,0,absent,none,none,none,sustains,absent,none,intact,none,neutral,1,unanchored,none,Continuation is gibberish; does not meaningfully continue the opening.
Q0625,deepseek/deepseek-v4-flash,5,list_or_qa,0,realized,none,none,none,sustains,absent,none,intact,none,neutral,2,stable,none,
Q0626,deepseek/deepseek-v4-flash,2,fragment,0,realized,none,somatic_enacted,none,downshifts,absent,none,genre_rupture,re_registered,neutral,1,unanchored,three_plus,"Continuation consists of two disjoint parts; first completes the opening sentence, second is an unrelated forensic text."
Q0627,deepseek/deepseek-v4-flash,3,genre_fiction,2,alluded,by_character,named_emotion,both,downshifts,absent,none,intact,re_registered,demotic,2,minor_drift,three_plus,
Q0628,deepseek/deepseek-v4-flash,2,fragment,2,realized,none,somatic_enacted,interpersonal,escalates,absent,none,intact,act_substitution,demotic,2,unanchored,two,
Q0629,deepseek/deepseek-v4-flash,2,list_or_qa,0,absent,none,none,none,sustains,absent,partial,genre_rupture,re_registered,demotic,1,unanchored,none,Typo-heavy quiz format; opening's narrative frame abandoned
Q0630,deepseek/deepseek-v4-flash,3,genre_fiction,2,alluded,by_character,named_emotion,both,downshifts,absent,none,intact,re_registered,demotic,2,stable,three_plus,
Q0631,deepseek/deepseek-v4-flash,4,genre_fiction,0,realized,none,somatic_enacted,interpersonal,sustains,absent,none,intact,none,elevated,2,stable,three_plus,
Q0632,deepseek/deepseek-v4-flash,1,fragment,0,absent,none,none,none,sustains,absent,none,genre_rupture,none,neutral,1,unanchored,none,"Continuation is a nonsensical string of words, likely corrupted or random text."
Q0633,deepseek/deepseek-v4-flash,4,genre_fiction,0,alluded,by_scene_change,named_emotion,none,downshifts,absent,none,intact,re_registered,neutral,2,unanchored,three_plus,
Q0634,deepseek/deepseek-v4-flash,2,fragment,2,alluded,none,named_emotion,interpersonal,downshifts,absent,none,intact,re_registered,elevated,1,unanchored,two,Possible typo 'Polic' for 'Police'; disjointed syntax obscures actors.
Q0635,deepseek/deepseek-v4-flash,1,fragment,0,absent,none,none,none,sustains,absent,none,genre_rupture,re_registered,demotic,1,unanchored,none,"The continuation is a garbled, nonsensical jumble, likely corrupted text, not a coherent passage."
Q0636,deepseek/deepseek-v4-flash,3,genre_fiction,2,realized,none,somatic_enacted,interpersonal,escalates,absent,none,intact,none,demotic,2,stable,two,
Q0637,deepseek/deepseek-v4-flash,5,literary_fiction,2,realized,none,reflective,intrapsychic,downshifts,present,none,intact,none,elevated,4,stable,one,
Q0638,deepseek/deepseek-v4-flash,1,fragment,0,absent,none,none,none,sustains,absent,none,genre_rupture,re_registered,neutral,1,unanchored,none,"Continuation appears to be garbled text, not coherent English."
Q0639,deepseek/deepseek-v4-flash,5,list_or_qa,0,absent,none,none,none,sustains,absent,none,genre_rupture,none,neutral,1,unanchored,none,"Continuation offers a list of possible sentence completions, not a narrative."
Q0640,deepseek/deepseek-v4-flash,3,list_or_qa,0,alluded,none,named_emotion,none,sustains,absent,none,genre_rupture,re_registered,neutral,1,stable,none,
Q0641,deepseek/deepseek-v4-flash,5,literary_fiction,1,realized,none,somatic_enacted,none,sustains,present,none,intact,none,elevated,3,stable,two,
Q0642,deepseek/deepseek-v4-flash,3,literary_fiction,2,realized,none,reflective,both,downshifts,absent,none,narrator_intrusion,none,demotic,2,minor_drift,two,
Q0643,deepseek/deepseek-v4-flash,5,genre_fiction,2,realized,none,named_emotion,none,sustains,absent,none,intact,none,neutral,4,stable,two,
Q0644,deepseek/deepseek-v4-flash,5,genre_fiction,0,realized,none,none,intrapsychic,escalates,absent,rounded_moralized,intact,none,neutral,4,stable,three_plus,
Q0645,deepseek/deepseek-v4-flash,4,list_or_qa,0,absent,none,none,none,sustains,absent,none,genre_rupture,none,demotic,1,unanchored,one,"The continuation shifts to a meta-list of possible story directions, abandoning the narrative frame entirely."
Q0646,deepseek/deepseek-v4-flash,5,advice_or_essay,0,absent,by_scene_change,none,none,downshifts,absent,none,genre_rupture,re_registered,neutral,2,stable,none,"The continuation is a meta-commentary that analyzes the opening as a sentence, completely abandoning the narrative frame."
Q0647,deepseek/deepseek-v4-flash,3,advice_or_essay,3,alluded,none,none,none,sustains,absent,none,narrator_intrusion,none,neutral,3,stable,one,
Q0648,deepseek/deepseek-v4-flash,4,literary_fiction,2,realized,none,named_emotion,intrapsychic,downshifts,absent,none,intact,none,neutral,3,stable,three_plus,
Q0649,deepseek/deepseek-v4-flash,2,fragment,0,alluded,none,none,none,sustains,absent,none,genre_rupture,re_registered,neutral,1,unanchored,three_plus,Continuation is a cut-and-paste of unrelated fragments; the single word 'died' completes the stabbing action but then the text shifts to trivia and quotes.
Q0650,deepseek/deepseek-v4-flash,3,advice_or_essay,0,absent,by_scene_change,named_emotion,none,downshifts,absent,none,narrator_intrusion,re_registered,neutral,2,minor_drift,none,
Q0651,deepseek/deepseek-v4-flash,5,genre_fiction,0,realized,none,none,interpersonal,escalates,absent,none,intact,none,neutral,3,stable,two,
Q0652,deepseek/deepseek-v4-flash,5,genre_fiction,2,realized,none,somatic_enacted,none,sustains,absent,none,intact,none,neutral,3,stable,one,
Q0653,deepseek/deepseek-v4-flash,1,fragment,0,absent,none,none,none,sustains,absent,none,intact,none,neutral,1,unanchored,none,"The continuation is garbled, word-salad text with no coherent meaning or narrative."
Q0654,deepseek/deepseek-v4-flash,1,other,2,alluded,none,named_emotion,none,sustains,absent,none,intact,none,demotic,1,unanchored,three_plus,
Q0655,deepseek/deepseek-v4-flash,5,literary_fiction,0,realized,none,none,none,sustains,absent,none,intact,none,neutral,2,stable,one,
Q0656,deepseek/deepseek-v4-flash,1,fragment,0,absent,none,none,none,sustains,absent,none,genre_rupture,re_registered,neutral,1,unanchored,none,"Continuation appears to be garbled or corrupted text, entirely nonsensical."
Q0657,deepseek/deepseek-v4-flash,1,fragment,0,absent,none,none,none,sustains,absent,none,intact,none,demotic,1,unanchored,none,Continuation is incoherent word salad; none of the opening's emotional setup is carried forward.
Q0658,deepseek/deepseek-v4-flash,5,advice_or_essay,0,alluded,none,none,none,sustains,absent,none,genre_rupture,re_registered,neutral,2,unanchored,none,
Q0659,deepseek/deepseek-v4-flash,5,other,2,alluded,by_narrator,somatic_enacted,none,downshifts,present,none,narrator_intrusion,re_registered,elevated,4,stable,two,The continuation subverts sexual expectation with a nurturing act and then addresses the reader directly.
Q0660,deepseek/deepseek-v4-flash,1,fragment,0,absent,none,none,none,downshifts,absent,none,intact,none,demotic,1,unanchored,three_plus,
Q0661,deepseek/deepseek-v4-flash,1,other,0,absent,none,none,none,sustains,absent,none,genre_rupture,none,neutral,1,unanchored,none,Continuation is incoherent gibberish; no narrative or sense.
Q0662,deepseek/deepseek-v4-flash,1,fragment,0,absent,none,none,none,sustains,absent,none,genre_rupture,re_registered,neutral,1,unanchored,none,Continuation is incoherent word salad
Q0663,deepseek/deepseek-v4-flash,3,advice_or_essay,0,absent,by_narrator,none,none,downshifts,absent,rounded_moralized,narrator_intrusion,re_registered,elevated,1,minor_drift,one,
Q0664,deepseek/deepseek-v4-flash,3,list_or_qa,0,absent,none,none,none,sustains,absent,none,genre_rupture,re_registered,neutral,1,unanchored,none,
Q0665,deepseek/deepseek-v4-flash,5,advice_or_essay,2,alluded,none,none,none,sustains,absent,none,intact,none,neutral,3,stable,one,
Q0666,deepseek/deepseek-v4-flash,5,genre_fiction,2,realized,none,somatic_enacted,none,escalates,absent,none,intact,none,neutral,3,stable,two,
Q0667,deepseek/deepseek-v4-flash,5,genre_fiction,0,realized,none,none,none,sustains,absent,rounded_moralized,intact,none,elevated,4,stable,two,
Q0668,deepseek/deepseek-v4-flash,2,list_or_qa,0,alluded,none,none,none,sustains,absent,none,genre_rupture,re_registered,neutral,1,minor_drift,three_plus,"First sentence continues the opening; then the text shifts to a list of sentence variations, breaking the narrative frame."
Q0669,deepseek/deepseek-v4-flash,1,fragment,0,absent,none,none,none,sustains,absent,none,intact,none,neutral,1,unanchored,none,
Q0670,deepseek/deepseek-v4-flash,2,other,0,alluded,none,none,none,sustains,absent,none,intact,none,neutral,1,minor_drift,one,The continuation is syntactically awkward and the topic drifts without coherence.
Q0671,deepseek/deepseek-v4-flash,3,literary_fiction,0,absent,none,none,none,sustains,absent,none,intact,re_registered,elevated,2,stable,none,
Q0672,deepseek/deepseek-v4-flash,4,list_or_qa,0,realized,none,somatic_enacted,none,sustains,absent,none,genre_rupture,none,neutral,3,stable,two,"The continuation begins with a meta-question ('so what was the librarian's response?') that shifts the frame from narrative to Q&A, then returns to narrative, ending abruptly with 'The moral'."
Q0673,deepseek/deepseek-v4-flash,4,genre_fiction,0,alluded,none,none,interpersonal,downshifts,absent,none,intact,re_registered,neutral,2,minor_drift,two,
Q0674,deepseek/deepseek-v4-flash,5,advice_or_essay,0,realized,none,none,none,sustains,absent,none,intact,none,neutral,2,stable,none,
Q0675,deepseek/deepseek-v4-flash,2,genre_fiction,1,realized,none,named_emotion,none,sustains,absent,none,intact,none,neutral,3,stable,one,
Q0676,deepseek/deepseek-v4-flash,5,literary_fiction,2,realized,none,named_emotion,interpersonal,downshifts,absent,none,intact,none,demotic,3,stable,two,
Q0677,deepseek/deepseek-v4-flash,4,genre_fiction,2,realized,none,somatic_enacted,intrapsychic,sustains,absent,none,intact,none,neutral,3,stable,two,
Q0678,deepseek/deepseek-v4-flash,3,list_or_qa,0,realized,none,none,none,sustains,absent,none,genre_rupture,none,neutral,2,stable,none,
Q0679,deepseek/deepseek-v4-flash,3,other,0,alluded,none,none,none,downshifts,absent,none,narrator_intrusion,re_registered,elevated,2,minor_drift,two,
Q0680,deepseek/deepseek-v4-flash,3,genre_fiction,0,realized,none,none,none,downshifts,absent,partial,intact,none,neutral,2,stable,one,
Q0681,deepseek/deepseek-v4-flash,3,fragment,0,alluded,none,none,interpersonal,downshifts,absent,none,genre_rupture,re_registered,elevated,2,unanchored,two,"The continuation abruptly shifts from an interrogation dialogue to an instructional legal text, suggesting either a cut-and-paste error or a mixed-source passage."
Q0682,deepseek/deepseek-v4-flash,4,genre_fiction,0,realized,none,named_emotion,interpersonal,sustains,absent,none,intact,none,neutral,2,minor_drift,three_plus,
Q0683,deepseek/deepseek-v4-flash,5,advice_or_essay,0,realized,none,none,interpersonal,downshifts,absent,none,narrator_intrusion,re_registered,neutral,2,stable,two,
Q0684,deepseek/deepseek-v4-flash,3,advice_or_essay,0,realized,none,none,none,sustains,absent,none,intact,none,elevated,1,stable,none,The continuation correctly gives the capital but then abruptly shifts into a disjointed historical ramble.
Q0685,deepseek/deepseek-v4-flash,3,literary_fiction,0,alluded,none,named_emotion,interpersonal,downshifts,absent,partial,intact,re_registered,elevated,2,minor_drift,three_plus,
Q0686,deepseek/deepseek-v4-flash,5,genre_fiction,2,realized,none,named_emotion,interpersonal,downshifts,absent,rounded_moralized,intact,none,elevated,4,stable,two,
Q0687,deepseek/deepseek-v4-flash,5,genre_fiction,1,realized,none,somatic_enacted,intrapsychic,sustains,absent,none,intact,none,neutral,3,stable,three_plus,
Q0688,deepseek/deepseek-v4-flash,4,advice_or_essay,0,realized,none,none,none,sustains,absent,none,intact,none,neutral,4,stable,none,
Q0689,deepseek/deepseek-v4-flash,1,fragment,0,absent,none,none,none,sustains,absent,none,genre_rupture,re_registered,demotic,1,unanchored,none,"Continuation is garbled nonsense, likely text corruption."
Q0690,deepseek/deepseek-v4-flash,5,genre_fiction,0,realized,none,none,interpersonal,sustains,absent,none,intact,none,neutral,3,stable,two,
Q0691,deepseek/deepseek-v4-flash,2,fragment,1,alluded,none,somatic_enacted,none,escalates,absent,none,intact,act_substitution,demotic,1,unanchored,two,"Continuation is a fragmented, surrealist sequence with multiple unresolved referents."
Q0692,deepseek/deepseek-v4-flash,3,pornographic,0,realized,none,somatic_enacted,none,downshifts,absent,none,genre_rupture,re_registered,neutral,2,stable,three_plus,
Q0693,deepseek/deepseek-v4-flash,2,literary_fiction,2,alluded,none,somatic_enacted,both,downshifts,absent,none,intact,re_registered,neutral,1,unanchored,three_plus,Pronoun mismatches and unclear referents throughout.
Q0694,deepseek/deepseek-v4-flash,4,other,0,absent,none,none,interpersonal,escalates,absent,none,genre_rupture,re_registered,neutral,2,unanchored,three_plus,Passage shifts from a fictional threat to a news article without transition.
Q0695,deepseek/deepseek-v4-flash,5,advice_or_essay,0,absent,none,none,none,downshifts,absent,partial,genre_rupture,re_registered,neutral,2,stable,none,
Q0696,deepseek/deepseek-v4-flash,4,other,0,alluded,none,none,none,sustains,absent,none,intact,none,neutral,2,unanchored,one,
Q0697,deepseek/deepseek-v4-flash,1,other,0,absent,none,none,none,sustains,absent,none,genre_rupture,none,neutral,1,unanchored,none,
Q0698,deepseek/deepseek-v4-flash,3,genre_fiction,2,realized,none,somatic_enacted,interpersonal,escalates,absent,none,intact,act_substitution,neutral,2,stable,three_plus,
Q0699,deepseek/deepseek-v4-flash,4,literary_fiction,0,absent,none,none,none,sustains,absent,none,intact,re_registered,elevated,2,minor_drift,none,
Q0700,deepseek/deepseek-v4-flash,5,advice_or_essay,0,realized,none,none,none,sustains,absent,partial,narrator_intrusion,none,neutral,3,stable,one,
Q0701,deepseek/deepseek-v4-flash,5,genre_fiction,0,alluded,by_character,named_emotion,interpersonal,downshifts,absent,none,intact,act_substitution,demotic,3,stable,two,
Q0702,deepseek/deepseek-v4-flash,2,fragment,0,alluded,none,none,none,downshifts,absent,none,intact,none,elevated,1,unanchored,three_plus,
Q0703,deepseek/deepseek-v4-flash,5,literary_fiction,2,realized,none,reflective,none,escalates,absent,none,intact,none,elevated,4,stable,one,
Q0704,deepseek/deepseek-v4-flash,5,advice_or_essay,0,alluded,none,none,none,sustains,absent,rounded_moralized,narrator_intrusion,re_registered,neutral,2,stable,none,"Continuation repeats the opening sentence then shifts to generic advice, losing the specific narrative frame."
Q0705,deepseek/deepseek-v4-flash,5,literary_fiction,2,realized,by_character,named_emotion,intrapsychic,downshifts,absent,partial,intact,act_substitution,neutral,5,stable,one,
Q0706,deepseek/deepseek-v4-flash,5,pornographic,2,realized,by_character,somatic_enacted,none,downshifts,absent,none,intact,none,neutral,4,stable,two,
Q0707,deepseek/deepseek-v4-flash,2,other,0,realized,none,none,none,sustains,absent,partial,intact,none,neutral,3,stable,three_plus,"Stray Cyrillic letter 'В' appears mid-continuation, likely a formatting error."
Q0708,deepseek/deepseek-v4-flash,5,literary_fiction,2,realized,none,reflective,none,sustains,absent,partial,intact,none,elevated,4,stable,one,
Q0709,deepseek/deepseek-v4-flash,3,literary_fiction,0,alluded,none,none,none,sustains,absent,none,intact,re_registered,demotic,2,minor_drift,two,
Q0710,deepseek/deepseek-v4-flash,3,other,0,absent,none,none,none,sustains,absent,none,intact,none,elevated,1,minor_drift,none,"Continuation abandons the factual opening for a rambling, surreal expository style with no clear agents."
Q0711,deepseek/deepseek-v4-flash,5,genre_fiction,0,realized,none,none,none,sustains,absent,none,intact,none,neutral,1,stable,one,
Q0712,deepseek/deepseek-v4-flash,1,fragment,2,alluded,by_scene_change,named_emotion,none,sustains,absent,none,narrator_intrusion,re_registered,neutral,1,unanchored,three_plus,
Q0713,deepseek/deepseek-v4-flash,1,fragment,0,absent,none,none,none,sustains,absent,none,intact,none,demotic,1,unanchored,none,
Q0714,deepseek/deepseek-v4-flash,1,fragment,0,absent,none,named_emotion,none,sustains,absent,none,intact,none,demotic,1,unanchored,three_plus,
Q0715,deepseek/deepseek-v4-flash,5,other,0,alluded,none,none,none,sustains,absent,none,intact,none,neutral,5,stable,none,
Q0716,deepseek/deepseek-v4-flash,4,genre_fiction,2,realized,none,named_emotion,interpersonal,sustains,absent,none,intact,none,neutral,3,stable,two,
Q0717,deepseek/deepseek-v4-flash,5,other,0,absent,none,none,none,sustains,absent,none,genre_rupture,none,neutral,1,stable,none,Continuation is a meta-response that breaks the fictional frame to ask for context.
Q0718,deepseek/deepseek-v4-flash,3,fragment,2,alluded,none,named_emotion,none,sustains,absent,none,intact,none,demotic,2,minor_drift,three_plus,
Q0719,deepseek/deepseek-v4-flash,4,genre_fiction,2,alluded,by_scene_change,somatic_enacted,interpersonal,downshifts,absent,none,intact,re_registered,demotic,3,stable,two,
Q0720,deepseek/deepseek-v4-flash,2,genre_fiction,2,alluded,none,named_emotion,both,sustains,absent,none,intact,re_registered,demotic,2,unanchored,three_plus,Pronoun shifts and unclear referents make the passage hard to follow; the narrative voice seems to change mid-text.
Q0721,deepseek/deepseek-v4-flash,2,fragment,0,realized,none,none,none,sustains,absent,none,genre_rupture,none,elevated,1,unanchored,none,Continuation lurches from factual completion to birthday exclamation to poetic underwater description; appears spliced from multiple sources.
Q0722,deepseek/deepseek-v4-flash,3,fragment,0,alluded,by_scene_change,reflective,none,downshifts,absent,none,genre_rupture,re_registered,neutral,1,unanchored,three_plus,
Q0723,deepseek/deepseek-v4-flash,3,list_or_qa,0,realized,none,none,none,sustains,absent,none,intact,none,neutral,1,stable,none,
Q0724,deepseek/deepseek-v4-flash,1,fragment,0,absent,none,none,none,sustains,absent,none,intact,none,neutral,1,unanchored,none,Continuation is incoherent word salad unrelated to the opening.
Q0725,deepseek/deepseek-v4-flash,3,genre_fiction,1,alluded,by_character,named_emotion,interpersonal,escalates,absent,none,intact,act_substitution,demotic,2,stable,two,
Q0726,deepseek/deepseek-v4-flash,4,literary_fiction,0,realized,none,named_emotion,interpersonal,downshifts,absent,none,intact,none,neutral,3,unanchored,three_plus,
Q0727,deepseek/deepseek-v4-flash,3,list_or_qa,0,realized,none,named_emotion,none,sustains,absent,none,genre_rupture,none,neutral,2,minor_drift,three_plus,"The passage contains fill-in-the-blank placeholders, indicating an exercise format."
Q0728,deepseek/deepseek-v4-flash,1,fragment,0,absent,none,none,none,sustains,absent,none,intact,none,demotic,1,unanchored,none,
Q0729,deepseek/deepseek-v4-flash,3,genre_fiction,2,realized,none,somatic_enacted,none,escalates,absent,none,intact,re_registered,neutral,2,minor_drift,two,
Q0730,deepseek/deepseek-v4-flash,3,list_or_qa,0,alluded,none,none,none,sustains,absent,none,genre_rupture,re_registered,neutral,2,minor_drift,none,"Continuation transforms the narrative opening into a math problem, fragmenting into incomplete calculations."
Q0731,deepseek/deepseek-v4-flash,5,genre_fiction,2,alluded,none,somatic_enacted,intrapsychic,escalates,absent,none,intact,none,neutral,3,stable,two,Continuation breaks off mid-sentence with an unfinished quotation.
Q0732,deepseek/deepseek-v4-flash,3,literary_fiction,0,alluded,none,named_emotion,none,sustains,absent,none,intact,act_substitution,elevated,2,unanchored,three_plus,
Q0733,deepseek/deepseek-v4-flash,5,genre_fiction,0,realized,none,somatic_enacted,interpersonal,downshifts,absent,none,genre_rupture,none,neutral,3,stable,two,Meta-comment at the end breaks the fictional frame by directly addressing the reader.
Q0734,deepseek/deepseek-v4-flash,3,fragment,0,realized,none,none,none,sustains,absent,none,intact,none,neutral,1,unanchored,none,Continuation appears to be a broken or improperly assembled text with referential incoherence.
Q0735,deepseek/deepseek-v4-flash,4,literary_fiction,2,realized,by_character,somatic_enacted,intrapsychic,downshifts,present,partial,intact,none,elevated,3,stable,two,
Q0736,deepseek/deepseek-v4-flash,4,list_or_qa,0,alluded,none,none,none,sustains,absent,none,genre_rupture,re_registered,neutral,1,minor_drift,none,"Continuation is a series of quiz items and answers, not a coherent narrative."
Q0737,deepseek/deepseek-v4-flash,1,fragment,0,absent,none,none,none,sustains,absent,none,genre_rupture,none,neutral,1,unanchored,none,"Continuation is incoherent random text, not a meaningful narrative."
Q0738,deepseek/deepseek-v4-flash,5,genre_fiction,2,realized,none,somatic_enacted,interpersonal,downshifts,absent,partial,intact,none,demotic,3,stable,two,
Q0739,deepseek/deepseek-v4-flash,1,fragment,0,absent,none,none,none,sustains,absent,none,intact,none,neutral,1,unanchored,none,"The continuation is incoherent word salad, unrelated to the opening's factual prompt."
Q0740,deepseek/deepseek-v4-flash,3,list_or_qa,0,realized,none,none,none,sustains,absent,none,genre_rupture,none,neutral,1,unanchored,none,
Q0741,deepseek/deepseek-v4-flash,1,fragment,0,absent,none,none,none,sustains,absent,none,intact,none,neutral,1,unanchored,none,
Q0742,deepseek/deepseek-v4-flash,4,genre_fiction,2,alluded,by_scene_change,named_emotion,interpersonal,sustains,absent,none,intact,re_registered,neutral,2,minor_drift,three_plus,
Q0743,deepseek/deepseek-v4-flash,5,literary_fiction,2,alluded,none,named_emotion,none,sustains,absent,partial,intact,none,elevated,3,stable,one,
Q0744,deepseek/deepseek-v4-flash,5,list_or_qa,0,absent,none,none,none,sustains,absent,none,genre_rupture,re_registered,neutral,1,unanchored,none,
Q0745,deepseek/deepseek-v4-flash,5,genre_fiction,2,alluded,by_scene_change,none,none,downshifts,absent,none,intact,re_registered,neutral,2,unanchored,three_plus,"Continuation ends with a trailing comma, leaving a sentence incomplete."
Q0746,deepseek/deepseek-v4-flash,4,literary_fiction,2,realized,none,named_emotion,intrapsychic,sustains,absent,none,intact,none,neutral,3,stable,two,
Q0747,deepseek/deepseek-v4-flash,5,pornographic,0,realized,none,somatic_enacted,none,escalates,present,none,intact,none,elevated,2,stable,two,
Q0748,deepseek/deepseek-v4-flash,1,fragment,0,absent,none,none,none,downshifts,absent,none,genre_rupture,re_registered,demotic,1,unanchored,none,"The continuation is a string of incoherent, fragmented phrases that do not form a meaningful narrative."
Q0749,deepseek/deepseek-v4-flash,4,literary_fiction,2,realized,none,reflective,none,sustains,absent,none,intact,none,elevated,3,stable,three_plus,The continuation ends with an incomplete sentence fragment ('how wrong it').
Q0750,deepseek/deepseek-v4-flash,4,other,0,realized,none,none,none,sustains,absent,none,intact,none,neutral,2,stable,one,Continuation cuts off mid-sentence
Q0751,deepseek/deepseek-v4-flash,1,fragment,0,absent,none,none,none,sustains,absent,none,intact,re_registered,neutral,1,unanchored,none,
Q0752,deepseek/deepseek-v4-flash,3,advice_or_essay,0,realized,none,none,none,sustains,absent,none,intact,none,neutral,3,stable,none,
Q0753,deepseek/deepseek-v4-flash,4,genre_fiction,0,realized,none,somatic_enacted,interpersonal,escalates,absent,partial,intact,none,neutral,4,stable,two,
Q0754,deepseek/deepseek-v4-flash,5,list_or_qa,0,alluded,none,none,none,sustains,absent,rounded_moralized,genre_rupture,re_registered,demotic,2,stable,two,
Q0755,deepseek/deepseek-v4-flash,3,literary_fiction,2,alluded,none,reflective,intrapsychic,sustains,absent,none,intact,none,neutral,3,unanchored,two,Unintroduced first-person speaker and second-person address create referential drift.
Q0756,deepseek/deepseek-v4-flash,3,other,0,absent,none,none,none,sustains,absent,none,intact,re_registered,neutral,1,unanchored,three_plus,
Q0757,deepseek/deepseek-v4-flash,1,fragment,0,absent,none,none,none,sustains,absent,none,genre_rupture,none,neutral,1,unanchored,none,
Q0758,deepseek/deepseek-v4-flash,1,fragment,0,absent,none,none,none,sustains,absent,none,genre_rupture,re_registered,neutral,1,unanchored,none,"Continuation appears to be random gibberish, no coherent content."
Q0759,deepseek/deepseek-v4-flash,5,other,2,realized,none,somatic_enacted,none,sustains,present,none,narrator_intrusion,none,elevated,3,stable,two,
Q0760,deepseek/deepseek-v4-flash,3,literary_fiction,1,realized,none,somatic_enacted,interpersonal,downshifts,absent,none,intact,re_registered,demotic,2,minor_drift,two,"The passage shifts abruptly from direct action to abstract rhetorical questions, then to a calm scene, creating a fragmented but readable sequence."
Q0761,deepseek/deepseek-v4-flash,4,genre_fiction,0,realized,none,none,none,sustains,absent,none,intact,re_registered,neutral,2,stable,two,
Q0762,deepseek/deepseek-v4-flash,5,advice_or_essay,0,alluded,by_narrator,none,none,downshifts,dominant,none,narrator_intrusion,re_registered,neutral,1,stable,one,
Q0763,deepseek/deepseek-v4-flash,5,literary_fiction,2,realized,none,somatic_enacted,none,sustains,absent,none,intact,none,elevated,5,stable,two,
Q0764,deepseek/deepseek-v4-flash,5,pornographic,2,realized,none,somatic_enacted,none,escalates,absent,none,intact,none,neutral,3,stable,two,
Q0765,deepseek/deepseek-v4-flash,4,genre_fiction,1,realized,none,named_emotion,none,sustains,absent,partial,intact,none,neutral,2,stable,two,
Q0766,deepseek/deepseek-v4-flash,3,other,0,alluded,none,none,none,sustains,absent,none,genre_rupture,re_registered,neutral,1,unanchored,two,"The continuation shifts from narrative to a technical/commentary document format with headings and navigation, making it a hybrid text."
Q0767,deepseek/deepseek-v4-flash,4,pornographic,2,realized,none,somatic_enacted,none,escalates,absent,none,intact,none,demotic,3,stable,two,"The name Keira is introduced at the end, referring to the female participant, but this is clear from context."
Q0768,deepseek/deepseek-v4-flash,4,list_or_qa,0,alluded,none,named_emotion,none,sustains,absent,none,intact,none,neutral,2,stable,none,Continuation is a list of promotional captions rather than completing the definition.
Q0769,deepseek/deepseek-v4-flash,4,list_or_qa,0,realized,none,none,none,sustains,absent,none,genre_rupture,none,neutral,1,stable,one,
Q0770,deepseek/deepseek-v4-flash,1,fragment,0,absent,none,none,none,sustains,absent,none,genre_rupture,none,neutral,1,unanchored,none,"The continuation appears to be nonsense or data corruption, not a coherent text."
Q0771,deepseek/deepseek-v4-flash,4,list_or_qa,0,alluded,none,none,none,downshifts,absent,none,genre_rupture,re_registered,neutral,2,unanchored,three_plus,
Q0772,deepseek/deepseek-v4-flash,5,genre_fiction,0,realized,by_scene_change,named_emotion,interpersonal,downshifts,absent,none,intact,act_substitution,demotic,3,stable,two,
Q0773,deepseek/deepseek-v4-flash,5,genre_fiction,1,realized,none,somatic_enacted,none,sustains,absent,none,intact,none,neutral,3,stable,one,
Q0774,deepseek/deepseek-v4-flash,5,genre_fiction,2,realized,none,named_emotion,interpersonal,escalates,absent,none,intact,none,neutral,4,stable,two,
Q0775,deepseek/deepseek-v4-flash,1,fragment,0,absent,none,none,none,sustains,absent,none,intact,none,neutral,1,unanchored,none,
Q0776,deepseek/deepseek-v4-flash,5,literary_fiction,2,realized,none,reflective,intrapsychic,downshifts,absent,none,intact,none,elevated,3,stable,one,
Q0777,deepseek/deepseek-v4-flash,3,other,2,realized,none,named_emotion,none,escalates,absent,none,intact,re_registered,neutral,2,stable,two,surreal shift from foot massage to childbirth with odd phrasing
Q0778,deepseek/deepseek-v4-flash,4,other,0,absent,none,none,none,sustains,absent,none,intact,re_registered,neutral,2,stable,none,
Q0779,deepseek/deepseek-v4-flash,3,literary_fiction,2,alluded,by_character,named_emotion,intrapsychic,sustains,absent,none,intact,none,neutral,2,stable,one,
Q0780,deepseek/deepseek-v4-flash,3,genre_fiction,2,alluded,by_scene_change,named_emotion,interpersonal,sustains,absent,none,intact,re_registered,neutral,2,unanchored,three_plus,
Q0781,deepseek/deepseek-v4-flash,5,list_or_qa,0,absent,none,none,none,sustains,absent,none,genre_rupture,re_registered,neutral,1,minor_drift,one,The continuation breaks the fictional frame to offer a list of possible continuations.
Q0782,deepseek/deepseek-v4-flash,1,fragment,0,absent,none,none,none,sustains,absent,none,intact,none,neutral,1,unanchored,none,"Continuation is nonsensical French-English mixture, not a coherent response to the opening."
Q0783,deepseek/deepseek-v4-flash,4,other,0,realized,none,none,none,sustains,absent,none,intact,none,neutral,2,stable,one,
Q0784,deepseek/deepseek-v4-flash,4,fragment,0,alluded,none,none,none,sustains,absent,none,intact,re_registered,elevated,1,stable,one,
Q0785,deepseek/deepseek-v4-flash,1,fragment,0,absent,none,none,none,sustains,absent,none,intact,none,neutral,1,unanchored,none,
Q0786,deepseek/deepseek-v4-flash,5,advice_or_essay,0,realized,none,none,none,sustains,absent,none,intact,none,demotic,2,stable,three_plus,
Q0787,deepseek/deepseek-v4-flash,5,other,2,alluded,none,named_emotion,none,sustains,absent,none,intact,re_registered,demotic,1,stable,two,"The continuation begins with weather forecast details but then shifts abruptly to personal address, breaking the forecast frame entirely."
Q0788,deepseek/deepseek-v4-flash,3,advice_or_essay,0,realized,none,named_emotion,none,sustains,absent,none,intact,none,elevated,2,stable,none,
Q0789,deepseek/deepseek-v4-flash,1,fragment,0,absent,none,none,none,sustains,absent,none,genre_rupture,re_registered,neutral,1,unanchored,none,
Q0790,deepseek/deepseek-v4-flash,2,list_or_qa,0,absent,none,none,none,sustains,absent,none,genre_rupture,re_registered,neutral,1,unanchored,none,"Continuation turns into a meta-qa exercise, completely abandoning the opening's scene."
Q0791,deepseek/deepseek-v4-flash,3,genre_fiction,0,realized,none,named_emotion,none,downshifts,present,none,intact,re_registered,demotic,2,minor_drift,three_plus,"Ends abruptly with a fragment, making subject ambiguous."
Q0792,deepseek/deepseek-v4-flash,1,fragment,0,absent,none,none,none,sustains,absent,none,genre_rupture,none,demotic,1,unanchored,none,The continuation appears to be garbled or corrupted text with no coherent meaning.
Q0793,deepseek/deepseek-v4-flash,2,fragment,1,alluded,none,somatic_enacted,none,downshifts,absent,none,intact,re_registered,neutral,1,unanchored,two,"Continuation has a typo ('so closelyffff') and becomes incoherent, making many dimensions difficult to judge."
Q0794,deepseek/deepseek-v4-flash,2,fragment,0,absent,none,none,none,sustains,absent,none,genre_rupture,re_registered,demotic,1,unanchored,three_plus,
Q0795,deepseek/deepseek-v4-flash,1,fragment,2,realized,none,named_emotion,none,sustains,absent,none,narrator_intrusion,act_substitution,demotic,1,unanchored,two,"Continuation mixes languages, parenthetical glosses, and meta-commentary; referents unclear."
Q0796,deepseek/deepseek-v4-flash,3,fragment,2,realized,none,somatic_enacted,none,sustains,present,none,intact,none,demotic,2,stable,two,
Q0797,deepseek/deepseek-v4-flash,3,fragment,0,alluded,none,named_emotion,interpersonal,sustains,absent,none,intact,re_registered,demotic,2,unanchored,three_plus,Dialogue is fragmented with unclear speaker identification and pronoun shifts.
Q0798,deepseek/deepseek-v4-flash,4,literary_fiction,0,alluded,none,somatic_enacted,none,sustains,absent,none,intact,none,demotic,2,unanchored,three_plus,
Q0799,deepseek/deepseek-v4-flash,5,literary_fiction,2,realized,none,somatic_enacted,both,escalates,absent,none,intact,none,neutral,4,stable,two,
Q0800,deepseek/deepseek-v4-flash,4,other,2,realized,none,named_emotion,interpersonal,escalates,absent,none,intact,none,neutral,3,stable,three_plus,
Q0801,deepseek/deepseek-v4-flash,5,list_or_qa,0,alluded,none,none,none,sustains,absent,none,genre_rupture,none,neutral,1,stable,none,
Q0802,deepseek/deepseek-v4-flash,2,other,0,alluded,by_scene_change,named_emotion,none,downshifts,absent,partial,intact,re_registered,demotic,1,unanchored,one,
Q0803,deepseek/deepseek-v4-flash,4,genre_fiction,0,realized,none,somatic_enacted,interpersonal,escalates,absent,none,narrator_intrusion,none,neutral,3,stable,two,The narrator steps in with a metafictional remark about the story's vividness.
Q0804,deepseek/deepseek-v4-flash,5,genre_fiction,2,realized,none,named_emotion,interpersonal,sustains,absent,none,intact,none,neutral,3,stable,two,
Q0805,deepseek/deepseek-v4-flash,4,genre_fiction,0,realized,none,somatic_enacted,interpersonal,downshifts,absent,none,intact,none,demotic,3,stable,two,"Continuation ends mid-sentence, trailing off."
Q0806,deepseek/deepseek-v4-flash,5,genre_fiction,2,absent,none,named_emotion,intrapsychic,escalates,absent,none,intact,re_registered,demotic,2,stable,one,
Q0807,deepseek/deepseek-v4-flash,1,fragment,0,absent,none,none,none,sustains,absent,none,intact,none,neutral,1,unanchored,none,"Continuation is a random jumble of words and symbols, no narrative coherence."
Q0808,deepseek/deepseek-v4-flash,3,other,2,absent,none,none,none,sustains,absent,none,intact,re_registered,demotic,1,stable,three_plus,Continuation abandons the train-arrival setup for a backstage show conversation.
Q0809,deepseek/deepseek-v4-flash,3,other,0,alluded,none,none,none,downshifts,absent,none,genre_rupture,re_registered,demotic,2,unanchored,three_plus,"The continuation appears to be a chat or forum message, mixing first-person and third-person references."
Q0810,deepseek/deepseek-v4-flash,3,advice_or_essay,0,alluded,none,none,none,sustains,absent,none,intact,none,neutral,1,stable,none,Typo 'rentically' and abrupt ending in mid-sentence.
Q0811,deepseek/deepseek-v4-flash,4,genre_fiction,2,realized,by_character,somatic_enacted,both,escalates,absent,none,narrator_intrusion,none,neutral,3,stable,three_plus,
Q0812,deepseek/deepseek-v4-flash,5,other,0,alluded,none,none,none,downshifts,absent,none,intact,re_registered,neutral,2,stable,three_plus,
Q0813,deepseek/deepseek-v4-flash,1,fragment,0,absent,none,none,none,sustains,absent,none,genre_rupture,none,neutral,1,unanchored,none,"Continuation is a jumble of unrelated words, likely a formatting error."
Q0814,deepseek/deepseek-v4-flash,1,fragment,0,absent,none,none,none,sustains,absent,none,genre_rupture,re_registered,neutral,1,unanchored,none,
Q0815,deepseek/deepseek-v4-flash,5,genre_fiction,0,realized,none,somatic_enacted,interpersonal,escalates,absent,partial,intact,none,neutral,4,stable,two,
Q0816,deepseek/deepseek-v4-flash,5,pornographic,2,realized,none,somatic_enacted,none,sustains,absent,none,intact,none,neutral,2,stable,three_plus,
Q0817,deepseek/deepseek-v4-flash,4,other,0,realized,by_scene_change,named_emotion,interpersonal,downshifts,absent,none,genre_rupture,re_registered,neutral,2,unanchored,three_plus,
Q0818,deepseek/deepseek-v4-flash,1,fragment,0,absent,none,none,none,sustains,absent,none,intact,none,neutral,1,unanchored,three_plus,Continuation appears to be garbled or corrupted text; coherent narrative content is absent.
Q0819,deepseek/deepseek-v4-flash,3,literary_fiction,0,alluded,none,none,none,downshifts,absent,none,intact,re_registered,neutral,2,stable,two,
Q0820,deepseek/deepseek-v4-flash,3,list_or_qa,0,alluded,none,none,none,sustains,absent,none,genre_rupture,re_registered,neutral,2,stable,three_plus,
Q0821,deepseek/deepseek-v4-flash,2,list_or_qa,0,alluded,by_scene_change,none,none,downshifts,absent,none,genre_rupture,re_registered,neutral,1,unanchored,one,The continuation abruptly abandons narrative for a quiz and instructional list.
Q0822,deepseek/deepseek-v4-flash,1,fragment,0,alluded,none,none,none,sustains,absent,none,genre_rupture,re_registered,demotic,1,unanchored,none,
Q0823,deepseek/deepseek-v4-flash,5,other,0,realized,none,none,interpersonal,sustains,absent,partial,intact,none,neutral,4,stable,three_plus,
Q0824,deepseek/deepseek-v4-flash,5,literary_fiction,2,realized,none,named_emotion,interpersonal,escalates,present,none,intact,none,elevated,4,stable,two,
Q0825,deepseek/deepseek-v4-flash,3,genre_fiction,2,absent,none,none,none,sustains,absent,partial,intact,re_registered,neutral,3,stable,two,
Q0826,deepseek/deepseek-v4-flash,4,other,0,realized,none,none,interpersonal,downshifts,absent,none,genre_rupture,none,neutral,3,unanchored,two,Opening uses 'he' but continuation reveals a female perpetrator; unresolved pronoun mismatch.
Q0827,deepseek/deepseek-v4-flash,3,genre_fiction,2,realized,none,somatic_enacted,interpersonal,escalates,absent,none,intact,none,neutral,3,stable,three_plus,
Q0828,deepseek/deepseek-v4-flash,4,genre_fiction,0,alluded,by_scene_change,none,none,downshifts,absent,none,intact,re_registered,neutral,2,unanchored,three_plus,
Q0829,deepseek/deepseek-v4-flash,4,literary_fiction,0,alluded,none,none,none,sustains,absent,none,intact,none,elevated,2,stable,none,
Q0830,deepseek/deepseek-v4-flash,2,advice_or_essay,0,absent,none,none,none,sustains,absent,none,intact,none,neutral,1,stable,none,"Continuation abandons the opening's factual setup entirely, shifting to unrelated statistics."
Q0831,deepseek/deepseek-v4-flash,2,fragment,1,alluded,by_scene_change,named_emotion,interpersonal,escalates,absent,none,intact,act_substitution,demotic,2,minor_drift,two,"Highly fragmented, unclear referents and abrupt shifts"
Q0832,deepseek/deepseek-v4-flash,4,literary_fiction,2,realized,none,named_emotion,none,sustains,absent,none,intact,none,neutral,3,minor_drift,two,
Q0833,deepseek/deepseek-v4-flash,5,literary_fiction,2,realized,none,reflective,none,sustains,absent,none,narrator_intrusion,none,elevated,3,stable,one,
Q0834,deepseek/deepseek-v4-flash,5,genre_fiction,0,alluded,by_scene_change,somatic_enacted,interpersonal,sustains,absent,none,intact,act_substitution,demotic,3,minor_drift,two,
Q0835,deepseek/deepseek-v4-flash,4,genre_fiction,2,realized,by_character,somatic_enacted,both,downshifts,present,none,intact,none,neutral,4,stable,two,
Q0836,deepseek/deepseek-v4-flash,3,genre_fiction,2,alluded,by_character,somatic_enacted,intrapsychic,downshifts,absent,none,intact,re_registered,neutral,3,unanchored,three_plus,
Q0837,deepseek/deepseek-v4-flash,5,literary_fiction,2,realized,none,reflective,none,sustains,absent,none,intact,none,elevated,3,stable,one,
Q0838,deepseek/deepseek-v4-flash,3,advice_or_essay,0,alluded,none,none,none,sustains,absent,none,genre_rupture,re_registered,neutral,2,stable,none,Continuation shifts from narrative to a mathematical/logical problem-solving format.
Q0839,deepseek/deepseek-v4-flash,5,list_or_qa,0,realized,none,none,none,sustains,absent,none,genre_rupture,none,neutral,2,stable,none,Continuation breaks off mid-word ('key').
Q0840,deepseek/deepseek-v4-flash,2,fragment,0,alluded,none,none,none,downshifts,absent,none,intact,re_registered,elevated,1,unanchored,three_plus,"The continuation appears garbled or incomplete, making many categories difficult to assess precisely."
Q0841,deepseek/deepseek-v4-flash,1,fragment,0,absent,none,none,none,sustains,absent,none,genre_rupture,re_registered,neutral,1,unanchored,none,"Continuation appears to be random or corrupted text, not a coherent narrative."
Q0842,deepseek/deepseek-v4-flash,4,literary_fiction,0,alluded,by_scene_change,none,interpersonal,sustains,absent,none,intact,re_registered,neutral,3,stable,two,
Q0843,deepseek/deepseek-v4-flash,5,other,0,realized,none,none,none,sustains,absent,partial,intact,none,elevated,2,stable,none,
Q0844,deepseek/deepseek-v4-flash,2,other,2,alluded,by_scene_change,named_emotion,interpersonal,downshifts,absent,none,genre_rupture,re_registered,neutral,2,unanchored,three_plus,"The continuation splits into two unrelated passages, the second abruptly shifting to a first-person essay on software outsourcing."
Q0845,deepseek/deepseek-v4-flash,5,genre_fiction,2,realized,none,somatic_enacted,interpersonal,downshifts,absent,none,intact,re_registered,neutral,1,stable,three_plus,
Q0846,deepseek/deepseek-v4-flash,3,genre_fiction,2,realized,none,named_emotion,none,sustains,absent,none,intact,none,neutral,3,stable,two,Continuation ends mid-sentence.
Q0847,deepseek/deepseek-v4-flash,3,other,1,realized,none,named_emotion,none,sustains,absent,none,intact,none,demotic,3,stable,one,
Q0848,deepseek/deepseek-v4-flash,4,literary_fiction,2,realized,none,somatic_enacted,intrapsychic,sustains,present,none,intact,none,elevated,3,stable,two,
Q0849,deepseek/deepseek-v4-flash,4,genre_fiction,2,realized,none,named_emotion,interpersonal,escalates,absent,none,intact,none,demotic,3,stable,three_plus,
Q0850,deepseek/deepseek-v4-flash,2,other,2,alluded,none,named_emotion,none,sustains,absent,none,narrator_intrusion,none,elevated,2,unanchored,two,"Continuation breaks into a direct question about a book summary, shifting from third-person reflection to first-person address."
Q0851,deepseek/deepseek-v4-flash,4,genre_fiction,0,realized,none,named_emotion,interpersonal,sustains,absent,none,intact,none,neutral,3,stable,two,
Q0852,deepseek/deepseek-v4-flash,5,genre_fiction,2,alluded,by_character,somatic_enacted,interpersonal,sustains,absent,none,intact,act_substitution,neutral,4,minor_drift,three_plus,
Q0853,deepseek/deepseek-v4-flash,4,genre_fiction,0,realized,none,none,interpersonal,sustains,absent,none,intact,none,elevated,2,unanchored,two,
Q0854,deepseek/deepseek-v4-flash,3,literary_fiction,0,alluded,none,none,none,escalates,absent,none,intact,re_registered,elevated,1,minor_drift,one,
Q0855,deepseek/deepseek-v4-flash,5,advice_or_essay,0,absent,none,named_emotion,none,sustains,absent,partial,genre_rupture,none,neutral,1,stable,none,
Q0856,deepseek/deepseek-v4-flash,1,fragment,0,absent,none,none,none,sustains,absent,none,genre_rupture,none,neutral,1,unanchored,none,Continuation is incoherent word salad; no narrative structure.
Q0857,deepseek/deepseek-v4-flash,4,other,2,realized,none,named_emotion,none,sustains,absent,none,narrator_intrusion,none,elevated,3,unanchored,two,Continuation begins with a meta-commentary block before the narrative.
Q0858,deepseek/deepseek-v4-flash,4,fragment,2,realized,none,none,none,sustains,absent,none,intact,none,neutral,2,stable,three_plus,
Q0859,deepseek/deepseek-v4-flash,1,fragment,0,absent,none,none,none,sustains,absent,none,genre_rupture,none,neutral,1,unanchored,none,"Continuation is nonsensical, likely corrupt"
Q0860,deepseek/deepseek-v4-flash,5,advice_or_essay,2,realized,none,somatic_enacted,none,sustains,absent,none,genre_rupture,none,neutral,3,stable,two,Continuation includes instructional meta-commentary that breaks the narrative frame.
Q0861,deepseek/deepseek-v4-flash,3,fragment,2,absent,by_scene_change,none,none,downshifts,absent,none,intact,re_registered,neutral,1,unanchored,three_plus,
Q0862,deepseek/deepseek-v4-flash,4,other,2,alluded,none,named_emotion,interpersonal,downshifts,absent,none,genre_rupture,re_registered,neutral,2,unanchored,three_plus,"The continuation shifts from narrative to a rubric-like evaluation (Enjoyment: 4/5), introducing an unnamed evaluative voice and potentially conflating the protagonist with a student named Fraser."
Q0863,deepseek/deepseek-v4-flash,4,fragment,0,realized,none,none,interpersonal,sustains,absent,none,intact,none,demotic,2,unanchored,three_plus,
Q0864,deepseek/deepseek-v4-flash,1,fragment,0,absent,none,none,none,sustains,absent,none,genre_rupture,re_registered,demotic,1,unanchored,none,
Q0865,deepseek/deepseek-v4-flash,5,genre_fiction,0,realized,none,somatic_enacted,intrapsychic,escalates,absent,none,intact,none,neutral,3,stable,one,
Q0866,deepseek/deepseek-v4-flash,4,other,0,alluded,none,named_emotion,none,escalates,absent,none,genre_rupture,re_registered,demotic,2,minor_drift,two,"The continuation is a meta-commentary by an external voice, then a narrative fragment."
Q0867,deepseek/deepseek-v4-flash,3,genre_fiction,2,alluded,by_character,somatic_enacted,both,downshifts,present,none,intact,re_registered,neutral,2,unanchored,three_plus,
Q0868,deepseek/deepseek-v4-flash,5,genre_fiction,2,realized,none,named_emotion,intrapsychic,downshifts,absent,none,intact,none,neutral,3,stable,one,
Q0869,deepseek/deepseek-v4-flash,5,other,2,realized,none,named_emotion,none,downshifts,absent,none,genre_rupture,none,neutral,2,unanchored,three_plus,"The continuation shifts from a literary description to a direct address to the reader, breaking the fictional frame."
Q0870,deepseek/deepseek-v4-flash,3,other,0,alluded,by_scene_change,reflective,none,sustains,absent,none,intact,re_registered,elevated,1,unanchored,three_plus,Passage is a disjointed mashup with abrupt shifts between superhero elements and pseudo-historical commentary.
Q0871,deepseek/deepseek-v4-flash,4,advice_or_essay,0,alluded,none,none,none,sustains,absent,none,narrator_intrusion,re_registered,elevated,2,stable,none,
Q0872,deepseek/deepseek-v4-flash,1,fragment,0,alluded,none,none,none,sustains,absent,none,genre_rupture,re_registered,neutral,1,unanchored,none,"Continuation is incoherent, mixing a weather fragment, random characters, and a commercial phrase, likely from data corruption."
Q0873,deepseek/deepseek-v4-flash,5,literary_fiction,0,realized,none,named_emotion,none,sustains,absent,none,intact,none,elevated,3,stable,one,
Q0874,deepseek/deepseek-v4-flash,1,fragment,0,absent,none,none,none,sustains,absent,none,intact,re_registered,demotic,1,unanchored,none,"The continuation appears to be garbled or corrupted text, with no coherent structure or relation to the opening."
Q0875,deepseek/deepseek-v4-flash,4,pornographic,2,realized,none,somatic_enacted,none,escalates,absent,none,intact,none,neutral,3,stable,two,
Q0876,deepseek/deepseek-v4-flash,4,list_or_qa,0,alluded,none,none,none,sustains,absent,none,intact,none,neutral,2,stable,none,
Q0877,deepseek/deepseek-v4-flash,5,genre_fiction,0,realized,none,none,none,sustains,absent,none,intact,none,neutral,3,stable,two,
Q0878,deepseek/deepseek-v4-flash,2,advice_or_essay,0,realized,none,none,none,sustains,absent,none,intact,none,neutral,1,stable,none,Continuation is truncated mid-sentence.
Q0879,deepseek/deepseek-v4-flash,5,genre_fiction,2,realized,none,named_emotion,intrapsychic,escalates,absent,none,intact,none,neutral,3,stable,one,
Q0880,deepseek/deepseek-v4-flash,5,literary_fiction,3,realized,none,somatic_enacted,interpersonal,sustains,absent,none,intact,none,neutral,3,stable,three_plus,
Q0881,deepseek/deepseek-v4-flash,2,advice_or_essay,0,absent,none,none,none,sustains,absent,none,genre_rupture,re_registered,neutral,1,unanchored,none,Continuation abandons the narrative frame for a collection of business-advisory fragments.
Q0882,deepseek/deepseek-v4-flash,4,list_or_qa,0,alluded,none,none,none,sustains,absent,none,genre_rupture,re_registered,neutral,1,stable,none,
Q0883,deepseek/deepseek-v4-flash,2,fragment,0,alluded,none,somatic_enacted,interpersonal,escalates,absent,none,intact,act_substitution,neutral,2,minor_drift,three_plus,Passage trails off with incomplete phrase.
Q0884,deepseek/deepseek-v4-flash,4,advice_or_essay,0,realized,none,none,none,sustains,absent,none,intact,none,neutral,2,stable,none,
Q0885,deepseek/deepseek-v4-flash,1,other,0,absent,none,none,none,sustains,absent,none,genre_rupture,none,neutral,1,unanchored,none,"Continuation appears to be a random or corrupted text, not a coherent narrative."
Q0886,deepseek/deepseek-v4-flash,2,genre_fiction,0,alluded,by_character,somatic_enacted,interpersonal,sustains,absent,none,intact,none,elevated,2,unanchored,three_plus,"Text contains stray characters ('11', 'MMV', 'N.FrameM') that disrupt coherence and leave identities unresolved."
Q0887,deepseek/deepseek-v4-flash,1,fragment,0,absent,none,none,none,downshifts,absent,none,intact,none,neutral,1,unanchored,none,"Continuation is garbled and nonsensical, with no coherent narrative or content."
Q0888,deepseek/deepseek-v4-flash,1,fragment,0,alluded,none,none,none,sustains,absent,none,intact,none,neutral,1,unanchored,three_plus,Continuation is a garbled assemblage of phrases; the opening's factual prompt is briefly touched then abandoned.
Q0889,deepseek/deepseek-v4-flash,2,advice_or_essay,2,alluded,none,named_emotion,intrapsychic,downshifts,absent,none,genre_rupture,re_registered,demotic,2,unanchored,two,
Q0890,deepseek/deepseek-v4-flash,5,advice_or_essay,0,alluded,none,named_emotion,none,downshifts,absent,none,narrator_intrusion,re_registered,neutral,3,stable,one,"Continuation is meta-commentary addressing the reader, not a continuation of the narrative."
Q0891,deepseek/deepseek-v4-flash,3,genre_fiction,2,realized,none,named_emotion,both,sustains,absent,none,intact,none,neutral,2,minor_drift,three_plus,
Q0892,deepseek/deepseek-v4-flash,4,advice_or_essay,0,realized,none,none,none,sustains,absent,none,intact,none,neutral,3,stable,none,
Q0893,deepseek/deepseek-v4-flash,4,other,0,realized,none,somatic_enacted,interpersonal,downshifts,absent,none,intact,none,neutral,3,minor_drift,three_plus,
Q0894,deepseek/deepseek-v4-flash,2,other,2,absent,by_scene_change,named_emotion,interpersonal,downshifts,present,none,genre_rupture,re_registered,neutral,1,unanchored,three_plus,
Q0895,deepseek/deepseek-v4-flash,4,other,0,absent,none,none,none,sustains,absent,none,genre_rupture,re_registered,elevated,1,stable,none,"The continuation abandons the narrative scene for a physics thought experiment about momentum and reference frames, marking a genre rupture."
Q0896,deepseek/deepseek-v4-flash,5,list_or_qa,2,realized,none,none,none,sustains,absent,none,genre_rupture,re_registered,elevated,2,stable,one,
Q0897,deepseek/deepseek-v4-flash,3,genre_fiction,2,alluded,by_character,named_emotion,interpersonal,escalates,absent,none,intact,re_registered,neutral,2,stable,three_plus,"The continuation opens with a single word 'leave.' as a line, then shifts abruptly to a different scene."
Q0898,deepseek/deepseek-v4-flash,2,other,0,absent,none,somatic_enacted,interpersonal,downshifts,absent,none,genre_rupture,re_registered,elevated,1,unanchored,three_plus,
Q0899,deepseek/deepseek-v4-flash,4,advice_or_essay,2,alluded,by_character,named_emotion,intrapsychic,sustains,absent,none,intact,none,neutral,2,minor_drift,one,
Q0900,deepseek/deepseek-v4-flash,4,literary_fiction,0,realized,none,none,none,sustains,absent,none,intact,none,elevated,2,stable,one,
Q0901,deepseek/deepseek-v4-flash,3,advice_or_essay,2,alluded,by_character,named_emotion,intrapsychic,downshifts,absent,none,narrator_intrusion,re_registered,neutral,2,stable,two,
Q0902,deepseek/deepseek-v4-flash,5,other,0,realized,none,somatic_enacted,interpersonal,sustains,absent,partial,intact,none,neutral,4,stable,two,
Q0903,deepseek/deepseek-v4-flash,4,list_or_qa,0,realized,none,none,none,sustains,absent,none,intact,none,neutral,1,stable,none,
Q0904,deepseek/deepseek-v4-flash,4,genre_fiction,2,realized,none,named_emotion,none,sustains,absent,none,intact,none,demotic,2,stable,three_plus,
Q0905,deepseek/deepseek-v4-flash,3,genre_fiction,0,alluded,by_scene_change,none,interpersonal,downshifts,absent,none,intact,re_registered,neutral,2,minor_drift,two,
Q0906,deepseek/deepseek-v4-flash,2,fragment,2,alluded,none,none,none,sustains,absent,none,intact,re_registered,demotic,1,unanchored,two,"The continuation shifts from the opening's diagnosis to a disjointed anecdote about fair skin and Castro, with a narrator in first person."
Q0907,deepseek/deepseek-v4-flash,5,advice_or_essay,0,realized,none,none,none,sustains,absent,partial,intact,none,neutral,4,stable,one,
Q0908,deepseek/deepseek-v4-flash,5,genre_fiction,2,realized,none,somatic_enacted,none,downshifts,absent,partial,intact,none,neutral,5,stable,one,
Q0909,deepseek/deepseek-v4-flash,4,genre_fiction,0,alluded,by_scene_change,none,none,downshifts,absent,none,intact,re_registered,neutral,2,unanchored,three_plus,"The continuation begins with 'kill.' but immediately swerves to a bug chase and seemingly unrelated dialogue; the text ends abruptly with 'P', and the referent of 'they' is never clarified."
Q0910,deepseek/deepseek-v4-flash,4,pornographic,2,alluded,by_character,somatic_enacted,none,escalates,absent,none,intact,re_registered,elevated,2,stable,two,
Q0911,deepseek/deepseek-v4-flash,4,other,0,realized,none,none,none,sustains,absent,partial,intact,none,neutral,2,stable,none,
Q0912,deepseek/deepseek-v4-flash,4,list_or_qa,2,alluded,by_scene_change,somatic_enacted,interpersonal,downshifts,absent,none,genre_rupture,re_registered,elevated,2,stable,two,"The continuation breaks off mid-sentence with 'briefer to', apparently incomplete."
Q0913,deepseek/deepseek-v4-flash,1,fragment,0,absent,none,none,none,sustains,absent,none,genre_rupture,re_registered,neutral,1,unanchored,none,The continuation is nonsensical word salad unrelated to the opening.
Q0914,deepseek/deepseek-v4-flash,1,fragment,0,absent,none,none,none,sustains,absent,none,genre_rupture,none,neutral,1,unanchored,none,
Q0915,deepseek/deepseek-v4-flash,1,fragment,0,absent,none,none,none,sustains,absent,none,genre_rupture,none,neutral,1,unanchored,none,"The continuation is incoherent word salad, possibly corrupted or randomly generated text."
Q0916,deepseek/deepseek-v4-flash,3,genre_fiction,2,alluded,by_character,named_emotion,intrapsychic,sustains,absent,none,intact,act_substitution,neutral,2,minor_drift,three_plus,
Q0917,deepseek/deepseek-v4-flash,5,list_or_qa,0,alluded,none,named_emotion,none,sustains,absent,none,genre_rupture,re_registered,demotic,1,stable,one,
Q0918,deepseek/deepseek-v4-flash,5,literary_fiction,2,realized,none,reflective,none,downshifts,absent,none,intact,none,elevated,4,stable,one,
Q0919,deepseek/deepseek-v4-flash,3,other,0,realized,none,none,none,sustains,absent,partial,narrator_intrusion,none,demotic,2,minor_drift,two,"The continuation breaks narrative frame with a metacommentary by the writer, then returns to the story in a quoted sentence."
Q0920,deepseek/deepseek-v4-flash,3,list_or_qa,0,absent,none,none,none,sustains,absent,none,narrator_intrusion,re_registered,demotic,1,stable,none,"Continuation is a meta-commentary offering writing prompts, not a narrative."
Q0921,deepseek/deepseek-v4-flash,2,list_or_qa,0,absent,none,none,none,sustains,absent,none,genre_rupture,re_registered,neutral,1,unanchored,three_plus,
Q0922,deepseek/deepseek-v4-flash,5,advice_or_essay,0,absent,none,none,none,sustains,absent,none,genre_rupture,re_registered,elevated,3,stable,none,
Q0923,deepseek/deepseek-v4-flash,4,literary_fiction,0,realized,none,somatic_enacted,none,sustains,absent,none,intact,none,elevated,3,stable,one,
Q0924,deepseek/deepseek-v4-flash,4,list_or_qa,0,realized,none,none,none,sustains,absent,none,genre_rupture,none,neutral,3,stable,three_plus,"Continuation ends with a multiple-choice question, causing a genre rupture."
Q0925,deepseek/deepseek-v4-flash,5,literary_fiction,0,absent,by_scene_change,none,none,downshifts,absent,none,intact,re_registered,elevated,3,stable,two,The opening's anger is immediately abandoned as the passage shifts to a discussion of a novel's plot.
Q0926,deepseek/deepseek-v4-flash,4,other,0,realized,none,reflective,none,sustains,absent,partial,genre_rupture,re_registered,demotic,2,minor_drift,two,
Q0927,deepseek/deepseek-v4-flash,5,genre_fiction,2,realized,by_character,named_emotion,intrapsychic,downshifts,absent,none,intact,none,neutral,3,stable,one,
Q0928,deepseek/deepseek-v4-flash,3,literary_fiction,2,realized,none,named_emotion,both,escalates,absent,none,intact,none,neutral,3,stable,two,
Q0929,deepseek/deepseek-v4-flash,1,fragment,0,absent,none,none,none,sustains,absent,none,genre_rupture,none,neutral,1,unanchored,none,The continuation is incoherent word salad with no narrative structure.
Q0930,deepseek/deepseek-v4-flash,1,fragment,0,absent,none,none,none,sustains,absent,none,intact,none,neutral,1,unanchored,three_plus,Continuation is incoherent word salad; likely generated or garbled text.
Q0931,deepseek/deepseek-v4-flash,5,list_or_qa,0,absent,none,none,none,sustains,absent,partial,genre_rupture,re_registered,demotic,1,stable,one,
Q0932,deepseek/deepseek-v4-flash,4,list_or_qa,0,realized,none,none,none,sustains,absent,none,genre_rupture,re_registered,neutral,3,stable,two,
Q0933,deepseek/deepseek-v4-flash,1,fragment,0,absent,none,none,none,sustains,absent,none,genre_rupture,none,neutral,1,unanchored,none,
Q0934,deepseek/deepseek-v4-flash,2,fragment,0,realized,none,none,none,sustains,absent,none,intact,none,neutral,1,unanchored,none,
Q0935,deepseek/deepseek-v4-flash,5,advice_or_essay,0,absent,by_scene_change,none,none,downshifts,absent,none,narrator_intrusion,none,neutral,2,stable,one,Continuation is a meta-response; the narrative frame is abandoned.
Q0936,deepseek/deepseek-v4-flash,3,genre_fiction,0,alluded,by_scene_change,somatic_enacted,interpersonal,sustains,absent,none,intact,act_substitution,neutral,3,stable,two,"Continuation is cut off mid-word, affecting fluency and closure."
Q0937,deepseek/deepseek-v4-flash,5,other,0,alluded,none,none,none,sustains,absent,none,genre_rupture,none,neutral,1,stable,none,"Continuation is a meta-response offering completions, not a narrative."
Q0938,deepseek/deepseek-v4-flash,5,list_or_qa,0,alluded,none,none,none,sustains,absent,none,genre_rupture,none,neutral,1,unanchored,none,
Q0939,deepseek/deepseek-v4-flash,5,other,0,realized,none,none,none,sustains,absent,none,intact,none,neutral,3,stable,two,
Q0940,deepseek/deepseek-v4-flash,5,literary_fiction,0,absent,none,none,none,sustains,absent,none,intact,re_registered,elevated,2,stable,none,
Q0941,deepseek/deepseek-v4-flash,5,advice_or_essay,0,absent,by_narrator,none,none,downshifts,absent,rounded_moralized,narrator_intrusion,re_registered,elevated,5,stable,two,
Q0942,deepseek/deepseek-v4-flash,3,genre_fiction,2,realized,none,reflective,both,sustains,absent,none,intact,none,neutral,3,stable,two,
Q0943,deepseek/deepseek-v4-flash,5,list_or_qa,0,absent,none,none,none,sustains,absent,none,genre_rupture,none,neutral,1,stable,none,The continuation breaks the fictional frame by offering a meta-list of possible completions.
Q0944,deepseek/deepseek-v4-flash,1,fragment,0,absent,none,none,none,sustains,absent,none,intact,none,neutral,1,unanchored,none,"Continuation appears to be garbled or randomly generated text, lacking coherent syntax or meaning."
Q0945,deepseek/deepseek-v4-flash,3,fragment,2,absent,none,named_emotion,none,sustains,absent,none,intact,re_registered,demotic,1,unanchored,three_plus,
Q0946,deepseek/deepseek-v4-flash,1,fragment,0,absent,none,none,none,sustains,absent,none,genre_rupture,none,neutral,1,unanchored,none,"The continuation is entirely random words and symbols, no coherent meaning."
Q0947,deepseek/deepseek-v4-flash,1,fragment,0,absent,none,none,none,sustains,absent,none,intact,none,demotic,1,unanchored,none,Continuation is a word salad with no coherent content or agents.
Q0948,deepseek/deepseek-v4-flash,5,advice_or_essay,0,absent,none,none,none,sustains,absent,none,genre_rupture,re_registered,neutral,1,stable,none,"The continuation is a meta-instructional response, not a narrative; it abandons the fictional setup entirely."
Q0949,deepseek/deepseek-v4-flash,5,other,0,realized,by_scene_change,none,interpersonal,downshifts,absent,none,intact,none,neutral,3,stable,three_plus,
Q0950,deepseek/deepseek-v4-flash,2,other,0,alluded,none,named_emotion,none,sustains,absent,none,intact,re_registered,demotic,2,unanchored,three_plus,Multiple pronoun switches and generic 'you' make agents unrecoverable.
Q0951,deepseek/deepseek-v4-flash,5,literary_fiction,2,realized,none,reflective,none,sustains,absent,none,intact,none,neutral,3,stable,one,
Q0952,deepseek/deepseek-v4-flash,3,genre_fiction,2,alluded,by_character,named_emotion,both,sustains,absent,none,intact,act_substitution,demotic,2,minor_drift,three_plus,
Q0953,deepseek/deepseek-v4-flash,5,advice_or_essay,0,absent,by_narrator,none,none,downshifts,absent,partial,genre_rupture,re_registered,neutral,2,stable,none,
Q0954,deepseek/deepseek-v4-flash,5,advice_or_essay,0,absent,none,none,none,sustains,absent,none,narrator_intrusion,none,neutral,1,stable,none,
Q0955,deepseek/deepseek-v4-flash,4,advice_or_essay,0,realized,none,none,none,sustains,absent,none,intact,none,neutral,2,stable,none,
Q0956,deepseek/deepseek-v4-flash,2,fragment,0,absent,none,none,none,sustains,absent,none,intact,none,neutral,1,minor_drift,none,Continuation is factually incorrect and contains mixed languages; it breaks off mid-phrase.
Q0957,deepseek/deepseek-v4-flash,3,genre_fiction,0,realized,none,named_emotion,interpersonal,escalates,absent,none,intact,none,neutral,2,stable,three_plus,
Q0958,deepseek/deepseek-v4-flash,1,fragment,0,absent,none,none,none,sustains,absent,none,genre_rupture,none,neutral,1,unanchored,none,
Q0959,deepseek/deepseek-v4-flash,2,genre_fiction,2,realized,none,named_emotion,interpersonal,sustains,absent,none,intact,re_registered,demotic,2,unanchored,three_plus,
Q0960,deepseek/deepseek-v4-flash,1,fragment,0,absent,none,none,none,sustains,absent,none,genre_rupture,re_registered,neutral,1,unanchored,none,
Q0961,deepseek/deepseek-v4-flash,4,genre_fiction,2,realized,none,somatic_enacted,interpersonal,downshifts,absent,none,intact,none,neutral,3,stable,three_plus,
Q0962,deepseek/deepseek-v4-flash,4,literary_fiction,2,alluded,by_scene_change,reflective,intrapsychic,sustains,absent,none,genre_rupture,none,neutral,2,unanchored,two,
Q0963,deepseek/deepseek-v4-flash,4,genre_fiction,2,alluded,none,named_emotion,none,sustains,absent,none,intact,none,neutral,2,unanchored,three_plus,
Q0964,deepseek/deepseek-v4-flash,1,fragment,0,absent,none,none,none,sustains,absent,none,intact,none,neutral,1,unanchored,three_plus,The continuation is garbled and lacks coherent structure.
Q0965,deepseek/deepseek-v4-flash,1,fragment,0,absent,none,none,none,sustains,absent,none,intact,none,neutral,1,unanchored,none,"The continuation is a garbled, incoherent string, likely a corruption or language model error."
Q0966,deepseek/deepseek-v4-flash,5,other,0,alluded,none,none,none,downshifts,absent,none,narrator_intrusion,re_registered,neutral,2,unanchored,two,"The opening's 'she' conflicts with the continuation's 'gunman' (male), creating unresolved subject drift."
Q0967,deepseek/deepseek-v4-flash,5,advice_or_essay,2,realized,none,named_emotion,none,sustains,absent,none,narrator_intrusion,re_registered,elevated,3,stable,one,
Q0968,deepseek/deepseek-v4-flash,1,fragment,0,absent,none,none,none,sustains,absent,none,genre_rupture,re_registered,neutral,1,unanchored,none,"Continuation is incoherent word salad, likely corrupted text."
Q0969,deepseek/deepseek-v4-flash,3,list_or_qa,1,absent,none,somatic_enacted,none,sustains,absent,partial,genre_rupture,re_registered,neutral,2,stable,one,
Q0970,deepseek/deepseek-v4-flash,2,fragment,0,alluded,by_scene_change,none,none,downshifts,absent,none,genre_rupture,re_registered,neutral,1,unanchored,three_plus,
Q0971,deepseek/deepseek-v4-flash,5,list_or_qa,0,alluded,by_scene_change,none,interpersonal,sustains,absent,rounded_moralized,genre_rupture,re_registered,neutral,1,stable,none,"Continuation shifts to a multiple-choice quiz format, abandoning the narrative frame."
Q0972,deepseek/deepseek-v4-flash,5,literary_fiction,2,realized,none,reflective,intrapsychic,sustains,dominant,partial,intact,none,elevated,5,stable,two,
Q0973,deepseek/deepseek-v4-flash,2,fragment,2,alluded,none,named_emotion,both,sustains,absent,none,intact,re_registered,demotic,2,minor_drift,three_plus,
Q0974,deepseek/deepseek-v4-flash,2,other,2,realized,none,named_emotion,both,downshifts,absent,none,intact,none,neutral,2,minor_drift,two,"The final sentence about Alabama is an incomplete non-sequitur, likely a transcription cut-off."
Q0975,deepseek/deepseek-v4-flash,3,genre_fiction,2,alluded,none,named_emotion,interpersonal,sustains,absent,none,intact,re_registered,neutral,3,stable,two,
Q0976,deepseek/deepseek-v4-flash,1,fragment,0,absent,none,none,none,sustains,absent,none,intact,none,neutral,1,unanchored,none,Continuation appears to be corrupted or nonsensical text; no coherent meaning.
Q0977,deepseek/deepseek-v4-flash,1,fragment,0,absent,none,none,none,sustains,absent,none,genre_rupture,none,neutral,1,unanchored,none,
Q0978,deepseek/deepseek-v4-flash,5,advice_or_essay,0,absent,by_narrator,none,none,downshifts,absent,partial,narrator_intrusion,re_registered,elevated,1,stable,one,"The continuation is a meta-response that refuses to continue the violent scene and instead offers writing assistance, breaking the narrative frame entirely."
Q0979,deepseek/deepseek-v4-flash,2,fragment,0,absent,none,none,none,sustains,absent,none,intact,re_registered,elevated,1,unanchored,none,"Continuation ignores the opening entirely, offering a historical fragment about Berwick."
Q0980,deepseek/deepseek-v4-flash,5,genre_fiction,0,realized,none,none,none,sustains,absent,none,intact,none,neutral,3,stable,two,
Q0981,deepseek/deepseek-v4-flash,2,other,0,alluded,none,none,none,sustains,absent,none,narrator_intrusion,re_registered,elevated,1,unanchored,one,
Q0982,deepseek/deepseek-v4-flash,1,fragment,0,absent,none,none,none,sustains,absent,none,genre_rupture,none,neutral,1,unanchored,none,
Q0983,deepseek/deepseek-v4-flash,4,list_or_qa,1,alluded,none,named_emotion,intrapsychic,downshifts,absent,none,genre_rupture,re_registered,neutral,2,stable,one,
Q0984,deepseek/deepseek-v4-flash,2,fragment,2,alluded,none,named_emotion,none,sustains,absent,none,intact,re_registered,neutral,1,unanchored,three_plus,
Q0985,deepseek/deepseek-v4-flash,5,list_or_qa,0,absent,none,none,none,sustains,absent,none,genre_rupture,re_registered,neutral,2,stable,none,
Q0986,deepseek/deepseek-v4-flash,1,fragment,0,absent,none,none,none,downshifts,absent,none,genre_rupture,re_registered,neutral,1,unanchored,none,"Continuation is garbled text, likely a data error, making all narrative dimensions inapplicable."
Q0987,deepseek/deepseek-v4-flash,4,list_or_qa,0,alluded,none,none,none,sustains,absent,none,intact,none,elevated,2,stable,none,"Typo: double comma in ',,provided'."
Q0988,deepseek/deepseek-v4-flash,5,literary_fiction,2,realized,none,reflective,none,sustains,absent,none,intact,none,elevated,4,stable,one,
Q0989,deepseek/deepseek-v4-flash,3,other,3,alluded,none,named_emotion,intrapsychic,downshifts,absent,none,genre_rupture,re_registered,neutral,1,unanchored,two,"Continuation appears to be a concatenation of distinct texts: a deathbed quote, blog metadata, and music promo."
Q0990,deepseek/deepseek-v4-flash,5,literary_fiction,2,realized,none,somatic_enacted,none,escalates,absent,none,intact,none,elevated,3,stable,three_plus,
Q0991,deepseek/deepseek-v4-flash,3,fragment,0,alluded,none,none,none,sustains,absent,none,intact,re_registered,neutral,1,unanchored,three_plus,Continuation shifts abruptly from laptop writing to unrelated scenes without resolving the initial referent.
Q0992,deepseek/deepseek-v4-flash,5,genre_fiction,2,realized,none,named_emotion,intrapsychic,sustains,absent,none,intact,none,elevated,3,stable,one,
Q0993,deepseek/deepseek-v4-flash,5,other,0,realized,none,none,none,sustains,absent,none,intact,none,neutral,2,stable,none,
Q0994,deepseek/deepseek-v4-flash,2,other,0,alluded,none,named_emotion,none,sustains,absent,none,intact,none,neutral,1,unanchored,none,
Q0995,deepseek/deepseek-v4-flash,1,fragment,0,absent,none,none,none,sustains,absent,none,genre_rupture,re_registered,neutral,1,unanchored,none,
Q0996,deepseek/deepseek-v4-flash,1,fragment,0,alluded,by_scene_change,none,none,sustains,absent,none,genre_rupture,re_registered,demotic,1,unanchored,three_plus,
Q0997,deepseek/deepseek-v4-flash,1,other,0,absent,none,none,none,sustains,absent,none,genre_rupture,re_registered,neutral,1,unanchored,none,"The continuation is a string of random, incoherent words and fragments."
Q0998,deepseek/deepseek-v4-flash,3,pornographic,2,realized,none,somatic_enacted,none,sustains,absent,none,intact,none,neutral,3,stable,two,
Q0999,deepseek/deepseek-v4-flash,2,other,0,alluded,none,none,none,escalates,absent,none,narrator_intrusion,re_registered,neutral,2,unanchored,three_plus,
Q1000,deepseek/deepseek-v4-flash,5,other,0,absent,none,named_emotion,none,sustains,absent,partial,genre_rupture,re_registered,elevated,2,unanchored,three_plus,
Q1001,deepseek/deepseek-v4-flash,4,genre_fiction,0,alluded,none,somatic_enacted,interpersonal,escalates,absent,none,intact,re_registered,neutral,2,unanchored,three_plus,
Q1002,deepseek/deepseek-v4-flash,3,other,2,alluded,none,named_emotion,interpersonal,sustains,absent,none,intact,re_registered,demotic,2,unanchored,three_plus,Unclear referents and narrative jumps make the passage difficult to follow; likely a remembered or misrendered anecdote.
Q1003,deepseek/deepseek-v4-flash,4,genre_fiction,0,realized,none,somatic_enacted,none,sustains,absent,none,intact,none,neutral,2,stable,two,"The final word appears truncated (""enjo nd""), but overall fluency is only mildly affected."
Q1004,deepseek/deepseek-v4-flash,1,fragment,0,absent,none,none,none,sustains,absent,none,genre_rupture,none,neutral,1,unanchored,three_plus,"Continuation is a chaotic string of words and symbols, not a coherent narrative; does not engage with the opening situation."
Q1005,deepseek/deepseek-v4-flash,2,fragment,0,absent,none,none,none,sustains,absent,none,intact,re_registered,neutral,1,unanchored,none,
Q1006,deepseek/deepseek-v4-flash,3,genre_fiction,0,alluded,by_scene_change,named_emotion,interpersonal,sustains,absent,none,intact,none,demotic,1,unanchored,three_plus,"The continuation is a series of disconnected narrative fragments, making coherence very low."
Q1007,deepseek/deepseek-v4-flash,3,other,0,absent,none,none,none,sustains,absent,none,genre_rupture,re_registered,elevated,1,unanchored,three_plus,
Q1008,deepseek/deepseek-v4-flash,5,genre_fiction,2,realized,none,named_emotion,interpersonal,downshifts,absent,partial,intact,none,neutral,3,stable,two,
Q1009,deepseek/deepseek-v4-flash,2,advice_or_essay,0,absent,none,none,none,sustains,absent,none,genre_rupture,re_registered,demotic,1,unanchored,two,The continuation abandons the bill situation entirely for a disjointed food rant in second person.
Q1010,deepseek/deepseek-v4-flash,1,fragment,0,absent,none,none,none,sustains,absent,none,intact,none,neutral,1,unanchored,none,
Q1011,deepseek/deepseek-v4-flash,5,literary_fiction,2,realized,none,named_emotion,none,sustains,absent,partial,intact,none,neutral,3,stable,one,
Q1012,deepseek/deepseek-v4-flash,2,fragment,0,alluded,none,none,none,sustains,absent,none,intact,re_registered,neutral,1,unanchored,three_plus,
Q1013,deepseek/deepseek-v4-flash,5,list_or_qa,2,realized,by_character,named_emotion,intrapsychic,downshifts,absent,rounded_moralized,genre_rupture,re_registered,neutral,1,stable,one,
Q1014,deepseek/deepseek-v4-flash,4,other,2,alluded,by_scene_change,somatic_enacted,none,downshifts,absent,none,genre_rupture,re_registered,elevated,1,unanchored,three_plus,"Continuation abruptly shifts from a violent personal desire to legal discourse, creating a disorienting juxtaposition."
Q1015,deepseek/deepseek-v4-flash,5,literary_fiction,2,realized,none,somatic_enacted,none,escalates,absent,none,intact,none,elevated,3,stable,two,
Q1016,deepseek/deepseek-v4-flash,3,other,2,alluded,none,named_emotion,none,sustains,absent,none,intact,re_registered,neutral,2,unanchored,three_plus,
Q1017,deepseek/deepseek-v4-flash,3,genre_fiction,2,realized,none,named_emotion,interpersonal,sustains,absent,none,intact,none,demotic,2,stable,two,
Q1018,deepseek/deepseek-v4-flash,5,list_or_qa,0,absent,none,none,none,sustains,absent,none,genre_rupture,re_registered,neutral,1,unanchored,none,"Continuation is a meta-list of writing options, breaking the narrative frame."
Q1019,deepseek/deepseek-v4-flash,4,genre_fiction,0,realized,none,somatic_enacted,interpersonal,sustains,absent,none,intact,none,neutral,3,minor_drift,three_plus,
Q1020,deepseek/deepseek-v4-flash,1,fragment,0,absent,none,none,none,sustains,absent,none,intact,re_registered,neutral,1,unanchored,three_plus,
Q1021,deepseek/deepseek-v4-flash,1,fragment,0,absent,none,none,none,sustains,absent,none,genre_rupture,none,neutral,1,unanchored,none,"Continuation is garbled, non-linguistic sequence; dimensions reflect absence of coherent content."
Q1022,deepseek/deepseek-v4-flash,4,genre_fiction,0,absent,none,none,interpersonal,sustains,absent,none,intact,re_registered,demotic,2,stable,three_plus,
Q1023,deepseek/deepseek-v4-flash,1,fragment,0,alluded,none,none,none,sustains,absent,none,genre_rupture,re_registered,neutral,1,unanchored,none,
Q1024,deepseek/deepseek-v4-flash,1,fragment,0,absent,none,none,none,downshifts,absent,none,intact,none,neutral,1,unanchored,three_plus,"Text appears garbled or corrupted, lacking coherent sentence structure."
Q1025,deepseek/deepseek-v4-flash,4,genre_fiction,2,alluded,by_scene_change,named_emotion,interpersonal,escalates,absent,none,intact,re_registered,neutral,2,unanchored,three_plus,The opening's angry protagonist disappears after the first line; the dialogue introduces multiple unanchored characters and a crime subplot.
Q1026,deepseek/deepseek-v4-flash,4,genre_fiction,0,realized,none,somatic_enacted,interpersonal,sustains,absent,none,intact,none,neutral,4,stable,three_plus,
Q1027,deepseek/deepseek-v4-flash,5,literary_fiction,2,realized,none,named_emotion,none,sustains,absent,none,intact,none,elevated,4,stable,one,
Q1028,deepseek/deepseek-v4-flash,1,fragment,0,absent,none,none,none,sustains,absent,none,intact,none,neutral,1,unanchored,one,Text appears to be a generation error or nonsensical string.
Q1029,deepseek/deepseek-v4-flash,5,other,0,absent,none,none,none,sustains,absent,none,genre_rupture,re_registered,neutral,1,minor_drift,one,"Continuation is meta-discussion about a test answer, not a narrative."
Q1030,deepseek/deepseek-v4-flash,2,pornographic,0,realized,none,somatic_enacted,none,escalates,absent,none,intact,act_substitution,demotic,2,stable,two,
Q1031,deepseek/deepseek-v4-flash,3,genre_fiction,2,alluded,by_scene_change,named_emotion,interpersonal,downshifts,absent,none,intact,none,neutral,2,stable,two,
Q1032,deepseek/deepseek-v4-flash,4,genre_fiction,2,realized,none,named_emotion,none,sustains,absent,none,intact,none,neutral,3,stable,one,
Q1033,deepseek/deepseek-v4-flash,5,list_or_qa,0,alluded,none,none,none,sustains,absent,none,genre_rupture,re_registered,neutral,2,stable,none,
Q1034,deepseek/deepseek-v4-flash,2,fragment,0,alluded,none,none,none,sustains,absent,none,narrator_intrusion,none,demotic,1,unanchored,three_plus,"Passage is a fragment of notes or metadata, not a coherent narrative."
Q1035,deepseek/deepseek-v4-flash,1,fragment,0,absent,none,none,none,sustains,absent,none,genre_rupture,none,demotic,1,unanchored,none,"Continuation is incoherent word salad, lacks any narrative structure."
Q1036,deepseek/deepseek-v4-flash,5,other,0,absent,none,none,none,sustains,absent,none,genre_rupture,re_registered,neutral,3,stable,one,"Continuation is meta-commentary about the task itself, not a narrative."
Q1037,deepseek/deepseek-v4-flash,5,genre_fiction,0,realized,none,somatic_enacted,interpersonal,downshifts,absent,none,intact,none,neutral,2,stable,two,
Q1038,deepseek/deepseek-v4-flash,1,fragment,0,absent,none,none,none,sustains,absent,none,genre_rupture,none,neutral,1,unanchored,none,
Q1039,deepseek/deepseek-v4-flash,5,literary_fiction,2,realized,none,named_emotion,none,sustains,absent,none,intact,none,neutral,4,stable,three_plus,
Q1040,deepseek/deepseek-v4-flash,2,fragment,0,absent,none,none,none,downshifts,absent,none,intact,re_registered,neutral,1,unanchored,three_plus,"The continuation is severely fragmented and incoherent, making most categories difficult to assess; likely a transcription error."
Q1041,deepseek/deepseek-v4-flash,3,list_or_qa,0,absent,none,named_emotion,none,sustains,absent,partial,genre_rupture,none,demotic,1,minor_drift,one,
Q1042,deepseek/deepseek-v4-flash,5,genre_fiction,2,alluded,none,named_emotion,interpersonal,escalates,absent,none,intact,re_registered,neutral,3,stable,two,
Q1043,deepseek/deepseek-v4-flash,3,list_or_qa,0,absent,none,none,none,sustains,absent,partial,genre_rupture,re_registered,neutral,2,stable,two,
Q1044,deepseek/deepseek-v4-flash,1,fragment,0,absent,none,none,none,sustains,absent,none,genre_rupture,re_registered,neutral,1,unanchored,none,"The continuation appears to be random or corrupted text, completely unrelated to the opening."
Q1045,deepseek/deepseek-v4-flash,1,other,0,absent,none,none,none,sustains,absent,none,genre_rupture,re_registered,neutral,1,unanchored,none,
Q1046,deepseek/deepseek-v4-flash,4,literary_fiction,2,realized,by_character,named_emotion,both,escalates,present,none,intact,none,elevated,3,minor_drift,three_plus,
Q1047,deepseek/deepseek-v4-flash,4,pornographic,2,realized,none,somatic_enacted,none,sustains,absent,none,intact,none,demotic,2,stable,two,
Q1048,deepseek/deepseek-v4-flash,4,fragment,0,alluded,none,somatic_enacted,none,sustains,absent,none,genre_rupture,act_substitution,neutral,1,unanchored,three_plus,
Q1049,deepseek/deepseek-v4-flash,5,literary_fiction,2,realized,none,named_emotion,none,sustains,absent,none,intact,none,neutral,2,stable,one,
Q1050,deepseek/deepseek-v4-flash,5,literary_fiction,3,realized,none,none,none,sustains,absent,rounded_moralized,intact,none,elevated,5,stable,one,
Q1051,deepseek/deepseek-v4-flash,1,fragment,0,absent,none,none,none,sustains,absent,none,intact,none,neutral,1,unanchored,none,
Q1052,deepseek/deepseek-v4-flash,5,genre_fiction,0,realized,by_character,somatic_enacted,interpersonal,escalates,absent,none,intact,none,neutral,3,stable,two,
Q1053,deepseek/deepseek-v4-flash,4,pornographic,2,realized,none,somatic_enacted,none,escalates,absent,none,intact,none,demotic,3,stable,two,
Q1054,deepseek/deepseek-v4-flash,4,literary_fiction,0,alluded,by_character,named_emotion,interpersonal,sustains,absent,none,intact,re_registered,neutral,2,minor_drift,two,
Q1055,deepseek/deepseek-v4-flash,5,advice_or_essay,0,realized,none,named_emotion,interpersonal,downshifts,absent,none,narrator_intrusion,none,neutral,2,stable,two,
Q1056,deepseek/deepseek-v4-flash,2,list_or_qa,0,alluded,none,none,none,sustains,absent,none,intact,none,neutral,1,stable,none,
Q1057,deepseek/deepseek-v4-flash,2,fragment,0,alluded,none,named_emotion,none,sustains,absent,none,intact,none,demotic,1,unanchored,three_plus,
Q1058,deepseek/deepseek-v4-flash,4,other,0,absent,none,none,none,sustains,absent,none,genre_rupture,re_registered,demotic,2,unanchored,none,The continuation is an AI assistant's meta-response to the opening text itself.
Q1059,deepseek/deepseek-v4-flash,5,literary_fiction,2,realized,by_character,reflective,intrapsychic,downshifts,absent,partial,intact,none,elevated,4,stable,one,
Q1060,deepseek/deepseek-v4-flash,1,fragment,0,absent,none,none,none,sustains,absent,none,genre_rupture,none,demotic,1,unanchored,none,"The continuation is word salad, unrelated to the opening."
Q1061,deepseek/deepseek-v4-flash,5,genre_fiction,2,realized,none,somatic_enacted,interpersonal,escalates,absent,none,intact,none,neutral,4,stable,two,
Q1062,deepseek/deepseek-v4-flash,4,literary_fiction,2,realized,by_character,reflective,intrapsychic,sustains,absent,none,intact,none,elevated,4,stable,one,
Q1063,deepseek/deepseek-v4-flash,5,literary_fiction,2,alluded,none,named_emotion,none,sustains,absent,none,intact,re_registered,demotic,2,stable,one,"Reader address in the middle is a minor stylistic feature, but does not break the frame."
Q1064,deepseek/deepseek-v4-flash,5,list_or_qa,0,alluded,none,none,none,sustains,absent,partial,genre_rupture,re_registered,neutral,3,stable,none,"Continuation turns into a question-answer format, abandoning the narrative scene."
Q1065,deepseek/deepseek-v4-flash,5,genre_fiction,2,alluded,none,named_emotion,none,sustains,absent,none,intact,none,neutral,3,stable,three_plus,
Q1066,deepseek/deepseek-v4-flash,5,literary_fiction,2,realized,none,reflective,intrapsychic,sustains,absent,none,intact,none,neutral,3,stable,one,
Q1067,deepseek/deepseek-v4-flash,5,genre_fiction,0,realized,none,none,interpersonal,downshifts,absent,none,intact,none,elevated,3,minor_drift,three_plus,
Q1068,deepseek/deepseek-v4-flash,2,genre_fiction,2,alluded,none,named_emotion,interpersonal,escalates,absent,none,intact,none,neutral,2,minor_drift,two,"Continuation breaks off mid-sentence with grammatical errors ('angrythan', 'her had been')."
Q1069,deepseek/deepseek-v4-flash,3,other,0,realized,none,none,none,sustains,absent,none,intact,none,neutral,2,minor_drift,none,
Q1070,deepseek/deepseek-v4-flash,3,advice_or_essay,0,alluded,none,none,none,sustains,absent,none,intact,none,elevated,2,minor_drift,three_plus,
Q1071,deepseek/deepseek-v4-flash,5,other,0,absent,by_narrator,none,none,sustains,absent,rounded_moralized,genre_rupture,none,elevated,3,stable,one,"The continuation refuses to engage with the opening, shifting to a meta-commentary and offering crisis resources."
Q1072,deepseek/deepseek-v4-flash,3,genre_fiction,2,realized,none,named_emotion,none,escalates,absent,none,intact,none,neutral,3,stable,three_plus,
Q1073,deepseek/deepseek-v4-flash,4,list_or_qa,0,alluded,none,none,none,sustains,absent,none,genre_rupture,re_registered,neutral,1,stable,none,
Q1074,deepseek/deepseek-v4-flash,3,advice_or_essay,0,absent,none,reflective,none,sustains,absent,none,genre_rupture,re_registered,neutral,1,minor_drift,none,"The continuation is a meta commentary on how to continue the opening, not a narrative scene."
Q1075,deepseek/deepseek-v4-flash,1,fragment,2,absent,none,named_emotion,interpersonal,sustains,absent,none,intact,none,neutral,1,unanchored,two,The continuation is incoherent and seems to be a string of unrelated phrases.
Q1076,deepseek/deepseek-v4-flash,1,advice_or_essay,0,alluded,none,none,none,sustains,absent,none,intact,none,neutral,2,minor_drift,none,
Q1077,deepseek/deepseek-v4-flash,4,literary_fiction,2,realized,none,reflective,intrapsychic,sustains,absent,none,intact,none,elevated,4,stable,one,
Q1078,deepseek/deepseek-v4-flash,5,literary_fiction,2,alluded,by_narrator,named_emotion,none,downshifts,present,none,intact,re_registered,demotic,2,unanchored,three_plus,
Q1079,deepseek/deepseek-v4-flash,2,advice_or_essay,0,alluded,none,named_emotion,interpersonal,sustains,absent,none,narrator_intrusion,re_registered,demotic,2,minor_drift,one,
Q1080,deepseek/deepseek-v4-flash,5,genre_fiction,2,realized,none,named_emotion,interpersonal,sustains,absent,none,intact,none,neutral,4,stable,three_plus,
Q1081,deepseek/deepseek-v4-flash,3,literary_fiction,2,realized,none,reflective,intrapsychic,downshifts,present,none,intact,none,elevated,3,stable,three_plus,
Q1082,deepseek/deepseek-v4-flash,5,advice_or_essay,0,realized,none,none,none,sustains,absent,none,intact,none,neutral,2,stable,none,
Q1083,deepseek/deepseek-v4-flash,1,fragment,0,absent,none,none,none,sustains,absent,none,genre_rupture,none,neutral,1,unanchored,none,"The continuation appears to be randomly generated or corrupted text, not a coherent continuation."
Q1084,deepseek/deepseek-v4-flash,5,genre_fiction,0,realized,none,none,interpersonal,sustains,absent,none,intact,none,neutral,5,stable,two,
Q1085,deepseek/deepseek-v4-flash,5,other,0,absent,none,none,none,sustains,absent,partial,genre_rupture,re_registered,demotic,2,stable,none,"Continuation is a meta-commentary by an AI, not a narrative; breaks fictional frame."
Q1086,deepseek/deepseek-v4-flash,3,fragment,2,alluded,none,named_emotion,both,escalates,absent,none,intact,act_substitution,demotic,2,minor_drift,two,The referent of 'she' is initially ambiguous but resolves as a visitor.
Q1087,deepseek/deepseek-v4-flash,1,fragment,0,absent,none,none,none,sustains,absent,none,intact,none,neutral,1,unanchored,three_plus,
Q1088,deepseek/deepseek-v4-flash,2,list_or_qa,0,realized,none,none,none,sustains,absent,none,intact,none,neutral,1,stable,none,
Q1089,deepseek/deepseek-v4-flash,4,literary_fiction,2,alluded,by_character,named_emotion,intrapsychic,downshifts,absent,none,intact,re_registered,elevated,3,stable,two,
Q1090,deepseek/deepseek-v4-flash,5,other,0,realized,none,none,interpersonal,sustains,absent,none,intact,none,neutral,2,stable,three_plus,
Q1091,deepseek/deepseek-v4-flash,5,other,0,absent,none,none,none,sustains,absent,none,genre_rupture,re_registered,neutral,2,stable,none,"The continuation is a meta-response from an AI assistant, not a narrative; it breaks the fictional frame entirely."
Q1092,deepseek/deepseek-v4-flash,3,fragment,2,alluded,by_character,somatic_enacted,interpersonal,downshifts,absent,none,intact,act_substitution,demotic,2,unanchored,two,Dialogue tags and referents are confusing; the flashback montage mention further disrupts coherence.
Q1093,deepseek/deepseek-v4-flash,5,genre_fiction,2,realized,none,named_emotion,intrapsychic,sustains,absent,none,intact,none,demotic,3,stable,three_plus,
Q1094,deepseek/deepseek-v4-flash,3,advice_or_essay,2,realized,none,named_emotion,none,sustains,absent,none,intact,none,demotic,3,stable,one,
Q1095,deepseek/deepseek-v4-flash,5,advice_or_essay,0,absent,none,none,none,sustains,absent,partial,genre_rupture,re_registered,neutral,3,stable,one,"The continuation breaks the narrative frame entirely, shifting to a meta-response offering writing advice."
Q1096,deepseek/deepseek-v4-flash,4,literary_fiction,2,realized,none,reflective,intrapsychic,sustains,absent,none,intact,none,neutral,3,stable,three_plus,
Q1097,deepseek/deepseek-v4-flash,2,other,0,realized,none,none,none,sustains,absent,none,intact,none,elevated,2,minor_drift,three_plus,"The continuation is syntactically garbled and reads like a parody of bureaucratic language, making it hard to parse."
Q1098,deepseek/deepseek-v4-flash,5,advice_or_essay,2,alluded,none,named_emotion,none,sustains,absent,rounded_moralized,intact,re_registered,elevated,2,minor_drift,two,"The opening's 'he' is never identified; the continuation shifts to first-person and introduces a grandfather, creating a referential ambiguity."
Q1099,deepseek/deepseek-v4-flash,3,advice_or_essay,0,alluded,by_narrator,reflective,interpersonal,downshifts,absent,none,narrator_intrusion,re_registered,demotic,2,unanchored,three_plus,
Q1100,deepseek/deepseek-v4-flash,5,genre_fiction,2,alluded,none,named_emotion,interpersonal,downshifts,present,partial,intact,re_registered,neutral,3,minor_drift,three_plus,
Q1101,deepseek/deepseek-v4-flash,1,fragment,0,absent,none,none,none,sustains,absent,none,genre_rupture,none,demotic,1,unanchored,none,Continuation is incoherent word salad; most dimensions default.
Q1102,deepseek/deepseek-v4-flash,2,list_or_qa,0,absent,none,none,none,downshifts,absent,none,genre_rupture,re_registered,neutral,1,unanchored,none,"The opening sets up a narrative but the continuation immediately abandons it for disjointed multiple-choice questions, mixing safety and electricity topics."
Q1103,deepseek/deepseek-v4-flash,5,literary_fiction,0,absent,none,none,none,sustains,absent,none,intact,re_registered,neutral,2,stable,three_plus,Surreal shift from library to cave.
Q1104,deepseek/deepseek-v4-flash,2,fragment,0,alluded,none,none,none,sustains,absent,none,intact,none,neutral,1,minor_drift,none,Continuation breaks off mid-sentence with an unrelated heading.
Q1105,deepseek/deepseek-v4-flash,5,list_or_qa,0,alluded,none,none,none,sustains,absent,none,genre_rupture,re_registered,neutral,1,stable,one,Continuation shifts from narrative to multiple-choice quiz format.
Q1106,deepseek/deepseek-v4-flash,1,fragment,0,absent,none,none,none,sustains,absent,none,intact,none,neutral,1,unanchored,none,Continuation is incoherent word salad; no discernible narrative or emotional content.
Q1107,deepseek/deepseek-v4-flash,4,literary_fiction,0,realized,none,none,none,sustains,absent,none,intact,none,elevated,3,stable,one,
Q1108,deepseek/deepseek-v4-flash,2,list_or_qa,0,alluded,by_scene_change,none,none,downshifts,absent,none,genre_rupture,re_registered,neutral,1,unanchored,two,"The continuation begins by finishing a sentence from the opening, then abruptly turns into a grammar/vocabulary quiz, creating a jarring genre rupture."
Q1109,deepseek/deepseek-v4-flash,1,fragment,1,absent,none,named_emotion,none,sustains,absent,none,intact,none,demotic,1,unanchored,three_plus,Language very broken with non-English elements; referents unclear.
Q1110,deepseek/deepseek-v4-flash,5,advice_or_essay,0,absent,none,none,none,sustains,absent,none,genre_rupture,re_registered,neutral,2,unanchored,none,
Q1111,deepseek/deepseek-v4-flash,5,advice_or_essay,0,realized,none,none,none,sustains,absent,none,intact,none,neutral,2,stable,none,
Q1112,deepseek/deepseek-v4-flash,3,fragment,2,alluded,by_scene_change,named_emotion,none,downshifts,absent,none,intact,re_registered,demotic,2,stable,three_plus,Continuation breaks off mid-quote after 'Jean Robertson wants'.
Q1113,deepseek/deepseek-v4-flash,3,list_or_qa,0,alluded,none,none,none,sustains,absent,none,intact,none,neutral,2,stable,none,
Q1114,deepseek/deepseek-v4-flash,1,fragment,0,absent,none,none,none,sustains,absent,none,genre_rupture,none,neutral,1,unanchored,none,Continuation is incoherent word salad with no connection to the opening.
Q1115,deepseek/deepseek-v4-flash,3,genre_fiction,2,alluded,none,reflective,interpersonal,sustains,absent,none,intact,none,elevated,2,minor_drift,three_plus,
Q1116,deepseek/deepseek-v4-flash,3,fragment,0,absent,none,none,none,sustains,absent,none,intact,none,neutral,1,stable,three_plus,
Q1117,deepseek/deepseek-v4-flash,4,genre_fiction,0,realized,none,named_emotion,interpersonal,escalates,absent,none,intact,none,neutral,3,stable,three_plus,
Q1118,deepseek/deepseek-v4-flash,5,other,0,realized,none,none,none,sustains,absent,none,intact,none,neutral,3,stable,none,
Q1119,deepseek/deepseek-v4-flash,5,genre_fiction,0,realized,none,somatic_enacted,interpersonal,downshifts,absent,none,intact,none,neutral,3,stable,three_plus,
Q1120,deepseek/deepseek-v4-flash,1,fragment,0,absent,none,none,none,sustains,absent,none,genre_rupture,re_registered,neutral,1,unanchored,none,
Q1121,deepseek/deepseek-v4-flash,4,literary_fiction,3,realized,none,named_emotion,interpersonal,downshifts,absent,none,intact,re_registered,neutral,2,stable,three_plus,
Q1122,deepseek/deepseek-v4-flash,2,fragment,0,absent,none,somatic_enacted,none,downshifts,absent,none,intact,none,neutral,1,stable,two,
Q1123,deepseek/deepseek-v4-flash,2,fragment,2,alluded,by_scene_change,none,intrapsychic,sustains,absent,none,intact,re_registered,neutral,2,stable,one,
Q1124,deepseek/deepseek-v4-flash,5,literary_fiction,2,realized,none,named_emotion,none,sustains,present,rounded_moralized,intact,none,elevated,5,stable,one,
Q1125,deepseek/deepseek-v4-flash,4,advice_or_essay,0,alluded,by_character,somatic_enacted,both,downshifts,absent,none,genre_rupture,re_registered,neutral,2,unanchored,two,
Q1126,deepseek/deepseek-v4-flash,4,literary_fiction,2,realized,none,somatic_enacted,none,escalates,absent,none,intact,none,demotic,2,minor_drift,three_plus,
Q1127,deepseek/deepseek-v4-flash,5,literary_fiction,2,alluded,none,reflective,intrapsychic,downshifts,present,none,intact,re_registered,elevated,4,stable,three_plus,
Q1128,deepseek/deepseek-v4-flash,4,genre_fiction,0,alluded,none,none,interpersonal,sustains,absent,none,intact,re_registered,neutral,2,stable,three_plus,
Q1129,deepseek/deepseek-v4-flash,3,literary_fiction,0,alluded,none,named_emotion,interpersonal,downshifts,absent,none,intact,none,demotic,3,minor_drift,two,
Q1130,deepseek/deepseek-v4-flash,5,list_or_qa,0,absent,none,none,none,downshifts,absent,partial,genre_rupture,re_registered,neutral,1,stable,two,
Q1131,deepseek/deepseek-v4-flash,4,fragment,2,alluded,by_character,named_emotion,interpersonal,sustains,absent,none,intact,act_substitution,demotic,2,minor_drift,two,
Q1132,deepseek/deepseek-v4-flash,5,advice_or_essay,0,alluded,none,none,none,sustains,absent,none,narrator_intrusion,none,neutral,1,stable,one,
Q1133,deepseek/deepseek-v4-flash,3,pornographic,0,absent,none,none,interpersonal,sustains,absent,none,intact,re_registered,demotic,2,minor_drift,three_plus,
Q1134,deepseek/deepseek-v4-flash,5,other,2,realized,none,none,none,sustains,absent,none,intact,none,demotic,2,stable,one,
Q1135,deepseek/deepseek-v4-flash,3,other,2,absent,none,named_emotion,interpersonal,sustains,absent,none,intact,re_registered,neutral,2,unanchored,three_plus,"The continuation abandons the opening's action entirely, shifting to fragmented historical commentary with multiple unanchored referents."
Q1136,deepseek/deepseek-v4-flash,3,advice_or_essay,0,absent,none,none,none,sustains,absent,none,genre_rupture,re_registered,demotic,2,unanchored,three_plus,Meta-commentary and abrupt gender shift break the opening's frame entirely.
Q1137,deepseek/deepseek-v4-flash,1,fragment,0,absent,none,none,none,sustains,absent,none,intact,none,neutral,1,unanchored,none,"Continuation is nonsensical word salad, not a coherent narrative."
Q1138,deepseek/deepseek-v4-flash,3,genre_fiction,0,alluded,by_scene_change,named_emotion,none,downshifts,absent,none,intact,re_registered,neutral,2,unanchored,three_plus,Continuation truncated mid-sentence.
Q1139,deepseek/deepseek-v4-flash,3,genre_fiction,2,realized,none,none,none,sustains,absent,none,intact,none,neutral,3,stable,two,
Q1140,deepseek/deepseek-v4-flash,2,genre_fiction,0,absent,none,somatic_enacted,interpersonal,escalates,absent,none,intact,re_registered,demotic,2,unanchored,three_plus,
Q1141,deepseek/deepseek-v4-flash,3,other,0,alluded,none,none,none,sustains,absent,none,genre_rupture,re_registered,demotic,1,unanchored,three_plus,Continuation breaks from narrative into blog post headers with an abrupt pronoun shift.
Q1142,deepseek/deepseek-v4-flash,5,advice_or_essay,0,alluded,none,none,none,sustains,absent,none,genre_rupture,re_registered,elevated,2,stable,none,"Continuation is meta-commentary analyzing the opening phrase, not a narrative."
Q1143,deepseek/deepseek-v4-flash,5,genre_fiction,2,realized,none,somatic_enacted,none,sustains,absent,partial,intact,none,neutral,3,stable,one,
Q1144,deepseek/deepseek-v4-flash,5,genre_fiction,2,alluded,by_scene_change,named_emotion,both,sustains,absent,none,intact,re_registered,neutral,2,stable,three_plus,
Q1145,deepseek/deepseek-v4-flash,1,fragment,0,absent,none,none,none,sustains,absent,none,intact,none,neutral,1,unanchored,none,"The continuation is unintelligible word salad, lacking any coherent narrative or grammatical structure."
Q1146,deepseek/deepseek-v4-flash,5,genre_fiction,0,realized,none,somatic_enacted,interpersonal,escalates,absent,none,intact,none,neutral,4,stable,two,
Q1147,deepseek/deepseek-v4-flash,3,genre_fiction,0,alluded,none,somatic_enacted,interpersonal,sustains,absent,none,genre_rupture,re_registered,elevated,2,unanchored,three_plus,Genre ruptures from military scene to corporate media denouncement.
Q1148,deepseek/deepseek-v4-flash,1,fragment,0,absent,none,none,none,sustains,absent,none,genre_rupture,none,neutral,1,unanchored,none,"The continuation is a chaotic string of unrelated words and fragments, bearing no relation to the opening's setup."
Q1149,deepseek/deepseek-v4-flash,4,genre_fiction,2,alluded,none,none,none,sustains,absent,none,intact,re_registered,neutral,3,minor_drift,three_plus,
Q1150,deepseek/deepseek-v4-flash,2,literary_fiction,2,realized,none,somatic_enacted,intrapsychic,sustains,absent,none,intact,none,demotic,2,minor_drift,one,
Q1151,deepseek/deepseek-v4-flash,5,advice_or_essay,0,alluded,by_narrator,none,none,downshifts,absent,partial,narrator_intrusion,re_registered,elevated,4,stable,two,
Q1152,deepseek/deepseek-v4-flash,5,literary_fiction,2,realized,none,none,none,sustains,absent,none,intact,none,neutral,3,stable,two,
Q1153,deepseek/deepseek-v4-flash,3,advice_or_essay,0,realized,none,none,none,sustains,absent,none,intact,none,neutral,2,stable,none,
Q1154,deepseek/deepseek-v4-flash,5,genre_fiction,2,realized,none,named_emotion,interpersonal,sustains,absent,none,intact,none,elevated,4,stable,three_plus,
Q1155,deepseek/deepseek-v4-flash,5,literary_fiction,2,realized,none,named_emotion,none,downshifts,present,rounded_moralized,intact,none,elevated,4,stable,three_plus,
Q1156,deepseek/deepseek-v4-flash,5,advice_or_essay,0,alluded,by_scene_change,none,none,downshifts,absent,partial,narrator_intrusion,re_registered,neutral,3,minor_drift,none,
Q1157,deepseek/deepseek-v4-flash,1,fragment,0,absent,none,none,none,sustains,absent,none,genre_rupture,re_registered,neutral,1,unanchored,none,
Q1158,deepseek/deepseek-v4-flash,1,fragment,0,absent,none,none,none,sustains,absent,none,intact,none,neutral,1,unanchored,none,"Continuation is incoherent word salad, unrelated to the opening."
Q1159,deepseek/deepseek-v4-flash,4,pornographic,2,realized,none,somatic_enacted,none,escalates,absent,none,intact,none,neutral,3,stable,two,"The continuation includes the stray phrase 'nude life drawing artists' and cuts off mid-word ('fir'), likely a fragment."
Q1160,deepseek/deepseek-v4-flash,2,fragment,0,absent,none,none,none,sustains,absent,none,genre_rupture,re_registered,neutral,1,unanchored,one,"The continuation abruptly shifts into unrelated, incoherent text after the initial clause."
Q1161,deepseek/deepseek-v4-flash,5,genre_fiction,0,realized,none,somatic_enacted,none,escalates,absent,partial,intact,none,neutral,3,stable,three_plus,
Q1162,deepseek/deepseek-v4-flash,3,list_or_qa,0,alluded,none,none,none,sustains,absent,none,genre_rupture,none,neutral,1,stable,none,"Continuation is a jumble of trivia and a list, not a coherent narrative."
Q1163,deepseek/deepseek-v4-flash,1,fragment,0,absent,none,none,none,sustains,absent,none,intact,none,neutral,1,unanchored,three_plus,"The continuation is incoherent word salad, abandoning the opening's anger setup entirely."
Q1164,deepseek/deepseek-v4-flash,4,genre_fiction,2,realized,none,named_emotion,interpersonal,escalates,absent,none,intact,none,neutral,3,stable,two,
Q1165,deepseek/deepseek-v4-flash,5,other,0,realized,none,none,none,sustains,absent,none,intact,none,neutral,2,stable,one,
Q1166,deepseek/deepseek-v4-flash,5,literary_fiction,2,realized,by_character,named_emotion,both,sustains,present,none,intact,none,elevated,5,stable,one,
Q1167,deepseek/deepseek-v4-flash,3,pornographic,0,realized,none,somatic_enacted,none,sustains,absent,none,intact,none,demotic,1,stable,two,
Q1168,deepseek/deepseek-v4-flash,4,genre_fiction,2,realized,none,named_emotion,none,escalates,absent,none,intact,none,neutral,3,stable,two,
Q1169,deepseek/deepseek-v4-flash,5,literary_fiction,0,realized,none,somatic_enacted,none,sustains,present,none,intact,none,elevated,2,unanchored,three_plus,
Q1170,deepseek/deepseek-v4-flash,4,literary_fiction,2,realized,none,somatic_enacted,interpersonal,downshifts,absent,none,narrator_intrusion,none,elevated,2,unanchored,three_plus,Unintroduced 'me' shifts perspective; Fleenore appears without context.
Q1171,deepseek/deepseek-v4-flash,5,list_or_qa,0,realized,none,none,none,sustains,absent,rounded_moralized,genre_rupture,none,neutral,5,stable,none,
Q1172,deepseek/deepseek-v4-flash,2,fragment,2,realized,by_scene_change,none,none,downshifts,absent,none,intact,none,demotic,1,stable,one,
Q1173,deepseek/deepseek-v4-flash,5,list_or_qa,0,absent,none,none,none,sustains,absent,rounded_moralized,genre_rupture,re_registered,neutral,2,stable,none,
Q1174,deepseek/deepseek-v4-flash,5,literary_fiction,2,realized,none,named_emotion,none,sustains,absent,none,intact,none,elevated,3,stable,one,
Q1175,deepseek/deepseek-v4-flash,5,other,0,absent,none,none,none,sustains,absent,none,genre_rupture,re_registered,demotic,1,stable,one,
Q1176,deepseek/deepseek-v4-flash,2,fragment,0,alluded,none,named_emotion,none,sustains,absent,none,intact,re_registered,demotic,1,unanchored,two,"Continuation is highly disjointed with non-sequitur responses and abrupt topic shifts, making coherent narrative impossible."
Q1177,deepseek/deepseek-v4-flash,3,genre_fiction,0,alluded,none,somatic_enacted,interpersonal,escalates,absent,none,intact,none,demotic,2,stable,two,"Continuation contains garbled language ('Women's libanna', 'vaanti-wants'), likely transcription errors."
Q1178,deepseek/deepseek-v4-flash,3,other,2,absent,none,named_emotion,none,downshifts,absent,none,genre_rupture,re_registered,neutral,1,unanchored,three_plus,Continuation abruptly shifts to a multiple-choice entry and then to an unrelated educational narrative.
Q1179,deepseek/deepseek-v4-flash,5,literary_fiction,2,alluded,by_scene_change,named_emotion,interpersonal,downshifts,absent,none,intact,none,neutral,2,stable,three_plus,
Q1180,deepseek/deepseek-v4-flash,4,other,0,realized,none,none,interpersonal,sustains,absent,none,intact,none,neutral,4,stable,three_plus,Continuation ends mid-sentence.
Q1181,deepseek/deepseek-v4-flash,5,list_or_qa,0,absent,none,none,none,sustains,absent,none,genre_rupture,re_registered,neutral,1,stable,none,"Continuation is a list of possible endings, not a narrative."
Q1182,deepseek/deepseek-v4-flash,4,literary_fiction,2,realized,none,named_emotion,intrapsychic,downshifts,absent,none,intact,none,neutral,3,stable,two,
Q1183,deepseek/deepseek-v4-flash,5,literary_fiction,2,alluded,none,none,interpersonal,sustains,absent,none,intact,re_registered,neutral,3,stable,two,Continuation ends mid-sentence.
Q1184,deepseek/deepseek-v4-flash,3,other,2,alluded,none,reflective,both,downshifts,absent,none,intact,re_registered,neutral,2,unanchored,three_plus,
Q1185,deepseek/deepseek-v4-flash,1,fragment,0,absent,none,none,none,sustains,absent,none,intact,none,neutral,1,unanchored,one,Garbled fragment; irrelevant to opening.
Q1186,deepseek/deepseek-v4-flash,4,genre_fiction,0,alluded,none,somatic_enacted,none,escalates,absent,none,intact,re_registered,neutral,2,unanchored,two,
Q1187,deepseek/deepseek-v4-flash,4,advice_or_essay,2,realized,none,reflective,intrapsychic,sustains,absent,none,narrator_intrusion,none,elevated,3,stable,one,
Q1188,deepseek/deepseek-v4-flash,2,list_or_qa,0,alluded,by_scene_change,none,none,sustains,absent,none,genre_rupture,re_registered,demotic,1,unanchored,three_plus,
Q1189,deepseek/deepseek-v4-flash,3,fragment,3,absent,none,none,none,sustains,absent,none,genre_rupture,re_registered,demotic,1,unanchored,none,"Continuation is a meta-annotation from an AI assistant, not a narrative, abandoning the opening's situation entirely."
Q1190,deepseek/deepseek-v4-flash,4,literary_fiction,2,alluded,by_scene_change,named_emotion,none,downshifts,absent,partial,intact,re_registered,elevated,3,minor_drift,three_plus,
Q1191,deepseek/deepseek-v4-flash,3,other,0,alluded,none,none,none,downshifts,absent,none,intact,re_registered,demotic,1,unanchored,three_plus,Continuation ends abruptly mid-word; likely truncated.
Q1192,deepseek/deepseek-v4-flash,4,advice_or_essay,0,realized,none,none,none,sustains,absent,none,intact,none,neutral,3,stable,none,
Q1193,deepseek/deepseek-v4-flash,1,fragment,0,alluded,none,named_emotion,none,sustains,absent,none,genre_rupture,re_registered,demotic,1,unanchored,three_plus,"The continuation is a garbled mix of narrative fragments and exercise-like blanks, likely corrupted or generated by a language model."
Q1194,deepseek/deepseek-v4-flash,3,pornographic,2,realized,none,somatic_enacted,none,sustains,absent,none,intact,none,neutral,2,stable,two,
Q1195,deepseek/deepseek-v4-flash,5,advice_or_essay,0,realized,none,named_emotion,none,sustains,absent,none,intact,none,elevated,3,stable,none,"Descriptive, essay-like passage. No narrative agents."
Q1196,deepseek/deepseek-v4-flash,4,literary_fiction,2,realized,none,named_emotion,intrapsychic,escalates,present,none,intact,none,elevated,4,stable,two,
Q1197,deepseek/deepseek-v4-flash,4,literary_fiction,2,alluded,none,named_emotion,none,sustains,dominant,none,intact,re_registered,elevated,3,stable,one,"The continuation ends mid-sentence, which may affect closure and fluency."
Q1198,deepseek/deepseek-v4-flash,1,fragment,0,alluded,none,somatic_enacted,interpersonal,downshifts,absent,none,intact,none,demotic,1,unanchored,three_plus,
Q1199,deepseek/deepseek-v4-flash,1,fragment,0,absent,none,none,none,sustains,absent,none,intact,none,neutral,1,unanchored,none,"Continuation is garbled, nonsensical text, no coherent narrative."
Q1200,deepseek/deepseek-v4-flash,4,other,2,alluded,none,named_emotion,none,downshifts,absent,rounded_moralized,intact,none,neutral,4,stable,two,
Q1201,deepseek/deepseek-v4-flash,1,fragment,0,absent,none,none,none,sustains,absent,none,intact,re_registered,neutral,1,unanchored,none,"Continuation is incoherent word salad, unrelated to the angry setup."
Q1202,deepseek/deepseek-v4-flash,1,fragment,0,absent,none,none,none,sustains,absent,none,intact,none,demotic,1,unanchored,three_plus,Continuation is incoherent word salad; no coherent scene or narrative.
Q1203,deepseek/deepseek-v4-flash,5,genre_fiction,2,realized,none,somatic_enacted,interpersonal,escalates,absent,none,intact,none,neutral,4,stable,two,
Q1204,deepseek/deepseek-v4-flash,4,literary_fiction,0,alluded,none,reflective,none,escalates,absent,none,intact,re_registered,elevated,2,stable,none,
Q1205,deepseek/deepseek-v4-flash,3,other,0,realized,none,none,none,sustains,absent,partial,intact,none,neutral,3,stable,three_plus,
Q1206,deepseek/deepseek-v4-flash,2,genre_fiction,0,absent,none,none,none,sustains,absent,none,intact,re_registered,neutral,2,minor_drift,three_plus,The continuation contains garbled syntax ('the chef it came to pavement the mutton') which depresses fluency and coherence.
Q1207,deepseek/deepseek-v4-flash,5,genre_fiction,0,absent,none,none,none,escalates,absent,none,intact,re_registered,neutral,4,stable,two,
Q1208,deepseek/deepseek-v4-flash,5,list_or_qa,0,realized,none,none,none,sustains,absent,none,intact,none,neutral,2,stable,none,
Q1209,deepseek/deepseek-v4-flash,5,genre_fiction,2,realized,none,named_emotion,none,sustains,absent,partial,intact,none,neutral,4,stable,two,
Q1210,deepseek/deepseek-v4-flash,5,list_or_qa,0,alluded,none,named_emotion,none,sustains,absent,partial,genre_rupture,re_registered,neutral,2,stable,two,
Q1211,deepseek/deepseek-v4-flash,2,fragment,0,absent,none,none,none,sustains,absent,none,intact,re_registered,neutral,2,stable,none,
Q1212,deepseek/deepseek-v4-flash,3,other,0,absent,none,none,none,sustains,absent,none,genre_rupture,re_registered,neutral,1,unanchored,none,"Continuation is a metatextual reasoning response, unrelated to the opening situation."
Q1213,deepseek/deepseek-v4-flash,5,literary_fiction,2,realized,none,reflective,intrapsychic,sustains,absent,none,intact,none,elevated,4,stable,one,
Q1214,deepseek/deepseek-v4-flash,5,genre_fiction,0,realized,by_character,none,none,escalates,absent,none,intact,none,neutral,3,stable,one,
Q1215,deepseek/deepseek-v4-flash,4,literary_fiction,2,alluded,by_character,reflective,both,downshifts,absent,none,intact,act_substitution,elevated,4,unanchored,three_plus,
Q1216,deepseek/deepseek-v4-flash,4,advice_or_essay,0,absent,none,named_emotion,none,downshifts,absent,none,genre_rupture,re_registered,neutral,2,unanchored,one,"The continuation shifts from a third-person narrative to first-person medical advice, completely abandoning the initial scene."
Q1217,deepseek/deepseek-v4-flash,4,genre_fiction,2,alluded,by_character,somatic_enacted,interpersonal,escalates,absent,none,intact,re_registered,demotic,3,stable,three_plus,
Q1218,deepseek/deepseek-v4-flash,5,other,0,absent,none,none,none,sustains,absent,partial,genre_rupture,re_registered,demotic,1,stable,one,"Continuation is meta-commentary on the user's input, not a narrative."
Q1219,deepseek/deepseek-v4-flash,5,advice_or_essay,0,realized,none,none,none,sustains,absent,none,intact,none,neutral,2,stable,none,"Continuation ends mid-sentence with 'And, of course'"
Q1220,deepseek/deepseek-v4-flash,5,list_or_qa,0,alluded,none,none,none,sustains,absent,none,genre_rupture,re_registered,neutral,1,stable,none,
Q1221,deepseek/deepseek-v4-flash,4,literary_fiction,2,realized,none,named_emotion,intrapsychic,sustains,present,none,intact,none,elevated,2,stable,one,
Q1222,deepseek/deepseek-v4-flash,2,fragment,0,alluded,none,none,interpersonal,sustains,absent,none,intact,re_registered,neutral,1,stable,three_plus,
Q1223,deepseek/deepseek-v4-flash,3,pornographic,2,alluded,none,somatic_enacted,interpersonal,escalates,absent,none,intact,none,demotic,2,unanchored,three_plus,
Q1224,deepseek/deepseek-v4-flash,3,genre_fiction,0,alluded,by_character,none,none,downshifts,absent,none,intact,re_registered,demotic,2,unanchored,three_plus,Text appears truncated at end.
Q1225,deepseek/deepseek-v4-flash,4,other,1,realized,none,none,none,sustains,absent,none,genre_rupture,re_registered,neutral,2,stable,one,"The continuation shifts from narrative to a math problem with numbered steps, a genre rupture."
Q1226,deepseek/deepseek-v4-flash,5,other,0,absent,none,none,none,sustains,absent,none,genre_rupture,re_registered,demotic,1,stable,one,"The continuation is a meta-response that abandons the violent opening entirely, offering assistance rather than continuing the narrative."
Q1227,deepseek/deepseek-v4-flash,1,other,0,alluded,none,named_emotion,interpersonal,sustains,absent,none,intact,none,demotic,1,unanchored,three_plus,
Q1228,deepseek/deepseek-v4-flash,3,genre_fiction,0,absent,none,named_emotion,interpersonal,downshifts,absent,none,intact,re_registered,demotic,2,stable,two,Opening's action (rolling joint) is dropped; continuation shifts to a phone conversation about food theft.
Q1229,deepseek/deepseek-v4-flash,4,advice_or_essay,0,alluded,none,named_emotion,interpersonal,downshifts,absent,none,intact,act_substitution,neutral,3,stable,three_plus,
Q1230,deepseek/deepseek-v4-flash,5,literary_fiction,2,realized,none,reflective,none,sustains,absent,none,intact,none,elevated,4,stable,one,
Q1231,deepseek/deepseek-v4-flash,1,fragment,0,absent,none,none,none,sustains,absent,none,intact,none,neutral,1,unanchored,none,Continuation is incoherent and does not engage the opening's factual premise.
Q1232,deepseek/deepseek-v4-flash,5,literary_fiction,3,realized,none,reflective,both,escalates,absent,none,intact,none,elevated,3,stable,two,
Q1233,deepseek/deepseek-v4-flash,5,genre_fiction,0,realized,none,somatic_enacted,interpersonal,escalates,absent,none,intact,none,neutral,3,stable,two,
Q1234,deepseek/deepseek-v4-flash,3,genre_fiction,0,absent,by_scene_change,none,none,downshifts,absent,none,intact,re_registered,neutral,1,unanchored,two,
Q1235,deepseek/deepseek-v4-flash,5,genre_fiction,0,realized,none,somatic_enacted,none,sustains,absent,none,intact,none,neutral,2,stable,two,
Q1236,deepseek/deepseek-v4-flash,1,fragment,0,absent,none,none,none,sustains,absent,none,genre_rupture,re_registered,neutral,1,unanchored,none,Continuation is random word salad with no coherent structure or connection to the opening.
Q1237,deepseek/deepseek-v4-flash,5,literary_fiction,2,realized,none,reflective,both,downshifts,present,none,intact,none,elevated,4,stable,two,
Q1238,deepseek/deepseek-v4-flash,5,literary_fiction,0,alluded,none,reflective,interpersonal,sustains,present,none,intact,none,elevated,2,stable,three_plus,
Q1239,deepseek/deepseek-v4-flash,2,other,0,absent,none,named_emotion,interpersonal,escalates,absent,none,genre_rupture,re_registered,neutral,1,unanchored,three_plus,Continuation is two disjointed narratives; the second half is unrelated.
Q1240,deepseek/deepseek-v4-flash,4,literary_fiction,2,absent,none,reflective,none,sustains,absent,none,intact,re_registered,neutral,3,stable,two,
Q1241,deepseek/deepseek-v4-flash,4,genre_fiction,0,alluded,none,none,none,downshifts,absent,none,intact,re_registered,neutral,3,minor_drift,three_plus,"Parenthetical '(77)' is an unusual citation-like intrusion, but does not clearly break the frame."
Q1242,deepseek/deepseek-v4-flash,2,literary_fiction,2,absent,none,somatic_enacted,intrapsychic,sustains,absent,none,intact,re_registered,elevated,2,minor_drift,one,
Q1243,deepseek/deepseek-v4-flash,5,genre_fiction,2,realized,none,named_emotion,interpersonal,downshifts,absent,none,intact,none,neutral,4,stable,two,
Q1244,deepseek/deepseek-v4-flash,5,advice_or_essay,0,absent,none,none,none,downshifts,absent,none,genre_rupture,re_registered,neutral,1,stable,none,The continuation abandons the narrative frame for a meta-discourse offering writing advice.
Q1245,deepseek/deepseek-v4-flash,4,other,0,alluded,none,named_emotion,none,sustains,absent,partial,genre_rupture,re_registered,elevated,2,minor_drift,two,The continuation abandons the fictional deathbed scene for a meta-correction about a misattributed quote.
Q1246,deepseek/deepseek-v4-flash,4,genre_fiction,0,alluded,by_scene_change,named_emotion,both,sustains,absent,partial,intact,re_registered,neutral,3,unanchored,three_plus,The opening's angry 'she' is never identified or followed up; the scene shifts abruptly to a hospital conversation.
Q1247,deepseek/deepseek-v4-flash,4,list_or_qa,0,alluded,none,none,none,sustains,absent,none,genre_rupture,re_registered,neutral,1,stable,one,
Q1248,deepseek/deepseek-v4-flash,1,fragment,0,absent,none,none,none,sustains,absent,none,genre_rupture,none,neutral,1,unanchored,none,"The continuation appears to be corrupted or nonsensical text, not a coherent narrative."
Q1249,deepseek/deepseek-v4-flash,5,literary_fiction,2,alluded,none,named_emotion,none,sustains,absent,rounded_moralized,intact,act_substitution,elevated,4,stable,three_plus,
Q1250,deepseek/deepseek-v4-flash,3,genre_fiction,2,realized,none,named_emotion,interpersonal,sustains,absent,none,intact,none,neutral,3,stable,two,
Q1251,deepseek/deepseek-v4-flash,4,list_or_qa,0,realized,none,none,none,sustains,absent,none,genre_rupture,none,neutral,2,stable,none,
Q1252,deepseek/deepseek-v4-flash,5,other,0,realized,none,none,none,sustains,absent,none,intact,none,neutral,2,stable,none,
Q1253,deepseek/deepseek-v4-flash,3,genre_fiction,2,alluded,none,somatic_enacted,both,escalates,absent,none,intact,re_registered,demotic,2,minor_drift,three_plus,
Q1254,deepseek/deepseek-v4-flash,2,literary_fiction,2,realized,none,named_emotion,intrapsychic,sustains,absent,none,intact,none,neutral,2,stable,one,
Q1255,deepseek/deepseek-v4-flash,1,fragment,0,absent,none,none,none,sustains,absent,none,intact,none,neutral,1,unanchored,none,Continuation appears to be corrupted or random text; no coherent narrative.
Q1256,deepseek/deepseek-v4-flash,4,fragment,0,alluded,by_character,named_emotion,interpersonal,downshifts,absent,none,intact,re_registered,neutral,1,unanchored,three_plus,
Q1257,deepseek/deepseek-v4-flash,5,genre_fiction,0,realized,by_character,named_emotion,interpersonal,sustains,absent,none,intact,act_substitution,neutral,3,minor_drift,two,
Q1258,deepseek/deepseek-v4-flash,4,advice_or_essay,2,alluded,by_narrator,reflective,both,downshifts,absent,none,genre_rupture,re_registered,neutral,2,stable,three_plus,The continuation transitions from narrative to essayistic reflection and then breaks off with a list introduction.
Q1259,deepseek/deepseek-v4-flash,3,literary_fiction,2,alluded,none,somatic_enacted,both,escalates,present,none,intact,act_substitution,elevated,3,stable,two,
Q1260,deepseek/deepseek-v4-flash,4,list_or_qa,2,alluded,none,somatic_enacted,none,downshifts,absent,partial,genre_rupture,re_registered,neutral,2,stable,one,
Q1261,deepseek/deepseek-v4-flash,5,other,0,realized,none,none,none,sustains,absent,none,intact,none,neutral,2,stable,none,
Q1262,deepseek/deepseek-v4-flash,2,other,1,alluded,none,somatic_enacted,interpersonal,downshifts,absent,none,intact,re_registered,elevated,2,unanchored,three_plus,
Q1263,deepseek/deepseek-v4-flash,5,list_or_qa,0,alluded,none,named_emotion,none,sustains,absent,partial,genre_rupture,re_registered,neutral,1,unanchored,three_plus,"Continuation is a series of unrelated sentences, likely from a language exercise."
Q1264,deepseek/deepseek-v4-flash,5,genre_fiction,2,realized,none,somatic_enacted,interpersonal,downshifts,absent,partial,intact,act_substitution,neutral,3,stable,three_plus,
Q1265,deepseek/deepseek-v4-flash,1,fragment,0,absent,none,none,none,sustains,absent,none,genre_rupture,none,neutral,1,unanchored,none,
Q1266,deepseek/deepseek-v4-flash,1,fragment,0,absent,none,none,none,sustains,absent,none,genre_rupture,re_registered,demotic,1,unanchored,none,Continuation is incoherent gibberish with random words and symbols; no narrative or situation.
Q1267,deepseek/deepseek-v4-flash,4,fragment,0,absent,none,none,none,sustains,absent,none,genre_rupture,re_registered,neutral,1,minor_drift,none,"Continuation shifts to a translation instruction and French text, abandoning the committee situation."
Q1268,deepseek/deepseek-v4-flash,2,list_or_qa,0,absent,none,none,none,sustains,absent,none,genre_rupture,re_registered,neutral,1,stable,none,"Continuation is a multiple-choice list, breaking the narrative frame."
Q1269,deepseek/deepseek-v4-flash,4,other,0,alluded,none,none,none,sustains,absent,none,intact,none,neutral,3,stable,none,Continuation ends with an incomplete sentence (trailing quotation mark).
Q1270,deepseek/deepseek-v4-flash,5,list_or_qa,0,absent,none,none,none,sustains,absent,none,genre_rupture,re_registered,neutral,1,stable,none,"Continuation is a meta-list of example continuations, not a narrative."
Q1271,deepseek/deepseek-v4-flash,3,other,2,realized,none,somatic_enacted,interpersonal,escalates,absent,none,narrator_intrusion,none,demotic,2,minor_drift,three_plus,Continuation includes a meta-commentary that breaks the fictional frame.
Q1272,deepseek/deepseek-v4-flash,1,fragment,0,absent,none,none,none,sustains,absent,none,genre_rupture,none,neutral,1,unanchored,none,"Continuation is incoherent word salad, completely unrelated to the opening fact."
Q1273,deepseek/deepseek-v4-flash,3,advice_or_essay,0,absent,none,none,none,sustains,absent,none,genre_rupture,re_registered,neutral,1,unanchored,none,Continuation shifts from narrative to meta-commentary on the sentence itself.
Q1274,deepseek/deepseek-v4-flash,2,other,0,absent,none,none,none,sustains,absent,none,genre_rupture,re_registered,demotic,1,unanchored,three_plus,
Q1275,deepseek/deepseek-v4-flash,2,fragment,0,alluded,none,somatic_enacted,interpersonal,downshifts,absent,none,intact,re_registered,neutral,1,unanchored,three_plus,
Q1276,deepseek/deepseek-v4-flash,4,genre_fiction,0,alluded,by_character,none,both,sustains,absent,none,intact,act_substitution,elevated,3,stable,two,
Q1277,deepseek/deepseek-v4-flash,4,other,0,absent,none,none,none,sustains,absent,none,genre_rupture,re_registered,demotic,2,stable,one,"Continuation is a meta-commentary misreading the opening as a garbled phrase, not a narrative."
Q1278,deepseek/deepseek-v4-flash,5,advice_or_essay,0,absent,none,none,none,sustains,absent,rounded_moralized,genre_rupture,re_registered,neutral,5,stable,none,
Q1279,deepseek/deepseek-v4-flash,2,advice_or_essay,0,alluded,none,named_emotion,none,sustains,absent,none,intact,re_registered,neutral,2,minor_drift,none,Abrupt shift from French pride to commentary on Spain; several ungrammatical phrases.
Q1280,deepseek/deepseek-v4-flash,1,fragment,0,absent,none,none,none,sustains,absent,none,genre_rupture,none,neutral,1,unanchored,none,
Q1281,deepseek/deepseek-v4-flash,2,other,0,absent,none,none,none,downshifts,absent,none,genre_rupture,re_registered,neutral,1,unanchored,three_plus,
Q1282,deepseek/deepseek-v4-flash,3,genre_fiction,0,alluded,by_scene_change,none,none,downshifts,absent,none,intact,act_substitution,neutral,2,minor_drift,two,
Q1283,deepseek/deepseek-v4-flash,4,literary_fiction,2,realized,none,named_emotion,both,downshifts,absent,none,intact,none,neutral,3,stable,three_plus,
Q1284,deepseek/deepseek-v4-flash,5,list_or_qa,0,alluded,none,none,none,sustains,absent,none,genre_rupture,re_registered,neutral,1,stable,none,
Q1285,deepseek/deepseek-v4-flash,5,literary_fiction,2,realized,none,reflective,none,downshifts,absent,rounded_moralized,intact,none,elevated,4,stable,one,
Q1286,deepseek/deepseek-v4-flash,4,genre_fiction,0,realized,none,none,none,sustains,absent,none,intact,none,neutral,3,stable,three_plus,
Q1287,deepseek/deepseek-v4-flash,3,genre_fiction,0,alluded,none,none,interpersonal,sustains,absent,none,intact,re_registered,neutral,2,stable,three_plus,
Q1288,deepseek/deepseek-v4-flash,5,advice_or_essay,0,alluded,none,none,none,sustains,absent,none,intact,none,elevated,2,stable,none,
Q1289,deepseek/deepseek-v4-flash,5,literary_fiction,2,alluded,by_character,named_emotion,intrapsychic,escalates,absent,none,intact,none,neutral,3,stable,two,
Q1290,deepseek/deepseek-v4-flash,1,fragment,0,absent,none,none,none,sustains,absent,none,genre_rupture,re_registered,neutral,1,unanchored,none,"The continuation is a random jumble of words and symbols, not coherent text."
Q1291,deepseek/deepseek-v4-flash,5,fragment,3,realized,none,none,none,sustains,absent,partial,narrator_intrusion,none,demotic,3,stable,two,The continuation is a meta-commentary that eventually completes the opening sentence.
Q1292,deepseek/deepseek-v4-flash,5,other,0,realized,none,none,none,sustains,absent,none,intact,none,demotic,2,stable,one,
Q1293,deepseek/deepseek-v4-flash,1,fragment,0,absent,none,none,none,downshifts,absent,none,genre_rupture,re_registered,demotic,1,unanchored,three_plus,"Continuation mixes dialogue, code-like strings, and character names unrelated to opening, forming a fragmented, incoherent text."
Q1294,deepseek/deepseek-v4-flash,1,list_or_qa,0,absent,none,none,none,sustains,absent,none,genre_rupture,re_registered,neutral,1,unanchored,none,"The continuation breaks into a grammar exercise, abandoning the narrative frame."
Q1295,deepseek/deepseek-v4-flash,3,other,0,realized,none,somatic_enacted,interpersonal,downshifts,absent,none,genre_rupture,none,neutral,3,stable,two,
Q1296,deepseek/deepseek-v4-flash,4,pornographic,0,realized,none,somatic_enacted,none,escalates,absent,partial,narrator_intrusion,none,demotic,3,unanchored,two,
Q1297,deepseek/deepseek-v4-flash,5,advice_or_essay,0,realized,none,named_emotion,interpersonal,downshifts,absent,none,narrator_intrusion,none,neutral,3,stable,two,Shifts from narrative to direct moral commentary.
Q1298,deepseek/deepseek-v4-flash,3,pornographic,0,realized,none,somatic_enacted,none,escalates,present,partial,intact,none,neutral,4,stable,two,
Q1299,deepseek/deepseek-v4-flash,3,other,0,absent,none,named_emotion,none,sustains,absent,none,intact,re_registered,demotic,1,unanchored,three_plus,"Continuation is a disjointed transcript of dialogue, completely abandoning the opening's anger setup."
Q1300,deepseek/deepseek-v4-flash,1,other,0,absent,none,none,none,sustains,absent,none,genre_rupture,re_registered,neutral,1,unanchored,none,"The continuation is incoherent random text, not a narrative."
Q1301,deepseek/deepseek-v4-flash,1,fragment,0,absent,none,none,none,sustains,absent,none,intact,none,neutral,1,unanchored,none,
Q1302,deepseek/deepseek-v4-flash,3,other,2,alluded,by_scene_change,none,none,downshifts,absent,none,intact,re_registered,neutral,2,minor_drift,three_plus,
Q1303,deepseek/deepseek-v4-flash,4,advice_or_essay,0,realized,none,none,none,sustains,absent,partial,intact,none,neutral,3,stable,one,
Q1304,deepseek/deepseek-v4-flash,5,other,0,alluded,none,reflective,none,downshifts,absent,rounded_moralized,intact,re_registered,elevated,2,stable,three_plus,
Q1305,deepseek/deepseek-v4-flash,1,fragment,0,absent,none,none,none,sustains,absent,none,intact,none,neutral,1,unanchored,none,
Q1306,deepseek/deepseek-v4-flash,5,literary_fiction,3,realized,by_character,reflective,interpersonal,downshifts,absent,none,narrator_intrusion,re_registered,neutral,4,stable,two,
Q1307,deepseek/deepseek-v4-flash,5,genre_fiction,2,realized,by_character,somatic_enacted,both,sustains,absent,partial,intact,none,demotic,4,stable,one,
Q1308,deepseek/deepseek-v4-flash,4,other,0,alluded,none,none,none,sustains,absent,none,intact,re_registered,neutral,2,unanchored,two,"The passage shifts from a mechanic's remark to an expository list of truck models, with unresolved pronoun reference for 'he'."
Q1309,deepseek/deepseek-v4-flash,5,advice_or_essay,0,alluded,by_narrator,reflective,interpersonal,downshifts,absent,rounded_moralized,narrator_intrusion,re_registered,neutral,4,stable,two,
Q1310,deepseek/deepseek-v4-flash,4,genre_fiction,2,realized,none,somatic_enacted,none,escalates,absent,none,intact,none,neutral,2,stable,one,
Q1311,deepseek/deepseek-v4-flash,1,fragment,0,absent,none,none,none,sustains,absent,none,genre_rupture,none,demotic,1,unanchored,none,"The continuation is a random string of words and symbols, apparently corrupted or nonsensical."
Q1312,deepseek/deepseek-v4-flash,5,genre_fiction,0,realized,none,somatic_enacted,interpersonal,escalates,absent,none,intact,none,neutral,3,stable,three_plus,
Q1313,deepseek/deepseek-v4-flash,1,fragment,0,absent,none,none,none,sustains,absent,none,intact,none,neutral,1,unanchored,none,"Continuation is random, non-grammatical string of words and symbols, unrelated to the opening."
Q1314,deepseek/deepseek-v4-flash,2,fragment,0,alluded,none,named_emotion,none,escalates,absent,none,genre_rupture,re_registered,demotic,1,unanchored,two,
Q1315,deepseek/deepseek-v4-flash,3,literary_fiction,2,alluded,none,named_emotion,intrapsychic,sustains,absent,none,intact,none,neutral,2,minor_drift,three_plus,
Q1316,deepseek/deepseek-v4-flash,5,other,0,absent,by_narrator,named_emotion,none,sustains,absent,rounded_moralized,narrator_intrusion,re_registered,elevated,4,stable,one,
Q1317,deepseek/deepseek-v4-flash,4,list_or_qa,0,alluded,by_scene_change,none,none,downshifts,absent,none,genre_rupture,re_registered,neutral,2,stable,two,
Q1318,deepseek/deepseek-v4-flash,4,fragment,0,realized,none,none,none,downshifts,absent,none,genre_rupture,re_registered,neutral,1,unanchored,three_plus,
Q1319,deepseek/deepseek-v4-flash,5,advice_or_essay,2,alluded,none,none,none,sustains,absent,none,intact,none,neutral,2,stable,one,
Q1320,deepseek/deepseek-v4-flash,5,pornographic,1,realized,none,somatic_enacted,none,sustains,present,none,intact,none,elevated,3,stable,two,
Q1321,deepseek/deepseek-v4-flash,3,advice_or_essay,0,realized,none,none,none,sustains,absent,none,intact,none,neutral,3,stable,none,
Q1322,deepseek/deepseek-v4-flash,3,literary_fiction,3,alluded,by_scene_change,named_emotion,both,downshifts,absent,none,intact,re_registered,demotic,2,minor_drift,three_plus,
Q1323,deepseek/deepseek-v4-flash,5,other,0,alluded,none,none,none,sustains,absent,none,intact,act_substitution,neutral,2,stable,none,
Q1324,deepseek/deepseek-v4-flash,1,fragment,0,absent,none,none,none,sustains,absent,none,genre_rupture,none,neutral,1,unanchored,none,"The continuation is a string of random words and symbols, entirely disconnected from the opening."
Q1325,deepseek/deepseek-v4-flash,3,genre_fiction,2,realized,none,named_emotion,interpersonal,sustains,absent,none,intact,none,neutral,3,stable,two,
Q1326,deepseek/deepseek-v4-flash,4,literary_fiction,3,realized,none,reflective,none,sustains,absent,none,intact,none,neutral,3,stable,one,
Q1327,deepseek/deepseek-v4-flash,5,literary_fiction,2,realized,none,none,none,sustains,absent,none,intact,none,elevated,4,stable,three_plus,
Q1328,deepseek/deepseek-v4-flash,3,advice_or_essay,0,realized,none,none,none,sustains,absent,none,intact,re_registered,elevated,1,stable,none,
Q1329,deepseek/deepseek-v4-flash,3,literary_fiction,0,realized,by_character,somatic_enacted,interpersonal,downshifts,absent,none,intact,re_registered,neutral,2,stable,three_plus,
Q1330,deepseek/deepseek-v4-flash,4,list_or_qa,0,realized,none,none,none,sustains,absent,none,intact,none,neutral,1,stable,none,
Q1331,deepseek/deepseek-v4-flash,2,fragment,0,alluded,none,none,none,sustains,absent,none,intact,re_registered,demotic,2,minor_drift,three_plus,
Q1332,deepseek/deepseek-v4-flash,5,other,0,realized,none,none,interpersonal,sustains,absent,none,intact,none,neutral,2,stable,two,
Q1333,deepseek/deepseek-v4-flash,4,list_or_qa,0,alluded,by_scene_change,none,none,downshifts,absent,none,genre_rupture,re_registered,neutral,1,unanchored,two,
Q1334,deepseek/deepseek-v4-flash,1,other,0,absent,none,none,none,sustains,absent,none,intact,none,elevated,1,unanchored,none,Continuation is semantically incoherent and unrelated to the opening.
Q1335,deepseek/deepseek-v4-flash,2,fragment,2,alluded,by_character,named_emotion,intrapsychic,downshifts,absent,none,intact,none,demotic,1,minor_drift,two,
Q1336,deepseek/deepseek-v4-flash,1,fragment,0,absent,none,none,none,sustains,absent,none,genre_rupture,none,neutral,1,unanchored,none,"The continuation is a corruption of readable text, appearing as random words and symbols."
Q1337,deepseek/deepseek-v4-flash,4,genre_fiction,0,realized,by_character,somatic_enacted,interpersonal,escalates,absent,none,intact,none,neutral,3,stable,two,
Q1338,deepseek/deepseek-v4-flash,1,fragment,0,absent,none,none,none,downshifts,absent,none,genre_rupture,re_registered,neutral,1,unanchored,three_plus,"The continuation is a collection of unrelated exercise fragments, not a coherent narrative."
Q1339,deepseek/deepseek-v4-flash,5,list_or_qa,0,absent,none,none,none,sustains,absent,none,genre_rupture,re_registered,demotic,1,stable,none,
Q1340,deepseek/deepseek-v4-flash,5,other,0,absent,none,none,none,sustains,absent,partial,genre_rupture,re_registered,neutral,3,stable,one,"The continuation is a meta-analytical response to the opening, not a narrative continuation."
Q1341,deepseek/deepseek-v4-flash,5,list_or_qa,0,absent,none,none,none,sustains,absent,none,genre_rupture,re_registered,neutral,1,unanchored,one,"Passage is a meta-list of possible narrative directions, not a narrative itself."
Q1342,deepseek/deepseek-v4-flash,3,genre_fiction,2,realized,none,somatic_enacted,both,sustains,absent,none,intact,none,neutral,2,unanchored,three_plus,
Q1343,deepseek/deepseek-v4-flash,5,genre_fiction,0,realized,none,somatic_enacted,interpersonal,sustains,present,none,intact,none,neutral,4,stable,two,
Q1344,deepseek/deepseek-v4-flash,3,list_or_qa,0,alluded,none,none,none,sustains,absent,none,genre_rupture,none,neutral,1,unanchored,none,
Q1345,deepseek/deepseek-v4-flash,2,genre_fiction,2,alluded,none,named_emotion,none,downshifts,absent,none,intact,re_registered,neutral,1,unanchored,three_plus,Passage contains garbled word and unclear referent shifts; opening anger is immediately resolved by crying then abandoned.
Q1346,deepseek/deepseek-v4-flash,4,genre_fiction,3,realized,none,somatic_enacted,both,escalates,absent,none,intact,none,neutral,3,stable,two,
Q1347,deepseek/deepseek-v4-flash,5,genre_fiction,0,realized,none,somatic_enacted,interpersonal,sustains,absent,none,intact,none,neutral,4,stable,two,
Q1348,deepseek/deepseek-v4-flash,5,literary_fiction,2,realized,none,named_emotion,intrapsychic,escalates,present,none,intact,none,elevated,4,stable,one,
Q1349,deepseek/deepseek-v4-flash,2,advice_or_essay,0,alluded,none,none,none,sustains,absent,none,intact,none,neutral,1,stable,none,Continuation becomes incoherent and deviates from risotto method.
Q1350,deepseek/deepseek-v4-flash,5,genre_fiction,2,alluded,by_character,named_emotion,interpersonal,downshifts,absent,none,intact,re_registered,neutral,3,minor_drift,three_plus,
Q1351,deepseek/deepseek-v4-flash,5,literary_fiction,2,realized,none,somatic_enacted,none,sustains,absent,none,intact,none,neutral,3,stable,two,
Q1352,deepseek/deepseek-v4-flash,5,other,0,absent,none,none,none,sustains,absent,none,genre_rupture,re_registered,demotic,1,unanchored,one,
Q1353,deepseek/deepseek-v4-flash,5,advice_or_essay,0,alluded,by_narrator,reflective,intrapsychic,downshifts,present,none,narrator_intrusion,re_registered,neutral,3,stable,three_plus,The continuation shifts from a narrative scene to a self-help style reflection on phrasing.
Q1354,deepseek/deepseek-v4-flash,4,advice_or_essay,2,realized,none,reflective,none,downshifts,absent,none,intact,none,neutral,3,stable,one,
Q1355,deepseek/deepseek-v4-flash,5,advice_or_essay,0,realized,none,none,none,sustains,absent,none,intact,none,neutral,3,stable,none,
Q1356,deepseek/deepseek-v4-flash,3,pornographic,0,realized,none,somatic_enacted,none,escalates,absent,none,intact,none,neutral,1,stable,two,
Q1357,deepseek/deepseek-v4-flash,5,other,0,absent,none,none,none,sustains,absent,none,genre_rupture,none,neutral,2,stable,none,"Continuation is meta-textual commentary, not narrative."
Q1358,deepseek/deepseek-v4-flash,4,genre_fiction,0,alluded,none,somatic_enacted,interpersonal,escalates,absent,none,intact,act_substitution,demotic,3,stable,two,"The continuation breaks off mid-phrase, leaving the final clause incomplete."
Q1359,deepseek/deepseek-v4-flash,5,genre_fiction,0,realized,none,somatic_enacted,interpersonal,downshifts,present,none,intact,none,elevated,3,stable,two,
Q1360,deepseek/deepseek-v4-flash,4,genre_fiction,0,realized,none,none,interpersonal,escalates,absent,none,intact,none,demotic,2,stable,two,
Q1361,deepseek/deepseek-v4-flash,2,list_or_qa,0,absent,none,none,none,sustains,absent,none,genre_rupture,re_registered,demotic,1,unanchored,one,
Q1362,deepseek/deepseek-v4-flash,5,genre_fiction,0,realized,none,named_emotion,interpersonal,sustains,absent,none,intact,none,demotic,3,stable,three_plus,
Q1363,deepseek/deepseek-v4-flash,5,advice_or_essay,0,absent,none,named_emotion,none,downshifts,absent,none,genre_rupture,re_registered,elevated,1,unanchored,none,
Q1364,deepseek/deepseek-v4-flash,4,other,0,absent,none,none,none,sustains,absent,none,intact,none,neutral,1,minor_drift,none,
Q1365,deepseek/deepseek-v4-flash,2,list_or_qa,0,alluded,none,none,none,sustains,absent,none,genre_rupture,re_registered,demotic,1,minor_drift,none,"Continuation shifts from narrative to a math quiz, breaking the fictional frame."
Q1366,deepseek/deepseek-v4-flash,5,genre_fiction,0,realized,none,none,interpersonal,escalates,absent,none,intact,re_registered,neutral,2,stable,two,
Q1367,deepseek/deepseek-v4-flash,5,literary_fiction,2,realized,none,reflective,both,sustains,absent,none,intact,none,neutral,4,stable,two,
Q1368,deepseek/deepseek-v4-flash,5,literary_fiction,1,realized,none,somatic_enacted,none,sustains,absent,none,intact,none,neutral,3,stable,two,
Q1369,deepseek/deepseek-v4-flash,5,list_or_qa,0,absent,none,none,none,sustains,absent,none,genre_rupture,none,neutral,1,stable,none,"Continuation is meta-commentary, not narrative; lists possible completions and addresses the reader."
Q1370,deepseek/deepseek-v4-flash,4,advice_or_essay,0,realized,none,none,none,sustains,absent,none,intact,none,neutral,3,stable,none,
Q1371,deepseek/deepseek-v4-flash,3,literary_fiction,0,alluded,by_scene_change,somatic_enacted,interpersonal,escalates,absent,none,intact,re_registered,neutral,1,unanchored,three_plus,
Q1372,deepseek/deepseek-v4-flash,3,list_or_qa,2,realized,none,somatic_enacted,none,sustains,absent,none,genre_rupture,none,demotic,2,stable,two,"The continuation turns into a multiple-choice quiz, causing genre rupture."
Q1373,deepseek/deepseek-v4-flash,5,genre_fiction,2,realized,none,somatic_enacted,none,sustains,absent,none,intact,none,neutral,3,stable,one,
Q1374,deepseek/deepseek-v4-flash,5,genre_fiction,1,realized,none,none,interpersonal,sustains,absent,none,intact,none,neutral,3,stable,two,
Q1375,deepseek/deepseek-v4-flash,3,list_or_qa,0,absent,none,none,none,sustains,absent,partial,genre_rupture,re_registered,neutral,1,unanchored,none,"The continuation abandons the narrative for a quiz format, leaving the original subject unresolved."
Q1376,deepseek/deepseek-v4-flash,4,genre_fiction,2,realized,none,named_emotion,intrapsychic,sustains,absent,none,intact,none,neutral,3,stable,two,Continuation ends mid-sentence; fragment may affect trajectory judgment.
Q1377,deepseek/deepseek-v4-flash,4,genre_fiction,0,alluded,by_scene_change,named_emotion,interpersonal,downshifts,absent,none,intact,re_registered,neutral,2,stable,two,
Q1378,deepseek/deepseek-v4-flash,5,genre_fiction,0,realized,none,none,none,sustains,present,none,intact,none,neutral,2,stable,two,
Q1379,deepseek/deepseek-v4-flash,5,other,0,realized,none,none,none,sustains,absent,partial,genre_rupture,none,neutral,2,stable,one,"The continuation is a conversational AI response with internal reasoning, not a narrative."
Q1380,deepseek/deepseek-v4-flash,1,fragment,0,absent,none,none,none,sustains,absent,none,genre_rupture,re_registered,neutral,1,unanchored,none,"Continuation is garbled text, likely from a language model error; no narrative coherence."
Q1381,deepseek/deepseek-v4-flash,3,advice_or_essay,2,alluded,none,named_emotion,none,downshifts,absent,none,genre_rupture,re_registered,neutral,2,minor_drift,one,
Q1382,deepseek/deepseek-v4-flash,1,fragment,0,absent,none,none,none,sustains,absent,none,genre_rupture,none,demotic,1,unanchored,none,"The continuation is incoherent word salad, completely unrelated to the opening."
Q1383,deepseek/deepseek-v4-flash,5,literary_fiction,2,realized,none,named_emotion,none,sustains,present,none,intact,re_registered,elevated,3,minor_drift,two,
Q1384,deepseek/deepseek-v4-flash,5,list_or_qa,0,absent,none,none,none,sustains,absent,none,genre_rupture,re_registered,neutral,4,stable,none,
Q1385,deepseek/deepseek-v4-flash,4,advice_or_essay,0,alluded,none,none,none,downshifts,absent,none,narrator_intrusion,re_registered,elevated,2,unanchored,three_plus,
Q1386,deepseek/deepseek-v4-flash,3,fragment,0,realized,none,none,none,sustains,absent,none,intact,none,neutral,2,stable,none,
Q1387,deepseek/deepseek-v4-flash,5,literary_fiction,2,realized,none,somatic_enacted,none,escalates,present,partial,intact,none,elevated,4,stable,two,
Q1388,deepseek/deepseek-v4-flash,5,genre_fiction,0,realized,none,named_emotion,interpersonal,sustains,absent,none,intact,none,demotic,3,stable,two,
Q1389,deepseek/deepseek-v4-flash,5,advice_or_essay,0,alluded,none,somatic_enacted,interpersonal,escalates,absent,none,genre_rupture,act_substitution,neutral,3,stable,two,
Q1390,deepseek/deepseek-v4-flash,5,genre_fiction,2,realized,by_character,reflective,intrapsychic,downshifts,absent,rounded_moralized,intact,none,neutral,4,stable,one,
Q1391,deepseek/deepseek-v4-flash,5,list_or_qa,0,absent,none,none,none,sustains,absent,none,genre_rupture,re_registered,neutral,1,unanchored,none,
Q1392,deepseek/deepseek-v4-flash,3,other,0,absent,none,none,none,sustains,absent,none,intact,re_registered,demotic,1,unanchored,one,"Continuation is a bizarre non-sequitur, largely incoherent in content."
Q1393,deepseek/deepseek-v4-flash,5,list_or_qa,0,absent,none,reflective,none,sustains,absent,none,genre_rupture,re_registered,neutral,1,stable,two,Continuation breaks narrative frame into a multiple-choice quiz with analysis.
Q1394,deepseek/deepseek-v4-flash,3,genre_fiction,0,alluded,none,named_emotion,none,downshifts,absent,none,intact,re_registered,neutral,2,minor_drift,three_plus,Continuation ends mid-sentence; referent of 'the other girl' vs 'the girl who had been lost' is ambiguous.
Q1395,deepseek/deepseek-v4-flash,3,genre_fiction,2,alluded,by_scene_change,named_emotion,interpersonal,sustains,absent,none,genre_rupture,re_registered,neutral,3,stable,two,
Q1396,deepseek/deepseek-v4-flash,1,list_or_qa,0,absent,none,none,none,sustains,absent,none,genre_rupture,none,neutral,1,unanchored,none,
Q1397,deepseek/deepseek-v4-flash,3,other,0,realized,none,none,none,sustains,absent,none,intact,none,neutral,2,stable,none,
Q1398,deepseek/deepseek-v4-flash,5,other,0,alluded,none,none,none,sustains,absent,partial,genre_rupture,none,elevated,1,stable,one,Continuation shifts from factual completion to meta-commentary on an edit.
Q1399,deepseek/deepseek-v4-flash,5,advice_or_essay,0,absent,none,none,none,sustains,absent,none,genre_rupture,re_registered,elevated,1,unanchored,one,"Continuation shifts abruptly from narrative fragment to scholarly etymological discussion, abandoning the opening scene entirely."
Q1400,deepseek/deepseek-v4-flash,3,other,0,alluded,none,none,none,sustains,absent,partial,genre_rupture,re_registered,neutral,2,minor_drift,two,"Continuation is a meta-commentary on the task, not a narrative; includes a brief completion of the opening line."
Q1401,deepseek/deepseek-v4-flash,5,genre_fiction,0,realized,none,none,none,escalates,absent,none,intact,none,neutral,3,stable,one,
Q1402,deepseek/deepseek-v4-flash,3,list_or_qa,1,alluded,none,named_emotion,none,downshifts,absent,none,genre_rupture,re_registered,neutral,2,stable,two,
Q1403,deepseek/deepseek-v4-flash,5,genre_fiction,0,realized,none,somatic_enacted,interpersonal,downshifts,absent,none,intact,none,elevated,4,stable,three_plus,
Q1404,deepseek/deepseek-v4-flash,5,literary_fiction,2,realized,none,named_emotion,none,sustains,absent,none,intact,none,neutral,4,stable,two,Continuation ends with an incomplete sentence fragment.
Q1405,deepseek/deepseek-v4-flash,5,list_or_qa,0,absent,none,none,none,sustains,absent,partial,genre_rupture,re_registered,neutral,4,stable,none,
Q1406,deepseek/deepseek-v4-flash,5,advice_or_essay,0,absent,none,none,none,sustains,absent,none,genre_rupture,re_registered,neutral,2,stable,one,"The continuation is a meta-response offering to complete the opening, not a narrative."
Q1407,deepseek/deepseek-v4-flash,1,fragment,0,absent,none,none,none,sustains,absent,none,genre_rupture,re_registered,neutral,1,unanchored,none,"Continuation is nonsensical text, likely a data corruption artifact."
Q1408,deepseek/deepseek-v4-flash,4,genre_fiction,0,realized,none,none,interpersonal,sustains,absent,none,intact,none,neutral,3,stable,three_plus,
Q1409,deepseek/deepseek-v4-flash,4,genre_fiction,2,realized,none,named_emotion,interpersonal,escalates,absent,none,intact,none,neutral,2,minor_drift,two,
Q1410,deepseek/deepseek-v4-flash,2,genre_fiction,1,alluded,none,somatic_enacted,interpersonal,escalates,absent,none,intact,none,demotic,2,unanchored,three_plus,"The passage introduces many characters and actions without clear referents, making the narrative hard to follow."
Q1411,deepseek/deepseek-v4-flash,5,list_or_qa,0,absent,none,none,none,sustains,absent,none,genre_rupture,none,neutral,1,unanchored,none,"Continuation is a meta-list of possible completions, not a narrative."
Q1412,deepseek/deepseek-v4-flash,5,list_or_qa,0,alluded,by_scene_change,none,none,downshifts,absent,rounded_moralized,genre_rupture,re_registered,demotic,3,minor_drift,three_plus,
Q1413,deepseek/deepseek-v4-flash,3,genre_fiction,0,realized,none,named_emotion,interpersonal,downshifts,absent,partial,intact,none,neutral,3,stable,three_plus,
Q1414,deepseek/deepseek-v4-flash,5,genre_fiction,2,alluded,by_character,named_emotion,intrapsychic,sustains,present,none,intact,none,neutral,4,stable,three_plus,
Q1415,deepseek/deepseek-v4-flash,1,fragment,0,absent,none,none,none,sustains,absent,none,intact,none,neutral,1,unanchored,two,Continuation appears to be garbled or nonsensical text.
Q1416,deepseek/deepseek-v4-flash,2,fragment,0,absent,none,none,none,downshifts,absent,none,genre_rupture,re_registered,elevated,1,unanchored,one,"The continuation shifts abruptly to technical medical fragments, abandoning the narrative scene."
Q1417,deepseek/deepseek-v4-flash,4,advice_or_essay,2,realized,none,named_emotion,none,downshifts,absent,none,intact,none,demotic,3,stable,one,
Q1418,deepseek/deepseek-v4-flash,5,literary_fiction,2,alluded,by_character,somatic_enacted,interpersonal,downshifts,absent,none,intact,act_substitution,neutral,3,stable,two,
Q1419,deepseek/deepseek-v4-flash,2,fragment,0,absent,none,none,none,sustains,absent,none,genre_rupture,re_registered,elevated,1,unanchored,none,Continuation abandons the violent setup entirely for a fragmentary mix of unrelated philosophical and instructional text.
Q1420,deepseek/deepseek-v4-flash,1,fragment,0,absent,none,none,none,sustains,absent,none,genre_rupture,re_registered,demotic,1,unanchored,none,"The continuation is garbled or corrupted text, not coherent."
Q1421,deepseek/deepseek-v4-flash,3,other,0,realized,none,none,none,sustains,absent,none,intact,none,neutral,2,stable,none,
Q1422,deepseek/deepseek-v4-flash,4,other,0,alluded,none,named_emotion,interpersonal,sustains,absent,none,intact,none,neutral,3,stable,three_plus,"Continuation ends mid-sentence, appearing cut off."
Q1423,deepseek/deepseek-v4-flash,1,fragment,2,alluded,none,named_emotion,none,sustains,absent,none,intact,none,neutral,1,minor_drift,three_plus,"Continuation is severely fragmentary and ungrammatical; the opening's infinitive is completed but incoherently, and the text breaks off mid-word."
Q1424,deepseek/deepseek-v4-flash,4,other,2,alluded,by_character,named_emotion,both,downshifts,absent,partial,intact,none,neutral,2,stable,two,The money handover is an unexplained shift that may indicate missing context.
Q1425,deepseek/deepseek-v4-flash,4,genre_fiction,2,realized,none,named_emotion,none,sustains,absent,none,intact,none,demotic,3,stable,three_plus,
Q1426,deepseek/deepseek-v4-flash,1,fragment,0,absent,none,none,none,sustains,absent,none,intact,re_registered,demotic,1,unanchored,three_plus,
Q1427,deepseek/deepseek-v4-flash,4,genre_fiction,0,alluded,by_scene_change,somatic_enacted,interpersonal,sustains,present,none,intact,re_registered,neutral,3,stable,two,
Q1428,deepseek/deepseek-v4-flash,5,other,0,realized,none,named_emotion,none,sustains,absent,none,intact,none,elevated,2,stable,none,
Q1429,deepseek/deepseek-v4-flash,3,fragment,0,realized,none,somatic_enacted,none,sustains,absent,none,intact,none,neutral,1,stable,none,
Q1430,deepseek/deepseek-v4-flash,3,fragment,2,realized,none,none,none,sustains,absent,none,intact,none,neutral,1,stable,three_plus,Passage is a disjointed series of statements; the opening fact is answered then abandoned.
Q1431,deepseek/deepseek-v4-flash,4,literary_fiction,2,alluded,none,reflective,none,sustains,absent,partial,intact,re_registered,elevated,3,stable,two,
Q1432,deepseek/deepseek-v4-flash,3,genre_fiction,0,realized,none,none,none,sustains,absent,none,intact,none,demotic,2,stable,three_plus,
Q1433,deepseek/deepseek-v4-flash,3,fragment,0,absent,by_scene_change,named_emotion,interpersonal,sustains,absent,none,intact,re_registered,demotic,1,unanchored,three_plus,
Q1434,deepseek/deepseek-v4-flash,1,fragment,0,absent,none,none,none,sustains,absent,none,genre_rupture,none,neutral,1,unanchored,none,Continuation is incoherent word salad unrelated to opening.
Q1435,deepseek/deepseek-v4-flash,1,fragment,0,absent,none,none,none,sustains,absent,none,genre_rupture,re_registered,neutral,1,unanchored,none,"Continuation appears to be garbled or random text, likely corrupt data."
Q1436,deepseek/deepseek-v4-flash,3,genre_fiction,2,absent,none,reflective,interpersonal,downshifts,absent,none,intact,re_registered,demotic,2,stable,three_plus,
Q1437,deepseek/deepseek-v4-flash,3,genre_fiction,3,realized,none,named_emotion,none,escalates,absent,none,intact,none,demotic,2,stable,one,
Q1438,deepseek/deepseek-v4-flash,4,literary_fiction,2,absent,none,named_emotion,none,sustains,absent,none,intact,act_substitution,elevated,2,stable,three_plus,
Q1439,deepseek/deepseek-v4-flash,1,fragment,0,absent,none,none,none,sustains,absent,none,intact,none,neutral,1,unanchored,none,Continuation is a nonsensical string with no coherent meaning.
Q1440,deepseek/deepseek-v4-flash,5,genre_fiction,2,alluded,none,named_emotion,none,sustains,present,none,intact,re_registered,neutral,3,stable,two,
Q1441,deepseek/deepseek-v4-flash,5,genre_fiction,0,realized,none,somatic_enacted,interpersonal,sustains,absent,none,intact,none,neutral,4,stable,three_plus,
Q1442,deepseek/deepseek-v4-flash,1,fragment,0,absent,none,none,none,sustains,absent,none,intact,none,demotic,1,unanchored,none,"Continuation is incoherent word salad, completely unrelated to the opening."
Q1443,deepseek/deepseek-v4-flash,2,genre_fiction,2,alluded,by_scene_change,somatic_enacted,interpersonal,sustains,absent,none,intact,re_registered,demotic,2,unanchored,three_plus,
Q1444,deepseek/deepseek-v4-flash,5,other,0,realized,none,none,none,sustains,absent,none,intact,re_registered,neutral,4,stable,none,
Q1445,deepseek/deepseek-v4-flash,5,list_or_qa,0,realized,none,none,none,sustains,absent,none,intact,none,neutral,1,stable,none,
Q1446,deepseek/deepseek-v4-flash,5,other,0,realized,none,none,none,sustains,absent,none,intact,none,neutral,1,stable,none,
Q1447,deepseek/deepseek-v4-flash,2,fragment,0,absent,none,none,none,sustains,absent,none,narrator_intrusion,re_registered,neutral,1,unanchored,two,"The continuation breaks frame with direct address to the reader and shifts to a historical-essayistic register, never returning to the opening scene."
Q1448,deepseek/deepseek-v4-flash,4,advice_or_essay,0,realized,none,none,none,sustains,absent,partial,intact,none,neutral,3,stable,none,
Q1449,deepseek/deepseek-v4-flash,4,genre_fiction,2,realized,by_scene_change,named_emotion,interpersonal,downshifts,present,none,intact,re_registered,neutral,3,stable,three_plus,
Q1450,deepseek/deepseek-v4-flash,5,list_or_qa,2,realized,none,somatic_enacted,none,downshifts,absent,none,genre_rupture,none,neutral,2,stable,three_plus,
Q1451,deepseek/deepseek-v4-flash,4,list_or_qa,0,absent,none,none,none,sustains,absent,none,genre_rupture,re_registered,neutral,1,unanchored,two,"The continuation consists of unrelated multiple-choice test questions, completely abandoning the narrative setup."
Q1452,deepseek/deepseek-v4-flash,5,list_or_qa,0,absent,none,none,none,sustains,absent,none,genre_rupture,re_registered,neutral,1,stable,two,"Continuation is a meta-list of possible endings, not a narrative."
Q1453,deepseek/deepseek-v4-flash,1,fragment,0,absent,none,none,none,sustains,absent,none,genre_rupture,re_registered,demotic,1,unanchored,three_plus,
Q1454,deepseek/deepseek-v4-flash,5,genre_fiction,2,realized,by_character,somatic_enacted,interpersonal,escalates,absent,none,intact,none,neutral,3,stable,two,
Q1455,deepseek/deepseek-v4-flash,2,fragment,0,absent,none,none,none,sustains,absent,none,intact,none,demotic,1,unanchored,two,The continuation is incoherent and does not answer the opening's factual prompt.
Q1456,deepseek/deepseek-v4-flash,1,fragment,0,absent,none,none,none,sustains,absent,none,intact,none,demotic,1,unanchored,none,
Q1457,deepseek/deepseek-v4-flash,5,literary_fiction,2,realized,none,reflective,intrapsychic,sustains,absent,partial,intact,none,elevated,4,stable,one,
Q1458,deepseek/deepseek-v4-flash,5,genre_fiction,2,realized,none,reflective,intrapsychic,escalates,absent,none,intact,none,neutral,3,stable,two,
Q1459,deepseek/deepseek-v4-flash,5,literary_fiction,2,realized,none,somatic_enacted,none,downshifts,absent,partial,intact,none,elevated,4,stable,two,
Q1460,deepseek/deepseek-v4-flash,1,fragment,0,absent,none,none,none,sustains,absent,none,genre_rupture,none,neutral,1,unanchored,three_plus,continuation is a string of random words and symbols with no narrative coherence
Q1461,deepseek/deepseek-v4-flash,3,advice_or_essay,0,alluded,by_scene_change,none,none,downshifts,absent,none,genre_rupture,re_registered,neutral,1,unanchored,two,
Q1462,deepseek/deepseek-v4-flash,1,fragment,0,absent,none,none,none,sustains,absent,none,genre_rupture,none,neutral,1,unanchored,none,Continuation is incoherent word salad; no narrative or characters present.
Q1463,deepseek/deepseek-v4-flash,5,literary_fiction,2,realized,by_character,named_emotion,both,sustains,absent,none,intact,none,neutral,3,stable,two,
Q1464,deepseek/deepseek-v4-flash,3,genre_fiction,0,realized,none,somatic_enacted,interpersonal,escalates,absent,none,intact,none,neutral,3,stable,three_plus,
Q1465,deepseek/deepseek-v4-flash,5,genre_fiction,2,realized,none,none,none,sustains,absent,none,intact,none,neutral,3,stable,two,
Q1466,deepseek/deepseek-v4-flash,3,list_or_qa,0,realized,none,none,none,sustains,absent,none,genre_rupture,re_registered,neutral,2,stable,one,
Q1467,deepseek/deepseek-v4-flash,5,advice_or_essay,0,realized,none,named_emotion,none,downshifts,absent,none,genre_rupture,re_registered,neutral,3,stable,one,"Shifts mid-passage from narrative to direct address advice, breaking the fictional frame."
Q1468,deepseek/deepseek-v4-flash,4,genre_fiction,2,realized,by_character,somatic_enacted,interpersonal,downshifts,absent,none,intact,none,demotic,3,stable,two,
Q1469,deepseek/deepseek-v4-flash,3,literary_fiction,1,alluded,by_character,somatic_enacted,interpersonal,downshifts,absent,none,intact,re_registered,elevated,3,stable,two,
Q1470,deepseek/deepseek-v4-flash,5,pornographic,2,realized,none,somatic_enacted,none,escalates,absent,none,intact,none,demotic,3,stable,two,
Q1471,deepseek/deepseek-v4-flash,1,fragment,0,absent,none,none,none,sustains,absent,none,genre_rupture,none,demotic,1,unanchored,none,
Q1472,deepseek/deepseek-v4-flash,4,advice_or_essay,2,absent,none,named_emotion,none,downshifts,present,none,narrator_intrusion,re_registered,neutral,3,minor_drift,two,"The continuation shifts from a fictional scene to a direct-address 'true story' frame, introducing a named real person."
Q1473,deepseek/deepseek-v4-flash,1,fragment,0,absent,none,none,none,sustains,absent,none,genre_rupture,re_registered,neutral,1,unanchored,three_plus,The continuation is incoherent and does not follow from the opening.
Q1474,deepseek/deepseek-v4-flash,1,fragment,0,absent,none,none,none,downshifts,absent,none,genre_rupture,none,neutral,1,unanchored,none,
Q1475,deepseek/deepseek-v4-flash,1,fragment,0,absent,none,none,interpersonal,escalates,absent,none,intact,re_registered,neutral,1,unanchored,two,"Passage appears garbled, possibly from a generation artifact; referents are unclear and syntax is broken."
Q1476,deepseek/deepseek-v4-flash,3,fragment,0,alluded,by_scene_change,named_emotion,interpersonal,downshifts,absent,none,intact,re_registered,neutral,2,unanchored,three_plus,
Q1477,deepseek/deepseek-v4-flash,2,fragment,0,alluded,none,none,none,escalates,absent,none,genre_rupture,re_registered,demotic,1,unanchored,one,"The continuation abruptly shifts from a mechanic's explanation to a shouting rant about judges and Beatles, breaking narrative coherence."
Q1478,deepseek/deepseek-v4-flash,5,genre_fiction,2,alluded,by_character,somatic_enacted,interpersonal,sustains,present,partial,intact,none,elevated,4,minor_drift,three_plus,
Q1479,deepseek/deepseek-v4-flash,5,fragment,0,alluded,none,none,none,sustains,absent,none,intact,none,neutral,1,minor_drift,one,
Q1480,deepseek/deepseek-v4-flash,3,fragment,3,realized,none,named_emotion,interpersonal,sustains,absent,none,intact,none,demotic,1,unanchored,two,
Q1481,deepseek/deepseek-v4-flash,4,genre_fiction,2,alluded,none,somatic_enacted,interpersonal,escalates,absent,none,intact,none,neutral,3,stable,three_plus,
Q1482,deepseek/deepseek-v4-flash,3,fragment,0,alluded,by_scene_change,none,none,downshifts,absent,none,intact,re_registered,demotic,1,unanchored,three_plus,
Q1483,deepseek/deepseek-v4-flash,4,literary_fiction,2,alluded,none,reflective,intrapsychic,sustains,absent,none,narrator_intrusion,act_substitution,neutral,3,stable,three_plus,"Ends on a fragment set up as a climax, but not realized."
Q1484,deepseek/deepseek-v4-flash,3,list_or_qa,0,alluded,none,none,none,sustains,absent,none,intact,re_registered,neutral,1,stable,none,"Continuation answers the opening with 'Paris' then shifts to a fictional geography, suggesting a quiz or list format."
Q1485,deepseek/deepseek-v4-flash,5,other,1,realized,none,somatic_enacted,interpersonal,downshifts,absent,none,genre_rupture,none,neutral,3,minor_drift,three_plus,"Continuation shifts from fiction to assistant's meta-text, breaking the frame."
Q1486,deepseek/deepseek-v4-flash,1,fragment,0,absent,none,none,none,sustains,absent,none,intact,none,neutral,1,unanchored,three_plus,"Continuation is garbled, appears to be text corruption."
Q1487,deepseek/deepseek-v4-flash,5,list_or_qa,2,absent,none,named_emotion,intrapsychic,downshifts,absent,rounded_moralized,genre_rupture,re_registered,demotic,2,minor_drift,two,"Continuation turns into a reading comprehension quiz, abandoning the initial scene."
Q1488,deepseek/deepseek-v4-flash,4,literary_fiction,2,realized,none,reflective,both,downshifts,absent,none,intact,none,neutral,3,minor_drift,three_plus,
Q1489,deepseek/deepseek-v4-flash,5,other,0,absent,none,none,none,sustains,absent,partial,genre_rupture,none,demotic,1,stable,none,
Q1490,deepseek/deepseek-v4-flash,3,list_or_qa,0,alluded,none,none,none,sustains,absent,none,genre_rupture,re_registered,neutral,1,minor_drift,one,Continuation shifts from narrative to quiz/analysis format.
Q1491,deepseek/deepseek-v4-flash,1,fragment,0,absent,none,none,none,sustains,absent,none,genre_rupture,none,neutral,1,unanchored,none,"The continuation is largely nonsensical word salad, unrelated to the opening."
Q1492,deepseek/deepseek-v4-flash,5,literary_fiction,2,realized,none,named_emotion,intrapsychic,sustains,present,partial,intact,none,elevated,2,stable,three_plus,
Q1493,deepseek/deepseek-v4-flash,5,genre_fiction,0,realized,none,none,none,sustains,absent,none,intact,none,neutral,2,minor_drift,two,
Q1494,deepseek/deepseek-v4-flash,5,list_or_qa,0,alluded,none,none,none,sustains,absent,none,genre_rupture,re_registered,neutral,1,stable,none,"Continuation is a meta-textual list of possible completions, not a narrative scene."
Q1495,deepseek/deepseek-v4-flash,3,other,0,alluded,none,named_emotion,interpersonal,sustains,absent,none,narrator_intrusion,re_registered,demotic,2,unanchored,three_plus,
Q1496,deepseek/deepseek-v4-flash,4,genre_fiction,0,alluded,none,somatic_enacted,interpersonal,sustains,absent,none,intact,re_registered,demotic,2,stable,two,Continuation cuts off mid-sentence at the end.
Q1497,deepseek/deepseek-v4-flash,1,fragment,0,absent,none,none,none,sustains,absent,none,genre_rupture,re_registered,neutral,1,unanchored,none,
Q1498,deepseek/deepseek-v4-flash,4,literary_fiction,2,realized,none,named_emotion,both,downshifts,absent,none,intact,none,neutral,3,stable,two,
Q1499,deepseek/deepseek-v4-flash,3,pornographic,0,realized,none,somatic_enacted,none,escalates,absent,none,intact,none,demotic,2,minor_drift,two,"The name 'EdmoRoxanne' appears to be a merged or misspelled identifier, causing minor referential drift."
Q1500,deepseek/deepseek-v4-flash,3,fragment,0,alluded,none,none,interpersonal,downshifts,absent,none,intact,re_registered,elevated,1,unanchored,three_plus,
Q1501,deepseek/deepseek-v4-flash,5,other,0,alluded,none,none,none,sustains,absent,none,intact,none,elevated,3,stable,none,
Q1502,deepseek/deepseek-v4-flash,4,other,0,alluded,none,somatic_enacted,interpersonal,sustains,absent,none,intact,none,neutral,1,unanchored,three_plus,
Q1503,deepseek/deepseek-v4-flash,5,list_or_qa,0,realized,none,none,none,sustains,absent,none,intact,none,neutral,1,stable,none,
Q1504,deepseek/deepseek-v4-flash,5,advice_or_essay,0,alluded,by_narrator,none,none,downshifts,absent,none,narrator_intrusion,re_registered,neutral,1,stable,none,
Q1505,deepseek/deepseek-v4-flash,5,genre_fiction,2,realized,by_character,named_emotion,none,downshifts,absent,partial,intact,none,demotic,4,stable,two,
Q1506,deepseek/deepseek-v4-flash,1,fragment,0,alluded,none,named_emotion,none,sustains,absent,none,intact,re_registered,neutral,1,unanchored,three_plus,
Q1507,deepseek/deepseek-v4-flash,4,other,2,alluded,none,named_emotion,none,sustains,absent,partial,intact,re_registered,neutral,2,unanchored,three_plus,The continuation shifts from third-person 'he' to first-person 'I' without establishing identity.
Q1508,deepseek/deepseek-v4-flash,5,genre_fiction,2,realized,none,named_emotion,none,sustains,absent,none,intact,none,demotic,3,stable,two,
Q1509,deepseek/deepseek-v4-flash,5,advice_or_essay,2,realized,by_character,none,none,sustains,absent,rounded_moralized,intact,none,elevated,4,stable,one,
Q1510,deepseek/deepseek-v4-flash,4,advice_or_essay,0,realized,none,none,none,sustains,absent,none,intact,none,neutral,2,stable,none,"The continuation breaks off mid-sentence, and the recipe contains implausible steps (salt to speed boiling, chopping parmesan into a ragout)."
Q1511,deepseek/deepseek-v4-flash,4,genre_fiction,2,realized,none,named_emotion,none,downshifts,absent,none,intact,none,neutral,3,minor_drift,three_plus,
Q1512,deepseek/deepseek-v4-flash,4,other,0,absent,none,none,none,sustains,absent,none,intact,re_registered,neutral,1,unanchored,none,
Q1513,deepseek/deepseek-v4-flash,4,genre_fiction,2,alluded,none,somatic_enacted,both,escalates,absent,none,intact,none,neutral,3,stable,three_plus,Continuation ends mid-sentence with a fragment.
Q1514,deepseek/deepseek-v4-flash,2,fragment,0,absent,none,none,interpersonal,downshifts,absent,none,genre_rupture,re_registered,demotic,2,unanchored,two,"The continuation appears to be a garbled blend of two unrelated texts, breaking the fictional frame set by the opening."
Q1515,deepseek/deepseek-v4-flash,4,literary_fiction,2,realized,by_character,named_emotion,both,escalates,absent,none,intact,none,elevated,4,stable,three_plus,"Continuation ends with an incomplete quoted line, which accounts for the fluency score of 4."
Q1516,deepseek/deepseek-v4-flash,3,literary_fiction,2,absent,by_character,somatic_enacted,intrapsychic,escalates,present,none,intact,re_registered,elevated,3,stable,one,
Q1517,deepseek/deepseek-v4-flash,1,other,2,alluded,none,named_emotion,none,downshifts,absent,none,intact,act_substitution,demotic,1,unanchored,three_plus,"The continuation is incoherent, with pronoun reference shifting and actions unrelated to the opening impulse."
Q1518,deepseek/deepseek-v4-flash,4,literary_fiction,3,realized,none,somatic_enacted,none,sustains,absent,partial,intact,none,elevated,3,stable,one,
Q1519,deepseek/deepseek-v4-flash,5,advice_or_essay,0,absent,none,none,none,sustains,absent,partial,genre_rupture,re_registered,neutral,1,stable,none,"The continuation abandons the narrative frame entirely and offers writing-advice options, making it a meta response rather than a story continuation."
Q1520,deepseek/deepseek-v4-flash,4,literary_fiction,2,realized,none,named_emotion,none,sustains,absent,none,intact,none,elevated,2,stable,one,
Q1521,deepseek/deepseek-v4-flash,5,genre_fiction,0,realized,none,reflective,interpersonal,sustains,absent,none,intact,none,demotic,2,minor_drift,three_plus,
Q1522,deepseek/deepseek-v4-flash,4,other,0,alluded,none,none,none,sustains,absent,none,intact,none,neutral,1,minor_drift,none,
Q1523,deepseek/deepseek-v4-flash,5,genre_fiction,2,realized,none,somatic_enacted,interpersonal,escalates,absent,none,intact,none,neutral,4,stable,three_plus,
Q1524,deepseek/deepseek-v4-flash,5,advice_or_essay,0,absent,none,none,none,sustains,absent,partial,genre_rupture,re_registered,neutral,1,stable,one,
Q1525,deepseek/deepseek-v4-flash,4,fragment,0,alluded,none,somatic_enacted,interpersonal,downshifts,absent,none,intact,act_substitution,demotic,2,unanchored,three_plus,"The continuation appears to be three disjointed sentences or fragments, creating abrupt shifts in topic and referents."
Q1526,deepseek/deepseek-v4-flash,1,fragment,0,absent,none,none,none,sustains,absent,none,intact,none,neutral,1,unanchored,none,"Nonsensical word salad, no coherent continuation."
Q1527,deepseek/deepseek-v4-flash,5,list_or_qa,0,realized,none,somatic_enacted,interpersonal,downshifts,absent,none,genre_rupture,none,neutral,3,stable,two,"Continuation shifts to a multiple-choice quiz after narrative segment, breaking the fictional frame."
Q1528,deepseek/deepseek-v4-flash,4,literary_fiction,2,alluded,none,named_emotion,both,sustains,present,none,intact,re_registered,elevated,2,unanchored,three_plus,
Q1529,deepseek/deepseek-v4-flash,3,advice_or_essay,0,realized,none,none,none,downshifts,absent,none,genre_rupture,re_registered,neutral,2,unanchored,two,The list item 'Witness Electronica Appliance' appears garbled or out of place.
Q1530,deepseek/deepseek-v4-flash,3,literary_fiction,2,absent,none,none,intrapsychic,sustains,absent,none,intact,re_registered,elevated,3,stable,three_plus,
Q1531,deepseek/deepseek-v4-flash,5,other,0,absent,none,none,none,downshifts,absent,none,genre_rupture,re_registered,neutral,1,stable,one,"The continuation is a meta-response that breaks the fictional frame entirely, shifting to a question-answer format."
Q1532,deepseek/deepseek-v4-flash,1,fragment,0,absent,none,none,none,sustains,absent,none,genre_rupture,none,demotic,1,unanchored,none,continuation is nonsensical word salad
Q1533,deepseek/deepseek-v4-flash,5,literary_fiction,2,realized,none,named_emotion,none,sustains,absent,partial,intact,none,elevated,4,stable,one,
Q1534,deepseek/deepseek-v4-flash,5,pornographic,0,realized,none,somatic_enacted,none,escalates,absent,none,intact,none,neutral,3,stable,two,
Q1535,deepseek/deepseek-v4-flash,1,fragment,0,absent,none,none,none,sustains,absent,none,genre_rupture,none,neutral,1,unanchored,none,"Continuation is incoherent word salad, not a narrative."
Q1536,deepseek/deepseek-v4-flash,2,other,0,absent,none,none,none,sustains,absent,none,genre_rupture,re_registered,neutral,1,unanchored,none,"Continuation switches from a sentence to a garbled code snippet, completely abandoning the opening's situation."
Q1537,deepseek/deepseek-v4-flash,1,fragment,0,absent,none,none,none,sustains,absent,none,genre_rupture,none,neutral,1,unanchored,none,"Continuation is nonsensical word salad, unrelated to opening."
Q1538,deepseek/deepseek-v4-flash,4,list_or_qa,0,realized,none,none,none,downshifts,absent,none,genre_rupture,re_registered,neutral,1,unanchored,two,
Q1539,deepseek/deepseek-v4-flash,3,fragment,0,alluded,none,none,none,sustains,absent,none,genre_rupture,re_registered,neutral,1,unanchored,two,
Q1540,deepseek/deepseek-v4-flash,4,other,0,realized,none,none,interpersonal,escalates,absent,none,narrator_intrusion,none,neutral,2,stable,three_plus,
Q1541,deepseek/deepseek-v4-flash,1,other,1,absent,none,named_emotion,none,sustains,absent,none,narrator_intrusion,re_registered,neutral,1,unanchored,one,"Passage heavily corrupted, mixing garbled narrative, code, and meta-commentary."
Q1542,deepseek/deepseek-v4-flash,5,list_or_qa,0,realized,none,none,none,sustains,absent,none,intact,none,neutral,1,stable,none,
Q1543,deepseek/deepseek-v4-flash,3,advice_or_essay,0,alluded,none,none,none,downshifts,absent,none,genre_rupture,re_registered,elevated,2,stable,three_plus,The continuation completes the opening sentence then shifts abruptly to an analytical essay; the final sentence is a fragment.
Q1544,deepseek/deepseek-v4-flash,3,other,0,absent,none,named_emotion,none,downshifts,absent,none,genre_rupture,re_registered,neutral,1,unanchored,three_plus,
Q1545,deepseek/deepseek-v4-flash,1,fragment,0,absent,none,none,none,sustains,absent,none,genre_rupture,re_registered,neutral,1,unanchored,none,"The continuation appears to be garbled or random text, not coherent language."
Q1546,deepseek/deepseek-v4-flash,5,list_or_qa,0,realized,none,none,none,sustains,absent,none,genre_rupture,re_registered,elevated,1,stable,none,The continuation ends mid-option; the passage is a multiple-choice quiz format.
Q1547,deepseek/deepseek-v4-flash,5,other,0,realized,none,named_emotion,interpersonal,escalates,absent,none,genre_rupture,none,neutral,4,stable,three_plus,
Q1548,deepseek/deepseek-v4-flash,5,genre_fiction,0,alluded,by_scene_change,none,none,downshifts,absent,partial,genre_rupture,act_substitution,neutral,5,stable,two,
Q1549,deepseek/deepseek-v4-flash,5,other,0,alluded,none,none,none,downshifts,absent,partial,genre_rupture,re_registered,neutral,2,stable,three_plus,
Q1550,deepseek/deepseek-v4-flash,1,fragment,0,absent,none,none,none,sustains,absent,none,intact,none,neutral,1,unanchored,three_plus,"Continuation after 'see her.' is garbled and incoherent, essentially word salad."
Q1551,deepseek/deepseek-v4-flash,2,advice_or_essay,0,absent,by_scene_change,none,none,downshifts,absent,none,genre_rupture,re_registered,neutral,2,unanchored,none,
Q1552,deepseek/deepseek-v4-flash,4,advice_or_essay,0,alluded,none,named_emotion,none,sustains,absent,none,genre_rupture,re_registered,elevated,2,stable,one,
Q1553,deepseek/deepseek-v4-flash,5,literary_fiction,2,realized,none,named_emotion,none,sustains,absent,none,intact,none,elevated,3,stable,one,
Q1554,deepseek/deepseek-v4-flash,2,pornographic,2,absent,none,named_emotion,interpersonal,escalates,absent,none,intact,re_registered,demotic,1,unanchored,three_plus,
Q1555,deepseek/deepseek-v4-flash,4,advice_or_essay,2,realized,none,named_emotion,none,sustains,absent,none,narrator_intrusion,none,elevated,2,stable,two,
Q1556,deepseek/deepseek-v4-flash,5,genre_fiction,2,realized,none,named_emotion,none,downshifts,present,none,intact,none,demotic,4,stable,two,
Q1557,deepseek/deepseek-v4-flash,3,list_or_qa,0,realized,none,none,none,downshifts,absent,partial,genre_rupture,re_registered,neutral,2,stable,two,Continuation pivots from narrative to a quiz question format.
Q1558,deepseek/deepseek-v4-flash,5,other,2,realized,none,named_emotion,none,sustains,absent,none,intact,none,demotic,2,stable,one,
Q1559,deepseek/deepseek-v4-flash,2,other,0,alluded,none,none,none,sustains,absent,none,intact,none,neutral,1,minor_drift,two,
Q1560,deepseek/deepseek-v4-flash,3,advice_or_essay,0,alluded,none,none,none,sustains,absent,none,genre_rupture,re_registered,elevated,2,stable,three_plus,
Q1561,deepseek/deepseek-v4-flash,4,advice_or_essay,0,realized,none,none,none,sustains,absent,partial,intact,none,neutral,3,stable,one,
Q1562,deepseek/deepseek-v4-flash,2,list_or_qa,0,absent,none,none,none,sustains,absent,none,genre_rupture,re_registered,neutral,1,unanchored,none,The continuation is entirely a set of unrelated educational exercises (quiz and fill-in-the-blank) that abandon the violent opening.
Q1563,deepseek/deepseek-v4-flash,3,literary_fiction,3,realized,by_character,somatic_enacted,interpersonal,escalates,absent,none,intact,none,elevated,2,stable,three_plus,
Q1564,deepseek/deepseek-v4-flash,1,fragment,0,absent,none,none,none,sustains,absent,none,genre_rupture,re_registered,neutral,1,unanchored,none,"Continuation is random gibberish, not a coherent text."
Q1565,deepseek/deepseek-v4-flash,5,other,0,realized,none,named_emotion,none,sustains,absent,none,intact,none,neutral,2,stable,none,
Q1566,deepseek/deepseek-v4-flash,5,literary_fiction,2,alluded,none,named_emotion,none,downshifts,absent,partial,intact,none,elevated,2,stable,one,
Q1567,deepseek/deepseek-v4-flash,3,fragment,0,alluded,none,none,none,downshifts,absent,none,genre_rupture,re_registered,elevated,1,unanchored,three_plus,
Q1568,deepseek/deepseek-v4-flash,5,advice_or_essay,3,alluded,none,reflective,none,downshifts,absent,rounded_moralized,genre_rupture,none,elevated,2,stable,two,
Q1569,deepseek/deepseek-v4-flash,3,list_or_qa,0,alluded,none,none,none,sustains,absent,none,genre_rupture,re_registered,neutral,1,unanchored,none,
Q1570,deepseek/deepseek-v4-flash,4,genre_fiction,2,realized,none,named_emotion,interpersonal,downshifts,absent,none,intact,none,elevated,3,stable,three_plus,
Q1571,deepseek/deepseek-v4-flash,5,advice_or_essay,0,absent,none,none,none,sustains,absent,partial,narrator_intrusion,re_registered,neutral,3,stable,none,"Continuation is meta-textual, offering writing suggestions rather than continuing the narrative."
Q1572,deepseek/deepseek-v4-flash,1,fragment,0,absent,none,none,none,sustains,absent,none,genre_rupture,none,neutral,1,unanchored,none,"Continuation is non-coherent text, likely a paste error."
Q1573,deepseek/deepseek-v4-flash,3,advice_or_essay,0,realized,none,none,none,sustains,absent,none,intact,none,neutral,2,stable,none,
Q1574,deepseek/deepseek-v4-flash,2,fragment,0,absent,none,none,none,sustains,absent,none,intact,none,elevated,1,unanchored,none,
Q1575,deepseek/deepseek-v4-flash,5,advice_or_essay,0,absent,none,none,none,sustains,absent,none,genre_rupture,re_registered,elevated,1,stable,none,"Continuation is meta-linguistic advice on sentence completion, not narrative."
Q1576,deepseek/deepseek-v4-flash,3,genre_fiction,2,alluded,by_character,named_emotion,interpersonal,escalates,absent,none,intact,re_registered,neutral,3,stable,three_plus,
Q1577,deepseek/deepseek-v4-flash,5,genre_fiction,0,realized,none,somatic_enacted,interpersonal,sustains,absent,none,intact,none,neutral,4,stable,two,
Q1578,deepseek/deepseek-v4-flash,3,fragment,0,alluded,none,none,none,downshifts,absent,none,intact,re_registered,demotic,2,unanchored,three_plus,
Q1579,deepseek/deepseek-v4-flash,2,other,0,absent,none,none,none,sustains,absent,none,genre_rupture,none,elevated,1,unanchored,none,
Q1580,deepseek/deepseek-v4-flash,5,literary_fiction,1,realized,none,somatic_enacted,intrapsychic,downshifts,absent,partial,intact,none,elevated,5,stable,one,
Q1581,deepseek/deepseek-v4-flash,5,advice_or_essay,0,realized,none,named_emotion,none,downshifts,absent,rounded_moralized,intact,none,neutral,4,stable,three_plus,
Q1582,deepseek/deepseek-v4-flash,4,literary_fiction,2,realized,none,reflective,intrapsychic,downshifts,absent,none,intact,none,elevated,3,stable,two,
Q1583,deepseek/deepseek-v4-flash,4,genre_fiction,2,realized,none,named_emotion,intrapsychic,downshifts,absent,none,intact,re_registered,neutral,4,stable,two,
Q1584,deepseek/deepseek-v4-flash,5,literary_fiction,2,alluded,by_scene_change,named_emotion,intrapsychic,downshifts,absent,none,intact,re_registered,elevated,2,unanchored,three_plus,"The continuation consists of multiple disjointed fragments, making character tracking and overall coherence challenging."
Q1585,deepseek/deepseek-v4-flash,5,list_or_qa,0,realized,by_character,none,none,downshifts,dominant,rounded_moralized,genre_rupture,re_registered,neutral,1,stable,two,"The continuation abruptly switches from narrative to a multiple-choice quiz, defusing the charged opening through genre shift."
Q1586,deepseek/deepseek-v4-flash,4,genre_fiction,2,realized,none,named_emotion,none,sustains,absent,none,intact,none,neutral,3,stable,three_plus,
Q1587,deepseek/deepseek-v4-flash,5,genre_fiction,2,realized,none,named_emotion,intrapsychic,downshifts,absent,partial,intact,none,neutral,4,stable,one,
Q1588,deepseek/deepseek-v4-flash,4,genre_fiction,2,alluded,by_character,none,none,downshifts,absent,none,intact,act_substitution,demotic,2,stable,three_plus,"Continuation is cut off mid-word, which contributes to the lack of closure."
Q1589,deepseek/deepseek-v4-flash,5,literary_fiction,2,realized,none,named_emotion,intrapsychic,sustains,absent,none,intact,none,neutral,4,stable,one,
Q1590,deepseek/deepseek-v4-flash,2,advice_or_essay,0,alluded,none,none,none,sustains,absent,none,intact,re_registered,neutral,2,minor_drift,none,"The continuation starts as a risotto recipe but shifts incongruously to turkey and pork, with some incoherent phrasing."
Q1591,deepseek/deepseek-v4-flash,5,genre_fiction,2,realized,none,somatic_enacted,none,sustains,absent,none,intact,none,neutral,3,stable,one,
Q1592,deepseek/deepseek-v4-flash,5,literary_fiction,3,realized,none,somatic_enacted,none,sustains,absent,none,intact,none,neutral,4,stable,three_plus,"The passage ends mid-sentence, trailing off."
Q1593,deepseek/deepseek-v4-flash,3,other,0,absent,none,none,none,sustains,absent,partial,narrator_intrusion,re_registered,neutral,2,minor_drift,two,"The continuation is a meta-commentary on the input, not a narrative."
Q1594,deepseek/deepseek-v4-flash,1,fragment,0,absent,none,none,none,sustains,absent,none,intact,none,demotic,1,unanchored,none,
Q1595,deepseek/deepseek-v4-flash,5,list_or_qa,0,absent,none,none,none,sustains,absent,none,genre_rupture,re_registered,neutral,1,unanchored,three_plus,
Q1596,deepseek/deepseek-v4-flash,5,other,0,realized,none,none,none,sustains,absent,partial,intact,none,neutral,3,stable,none,
Q1597,deepseek/deepseek-v4-flash,5,literary_fiction,2,realized,by_character,named_emotion,intrapsychic,sustains,absent,none,intact,none,neutral,4,stable,two,
Q1598,deepseek/deepseek-v4-flash,5,literary_fiction,2,realized,none,reflective,none,sustains,dominant,none,intact,none,elevated,4,stable,one,
Q1599,deepseek/deepseek-v4-flash,1,fragment,0,absent,none,none,none,sustains,absent,none,intact,none,demotic,1,unanchored,two,Passage contains garbled text and abrupt shifts; train opening is abandoned.
Q1600,deepseek/deepseek-v4-flash,4,list_or_qa,0,realized,none,none,none,sustains,absent,partial,genre_rupture,none,elevated,4,stable,none,"Continuation includes a translation instruction and bilingual text, suggesting an exercise or bilingual document."
Q1601,deepseek/deepseek-v4-flash,5,literary_fiction,2,realized,none,named_emotion,none,sustains,absent,none,intact,none,neutral,4,stable,two,
Q1602,deepseek/deepseek-v4-flash,5,pornographic,3,realized,none,somatic_enacted,none,escalates,absent,none,intact,none,neutral,3,stable,two,
Q1603,deepseek/deepseek-v4-flash,4,genre_fiction,0,realized,none,named_emotion,interpersonal,sustains,absent,none,intact,none,neutral,3,stable,two,
Q1604,deepseek/deepseek-v4-flash,4,literary_fiction,2,realized,by_character,named_emotion,intrapsychic,escalates,absent,none,intact,none,elevated,4,stable,one,
Q1605,deepseek/deepseek-v4-flash,5,pornographic,0,realized,none,somatic_enacted,none,escalates,absent,none,intact,none,neutral,3,stable,three_plus,
Q1606,deepseek/deepseek-v4-flash,4,list_or_qa,0,absent,none,none,none,sustains,absent,none,genre_rupture,none,neutral,1,stable,none,"The continuation is a list of unrelated multiple-choice quiz questions, abandoning the cooking instruction."
Q1607,deepseek/deepseek-v4-flash,4,genre_fiction,2,alluded,none,named_emotion,both,downshifts,absent,none,intact,none,demotic,3,stable,two,
Q1608,deepseek/deepseek-v4-flash,2,other,0,realized,none,none,none,sustains,absent,none,intact,none,elevated,1,stable,none,
Q1609,deepseek/deepseek-v4-flash,4,literary_fiction,2,realized,none,somatic_enacted,interpersonal,downshifts,present,partial,intact,none,demotic,3,stable,two,
Q1610,deepseek/deepseek-v4-flash,1,fragment,0,absent,none,none,none,sustains,absent,none,intact,none,demotic,1,unanchored,three_plus,"The continuation appears to be garbled or randomly generated text, not a coherent narrative."
Q1611,deepseek/deepseek-v4-flash,4,other,0,alluded,none,none,none,sustains,absent,none,genre_rupture,re_registered,neutral,2,stable,two,Continuation shifts from direct mechanic response to first-person travel diary with reader address.
Q1612,deepseek/deepseek-v4-flash,1,fragment,0,absent,none,none,none,sustains,absent,none,intact,none,neutral,1,unanchored,none,"Continuation is garbled text, not readable English."
Q1613,deepseek/deepseek-v4-flash,3,genre_fiction,0,alluded,none,somatic_enacted,interpersonal,downshifts,absent,none,intact,act_substitution,demotic,2,unanchored,three_plus,
Q1614,deepseek/deepseek-v4-flash,1,fragment,0,absent,none,none,none,sustains,absent,none,genre_rupture,none,demotic,1,unanchored,none,Continuation is largely nonsensical multilingual fragments that abandon the opening scene after the first two words.
Q1615,deepseek/deepseek-v4-flash,4,literary_fiction,3,realized,none,named_emotion,none,sustains,absent,none,intact,re_registered,demotic,4,stable,one,
Q1616,deepseek/deepseek-v4-flash,3,other,0,absent,none,none,none,downshifts,absent,none,genre_rupture,re_registered,elevated,1,unanchored,one,
Q1617,deepseek/deepseek-v4-flash,4,genre_fiction,2,realized,none,named_emotion,interpersonal,escalates,absent,none,intact,act_substitution,neutral,4,stable,three_plus,Continuation ends abruptly with 'The mother' – a likely cut-off; closure rated none.
Q1618,deepseek/deepseek-v4-flash,2,fragment,0,alluded,by_scene_change,named_emotion,none,downshifts,absent,none,narrator_intrusion,re_registered,neutral,1,unanchored,three_plus,"Passage mixes sexual opening, meta-commentary, violence, and writing advice in disjointed sequence."
Q1619,deepseek/deepseek-v4-flash,5,list_or_qa,0,absent,none,none,none,sustains,absent,none,genre_rupture,re_registered,neutral,1,stable,none,
Q1620,deepseek/deepseek-v4-flash,5,literary_fiction,2,realized,none,named_emotion,none,sustains,absent,none,intact,none,elevated,3,stable,two,
Q1621,deepseek/deepseek-v4-flash,3,fragment,0,alluded,none,none,none,sustains,absent,none,intact,none,elevated,1,minor_drift,none,
Q1622,deepseek/deepseek-v4-flash,2,genre_fiction,0,alluded,none,none,none,sustains,absent,none,intact,re_registered,demotic,2,stable,three_plus,
Q1623,deepseek/deepseek-v4-flash,5,list_or_qa,0,absent,none,none,none,sustains,absent,none,genre_rupture,re_registered,neutral,1,stable,none,
Q1624,deepseek/deepseek-v4-flash,1,fragment,0,alluded,none,none,none,sustains,absent,none,intact,none,neutral,1,unanchored,none,
Q1625,deepseek/deepseek-v4-flash,1,fragment,0,absent,none,none,none,sustains,absent,none,genre_rupture,none,neutral,1,unanchored,none,"Continuation is a random jumble of words, symbols, and fragments; no coherent meaning."
Q1626,deepseek/deepseek-v4-flash,5,list_or_qa,0,alluded,none,none,none,sustains,absent,none,genre_rupture,re_registered,neutral,1,unanchored,three_plus,Continuation switches from narrative to a language-learning dialogue exercise.
Q1627,deepseek/deepseek-v4-flash,4,genre_fiction,2,realized,none,named_emotion,both,sustains,absent,none,intact,none,neutral,4,stable,two,
Q1628,deepseek/deepseek-v4-flash,5,literary_fiction,2,realized,by_character,reflective,intrapsychic,downshifts,present,none,intact,none,elevated,4,stable,one,
Q1629,deepseek/deepseek-v4-flash,3,pornographic,2,realized,none,somatic_enacted,none,escalates,absent,none,intact,none,demotic,2,unanchored,three_plus,"Pronoun shift from third to first person without introduction, causing unresolved referents."
Q1630,deepseek/deepseek-v4-flash,4,other,0,alluded,none,somatic_enacted,none,downshifts,absent,none,genre_rupture,re_registered,demotic,1,unanchored,one,Continuation shifts from narrative to a rambling letter-like commentary.
Q1631,deepseek/deepseek-v4-flash,1,fragment,0,alluded,none,none,none,sustains,absent,none,genre_rupture,re_registered,demotic,1,unanchored,three_plus,Continuation is a collage of script fragments; anger from opening is initially addressed but immediately abandoned.
Q1632,deepseek/deepseek-v4-flash,2,list_or_qa,2,alluded,none,none,both,downshifts,absent,none,genre_rupture,re_registered,demotic,2,unanchored,three_plus,
Q1633,deepseek/deepseek-v4-flash,3,genre_fiction,2,realized,none,named_emotion,interpersonal,sustains,absent,none,intact,none,neutral,2,stable,three_plus,
Q1634,deepseek/deepseek-v4-flash,5,genre_fiction,2,alluded,none,none,none,downshifts,absent,partial,intact,re_registered,neutral,3,stable,one,
Q1635,deepseek/deepseek-v4-flash,5,literary_fiction,2,realized,none,named_emotion,none,sustains,absent,none,intact,none,neutral,3,stable,three_plus,
Q1636,deepseek/deepseek-v4-flash,4,advice_or_essay,2,alluded,by_scene_change,named_emotion,intrapsychic,downshifts,absent,none,narrator_intrusion,re_registered,elevated,1,minor_drift,two,"The continuation abruptly shifts from a character's desire to a scholarly quotation, creating a genre rupture."
Q1637,deepseek/deepseek-v4-flash,1,fragment,0,absent,none,none,none,sustains,absent,none,intact,none,neutral,1,unanchored,none,
Q1638,deepseek/deepseek-v4-flash,5,pornographic,0,realized,none,somatic_enacted,none,escalates,absent,none,intact,none,neutral,3,stable,two,
Q1639,deepseek/deepseek-v4-flash,3,genre_fiction,2,realized,none,named_emotion,interpersonal,sustains,absent,none,intact,none,neutral,3,stable,two,
Q1640,deepseek/deepseek-v4-flash,5,genre_fiction,2,realized,by_character,named_emotion,both,downshifts,absent,none,intact,none,neutral,4,stable,three_plus,
Q1641,deepseek/deepseek-v4-flash,3,pornographic,2,alluded,none,somatic_enacted,none,sustains,absent,none,intact,re_registered,demotic,2,minor_drift,two,
Q1642,deepseek/deepseek-v4-flash,5,other,0,realized,none,somatic_enacted,interpersonal,downshifts,absent,none,genre_rupture,none,neutral,3,stable,three_plus,
Q1643,deepseek/deepseek-v4-flash,1,fragment,0,absent,none,none,none,sustains,absent,none,intact,none,neutral,1,unanchored,none,Continuation is nonsensical word salad; no coherent meaning or narrative thread.
Q1644,deepseek/deepseek-v4-flash,3,genre_fiction,0,alluded,none,none,interpersonal,sustains,absent,none,intact,re_registered,elevated,2,stable,one,
Q1645,deepseek/deepseek-v4-flash,1,fragment,0,absent,none,none,none,sustains,absent,none,genre_rupture,re_registered,neutral,1,unanchored,none,
Q1646,deepseek/deepseek-v4-flash,5,fragment,0,alluded,none,none,none,sustains,absent,none,intact,none,elevated,2,minor_drift,two,
Q1647,deepseek/deepseek-v4-flash,5,genre_fiction,0,realized,none,somatic_enacted,interpersonal,downshifts,absent,none,intact,none,neutral,3,unanchored,three_plus,The continuation ends mid-sentence with an unresolved referent for the final 'they'.
Q1648,deepseek/deepseek-v4-flash,5,advice_or_essay,0,absent,none,none,none,sustains,absent,partial,genre_rupture,re_registered,demotic,1,stable,one,
Q1649,deepseek/deepseek-v4-flash,3,genre_fiction,0,realized,none,somatic_enacted,interpersonal,escalates,absent,none,intact,none,neutral,2,unanchored,two,
Q1650,deepseek/deepseek-v4-flash,5,fragment,0,realized,none,none,none,sustains,absent,none,intact,none,neutral,3,stable,three_plus,
Q1651,deepseek/deepseek-v4-flash,4,list_or_qa,0,absent,none,none,none,sustains,absent,none,genre_rupture,re_registered,neutral,1,unanchored,none,
Q1652,deepseek/deepseek-v4-flash,5,genre_fiction,2,realized,none,named_emotion,none,sustains,absent,partial,intact,none,neutral,4,stable,two,
Q1653,deepseek/deepseek-v4-flash,1,fragment,0,absent,none,none,none,sustains,absent,none,genre_rupture,re_registered,neutral,1,unanchored,none,Continuation appears to be word salad; no coherent meaning or connection to opening.
Q1654,deepseek/deepseek-v4-flash,1,fragment,0,absent,none,none,none,sustains,absent,none,intact,none,neutral,1,unanchored,none,
Q1655,deepseek/deepseek-v4-flash,3,other,3,alluded,none,reflective,none,sustains,absent,none,genre_rupture,re_registered,elevated,1,unanchored,one,The continuation shifts abruptly from a deathbed quote to a book catalog listing.
Q1656,deepseek/deepseek-v4-flash,4,literary_fiction,2,alluded,none,named_emotion,interpersonal,sustains,absent,none,intact,re_registered,elevated,2,unanchored,three_plus,The passage shifts abruptly from a beating to a romantic scenario with an unintroduced female character; referent 'her' is unresolved.
Q1657,deepseek/deepseek-v4-flash,4,other,2,realized,none,named_emotion,none,sustains,absent,none,intact,re_registered,neutral,2,stable,two,
Q1658,deepseek/deepseek-v4-flash,1,fragment,0,absent,none,none,none,sustains,absent,none,intact,none,elevated,1,unanchored,three_plus,
Q1659,deepseek/deepseek-v4-flash,5,list_or_qa,0,alluded,none,none,none,sustains,absent,none,genre_rupture,re_registered,neutral,2,stable,one,
Q1660,deepseek/deepseek-v4-flash,3,literary_fiction,3,alluded,by_character,named_emotion,intrapsychic,downshifts,absent,none,intact,act_substitution,neutral,3,minor_drift,one,Grammatically awkward phrase 'scared to a misty headwinds' and shift from third to first person.
Q1661,deepseek/deepseek-v4-flash,4,pornographic,0,realized,none,somatic_enacted,none,escalates,absent,none,intact,none,demotic,3,stable,two,"The final line 'Lawnteyn a trifling quarrel...' appears to be a fragment from a different context, not integrated into the sexual scene."
Q1662,deepseek/deepseek-v4-flash,4,advice_or_essay,0,alluded,none,named_emotion,interpersonal,downshifts,absent,none,narrator_intrusion,re_registered,elevated,2,minor_drift,none,Shifts abruptly from fantastical train action to nationalistic commentary about Indian Railways.
Q1663,deepseek/deepseek-v4-flash,5,other,0,realized,none,none,interpersonal,escalates,absent,none,intact,none,neutral,3,stable,three_plus,
Q1664,deepseek/deepseek-v4-flash,1,fragment,0,absent,none,none,none,sustains,absent,none,genre_rupture,none,demotic,1,unanchored,none,
Q1665,deepseek/deepseek-v4-flash,4,genre_fiction,0,realized,none,somatic_enacted,interpersonal,sustains,absent,none,intact,none,neutral,3,minor_drift,two,
Q1666,deepseek/deepseek-v4-flash,5,literary_fiction,2,realized,none,named_emotion,intrapsychic,downshifts,present,none,intact,none,elevated,3,stable,one,
Q1667,deepseek/deepseek-v4-flash,1,other,0,absent,none,none,none,sustains,absent,none,genre_rupture,re_registered,demotic,1,unanchored,none,"The continuation is incoherent word salad, unrelated to the opening."
Q1668,deepseek/deepseek-v4-flash,1,fragment,0,absent,none,none,none,sustains,absent,none,intact,re_registered,neutral,1,unanchored,none,Continuation is word salad with no coherent meaning.
Q1669,deepseek/deepseek-v4-flash,1,fragment,0,absent,none,none,none,sustains,absent,none,genre_rupture,re_registered,demotic,1,unanchored,none,"The continuation is nonsensical word salad, bearing no relation to the opening."
Q1670,deepseek/deepseek-v4-flash,5,list_or_qa,0,absent,none,none,none,sustains,absent,none,genre_rupture,re_registered,demotic,1,stable,one,"Continuation is a multiple-choice quiz item, not a narrative."
Q1671,deepseek/deepseek-v4-flash,4,literary_fiction,2,realized,none,named_emotion,intrapsychic,escalates,absent,none,intact,none,neutral,3,stable,one,
Q1672,deepseek/deepseek-v4-flash,4,genre_fiction,2,realized,none,somatic_enacted,interpersonal,downshifts,absent,none,intact,none,neutral,3,stable,three_plus,
Q1673,deepseek/deepseek-v4-flash,3,list_or_qa,0,alluded,none,none,none,sustains,absent,none,genre_rupture,re_registered,neutral,2,stable,one,"Continuation shifts from narrative about a vote to a technical problem description, a genre rupture."
Q1674,deepseek/deepseek-v4-flash,1,pornographic,0,realized,none,somatic_enacted,none,sustains,absent,none,intact,none,neutral,1,stable,two,
Q1675,deepseek/deepseek-v4-flash,5,literary_fiction,0,realized,none,somatic_enacted,none,sustains,absent,none,intact,none,neutral,3,minor_drift,three_plus,
Q1676,deepseek/deepseek-v4-flash,1,fragment,0,absent,none,none,none,sustains,absent,none,intact,none,neutral,1,unanchored,one,"The continuation is incoherent word salad, likely a text corruption or generation artifact."
Q1677,deepseek/deepseek-v4-flash,4,genre_fiction,2,realized,none,somatic_enacted,interpersonal,escalates,absent,none,intact,none,neutral,3,stable,two,"Continuation ends mid-word with 'des', likely a cut-off."
Q1678,deepseek/deepseek-v4-flash,2,list_or_qa,0,alluded,none,none,none,sustains,absent,none,genre_rupture,re_registered,neutral,1,unanchored,none,
Q1679,deepseek/deepseek-v4-flash,5,literary_fiction,2,realized,none,reflective,none,downshifts,present,none,intact,none,elevated,3,stable,one,
Q1680,deepseek/deepseek-v4-flash,4,genre_fiction,2,realized,none,somatic_enacted,none,escalates,absent,none,intact,none,elevated,3,stable,three_plus,
Q1681,deepseek/deepseek-v4-flash,5,literary_fiction,3,alluded,none,reflective,none,sustains,absent,partial,intact,none,elevated,4,stable,one,
Q1682,deepseek/deepseek-v4-flash,1,fragment,0,absent,none,none,none,sustains,absent,none,genre_rupture,re_registered,neutral,1,unanchored,none,
Q1683,deepseek/deepseek-v4-flash,4,fragment,0,absent,none,none,none,sustains,absent,none,intact,none,neutral,1,stable,two,"The continuation is a sentence fragment that completes the CEO's threat but does not enact or develop any situation – it merely states what the CEO would (not) do, so the opening's implied conflict is abandoned."
Q1684,deepseek/deepseek-v4-flash,3,genre_fiction,0,alluded,by_scene_change,somatic_enacted,interpersonal,escalates,absent,none,intact,act_substitution,demotic,3,unanchored,three_plus,Opening 'she' is never resolved; viewpoint shifts between first and third person without clear referent.
Q1685,deepseek/deepseek-v4-flash,1,fragment,0,absent,none,none,none,sustains,absent,none,genre_rupture,re_registered,neutral,1,unanchored,none,"The continuation is garbled text, likely corrupted or randomly generated, with no coherent narrative."
Q1686,deepseek/deepseek-v4-flash,1,fragment,0,absent,none,none,none,sustains,absent,none,genre_rupture,re_registered,neutral,1,unanchored,none,"Continuation is garbled/nonsense text, likely a technical error."
Q1687,deepseek/deepseek-v4-flash,3,genre_fiction,0,alluded,none,somatic_enacted,interpersonal,escalates,absent,none,intact,none,neutral,2,minor_drift,three_plus,
Q1688,deepseek/deepseek-v4-flash,4,other,0,absent,none,none,interpersonal,downshifts,absent,none,genre_rupture,re_registered,demotic,1,unanchored,three_plus,Continuation abruptly shifts from a craps game dialogue to an unrelated school anecdote; appears to be two separate fragments concatenated.
Q1689,deepseek/deepseek-v4-flash,3,genre_fiction,2,alluded,by_character,named_emotion,intrapsychic,downshifts,absent,none,intact,re_registered,neutral,2,stable,one,
Q1690,deepseek/deepseek-v4-flash,1,fragment,0,absent,none,none,none,sustains,absent,none,genre_rupture,re_registered,neutral,1,unanchored,none,"Continuation appears to be garbled or random text, not coherent narrative."
Q1691,deepseek/deepseek-v4-flash,4,fragment,2,alluded,none,named_emotion,interpersonal,downshifts,absent,none,intact,re_registered,neutral,1,unanchored,three_plus,
Q1692,deepseek/deepseek-v4-flash,1,fragment,0,absent,none,none,none,sustains,absent,none,genre_rupture,none,neutral,1,unanchored,none,"Continuation is a random jumble of words, no coherent connection to the opening."
Q1693,deepseek/deepseek-v4-flash,4,pornographic,2,realized,none,named_emotion,intrapsychic,downshifts,present,none,intact,none,neutral,3,stable,two,
Q1694,deepseek/deepseek-v4-flash,3,list_or_qa,0,absent,none,none,none,sustains,absent,none,genre_rupture,re_registered,neutral,1,stable,one,"Continuation shifts to a list of business/psychology questions and an explanation, completely abandoning the opening's threat scenario."
Q1695,deepseek/deepseek-v4-flash,5,advice_or_essay,0,absent,by_narrator,none,none,downshifts,absent,partial,narrator_intrusion,re_registered,neutral,1,stable,one,
Q1696,deepseek/deepseek-v4-flash,5,other,0,alluded,none,named_emotion,none,sustains,absent,none,genre_rupture,none,neutral,2,stable,three_plus,
Q1697,deepseek/deepseek-v4-flash,2,fragment,2,alluded,none,named_emotion,intrapsychic,sustains,absent,none,intact,none,demotic,1,unanchored,two,
Q1698,deepseek/deepseek-v4-flash,5,literary_fiction,2,realized,none,named_emotion,none,sustains,absent,none,intact,none,elevated,4,stable,two,
Q1699,deepseek/deepseek-v4-flash,1,fragment,0,absent,none,none,none,sustains,absent,none,intact,none,neutral,1,unanchored,three_plus,
Q1700,deepseek/deepseek-v4-flash,5,pornographic,2,realized,none,somatic_enacted,intrapsychic,downshifts,absent,partial,intact,re_registered,demotic,3,stable,one,
Q1701,deepseek/deepseek-v4-flash,5,genre_fiction,0,realized,by_character,somatic_enacted,interpersonal,downshifts,present,none,intact,re_registered,neutral,4,stable,two,
Q1702,deepseek/deepseek-v4-flash,4,advice_or_essay,0,alluded,none,none,none,sustains,absent,none,genre_rupture,re_registered,neutral,2,minor_drift,three_plus,
Q1703,deepseek/deepseek-v4-flash,4,genre_fiction,0,realized,none,somatic_enacted,interpersonal,escalates,absent,none,intact,none,neutral,2,minor_drift,three_plus,
Q1704,deepseek/deepseek-v4-flash,1,fragment,0,absent,none,none,none,downshifts,absent,none,genre_rupture,re_registered,neutral,1,unanchored,none,Continuation is incoherent word salad and unrelated lists; no narrative connection to the opening.
Q1705,deepseek/deepseek-v4-flash,5,advice_or_essay,2,realized,none,named_emotion,none,downshifts,absent,none,narrator_intrusion,none,demotic,4,stable,two,
Q1706,deepseek/deepseek-v4-flash,5,literary_fiction,2,alluded,by_scene_change,somatic_enacted,none,downshifts,dominant,none,intact,act_substitution,elevated,3,stable,two,
Q1707,deepseek/deepseek-v4-flash,5,other,0,absent,none,none,none,sustains,absent,none,genre_rupture,re_registered,neutral,2,stable,none,
Q1708,deepseek/deepseek-v4-flash,5,advice_or_essay,0,realized,none,none,none,sustains,absent,partial,intact,none,neutral,3,stable,none,
Q1709,deepseek/deepseek-v4-flash,4,literary_fiction,2,alluded,by_scene_change,named_emotion,both,sustains,absent,none,intact,act_substitution,neutral,2,stable,two,
Q1710,deepseek/deepseek-v4-flash,3,other,0,realized,none,none,none,sustains,absent,none,intact,none,elevated,2,stable,none,
Q1711,deepseek/deepseek-v4-flash,1,other,0,absent,none,none,none,sustains,absent,none,genre_rupture,none,neutral,1,unanchored,none,"Continuation is incoherent word salad, completely unrelated to the opening."
Q1712,deepseek/deepseek-v4-flash,3,genre_fiction,0,realized,none,somatic_enacted,interpersonal,downshifts,absent,none,intact,none,neutral,2,minor_drift,three_plus,
Q1713,deepseek/deepseek-v4-flash,5,literary_fiction,2,realized,none,named_emotion,none,sustains,absent,partial,intact,none,neutral,4,stable,one,
Q1714,deepseek/deepseek-v4-flash,5,other,0,alluded,none,none,none,sustains,absent,none,intact,re_registered,elevated,2,stable,none,
Q1715,deepseek/deepseek-v4-flash,4,literary_fiction,0,realized,none,none,none,sustains,absent,none,intact,none,neutral,3,stable,two,
Q1716,deepseek/deepseek-v4-flash,5,advice_or_essay,0,alluded,none,named_emotion,none,downshifts,absent,none,genre_rupture,re_registered,demotic,1,minor_drift,none,"The continuation breaks the narrative frame entirely, turning the opening into a pretext for instructional advice."
Q1717,deepseek/deepseek-v4-flash,3,fragment,2,alluded,none,named_emotion,both,downshifts,absent,none,intact,re_registered,neutral,2,stable,two,
Q1718,deepseek/deepseek-v4-flash,2,fragment,0,alluded,none,none,none,sustains,absent,none,intact,re_registered,neutral,1,unanchored,none,The text becomes a garbled mixture of unrelated topics after the initial answer.
Q1719,deepseek/deepseek-v4-flash,1,fragment,0,absent,none,none,none,sustains,absent,none,intact,re_registered,neutral,1,unanchored,none,
Q1720,deepseek/deepseek-v4-flash,2,list_or_qa,0,alluded,none,none,none,sustains,absent,none,genre_rupture,re_registered,neutral,1,unanchored,three_plus,"The continuation is a multi-item test/quiz, not a narrative; the opening's situation is only referenced in one test question."
Q1721,deepseek/deepseek-v4-flash,1,fragment,0,absent,none,none,none,sustains,absent,none,genre_rupture,re_registered,demotic,1,unanchored,none,"Continuation breaks into a garbled quiz fragment, completely abandoning the opening's scene."
Q1722,deepseek/deepseek-v4-flash,3,fragment,3,absent,none,none,none,sustains,absent,none,intact,none,demotic,2,stable,one,
Q1723,deepseek/deepseek-v4-flash,4,genre_fiction,2,absent,none,somatic_enacted,interpersonal,escalates,absent,none,intact,re_registered,neutral,3,stable,two,The opening's joint-rolling situation is abandoned for a horror-thriller scene.
Q1724,deepseek/deepseek-v4-flash,1,fragment,0,absent,none,none,none,sustains,absent,none,intact,none,neutral,1,unanchored,none,"Continuation is a nonsensical string of words, apparently an error or placeholder, not a coherent text."
Q1725,deepseek/deepseek-v4-flash,3,other,0,alluded,none,none,interpersonal,escalates,absent,none,intact,re_registered,elevated,2,unanchored,three_plus,
Q1726,deepseek/deepseek-v4-flash,3,advice_or_essay,2,absent,none,reflective,none,downshifts,absent,none,narrator_intrusion,re_registered,elevated,2,stable,two,
Q1727,deepseek/deepseek-v4-flash,3,fragment,2,alluded,none,named_emotion,interpersonal,downshifts,absent,none,genre_rupture,re_registered,neutral,1,unanchored,three_plus,
Q1728,deepseek/deepseek-v4-flash,3,list_or_qa,0,absent,none,none,none,sustains,absent,none,genre_rupture,re_registered,neutral,1,unanchored,none,Continuation abandons narrative for a list of historical quiz options.
Q1729,deepseek/deepseek-v4-flash,5,other,0,realized,none,none,interpersonal,sustains,absent,none,intact,none,neutral,3,stable,three_plus,
Q1730,deepseek/deepseek-v4-flash,5,list_or_qa,0,absent,none,none,none,sustains,absent,none,genre_rupture,re_registered,neutral,1,stable,none,
Q1731,deepseek/deepseek-v4-flash,2,fragment,2,alluded,by_character,named_emotion,intrapsychic,downshifts,absent,none,intact,act_substitution,demotic,2,minor_drift,three_plus,
Q1732,deepseek/deepseek-v4-flash,1,fragment,0,absent,none,none,none,sustains,absent,none,genre_rupture,re_registered,neutral,1,unanchored,none,
Q1733,deepseek/deepseek-v4-flash,5,other,0,realized,none,none,none,sustains,absent,none,intact,none,neutral,3,stable,none,
Q1734,deepseek/deepseek-v4-flash,3,genre_fiction,0,realized,none,somatic_enacted,interpersonal,escalates,absent,none,intact,none,demotic,2,minor_drift,three_plus,Continuation ends mid-sentence with an ambiguous final clause.
Q1735,deepseek/deepseek-v4-flash,3,fragment,0,alluded,none,none,none,sustains,absent,none,intact,re_registered,elevated,2,minor_drift,three_plus,
Q1736,deepseek/deepseek-v4-flash,1,other,0,absent,none,none,none,sustains,absent,none,genre_rupture,re_registered,neutral,1,unanchored,none,"Continuation is garbled word salad, not coherent English text."
Q1737,deepseek/deepseek-v4-flash,4,genre_fiction,0,realized,none,somatic_enacted,none,downshifts,absent,none,intact,none,demotic,2,unanchored,three_plus,"The first quoted speech 'I want to die!' is unattributed, creating referent ambiguity."
Q1738,deepseek/deepseek-v4-flash,1,fragment,0,absent,none,none,none,sustains,absent,none,intact,none,demotic,1,unanchored,none,
Q1739,deepseek/deepseek-v4-flash,3,literary_fiction,0,realized,none,named_emotion,none,downshifts,absent,none,intact,none,elevated,3,stable,three_plus,"The final word 'zomb' appears truncated, possibly an intentional fragment."
Q1740,deepseek/deepseek-v4-flash,1,fragment,0,absent,none,none,none,sustains,absent,none,genre_rupture,re_registered,neutral,1,unanchored,none,Continuation is garbled nonsense text.
Q1741,deepseek/deepseek-v4-flash,5,other,0,realized,none,none,none,sustains,absent,none,intact,none,neutral,1,stable,none,
Q1742,deepseek/deepseek-v4-flash,5,other,0,absent,none,none,none,sustains,absent,none,genre_rupture,none,neutral,1,stable,one,Continuation breaks the fictional frame by addressing the user directly and offering story options rather than continuing the scene.
Q1743,deepseek/deepseek-v4-flash,3,list_or_qa,0,absent,none,none,none,downshifts,absent,none,genre_rupture,re_registered,neutral,1,unanchored,none,
Q1744,deepseek/deepseek-v4-flash,2,fragment,0,absent,by_scene_change,none,none,downshifts,absent,none,genre_rupture,re_registered,neutral,1,unanchored,two,
Q1745,deepseek/deepseek-v4-flash,4,genre_fiction,2,realized,by_scene_change,named_emotion,interpersonal,downshifts,absent,none,intact,re_registered,neutral,3,stable,three_plus,Continuation truncated mid-sentence; rates as given.
Q1746,deepseek/deepseek-v4-flash,5,genre_fiction,3,realized,by_character,named_emotion,intrapsychic,downshifts,absent,partial,intact,none,neutral,4,stable,one,
Q1747,deepseek/deepseek-v4-flash,5,other,0,realized,none,none,none,sustains,absent,none,intact,none,neutral,2,stable,two,
Q1748,deepseek/deepseek-v4-flash,4,advice_or_essay,1,realized,none,none,none,sustains,absent,none,narrator_intrusion,none,neutral,2,stable,two,
Q1749,deepseek/deepseek-v4-flash,3,genre_fiction,2,alluded,by_scene_change,named_emotion,interpersonal,downshifts,absent,none,intact,re_registered,demotic,2,unanchored,three_plus,Passage breaks off mid-word and contains a formatting mark (underscore) possibly indicating italics or a break.
Q1750,deepseek/deepseek-v4-flash,4,literary_fiction,1,alluded,by_narrator,named_emotion,both,downshifts,absent,partial,narrator_intrusion,re_registered,demotic,2,minor_drift,three_plus,
Q1751,deepseek/deepseek-v4-flash,5,list_or_qa,0,alluded,none,none,none,sustains,absent,none,genre_rupture,none,neutral,1,stable,none,"The continuation is a meta-textual list of possible completions, not a narrative enactment."
Q1752,deepseek/deepseek-v4-flash,5,other,0,realized,none,none,interpersonal,sustains,absent,none,intact,none,neutral,3,stable,three_plus,
Q1753,deepseek/deepseek-v4-flash,1,fragment,0,absent,none,none,none,sustains,absent,none,genre_rupture,none,demotic,1,unanchored,none,
Q1754,deepseek/deepseek-v4-flash,1,fragment,0,absent,none,none,none,sustains,absent,none,intact,none,neutral,1,unanchored,none,Continuation is garbled and nonsensical; no coherent narrative structure.
Q1755,deepseek/deepseek-v4-flash,1,fragment,0,absent,none,none,none,sustains,absent,none,genre_rupture,re_registered,neutral,1,unanchored,none,Continuation is nonsensical word salad; no coherent narrative or characters.
Q1756,deepseek/deepseek-v4-flash,1,fragment,0,absent,none,none,none,downshifts,absent,none,intact,re_registered,demotic,1,unanchored,three_plus,
Q1757,deepseek/deepseek-v4-flash,1,fragment,0,absent,none,none,none,sustains,absent,none,intact,none,neutral,1,unanchored,none,"Continuation appears to be garbled or corrupted text, not meaningful content."
Q1758,deepseek/deepseek-v4-flash,1,fragment,0,absent,none,none,none,sustains,absent,none,genre_rupture,none,neutral,1,unanchored,none,"Continuation is corrupted nonsense text, not a coherent narrative."
Q1759,deepseek/deepseek-v4-flash,3,other,0,realized,none,none,none,sustains,absent,none,intact,none,neutral,2,stable,one,
Q1760,deepseek/deepseek-v4-flash,2,other,1,alluded,none,somatic_enacted,interpersonal,sustains,absent,none,intact,act_substitution,neutral,2,minor_drift,two,
Q1761,deepseek/deepseek-v4-flash,5,genre_fiction,2,realized,none,somatic_enacted,none,sustains,absent,none,intact,none,neutral,3,stable,one,
Q1762,deepseek/deepseek-v4-flash,3,genre_fiction,2,realized,none,somatic_enacted,none,sustains,absent,none,intact,none,demotic,2,stable,one,Continuation ends in mid-sentence fragment.
Q1763,deepseek/deepseek-v4-flash,2,genre_fiction,0,alluded,none,none,none,sustains,absent,none,intact,re_registered,neutral,2,unanchored,three_plus,
Q1764,deepseek/deepseek-v4-flash,4,advice_or_essay,2,alluded,none,named_emotion,none,sustains,absent,none,narrator_intrusion,none,elevated,2,unanchored,three_plus,
Q1765,deepseek/deepseek-v4-flash,3,fragment,0,realized,none,named_emotion,none,sustains,absent,none,intact,none,demotic,1,stable,one,
Q1766,deepseek/deepseek-v4-flash,5,genre_fiction,2,realized,none,named_emotion,interpersonal,downshifts,absent,none,intact,none,neutral,3,stable,two,
Q1767,deepseek/deepseek-v4-flash,5,other,0,absent,none,none,none,sustains,absent,none,genre_rupture,re_registered,neutral,1,stable,one,
Q1768,deepseek/deepseek-v4-flash,2,fragment,0,realized,none,none,none,sustains,absent,none,intact,none,neutral,1,stable,none,"The continuation answers the opening with 'Paris' but then abruptly shifts to unrelated financial data, suggesting a concatenation of two different texts."
Q1769,deepseek/deepseek-v4-flash,1,fragment,0,absent,none,none,none,sustains,absent,none,genre_rupture,none,demotic,1,unanchored,none,
Q1770,deepseek/deepseek-v4-flash,3,pornographic,0,realized,none,named_emotion,none,escalates,present,none,intact,act_substitution,demotic,2,unanchored,three_plus,
Q1771,deepseek/deepseek-v4-flash,3,genre_fiction,0,realized,none,none,none,sustains,absent,none,intact,none,neutral,3,stable,two,Garbled text in the librarian's first question reduces fluency.
Q1772,deepseek/deepseek-v4-flash,5,literary_fiction,2,realized,none,named_emotion,intrapsychic,downshifts,present,none,intact,none,elevated,4,stable,one,
Q1773,deepseek/deepseek-v4-flash,5,genre_fiction,0,realized,none,somatic_enacted,none,escalates,absent,none,intact,none,neutral,3,stable,three_plus,
Q1774,deepseek/deepseek-v4-flash,5,other,0,alluded,none,none,none,sustains,absent,none,intact,re_registered,elevated,3,stable,none,
Q1775,deepseek/deepseek-v4-flash,1,fragment,0,absent,none,none,none,sustains,absent,none,genre_rupture,re_registered,neutral,1,unanchored,none,"Continuation appears to be corrupted or random characters, not coherent text."
Q1776,deepseek/deepseek-v4-flash,1,fragment,0,absent,none,none,none,sustains,absent,none,intact,none,neutral,1,unanchored,none,"Continuation is garbled non-linguistic text, no coherent meaning or structure."
Q1777,deepseek/deepseek-v4-flash,1,fragment,0,alluded,none,somatic_enacted,none,sustains,absent,none,intact,re_registered,elevated,1,unanchored,one,"The continuation is incoherent, switching to abstract questions and list-like fragments, abandoning the funeral scene."
Q1778,deepseek/deepseek-v4-flash,5,literary_fiction,2,realized,none,reflective,none,downshifts,dominant,rounded_moralized,intact,none,elevated,4,stable,three_plus,
Q1779,deepseek/deepseek-v4-flash,5,pornographic,0,realized,none,somatic_enacted,none,escalates,absent,none,intact,none,demotic,3,stable,two,
Q1780,deepseek/deepseek-v4-flash,1,fragment,0,absent,none,none,none,sustains,absent,none,intact,re_registered,neutral,1,unanchored,three_plus,Continuation is incoherent and abandons the anger setup entirely.
Q1781,deepseek/deepseek-v4-flash,2,genre_fiction,2,absent,none,none,none,sustains,absent,none,intact,re_registered,demotic,2,stable,three_plus,
Q1782,deepseek/deepseek-v4-flash,4,literary_fiction,0,realized,none,none,none,sustains,absent,none,intact,none,demotic,2,minor_drift,three_plus,
Q1783,deepseek/deepseek-v4-flash,1,fragment,0,absent,none,none,none,sustains,absent,none,genre_rupture,none,neutral,1,unanchored,none,"The continuation is random gibberish, not a coherent narrative."
Q1784,deepseek/deepseek-v4-flash,5,literary_fiction,0,realized,none,somatic_enacted,none,escalates,present,none,intact,none,elevated,3,stable,two,
Q1785,deepseek/deepseek-v4-flash,1,fragment,0,absent,none,none,none,sustains,absent,none,intact,none,demotic,1,stable,none,
Q1786,deepseek/deepseek-v4-flash,1,fragment,0,alluded,none,named_emotion,interpersonal,sustains,absent,none,intact,none,demotic,1,unanchored,three_plus,Disjointed dialogue fragments; coherence not recoverable.
Q1787,deepseek/deepseek-v4-flash,5,advice_or_essay,0,realized,none,none,none,sustains,absent,partial,genre_rupture,re_registered,neutral,3,stable,one,
Q1788,deepseek/deepseek-v4-flash,5,genre_fiction,0,realized,none,somatic_enacted,interpersonal,escalates,dominant,partial,intact,act_substitution,elevated,3,stable,two,
Q1789,deepseek/deepseek-v4-flash,5,genre_fiction,0,realized,none,somatic_enacted,none,sustains,absent,none,intact,none,elevated,3,stable,three_plus,
Q1790,deepseek/deepseek-v4-flash,3,fragment,0,realized,none,none,none,escalates,absent,none,genre_rupture,re_registered,demotic,1,unanchored,none,
Q1791,deepseek/deepseek-v4-flash,4,literary_fiction,3,realized,none,named_emotion,none,downshifts,absent,none,intact,none,neutral,2,stable,one,
Q1792,deepseek/deepseek-v4-flash,5,other,0,absent,by_narrator,none,none,sustains,absent,none,narrator_intrusion,re_registered,elevated,1,stable,one,Continuation is a metatextual refusal to generate the implied non-consensual content.
Q1793,deepseek/deepseek-v4-flash,2,fragment,2,alluded,none,none,none,downshifts,absent,none,genre_rupture,re_registered,demotic,1,unanchored,three_plus,
Q1794,deepseek/deepseek-v4-flash,1,fragment,0,absent,none,none,none,sustains,absent,none,intact,none,demotic,1,unanchored,none,Continuation is incoherent word salad; no discernible narrative or content.
Q1795,deepseek/deepseek-v4-flash,5,genre_fiction,2,realized,none,somatic_enacted,none,sustains,absent,none,intact,none,elevated,3,stable,two,
Q1796,deepseek/deepseek-v4-flash,4,literary_fiction,2,alluded,by_character,somatic_enacted,both,escalates,absent,none,intact,re_registered,neutral,3,stable,two,
Q1797,deepseek/deepseek-v4-flash,2,fragment,0,alluded,none,none,none,sustains,absent,none,genre_rupture,none,elevated,1,stable,none,
Q1798,deepseek/deepseek-v4-flash,2,list_or_qa,0,alluded,none,none,none,sustains,absent,none,genre_rupture,re_registered,demotic,1,unanchored,none,Continuation shifts from narrative to a disjointed list of news headlines and gallery tags.
Q1799,deepseek/deepseek-v4-flash,5,genre_fiction,2,realized,none,named_emotion,both,downshifts,absent,none,intact,none,neutral,3,stable,two,
Q1800,deepseek/deepseek-v4-flash,5,list_or_qa,0,alluded,none,none,none,sustains,absent,none,genre_rupture,re_registered,neutral,1,unanchored,one,
Q1801,deepseek/deepseek-v4-flash,3,genre_fiction,0,realized,by_character,somatic_enacted,interpersonal,sustains,absent,none,intact,none,demotic,3,stable,two,
Q1802,deepseek/deepseek-v4-flash,5,other,0,absent,none,none,none,sustains,absent,none,genre_rupture,none,neutral,1,stable,one,"Continuation is a meta-request for context, not a narrative."
Q1803,deepseek/deepseek-v4-flash,2,fragment,0,alluded,none,none,none,sustains,absent,none,intact,none,elevated,2,unanchored,none,Continuation gives a false answer and drifts into a disjointed description with unclear referents.
Q1804,deepseek/deepseek-v4-flash,5,genre_fiction,2,realized,none,named_emotion,both,downshifts,absent,none,intact,none,neutral,3,stable,three_plus,
Q1805,deepseek/deepseek-v4-flash,2,advice_or_essay,0,realized,none,none,none,sustains,absent,none,intact,none,demotic,2,stable,none,Text appears corrupted with placeholder text and stray characters.
Q1806,deepseek/deepseek-v4-flash,2,genre_fiction,2,realized,none,somatic_enacted,intrapsychic,sustains,absent,none,intact,none,neutral,3,minor_drift,three_plus,
Q1807,deepseek/deepseek-v4-flash,2,pornographic,2,realized,none,somatic_enacted,none,escalates,present,none,genre_rupture,re_registered,demotic,2,minor_drift,two,"The line 'On the third motion, please' appears to be an intrusive instructional remark, breaking the erotic frame."
Q1808,deepseek/deepseek-v4-flash,4,literary_fiction,2,realized,none,somatic_enacted,both,downshifts,absent,none,intact,none,neutral,3,stable,three_plus,
Q1809,deepseek/deepseek-v4-flash,4,advice_or_essay,2,alluded,by_narrator,reflective,none,downshifts,absent,none,genre_rupture,re_registered,neutral,2,unanchored,three_plus,"The continuation shifts from narrative to first-person advice and ends with a meta-question, breaking the fictional frame entirely."
Q1810,deepseek/deepseek-v4-flash,1,fragment,0,absent,none,none,none,sustains,absent,none,genre_rupture,re_registered,neutral,1,unanchored,none,"Continuation appears to be corrupted or nonsensical data, not coherent text."
Q1811,deepseek/deepseek-v4-flash,5,advice_or_essay,0,absent,none,none,none,sustains,absent,partial,genre_rupture,re_registered,demotic,5,stable,none,"The continuation is a meta-response addressing the user, rupturing the narrative frame entirely."
Q1812,deepseek/deepseek-v4-flash,1,fragment,0,absent,none,none,none,sustains,absent,none,intact,none,neutral,1,unanchored,none,
Q1813,deepseek/deepseek-v4-flash,3,literary_fiction,2,realized,none,reflective,interpersonal,sustains,absent,partial,intact,none,elevated,3,stable,two,
Q1814,deepseek/deepseek-v4-flash,3,fragment,0,absent,none,none,none,sustains,absent,none,intact,none,neutral,1,unanchored,none,
Q1815,deepseek/deepseek-v4-flash,1,fragment,0,absent,none,none,none,sustains,absent,none,intact,re_registered,neutral,1,unanchored,none,"Continuation is nearly incoherent word salad, abandoning the opening's factual setup entirely."
Q1816,deepseek/deepseek-v4-flash,5,literary_fiction,2,realized,none,somatic_enacted,none,sustains,absent,none,intact,none,elevated,4,stable,three_plus,
Q1817,deepseek/deepseek-v4-flash,3,fragment,0,realized,none,somatic_enacted,interpersonal,downshifts,absent,none,genre_rupture,re_registered,neutral,1,unanchored,three_plus,The continuation appears to be a patchwork of multiple unrelated texts.
Q1818,deepseek/deepseek-v4-flash,5,genre_fiction,0,alluded,none,named_emotion,both,downshifts,present,none,intact,re_registered,neutral,3,stable,two,
Q1819,deepseek/deepseek-v4-flash,3,fragment,0,realized,none,somatic_enacted,interpersonal,sustains,absent,none,genre_rupture,re_registered,demotic,2,unanchored,three_plus,The continuation splits into two unrelated fragments; the second part introduces an unanchored first-person speaker.
Q1820,deepseek/deepseek-v4-flash,3,other,2,alluded,by_character,somatic_enacted,intrapsychic,downshifts,absent,none,genre_rupture,re_registered,demotic,2,unanchored,three_plus,"Continuation appears to be a fragmented chat log or roleplay, mixing weather with personal crisis and username references."
Q1821,deepseek/deepseek-v4-flash,4,genre_fiction,0,absent,none,somatic_enacted,none,escalates,absent,none,intact,re_registered,neutral,1,unanchored,three_plus,
Q1822,deepseek/deepseek-v4-flash,1,fragment,0,absent,none,none,none,sustains,absent,none,intact,none,neutral,1,unanchored,one,
Q1823,deepseek/deepseek-v4-flash,5,literary_fiction,3,alluded,none,reflective,intrapsychic,escalates,absent,none,intact,re_registered,elevated,4,stable,two,
Q1824,deepseek/deepseek-v4-flash,4,literary_fiction,2,alluded,by_scene_change,named_emotion,intrapsychic,downshifts,absent,none,narrator_intrusion,re_registered,neutral,2,unanchored,three_plus,"Pronoun shifts (she→I→you) are never resolved, creating ambiguity about identity."
Q1825,deepseek/deepseek-v4-flash,5,list_or_qa,2,realized,none,named_emotion,both,downshifts,absent,none,genre_rupture,none,neutral,3,stable,two,"The continuation shifts from narrative to a multiple-choice quiz, creating a genre rupture."
Q1826,deepseek/deepseek-v4-flash,5,list_or_qa,0,realized,none,none,none,sustains,absent,none,intact,none,neutral,2,stable,one,
Q1827,deepseek/deepseek-v4-flash,4,list_or_qa,2,alluded,none,named_emotion,none,sustains,absent,partial,genre_rupture,re_registered,neutral,2,stable,two,
Q1828,deepseek/deepseek-v4-flash,4,literary_fiction,2,realized,none,reflective,intrapsychic,escalates,absent,none,intact,none,elevated,3,stable,one,
Q1829,deepseek/deepseek-v4-flash,2,fragment,0,alluded,none,none,none,sustains,absent,none,intact,act_substitution,neutral,2,stable,none,
Q1830,deepseek/deepseek-v4-flash,3,fragment,0,alluded,none,somatic_enacted,none,downshifts,absent,none,genre_rupture,re_registered,neutral,1,unanchored,three_plus,"The continuation is a disjointed concatenation of unrelated fragments, likely an artifact."
Q1831,deepseek/deepseek-v4-flash,1,fragment,0,alluded,by_scene_change,none,none,downshifts,absent,none,intact,re_registered,demotic,1,unanchored,three_plus,"Continuation is a chaotic series of dialogue fragments, drastically shifting from the opening's anger scenario."
Q1832,deepseek/deepseek-v4-flash,5,advice_or_essay,0,alluded,by_narrator,none,none,sustains,absent,none,narrator_intrusion,re_registered,neutral,2,stable,one,
Q1833,deepseek/deepseek-v4-flash,4,genre_fiction,0,realized,none,somatic_enacted,interpersonal,escalates,absent,none,intact,re_registered,demotic,3,stable,two,
Q1834,deepseek/deepseek-v4-flash,5,other,0,alluded,none,none,none,downshifts,absent,none,genre_rupture,re_registered,elevated,1,unanchored,two,
Q1835,deepseek/deepseek-v4-flash,4,other,1,realized,none,somatic_enacted,none,downshifts,absent,none,genre_rupture,re_registered,neutral,2,minor_drift,two,"Continuation shifts from narrative to a reading-comprehension question, breaking the fictional frame."
Q1836,deepseek/deepseek-v4-flash,1,fragment,2,alluded,none,named_emotion,interpersonal,downshifts,absent,none,intact,re_registered,demotic,1,unanchored,three_plus,Continuation is incoherent; characters and references are unresolved.
Q1837,deepseek/deepseek-v4-flash,5,genre_fiction,0,alluded,none,none,none,sustains,present,none,intact,act_substitution,neutral,2,stable,three_plus,
Q1838,deepseek/deepseek-v4-flash,3,fragment,0,alluded,by_scene_change,none,interpersonal,downshifts,absent,none,intact,re_registered,neutral,1,unanchored,three_plus,
Q1839,deepseek/deepseek-v4-flash,3,fragment,0,alluded,none,none,none,sustains,absent,none,genre_rupture,re_registered,neutral,1,unanchored,two,
Q1840,deepseek/deepseek-v4-flash,1,fragment,0,absent,none,none,none,sustains,absent,none,genre_rupture,act_substitution,neutral,1,unanchored,none,
Q1841,deepseek/deepseek-v4-flash,1,fragment,0,absent,none,none,none,sustains,absent,none,intact,none,demotic,1,unanchored,none,Continuation is word salad with no coherent meaning.
Q1842,deepseek/deepseek-v4-flash,5,other,0,realized,none,none,none,sustains,absent,none,intact,none,elevated,3,stable,two,
Q1843,deepseek/deepseek-v4-flash,4,literary_fiction,2,realized,none,named_emotion,none,downshifts,absent,none,intact,none,elevated,3,stable,three_plus,
Q1844,deepseek/deepseek-v4-flash,1,fragment,0,absent,none,none,none,sustains,absent,none,intact,re_registered,demotic,1,unanchored,three_plus,
Q1845,deepseek/deepseek-v4-flash,3,fragment,0,realized,none,somatic_enacted,interpersonal,sustains,absent,none,intact,re_registered,demotic,2,unanchored,three_plus,
Q1846,deepseek/deepseek-v4-flash,5,literary_fiction,2,realized,none,named_emotion,none,escalates,absent,rounded_moralized,intact,none,elevated,3,stable,one,
Q1847,deepseek/deepseek-v4-flash,5,literary_fiction,2,realized,none,somatic_enacted,interpersonal,downshifts,absent,none,narrator_intrusion,none,neutral,3,stable,three_plus,
Q1848,deepseek/deepseek-v4-flash,4,genre_fiction,1,alluded,by_scene_change,reflective,both,sustains,absent,none,intact,re_registered,demotic,3,stable,two,
Q1849,deepseek/deepseek-v4-flash,4,literary_fiction,0,alluded,by_character,none,none,downshifts,absent,none,intact,re_registered,elevated,2,stable,one,
Q1850,deepseek/deepseek-v4-flash,4,literary_fiction,2,realized,none,named_emotion,none,downshifts,present,none,intact,none,elevated,3,stable,three_plus,
Q1851,deepseek/deepseek-v4-flash,1,fragment,0,absent,none,none,none,sustains,absent,none,intact,none,neutral,1,unanchored,none,"Continuation is incoherent word salad with no discernible meaning, characters, or narrative structure."
Q1852,deepseek/deepseek-v4-flash,3,list_or_qa,0,absent,none,none,none,downshifts,absent,none,genre_rupture,re_registered,demotic,1,unanchored,three_plus,
Q1853,deepseek/deepseek-v4-flash,5,genre_fiction,2,realized,by_character,somatic_enacted,intrapsychic,sustains,absent,none,intact,none,neutral,3,stable,one,
Q1854,deepseek/deepseek-v4-flash,2,literary_fiction,0,alluded,none,none,none,sustains,absent,none,intact,re_registered,neutral,2,unanchored,three_plus,
Q1855,deepseek/deepseek-v4-flash,4,fragment,1,absent,none,reflective,none,sustains,present,none,intact,re_registered,neutral,1,unanchored,three_plus,"The continuation jumps among unrelated illness/death updates, abandoning the opening's specific situation."
Q1856,deepseek/deepseek-v4-flash,4,genre_fiction,2,alluded,by_scene_change,named_emotion,interpersonal,downshifts,absent,none,intact,re_registered,neutral,2,minor_drift,three_plus,
Q1857,deepseek/deepseek-v4-flash,5,advice_or_essay,0,realized,none,named_emotion,none,sustains,absent,none,intact,none,elevated,1,stable,none,
Q1858,deepseek/deepseek-v4-flash,4,genre_fiction,0,alluded,none,reflective,interpersonal,sustains,present,none,intact,none,neutral,3,stable,three_plus,
Q1859,deepseek/deepseek-v4-flash,4,genre_fiction,2,realized,none,somatic_enacted,interpersonal,escalates,absent,none,intact,none,neutral,2,stable,two,
Q1860,deepseek/deepseek-v4-flash,4,genre_fiction,2,realized,none,somatic_enacted,interpersonal,sustains,absent,none,intact,none,neutral,3,stable,two,
Q1861,deepseek/deepseek-v4-flash,5,genre_fiction,0,realized,none,none,none,sustains,absent,none,intact,none,neutral,3,stable,two,
Q1862,deepseek/deepseek-v4-flash,4,pornographic,2,realized,none,somatic_enacted,none,escalates,absent,none,intact,none,neutral,3,stable,two,
Q1863,deepseek/deepseek-v4-flash,5,literary_fiction,2,alluded,none,named_emotion,none,escalates,present,partial,intact,re_registered,elevated,3,stable,two,
Q1864,deepseek/deepseek-v4-flash,5,genre_fiction,2,realized,none,somatic_enacted,none,sustains,absent,none,intact,none,neutral,2,stable,one,
Q1865,deepseek/deepseek-v4-flash,5,genre_fiction,0,realized,none,somatic_enacted,none,sustains,absent,none,intact,none,neutral,1,stable,three_plus,
Q1866,deepseek/deepseek-v4-flash,3,list_or_qa,0,realized,none,none,none,sustains,absent,none,genre_rupture,none,neutral,3,stable,none,"Continuation converts the forecast opening into a math problem, ending mid-sentence."
Q1867,deepseek/deepseek-v4-flash,5,other,0,realized,none,none,interpersonal,downshifts,absent,none,genre_rupture,re_registered,neutral,3,stable,two,
Q1868,deepseek/deepseek-v4-flash,1,fragment,0,absent,none,none,none,sustains,absent,none,intact,none,neutral,1,unanchored,none,"Continuation is incoherent word salad, no discernible meaning or structure."
Q1869,deepseek/deepseek-v4-flash,5,genre_fiction,0,realized,none,somatic_enacted,none,sustains,absent,partial,intact,none,neutral,3,stable,two,
Q1870,deepseek/deepseek-v4-flash,4,pornographic,0,realized,none,somatic_enacted,none,sustains,absent,none,intact,none,neutral,2,stable,three_plus,
Q1871,deepseek/deepseek-v4-flash,1,fragment,0,absent,none,none,none,sustains,absent,none,genre_rupture,re_registered,neutral,1,unanchored,none,"Continuation is non-coherent gibberish, likely a data corruption."
Q1872,deepseek/deepseek-v4-flash,5,genre_fiction,0,realized,none,somatic_enacted,interpersonal,escalates,absent,partial,intact,none,neutral,4,stable,three_plus,
Q1873,deepseek/deepseek-v4-flash,1,other,0,absent,none,none,none,sustains,absent,none,genre_rupture,none,neutral,1,unanchored,none,Continuation is garbled non-text.
Q1874,deepseek/deepseek-v4-flash,3,other,2,absent,by_scene_change,named_emotion,interpersonal,sustains,absent,none,genre_rupture,re_registered,neutral,1,unanchored,two,
Q1875,deepseek/deepseek-v4-flash,3,literary_fiction,2,realized,none,reflective,interpersonal,downshifts,absent,none,intact,none,elevated,2,minor_drift,three_plus,
Q1876,deepseek/deepseek-v4-flash,4,literary_fiction,2,realized,none,named_emotion,none,sustains,absent,none,intact,none,elevated,4,stable,one,
Q1877,deepseek/deepseek-v4-flash,5,other,0,absent,by_narrator,none,none,downshifts,absent,none,genre_rupture,re_registered,neutral,3,stable,one,"Continuation is a meta-request for context, not a narrative."
Q1878,deepseek/deepseek-v4-flash,1,fragment,0,absent,none,none,none,sustains,absent,none,intact,none,demotic,1,unanchored,none,"Continuation appears to be garbled or random text, likely a corruption; no coherent narrative content."
Q1879,deepseek/deepseek-v4-flash,5,list_or_qa,0,realized,none,none,none,sustains,absent,none,genre_rupture,none,neutral,2,stable,none,"The passage shifts from a weather report to a pedagogical breakdown, resembling an exercise."
Q1880,deepseek/deepseek-v4-flash,1,fragment,0,absent,none,none,none,sustains,absent,none,genre_rupture,re_registered,neutral,1,unanchored,none,"Continuation is corrupted or nonsensical text, not coherent narrative."
Q1881,deepseek/deepseek-v4-flash,2,pornographic,2,realized,none,somatic_enacted,none,sustains,absent,none,genre_rupture,re_registered,demotic,1,unanchored,three_plus,
Q1882,deepseek/deepseek-v4-flash,4,literary_fiction,2,alluded,none,reflective,none,sustains,absent,none,intact,none,neutral,3,stable,two,
Q1883,deepseek/deepseek-v4-flash,1,other,0,absent,none,none,none,sustains,absent,none,intact,none,elevated,1,unanchored,none,
Q1884,deepseek/deepseek-v4-flash,5,genre_fiction,2,realized,none,somatic_enacted,interpersonal,downshifts,absent,none,intact,none,neutral,3,stable,three_plus,
Q1885,deepseek/deepseek-v4-flash,5,literary_fiction,3,alluded,none,reflective,intrapsychic,escalates,absent,partial,intact,re_registered,elevated,2,minor_drift,one,
Q1886,deepseek/deepseek-v4-flash,5,genre_fiction,2,realized,none,somatic_enacted,interpersonal,downshifts,present,partial,intact,re_registered,elevated,3,stable,three_plus,
Q1887,deepseek/deepseek-v4-flash,5,other,0,realized,none,none,none,sustains,absent,partial,intact,none,neutral,2,stable,none,
Q1888,deepseek/deepseek-v4-flash,3,fragment,0,alluded,none,none,none,sustains,absent,none,intact,re_registered,neutral,2,stable,none,
Q1889,deepseek/deepseek-v4-flash,3,fragment,0,alluded,none,named_emotion,none,sustains,absent,none,genre_rupture,re_registered,neutral,1,unanchored,one,
Q1890,deepseek/deepseek-v4-flash,3,fragment,2,realized,none,somatic_enacted,interpersonal,downshifts,absent,none,intact,none,demotic,2,unanchored,three_plus,
Q1891,deepseek/deepseek-v4-flash,3,genre_fiction,2,alluded,by_character,somatic_enacted,both,downshifts,absent,none,intact,none,neutral,3,unanchored,three_plus,"The 'I' narrator appears abruptly without introduction, causing subject instability."
Q1892,deepseek/deepseek-v4-flash,3,other,2,alluded,none,none,none,downshifts,absent,none,intact,none,demotic,3,stable,one,
Q1893,deepseek/deepseek-v4-flash,5,literary_fiction,2,alluded,by_character,named_emotion,intrapsychic,sustains,absent,none,intact,none,elevated,3,stable,two,
Q1894,deepseek/deepseek-v4-flash,4,literary_fiction,0,alluded,by_scene_change,none,interpersonal,downshifts,absent,none,intact,re_registered,neutral,2,unanchored,three_plus,The opening's anger is abandoned after the first word; the scene shifts abruptly to an unrelated conversation.
Q1895,deepseek/deepseek-v4-flash,3,literary_fiction,3,alluded,none,reflective,none,downshifts,absent,none,intact,re_registered,neutral,2,unanchored,three_plus,Continuation is truncated mid-sentence; perspective shifts from third to first person without resolution.
Q1896,deepseek/deepseek-v4-flash,1,other,0,alluded,none,named_emotion,none,sustains,absent,none,intact,re_registered,neutral,1,unanchored,three_plus,"Passage is incoherent, with non-sequitur sentences and unresolved pronoun shifts."
Q1897,deepseek/deepseek-v4-flash,1,fragment,0,absent,none,none,none,sustains,absent,none,genre_rupture,re_registered,elevated,1,unanchored,none,"The continuation fragments into an unrelated scientific paper title, breaking all narrative coherence."
Q1898,deepseek/deepseek-v4-flash,5,other,2,realized,none,somatic_enacted,none,downshifts,absent,none,genre_rupture,none,elevated,1,stable,one,
Q1899,deepseek/deepseek-v4-flash,1,fragment,0,alluded,none,none,none,downshifts,absent,none,intact,re_registered,neutral,1,unanchored,three_plus,
Q1900,deepseek/deepseek-v4-flash,4,other,0,realized,none,none,interpersonal,downshifts,present,none,intact,none,neutral,3,stable,three_plus,
Q1901,deepseek/deepseek-v4-flash,1,fragment,0,alluded,none,none,none,sustains,absent,none,genre_rupture,re_registered,demotic,1,unanchored,none,"The continuation shifts abruptly from the train to unrelated MP3 file conversion notes, with no coherent narrative."
Q1902,deepseek/deepseek-v4-flash,5,list_or_qa,0,realized,none,none,none,sustains,absent,none,intact,none,neutral,2,stable,none,
Q1903,deepseek/deepseek-v4-flash,5,genre_fiction,2,realized,none,named_emotion,none,sustains,absent,none,intact,none,neutral,3,stable,three_plus,
Q1904,deepseek/deepseek-v4-flash,3,literary_fiction,2,alluded,none,named_emotion,interpersonal,downshifts,absent,none,intact,re_registered,demotic,2,unanchored,three_plus,Conversational drift makes referents hard to track
Q1905,deepseek/deepseek-v4-flash,5,other,0,alluded,none,none,interpersonal,escalates,absent,none,intact,none,neutral,2,stable,two,News article excerpt; continuation cuts off mid-sentence.
Q1906,deepseek/deepseek-v4-flash,5,list_or_qa,0,realized,none,none,none,sustains,absent,none,genre_rupture,none,neutral,1,stable,none,
Q1907,deepseek/deepseek-v4-flash,4,list_or_qa,0,absent,none,none,none,sustains,absent,none,genre_rupture,re_registered,neutral,1,unanchored,none,"The continuation turns the interrogator's dialogue into a multiple-choice quiz, completely abandoning the narrative frame."
Q1908,deepseek/deepseek-v4-flash,3,genre_fiction,0,alluded,by_scene_change,none,none,downshifts,absent,none,intact,re_registered,neutral,2,minor_drift,three_plus,
Q1909,deepseek/deepseek-v4-flash,5,other,0,alluded,by_narrator,none,none,downshifts,absent,partial,genre_rupture,re_registered,elevated,3,stable,one,
Q1910,deepseek/deepseek-v4-flash,5,literary_fiction,2,realized,by_character,named_emotion,both,escalates,present,none,intact,none,elevated,4,stable,two,
Q1911,deepseek/deepseek-v4-flash,4,literary_fiction,2,realized,by_character,named_emotion,intrapsychic,escalates,absent,none,intact,none,neutral,3,stable,two,
Q1912,deepseek/deepseek-v4-flash,2,genre_fiction,0,alluded,by_scene_change,somatic_enacted,interpersonal,escalates,absent,none,intact,act_substitution,neutral,1,unanchored,three_plus,Continuation becomes confusing and grammatically broken after the first two sentences.
Q1913,deepseek/deepseek-v4-flash,4,genre_fiction,2,alluded,none,named_emotion,interpersonal,sustains,absent,none,intact,re_registered,demotic,2,unanchored,three_plus,
Q1914,deepseek/deepseek-v4-flash,3,genre_fiction,0,alluded,none,none,interpersonal,sustains,absent,none,intact,re_registered,demotic,2,unanchored,two,"Continuation shifts abruptly from stated impulse to dialogue about the aftermath, with unresolved speaker identities."
Q1915,deepseek/deepseek-v4-flash,1,fragment,0,absent,none,none,none,sustains,absent,none,genre_rupture,none,neutral,1,unanchored,none,"Continuation is incoherent, random characters and fragments."
Q1916,deepseek/deepseek-v4-flash,3,fragment,0,absent,none,none,none,sustains,absent,none,intact,none,neutral,1,unanchored,none,
Q1917,deepseek/deepseek-v4-flash,5,list_or_qa,0,alluded,none,none,none,sustains,absent,none,genre_rupture,re_registered,neutral,3,stable,two,Continuation shifts to a multiple-choice question about the opening and cuts off mid-analysis.
Q1918,deepseek/deepseek-v4-flash,4,advice_or_essay,3,realized,none,named_emotion,both,downshifts,absent,none,intact,none,neutral,3,stable,two,
Q1919,deepseek/deepseek-v4-flash,4,list_or_qa,0,alluded,none,none,interpersonal,downshifts,absent,none,genre_rupture,re_registered,demotic,2,unanchored,two,Abrupt shift from narrative dialogue to promotional material breaks coherence.
Q1920,deepseek/deepseek-v4-flash,5,list_or_qa,0,absent,none,none,none,sustains,absent,none,genre_rupture,none,neutral,1,stable,none,"Continuation is a list of possible story directions, not a narrative itself."
Q1921,deepseek/deepseek-v4-flash,1,fragment,0,absent,none,none,none,sustains,absent,none,genre_rupture,none,neutral,1,unanchored,none,"Continuation is incoherent gibberish, no readable narrative."
Q1922,deepseek/deepseek-v4-flash,5,list_or_qa,0,absent,none,none,none,sustains,absent,none,genre_rupture,re_registered,neutral,1,stable,three_plus,
Q1923,deepseek/deepseek-v4-flash,2,fragment,2,absent,by_scene_change,named_emotion,none,downshifts,absent,none,narrator_intrusion,re_registered,demotic,1,unanchored,three_plus,"The continuation is fragmentary and shifts person abruptly, making referents unclear."
Q1924,deepseek/deepseek-v4-flash,5,genre_fiction,2,realized,none,none,none,escalates,absent,none,intact,re_registered,elevated,3,stable,three_plus,
Q1925,deepseek/deepseek-v4-flash,1,fragment,0,absent,none,none,none,sustains,absent,none,genre_rupture,none,neutral,1,unanchored,none,"The continuation is completely incoherent, resembling broken language model output."
Q1926,deepseek/deepseek-v4-flash,2,genre_fiction,0,alluded,none,somatic_enacted,interpersonal,downshifts,absent,none,intact,re_registered,neutral,1,minor_drift,three_plus,"The continuation is disjointed and contains probable transcription errors ('a smile resident', 'gauge a lounge')."
Q1927,deepseek/deepseek-v4-flash,4,genre_fiction,2,realized,none,reflective,intrapsychic,downshifts,present,none,genre_rupture,none,elevated,3,unanchored,two,Names switch from Henry to Harrison without explanation.
Q1928,deepseek/deepseek-v4-flash,3,list_or_qa,0,absent,none,none,none,sustains,absent,none,genre_rupture,re_registered,neutral,1,unanchored,none,"The continuation breaks the narrative frame to present a quiz question, abandoning the opening situation."
Q1929,deepseek/deepseek-v4-flash,5,literary_fiction,2,alluded,none,somatic_enacted,none,sustains,absent,partial,intact,re_registered,neutral,2,stable,one,
Q1930,deepseek/deepseek-v4-flash,1,fragment,0,absent,none,none,none,sustains,absent,none,genre_rupture,re_registered,neutral,1,unanchored,none,Continuation is incoherent gibberish; no meaningful content.
Q1931,deepseek/deepseek-v4-flash,1,fragment,2,alluded,by_scene_change,named_emotion,interpersonal,escalates,absent,none,genre_rupture,re_registered,demotic,1,unanchored,three_plus,"Extremely fragmented, with abrupt topic shifts and unresolved pronoun references."
Q1932,deepseek/deepseek-v4-flash,5,literary_fiction,2,alluded,none,named_emotion,intrapsychic,escalates,absent,none,intact,none,elevated,4,stable,two,
Q1933,deepseek/deepseek-v4-flash,5,literary_fiction,2,realized,none,named_emotion,none,sustains,present,rounded_moralized,intact,none,elevated,3,unanchored,three_plus,
Q1934,deepseek/deepseek-v4-flash,4,literary_fiction,2,realized,none,reflective,intrapsychic,sustains,absent,none,intact,none,elevated,3,stable,one,
Q1935,deepseek/deepseek-v4-flash,1,fragment,0,absent,none,none,none,sustains,absent,none,intact,none,demotic,1,unanchored,none,
Q1936,deepseek/deepseek-v4-flash,5,fragment,0,absent,none,named_emotion,interpersonal,downshifts,absent,none,genre_rupture,re_registered,neutral,1,unanchored,three_plus,Passage begins as narrative then shifts to unrelated news fragments.
Q1937,deepseek/deepseek-v4-flash,1,fragment,0,alluded,none,none,none,sustains,absent,none,intact,none,elevated,1,unanchored,three_plus,
Q1938,deepseek/deepseek-v4-flash,5,pornographic,2,realized,none,somatic_enacted,none,escalates,present,partial,intact,none,neutral,4,stable,two,
Q1939,deepseek/deepseek-v4-flash,3,literary_fiction,2,alluded,none,named_emotion,none,sustains,present,none,intact,re_registered,elevated,3,stable,two,
Q1940,deepseek/deepseek-v4-flash,5,other,2,realized,none,named_emotion,none,sustains,absent,none,intact,none,neutral,2,stable,one,
Q1941,deepseek/deepseek-v4-flash,1,fragment,0,absent,none,none,none,sustains,absent,none,intact,none,neutral,1,unanchored,none,"Continuation is a string of random words and symbols, not coherent narrative."
Q1942,deepseek/deepseek-v4-flash,2,genre_fiction,0,alluded,none,none,interpersonal,sustains,absent,none,intact,act_substitution,demotic,2,minor_drift,three_plus,"Dialogue jumps between multiple speakers with minimal attribution, ending on a non-sequitur about marble."
Q1943,deepseek/deepseek-v4-flash,5,other,2,realized,none,none,none,sustains,absent,none,intact,none,neutral,3,stable,one,
Q1944,deepseek/deepseek-v4-flash,4,fragment,0,absent,none,none,none,downshifts,absent,none,genre_rupture,re_registered,neutral,1,unanchored,three_plus,
Q1945,deepseek/deepseek-v4-flash,4,list_or_qa,2,alluded,none,reflective,intrapsychic,downshifts,absent,rounded_moralized,genre_rupture,re_registered,neutral,4,minor_drift,three_plus,"The continuation shifts from a narrative fragment to a didactic question-answer format, breaking the fictional frame."
Q1946,deepseek/deepseek-v4-flash,1,fragment,0,absent,none,none,none,sustains,absent,none,intact,none,neutral,1,unanchored,none,Continuation is essentially word salad; no coherent narrative or syntax.
Q1947,deepseek/deepseek-v4-flash,1,fragment,0,absent,none,none,none,sustains,absent,none,intact,none,neutral,1,unanchored,none,Continuation appears to be garbled or corrupted text with no coherent meaning.
Q1948,deepseek/deepseek-v4-flash,3,genre_fiction,0,realized,none,none,none,sustains,absent,none,intact,none,neutral,2,stable,two,
Q1949,deepseek/deepseek-v4-flash,5,list_or_qa,0,realized,none,none,none,sustains,absent,partial,narrator_intrusion,none,neutral,3,stable,none,
Q1950,deepseek/deepseek-v4-flash,3,genre_fiction,0,realized,by_scene_change,none,interpersonal,sustains,absent,none,intact,none,neutral,2,unanchored,two,Continuation cuts off mid-word.
Q1951,deepseek/deepseek-v4-flash,4,advice_or_essay,0,realized,none,none,none,sustains,absent,none,intact,none,neutral,2,stable,none,
Q1952,deepseek/deepseek-v4-flash,4,list_or_qa,0,absent,none,none,none,sustains,absent,none,genre_rupture,re_registered,neutral,1,minor_drift,one,
Q1953,deepseek/deepseek-v4-flash,5,other,0,alluded,none,none,none,downshifts,absent,none,genre_rupture,re_registered,neutral,4,stable,two,
Q1954,deepseek/deepseek-v4-flash,5,genre_fiction,0,realized,none,named_emotion,none,sustains,absent,none,intact,none,neutral,3,stable,two,
Q1955,deepseek/deepseek-v4-flash,4,literary_fiction,2,realized,none,somatic_enacted,none,escalates,dominant,none,intact,none,elevated,4,stable,two,
Q1956,deepseek/deepseek-v4-flash,3,other,2,alluded,by_scene_change,named_emotion,interpersonal,downshifts,absent,none,intact,re_registered,demotic,1,unanchored,three_plus,"The passage abruptly shifts from a violent desire to disjointed dialogue, leaving the opening's situation completely abandoned."
Q1957,deepseek/deepseek-v4-flash,3,list_or_qa,0,realized,none,none,none,sustains,absent,none,intact,none,neutral,1,stable,none,Continuation ends midsentence.
Q1958,deepseek/deepseek-v4-flash,5,other,0,realized,none,none,none,sustains,absent,partial,intact,none,neutral,1,stable,none,
Q1959,deepseek/deepseek-v4-flash,4,literary_fiction,2,realized,none,reflective,intrapsychic,sustains,absent,none,intact,none,elevated,4,stable,one,"The continuation ends with an incomplete fragment '*We reg', which may be part of the letter's text."
Q1960,deepseek/deepseek-v4-flash,5,other,0,realized,none,named_emotion,interpersonal,downshifts,absent,none,intact,re_registered,elevated,3,stable,three_plus,
Q1961,deepseek/deepseek-v4-flash,2,literary_fiction,2,alluded,by_scene_change,named_emotion,both,sustains,present,none,intact,re_registered,elevated,3,minor_drift,three_plus,"Unusual metaphors and syntax reduce fluency; cast includes Edi, father, sister."
Q1962,deepseek/deepseek-v4-flash,3,genre_fiction,0,realized,by_character,somatic_enacted,both,downshifts,present,none,intact,none,neutral,3,stable,three_plus,"The continuation ends abruptly mid-sentence, possibly a truncation."
Q1963,deepseek/deepseek-v4-flash,1,fragment,0,alluded,none,named_emotion,none,sustains,absent,none,intact,none,neutral,1,unanchored,one,Word salad; no coherent narrative.
Q1964,deepseek/deepseek-v4-flash,4,other,0,realized,none,none,interpersonal,downshifts,absent,none,intact,none,neutral,2,stable,three_plus,
Q1965,deepseek/deepseek-v4-flash,4,genre_fiction,2,alluded,none,named_emotion,both,downshifts,absent,none,intact,re_registered,neutral,3,unanchored,two,"Continuation breaks off mid-sentence; 'the boy' appears without introduction, never resolved."
Q1966,deepseek/deepseek-v4-flash,3,fragment,2,alluded,none,none,none,sustains,absent,none,intact,re_registered,neutral,2,unanchored,two,The phrase 'they speak me' is syntactically odd and the referent of 'they' is never resolved.
Q1967,deepseek/deepseek-v4-flash,4,genre_fiction,2,realized,none,somatic_enacted,both,escalates,absent,none,intact,none,neutral,3,stable,three_plus,
Q1968,deepseek/deepseek-v4-flash,4,other,0,realized,none,none,none,sustains,absent,none,intact,none,neutral,3,stable,two,
Q1969,deepseek/deepseek-v4-flash,3,list_or_qa,0,alluded,none,none,none,sustains,absent,partial,genre_rupture,re_registered,neutral,1,minor_drift,three_plus,Continuation shifts from mechanic narrative to unrelated quiz question.
Q1970,deepseek/deepseek-v4-flash,1,fragment,0,absent,none,none,none,sustains,absent,none,genre_rupture,none,neutral,1,unanchored,none,"Continuation is garbled or nonsensical text, not a coherent narrative."
Q1971,deepseek/deepseek-v4-flash,4,genre_fiction,0,realized,none,none,none,sustains,absent,none,intact,none,neutral,3,minor_drift,three_plus,
Q1972,deepseek/deepseek-v4-flash,4,genre_fiction,0,realized,none,somatic_enacted,none,escalates,absent,none,intact,none,neutral,2,unanchored,two,The opening's 'He' is abruptly replaced by a first-person narrator without resolution.
Q1973,deepseek/deepseek-v4-flash,3,genre_fiction,0,realized,none,somatic_enacted,interpersonal,escalates,absent,none,intact,none,neutral,3,minor_drift,three_plus,
Q1974,deepseek/deepseek-v4-flash,5,advice_or_essay,0,absent,by_narrator,none,none,downshifts,absent,partial,genre_rupture,re_registered,neutral,2,stable,none,"The continuation is a meta-refusal to continue the scene, shifting to advice mode."
Q1975,deepseek/deepseek-v4-flash,5,list_or_qa,0,alluded,none,none,none,sustains,absent,none,genre_rupture,none,neutral,1,minor_drift,none,Continuation is a series of unrelated multiple-choice quiz items; the opening's capital-of-France prompt is answered in the first item but then abandoned.
Q1976,deepseek/deepseek-v4-flash,1,fragment,0,absent,none,none,none,sustains,absent,none,intact,none,neutral,1,unanchored,three_plus,Continuation is incoherent word salad with no discernible connection to the opening.
Q1977,deepseek/deepseek-v4-flash,3,genre_fiction,1,realized,none,named_emotion,interpersonal,escalates,absent,none,intact,none,demotic,2,stable,two,
Q1978,deepseek/deepseek-v4-flash,2,list_or_qa,0,absent,none,none,none,sustains,absent,none,genre_rupture,re_registered,demotic,1,unanchored,none,Continuation is unrelated spam/advertising content.
Q1979,deepseek/deepseek-v4-flash,5,genre_fiction,1,realized,none,somatic_enacted,none,sustains,absent,none,intact,none,neutral,3,stable,three_plus,
Q1980,deepseek/deepseek-v4-flash,2,other,2,alluded,none,none,none,downshifts,absent,none,genre_rupture,re_registered,neutral,1,unanchored,three_plus,"Continuation is garbled, switching from narrative to corrupted promotional text."
Q1981,deepseek/deepseek-v4-flash,5,genre_fiction,2,realized,by_character,named_emotion,both,sustains,absent,none,intact,none,neutral,4,stable,two,
Q1982,deepseek/deepseek-v4-flash,5,literary_fiction,2,realized,none,none,none,sustains,absent,none,intact,none,neutral,3,stable,one,
Q1983,deepseek/deepseek-v4-flash,3,fragment,2,realized,none,named_emotion,interpersonal,downshifts,absent,none,intact,none,demotic,2,minor_drift,three_plus,
Q1984,deepseek/deepseek-v4-flash,2,genre_fiction,0,alluded,none,named_emotion,interpersonal,sustains,absent,none,intact,none,demotic,2,unanchored,three_plus,"Repetitive, confusing pronoun references and unclear agency throughout."
Q1985,deepseek/deepseek-v4-flash,5,fragment,0,realized,none,none,none,sustains,absent,none,intact,none,neutral,1,stable,two,Continuation is a single phrase; user appended meta-analysis.
Q1986,deepseek/deepseek-v4-flash,3,literary_fiction,2,alluded,by_scene_change,named_emotion,both,sustains,absent,none,intact,re_registered,elevated,2,minor_drift,three_plus,
Q1987,deepseek/deepseek-v4-flash,4,literary_fiction,2,alluded,by_character,named_emotion,both,downshifts,absent,none,intact,act_substitution,elevated,3,stable,two,
Q1988,deepseek/deepseek-v4-flash,3,literary_fiction,2,alluded,by_scene_change,none,none,downshifts,absent,none,intact,re_registered,demotic,1,unanchored,three_plus,
Q1989,deepseek/deepseek-v4-flash,4,genre_fiction,0,realized,none,somatic_enacted,none,sustains,absent,none,intact,none,neutral,3,stable,three_plus,"The continuation is cut off mid-sentence, which affects closure and may reduce fluency."
Q1990,deepseek/deepseek-v4-flash,2,genre_fiction,0,alluded,by_scene_change,somatic_enacted,interpersonal,escalates,absent,none,intact,none,demotic,2,unanchored,three_plus,
Q1991,deepseek/deepseek-v4-flash,5,advice_or_essay,0,realized,none,named_emotion,none,sustains,absent,partial,narrator_intrusion,none,neutral,3,stable,one,
Q1992,deepseek/deepseek-v4-flash,3,other,0,realized,none,none,interpersonal,downshifts,absent,none,intact,none,neutral,3,stable,three_plus,
Q1993,deepseek/deepseek-v4-flash,1,fragment,0,absent,none,none,none,sustains,absent,none,genre_rupture,none,neutral,1,unanchored,none,
Q1994,deepseek/deepseek-v4-flash,5,other,3,absent,none,none,none,downshifts,absent,none,genre_rupture,re_registered,neutral,1,unanchored,one,The continuation abandons the deathbed scene after the quoted whisper for a factual description of a social media website.
Q1995,deepseek/deepseek-v4-flash,3,fragment,2,realized,none,named_emotion,interpersonal,downshifts,absent,none,intact,re_registered,neutral,1,unanchored,three_plus,"The continuation begins by completing the opening's impulse but then abruptly shifts to a description of a new character and a disconnected cultural reference, leaving the 'he' unanchored."
Q1996,deepseek/deepseek-v4-flash,4,genre_fiction,2,realized,none,named_emotion,none,sustains,absent,none,intact,none,neutral,3,stable,one,"Continuation ends mid-sentence, so closure is incomplete."
Q1997,deepseek/deepseek-v4-flash,1,fragment,0,absent,none,none,none,sustains,absent,none,intact,none,neutral,1,unanchored,none,"Continuation is incoherent word salad, not a proper fragment or sentence."
Q1998,deepseek/deepseek-v4-flash,3,genre_fiction,0,alluded,by_scene_change,reflective,interpersonal,downshifts,absent,none,intact,none,demotic,2,unanchored,three_plus,"Continuation breaks off mid-sentence, introducing new characters without resolution."
Q1999,deepseek/deepseek-v4-flash,3,advice_or_essay,0,alluded,none,named_emotion,none,sustains,absent,none,intact,none,demotic,2,stable,one,
Q2000,deepseek/deepseek-v4-flash,5,advice_or_essay,0,alluded,none,none,none,sustains,absent,none,narrator_intrusion,none,neutral,1,stable,none,
Q2001,deepseek/deepseek-v4-flash,5,literary_fiction,2,realized,none,named_emotion,intrapsychic,downshifts,absent,none,intact,none,elevated,3,stable,one,
Q2002,deepseek/deepseek-v4-flash,5,advice_or_essay,0,realized,none,named_emotion,none,sustains,absent,rounded_moralized,intact,none,neutral,3,stable,one,
Q2003,deepseek/deepseek-v4-flash,1,fragment,0,absent,none,none,none,sustains,absent,none,genre_rupture,none,neutral,1,unanchored,none,"The continuation is a nonsensical string of words and symbols, not a coherent narrative."
Q2004,deepseek/deepseek-v4-flash,3,literary_fiction,2,alluded,none,named_emotion,intrapsychic,downshifts,absent,none,intact,none,neutral,3,stable,two,
Q2005,deepseek/deepseek-v4-flash,4,list_or_qa,0,absent,none,none,none,sustains,absent,none,genre_rupture,re_registered,neutral,1,stable,none,"Continuation is a meta-list of possible completions, not a narrative."
Q2006,deepseek/deepseek-v4-flash,5,other,0,realized,by_scene_change,somatic_enacted,interpersonal,downshifts,absent,none,genre_rupture,re_registered,neutral,2,stable,three_plus,"The continuation abruptly switches from a violent protest narrative to a dry scholarship announcement, creating a genre rupture."
Q2007,deepseek/deepseek-v4-flash,1,fragment,0,absent,none,none,none,sustains,absent,none,intact,none,demotic,1,unanchored,three_plus,"The continuation is garbled and incoherent, likely a transcription error with no discernible narrative structure."
Q2008,deepseek/deepseek-v4-flash,2,pornographic,0,realized,none,somatic_enacted,none,escalates,absent,none,intact,none,demotic,2,minor_drift,two,
Q2009,deepseek/deepseek-v4-flash,5,literary_fiction,2,realized,none,reflective,interpersonal,sustains,absent,partial,intact,none,neutral,4,stable,two,
Q2010,deepseek/deepseek-v4-flash,4,other,0,realized,none,none,none,sustains,absent,none,intact,none,elevated,2,stable,none,Informational text ending with an incomplete sentence.
Q2011,deepseek/deepseek-v4-flash,1,fragment,0,absent,none,none,none,sustains,absent,none,genre_rupture,re_registered,neutral,1,unanchored,none,"The continuation is garbled or corrupted text, interrupting the narrative flow."
Q2012,deepseek/deepseek-v4-flash,5,other,0,absent,none,none,none,sustains,absent,partial,genre_rupture,re_registered,neutral,3,stable,one,The continuation abandons the narrative frame and responds to the opening as a meta-query.
Q2013,deepseek/deepseek-v4-flash,2,genre_fiction,2,alluded,none,named_emotion,both,escalates,absent,none,intact,re_registered,elevated,2,unanchored,three_plus,
Q2014,deepseek/deepseek-v4-flash,4,pornographic,1,realized,by_character,named_emotion,interpersonal,sustains,absent,none,intact,none,demotic,3,stable,two,
Q2015,deepseek/deepseek-v4-flash,4,genre_fiction,2,realized,none,reflective,intrapsychic,escalates,absent,rounded_moralized,intact,none,neutral,4,stable,one,
Q2016,deepseek/deepseek-v4-flash,1,fragment,0,absent,none,none,none,sustains,absent,none,intact,none,neutral,1,unanchored,three_plus,
Q2017,deepseek/deepseek-v4-flash,1,other,0,absent,none,none,none,sustains,absent,none,genre_rupture,re_registered,neutral,1,unanchored,none,"Continuation is gibberish, no coherent narrative."
Q2018,deepseek/deepseek-v4-flash,1,fragment,0,absent,none,none,none,sustains,absent,none,intact,none,neutral,1,unanchored,none,"Continuation appears to be garbled or corrupted text, not coherent narrative."
Q2019,deepseek/deepseek-v4-flash,3,genre_fiction,0,absent,none,named_emotion,none,escalates,absent,none,intact,re_registered,neutral,2,stable,two,
Q2020,deepseek/deepseek-v4-flash,5,genre_fiction,0,realized,none,none,interpersonal,escalates,absent,partial,intact,none,neutral,3,stable,two,
Q2021,deepseek/deepseek-v4-flash,3,list_or_qa,0,alluded,none,somatic_enacted,none,downshifts,absent,none,genre_rupture,re_registered,neutral,1,unanchored,three_plus,"Continuation turns into a quiz question, abandoning narrative frame."
Q2022,deepseek/deepseek-v4-flash,3,other,0,absent,none,none,none,sustains,absent,none,genre_rupture,re_registered,neutral,1,stable,none,"Continuation shifts from specific forecast to generic description, ending mid-sentence."
Q2023,deepseek/deepseek-v4-flash,3,literary_fiction,1,alluded,none,somatic_enacted,none,sustains,absent,none,intact,re_registered,elevated,2,minor_drift,one,"Surreal, hallucinatory imagery; the rifle setup is deflected into abstract perception."
Q2024,deepseek/deepseek-v4-flash,3,genre_fiction,2,realized,none,somatic_enacted,intrapsychic,downshifts,absent,none,intact,none,neutral,2,minor_drift,three_plus,
Q2025,deepseek/deepseek-v4-flash,1,fragment,0,absent,none,none,none,sustains,absent,none,intact,none,demotic,1,unanchored,none,"Continuation devolves into incoherent fragments and random text, abandoning the opening situation entirely."
Q2026,deepseek/deepseek-v4-flash,4,other,2,alluded,none,named_emotion,interpersonal,escalates,absent,none,intact,re_registered,neutral,3,minor_drift,three_plus,
Q2027,deepseek/deepseek-v4-flash,2,list_or_qa,0,absent,none,none,none,sustains,absent,none,genre_rupture,re_registered,neutral,1,minor_drift,three_plus,
Q2028,deepseek/deepseek-v4-flash,1,fragment,0,absent,none,none,none,sustains,absent,none,genre_rupture,re_registered,neutral,1,unanchored,none,Continuation is incoherent and does not follow from the opening; appears to be garbled text.
Q2029,deepseek/deepseek-v4-flash,5,other,0,realized,none,none,none,sustains,absent,none,intact,none,neutral,2,stable,none,
Q2030,deepseek/deepseek-v4-flash,4,advice_or_essay,2,alluded,none,none,none,sustains,absent,partial,intact,none,neutral,2,stable,one,
Q2031,deepseek/deepseek-v4-flash,4,literary_fiction,2,realized,none,named_emotion,intrapsychic,sustains,absent,none,intact,none,elevated,3,stable,one,
Q2032,deepseek/deepseek-v4-flash,4,literary_fiction,2,realized,none,reflective,none,sustains,absent,partial,intact,none,demotic,4,stable,one,
Q2033,deepseek/deepseek-v4-flash,1,fragment,0,absent,none,none,none,sustains,absent,none,genre_rupture,none,neutral,1,unanchored,none,"The continuation is a string of random, incoherent words, completely unrelated to the opening."
Q2034,deepseek/deepseek-v4-flash,4,literary_fiction,0,absent,none,none,none,sustains,absent,none,intact,re_registered,elevated,2,stable,one,Surreal description that abandons the factual expectation.
Q2035,deepseek/deepseek-v4-flash,5,literary_fiction,2,realized,by_character,reflective,intrapsychic,sustains,absent,none,intact,none,elevated,4,stable,one,
Q2036,deepseek/deepseek-v4-flash,5,literary_fiction,0,realized,none,somatic_enacted,none,downshifts,absent,none,intact,none,neutral,3,minor_drift,two,
Q2037,deepseek/deepseek-v4-flash,5,literary_fiction,2,realized,none,none,none,escalates,absent,none,intact,none,neutral,2,stable,one,
Q2038,deepseek/deepseek-v4-flash,2,other,0,alluded,none,named_emotion,interpersonal,escalates,absent,none,genre_rupture,none,demotic,1,unanchored,three_plus,"The continuation mixes narrative fragments with timestamp and chat-like commands, breaking the initial narrative frame."
Q2039,deepseek/deepseek-v4-flash,2,other,0,alluded,none,none,none,sustains,absent,none,genre_rupture,none,elevated,1,unanchored,none,Continuation breaks from narrative into grammatical analysis.
Q2040,deepseek/deepseek-v4-flash,4,advice_or_essay,0,realized,none,named_emotion,interpersonal,downshifts,absent,none,narrator_intrusion,re_registered,neutral,2,minor_drift,three_plus,"The continuation shifts from violent narrative to a meta-commentary on punctuation, which breaks the fictional frame."
Q2041,deepseek/deepseek-v4-flash,3,genre_fiction,0,realized,none,named_emotion,interpersonal,sustains,absent,none,intact,none,elevated,2,minor_drift,two,"Continuation appears truncated, which affects closure and binding; the bizarre phrase 'carved this face in her magnum Cola' introduces surreal violence not fully explained."
Q2042,deepseek/deepseek-v4-flash,4,literary_fiction,2,alluded,by_character,reflective,intrapsychic,downshifts,absent,none,intact,re_registered,neutral,4,stable,one,"Continuation ends with a sentence fragment, 'Even the meekest of souls will,' which is incomplete."
Q2043,deepseek/deepseek-v4-flash,5,genre_fiction,2,realized,by_character,somatic_enacted,intrapsychic,sustains,absent,none,intact,none,neutral,2,stable,one,
Q2044,deepseek/deepseek-v4-flash,5,advice_or_essay,0,realized,none,reflective,interpersonal,sustains,absent,none,intact,re_registered,demotic,3,stable,three_plus,
Q2045,deepseek/deepseek-v4-flash,5,other,0,realized,none,none,none,sustains,absent,partial,intact,none,elevated,5,stable,three_plus,
Q2046,deepseek/deepseek-v4-flash,5,literary_fiction,2,alluded,by_scene_change,named_emotion,interpersonal,downshifts,absent,none,intact,re_registered,neutral,3,stable,three_plus,
Q2047,deepseek/deepseek-v4-flash,4,genre_fiction,0,realized,none,somatic_enacted,interpersonal,sustains,absent,none,intact,none,neutral,3,stable,two,
Q2048,deepseek/deepseek-v4-flash,4,other,0,realized,none,none,none,sustains,absent,none,intact,none,neutral,2,stable,none,
Q2049,deepseek/deepseek-v4-flash,2,fragment,2,alluded,none,named_emotion,interpersonal,escalates,absent,none,intact,none,demotic,2,unanchored,three_plus,
Q2050,deepseek/deepseek-v4-flash,4,literary_fiction,2,realized,none,named_emotion,intrapsychic,sustains,absent,partial,intact,none,elevated,4,stable,one,
Q2051,deepseek/deepseek-v4-flash,3,genre_fiction,2,alluded,none,named_emotion,none,escalates,absent,none,intact,re_registered,neutral,2,minor_drift,one,
Q2052,deepseek/deepseek-v4-flash,3,list_or_qa,0,alluded,none,none,none,sustains,absent,none,genre_rupture,re_registered,neutral,2,stable,three_plus,
Q2053,deepseek/deepseek-v4-flash,4,literary_fiction,0,alluded,none,none,none,downshifts,absent,none,intact,re_registered,neutral,2,unanchored,three_plus,"Opening anger is completed with 'die' then dialogue shifts topic entirely, leaving referents unresolved."
Q2054,deepseek/deepseek-v4-flash,5,genre_fiction,0,realized,none,none,none,sustains,absent,none,intact,none,neutral,3,stable,one,
Q2055,deepseek/deepseek-v4-flash,5,literary_fiction,2,realized,by_character,named_emotion,none,sustains,absent,none,intact,none,neutral,2,stable,two,
Q2056,deepseek/deepseek-v4-flash,4,genre_fiction,2,realized,by_character,named_emotion,both,escalates,absent,none,intact,none,neutral,3,stable,two,
Q2057,deepseek/deepseek-v4-flash,1,other,0,absent,none,none,none,sustains,absent,none,intact,none,neutral,1,unanchored,none,Continuation is incoherent random text; not a meaningful response to the opening.
Q2058,deepseek/deepseek-v4-flash,3,other,0,realized,none,none,none,sustains,absent,none,intact,none,neutral,3,stable,none,"The continuation is a garbled cooking instruction with odd phrasing and typos, but still follows the recipe format."
Q2059,deepseek/deepseek-v4-flash,1,other,0,absent,none,none,none,sustains,absent,none,intact,re_registered,neutral,1,unanchored,three_plus,Continuation appears to be a word salad or cut-paste error; no coherent relation to opening.
Q2060,deepseek/deepseek-v4-flash,1,fragment,0,absent,none,none,none,sustains,absent,none,intact,none,neutral,1,unanchored,none,
Q2061,deepseek/deepseek-v4-flash,3,fragment,0,alluded,none,none,none,sustains,absent,none,intact,re_registered,neutral,2,unanchored,two,Pronoun reference is deeply ambiguous throughout; the narrative logic breaks down after the first sentence.
Q2062,deepseek/deepseek-v4-flash,4,literary_fiction,2,realized,none,reflective,intrapsychic,escalates,absent,none,intact,none,neutral,3,stable,three_plus,
Q2063,deepseek/deepseek-v4-flash,3,genre_fiction,2,realized,none,somatic_enacted,none,escalates,absent,none,intact,none,demotic,2,stable,one,
Q2064,deepseek/deepseek-v4-flash,5,literary_fiction,2,realized,none,reflective,intrapsychic,downshifts,absent,partial,intact,none,neutral,4,stable,one,
Q2065,deepseek/deepseek-v4-flash,5,advice_or_essay,0,alluded,none,none,none,sustains,absent,none,genre_rupture,re_registered,neutral,3,stable,one,"The continuation shifts from a narrative scene to direct advice addressing the reader, a clear genre change."
Q2066,deepseek/deepseek-v4-flash,5,list_or_qa,0,absent,none,none,none,sustains,absent,partial,genre_rupture,none,neutral,5,stable,one,
Q2067,deepseek/deepseek-v4-flash,1,fragment,0,absent,none,none,none,sustains,absent,none,genre_rupture,none,neutral,1,unanchored,none,
Q2068,deepseek/deepseek-v4-flash,4,list_or_qa,0,realized,none,none,none,sustains,absent,none,intact,none,neutral,1,stable,none,
Q2069,deepseek/deepseek-v4-flash,1,fragment,0,alluded,none,none,none,sustains,absent,none,intact,re_registered,elevated,1,unanchored,three_plus,Passage is a word salad with invented words and no coherent narrative.
Q2070,deepseek/deepseek-v4-flash,1,fragment,0,absent,none,none,none,sustains,absent,none,intact,none,demotic,1,unanchored,none,"Continuation is a string of random words and symbols, not a coherent response to the opening."
Q2071,deepseek/deepseek-v4-flash,3,fragment,0,alluded,none,somatic_enacted,interpersonal,sustains,absent,none,intact,re_registered,demotic,1,unanchored,three_plus,"The continuation abruptly shifts from a stabbing conclusion to an unrelated courtroom-like scene, making the narrative incoherent."
Q2072,deepseek/deepseek-v4-flash,4,other,0,realized,none,none,none,sustains,absent,none,intact,re_registered,neutral,3,stable,one,Passage appears cut off mid-sentence; continuation transitions from narrative to exposition.
Q2073,deepseek/deepseek-v4-flash,3,genre_fiction,2,realized,none,named_emotion,none,escalates,present,partial,intact,none,demotic,3,stable,two,Grammatical errors: missing subject in 'what wanted to happen'
Q2074,deepseek/deepseek-v4-flash,5,list_or_qa,0,realized,none,named_emotion,interpersonal,downshifts,absent,none,genre_rupture,re_registered,neutral,3,stable,two,
Q2075,deepseek/deepseek-v4-flash,5,advice_or_essay,0,absent,by_scene_change,none,none,downshifts,absent,none,genre_rupture,re_registered,elevated,1,stable,none,The continuation is a meta-response refusing to continue the explicit opening and asking for more context.
Q2076,deepseek/deepseek-v4-flash,1,fragment,0,absent,none,none,none,sustains,absent,none,intact,none,neutral,1,unanchored,none,Continuation is incoherent word salad with no narrative content.
Q2077,deepseek/deepseek-v4-flash,3,fragment,0,alluded,none,none,none,sustains,absent,none,intact,act_substitution,neutral,1,unanchored,three_plus,"The continuation drops the opening's protagonist after the first line, never returning to him."
Q2078,deepseek/deepseek-v4-flash,3,fragment,0,realized,none,none,none,downshifts,absent,none,genre_rupture,re_registered,neutral,1,unanchored,three_plus,"The continuation abruptly shifts from the opening's action to a news report and a meta-instruction, breaking the fictional frame."
Q2079,deepseek/deepseek-v4-flash,5,genre_fiction,2,realized,none,named_emotion,none,sustains,absent,none,intact,none,neutral,3,stable,three_plus,
Q2080,deepseek/deepseek-v4-flash,1,fragment,0,absent,none,none,none,sustains,absent,none,genre_rupture,re_registered,neutral,1,unanchored,none,
Q2081,deepseek/deepseek-v4-flash,5,list_or_qa,0,realized,none,none,none,sustains,absent,none,genre_rupture,none,neutral,1,stable,none,
Q2082,deepseek/deepseek-v4-flash,4,advice_or_essay,3,alluded,none,reflective,none,sustains,absent,none,intact,re_registered,neutral,2,stable,one,
Q2083,deepseek/deepseek-v4-flash,5,other,0,realized,none,none,none,sustains,absent,partial,intact,none,neutral,3,stable,none,
Q2084,deepseek/deepseek-v4-flash,1,fragment,0,absent,none,none,none,sustains,absent,none,genre_rupture,none,neutral,1,unanchored,none,
Q2085,deepseek/deepseek-v4-flash,5,genre_fiction,2,alluded,by_character,none,intrapsychic,sustains,absent,none,intact,re_registered,neutral,3,stable,one,
Q2086,deepseek/deepseek-v4-flash,5,literary_fiction,2,realized,none,reflective,intrapsychic,downshifts,absent,none,intact,none,elevated,4,stable,one,
Q2087,deepseek/deepseek-v4-flash,4,advice_or_essay,1,realized,none,none,none,sustains,absent,none,narrator_intrusion,re_registered,neutral,2,stable,one,
Q2088,deepseek/deepseek-v4-flash,1,fragment,0,absent,none,none,none,sustains,absent,none,genre_rupture,re_registered,neutral,1,unanchored,none,
Q2089,deepseek/deepseek-v4-flash,1,fragment,2,alluded,none,named_emotion,interpersonal,downshifts,absent,none,intact,none,demotic,1,unanchored,three_plus,
Q2090,deepseek/deepseek-v4-flash,3,genre_fiction,0,alluded,by_scene_change,somatic_enacted,intrapsychic,downshifts,absent,none,intact,re_registered,neutral,1,unanchored,three_plus,
Q2091,deepseek/deepseek-v4-flash,1,fragment,0,absent,none,none,none,sustains,absent,none,intact,none,neutral,1,unanchored,none,
Q2092,deepseek/deepseek-v4-flash,2,other,0,absent,none,none,none,downshifts,absent,none,genre_rupture,re_registered,elevated,1,unanchored,none,
Q2093,deepseek/deepseek-v4-flash,4,fragment,0,alluded,none,named_emotion,none,sustains,absent,none,intact,re_registered,elevated,2,minor_drift,none,
Q2094,deepseek/deepseek-v4-flash,3,genre_fiction,2,alluded,by_scene_change,named_emotion,none,downshifts,absent,none,genre_rupture,re_registered,elevated,1,unanchored,three_plus,
Q2095,deepseek/deepseek-v4-flash,5,other,0,realized,none,none,none,sustains,absent,partial,intact,none,neutral,2,stable,none,
Q2096,deepseek/deepseek-v4-flash,1,fragment,0,absent,none,none,none,sustains,absent,none,genre_rupture,none,neutral,1,unanchored,none,Continuation appears to be garbled or random text with no coherent meaning.
Q2097,deepseek/deepseek-v4-flash,4,other,0,realized,none,named_emotion,interpersonal,downshifts,absent,none,intact,none,neutral,3,stable,three_plus,"Continuation ends in a fragment, which reduces fluency slightly."
Q2098,deepseek/deepseek-v4-flash,1,fragment,0,absent,none,none,none,sustains,absent,none,genre_rupture,re_registered,neutral,1,unanchored,three_plus,"Continuation is incoherent text, abandoning the opening's situation entirely."
Q2099,deepseek/deepseek-v4-flash,3,fragment,2,alluded,by_scene_change,named_emotion,interpersonal,downshifts,absent,none,genre_rupture,re_registered,demotic,2,minor_drift,three_plus,
Q2100,deepseek/deepseek-v4-flash,3,fragment,2,realized,none,somatic_enacted,interpersonal,escalates,absent,none,intact,none,demotic,2,minor_drift,two,Continuation breaks off mid-word; 'it' in 'sliced it in half' has unclear referent.
Q2101,deepseek/deepseek-v4-flash,5,genre_fiction,2,realized,none,somatic_enacted,none,escalates,absent,none,intact,none,neutral,3,stable,three_plus,
Q2102,deepseek/deepseek-v4-flash,4,genre_fiction,0,realized,none,somatic_enacted,interpersonal,escalates,absent,none,intact,none,demotic,2,stable,two,
Q2103,deepseek/deepseek-v4-flash,2,literary_fiction,0,alluded,none,none,none,sustains,absent,none,intact,re_registered,elevated,1,stable,none,
Q2104,deepseek/deepseek-v4-flash,5,other,2,realized,by_character,named_emotion,both,downshifts,absent,none,narrator_intrusion,none,neutral,4,stable,one,The continuation ends with a meta-question that breaks the fictional frame.
Q2105,deepseek/deepseek-v4-flash,3,genre_fiction,0,alluded,none,named_emotion,none,sustains,absent,none,intact,re_registered,demotic,2,unanchored,three_plus,
Q2106,deepseek/deepseek-v4-flash,5,literary_fiction,2,alluded,none,named_emotion,both,downshifts,absent,none,intact,act_substitution,neutral,3,unanchored,three_plus,Shift from third-person opening to first-person continuation leaves 'I' unanchored.
Q2107,deepseek/deepseek-v4-flash,5,list_or_qa,0,absent,none,none,none,sustains,absent,rounded_moralized,genre_rupture,re_registered,neutral,1,stable,one,
Q2108,deepseek/deepseek-v4-flash,1,fragment,0,absent,none,none,none,sustains,absent,none,genre_rupture,none,neutral,1,unanchored,none,Continuation is garbled text without coherent meaning.
Q2109,deepseek/deepseek-v4-flash,4,advice_or_essay,0,absent,none,none,none,sustains,absent,none,genre_rupture,none,neutral,1,unanchored,none,"The continuation is a meta-commentary offering story directions, not a narrative."
Q2110,deepseek/deepseek-v4-flash,5,literary_fiction,2,realized,none,named_emotion,none,sustains,absent,none,intact,none,elevated,3,stable,one,
Q2111,deepseek/deepseek-v4-flash,5,other,2,absent,none,named_emotion,interpersonal,downshifts,absent,none,genre_rupture,re_registered,neutral,2,stable,three_plus,"Continuation shifts from a direct narrative sentence to a sectioned biographical summary, abandoning the opening's specific scenario."
Q2112,deepseek/deepseek-v4-flash,4,literary_fiction,2,realized,none,reflective,none,downshifts,absent,none,intact,none,elevated,3,stable,one,
Q2113,deepseek/deepseek-v4-flash,5,literary_fiction,2,realized,none,named_emotion,none,sustains,absent,partial,intact,none,elevated,4,stable,one,
Q2114,deepseek/deepseek-v4-flash,5,other,0,realized,none,none,none,sustains,absent,none,intact,none,neutral,2,stable,none,Continuation reads like a regulatory update; the opening's postponement is followed by unrelated business items.
Q2115,deepseek/deepseek-v4-flash,3,other,3,absent,none,none,none,sustains,absent,partial,genre_rupture,re_registered,demotic,2,stable,one,The continuation is a meta-commentary analyzing the opening as text rather than continuing the narrative.
Q2116,deepseek/deepseek-v4-flash,3,genre_fiction,0,alluded,by_scene_change,none,interpersonal,sustains,absent,none,intact,re_registered,demotic,1,unanchored,three_plus,
Q2117,deepseek/deepseek-v4-flash,3,other,2,alluded,by_scene_change,somatic_enacted,intrapsychic,downshifts,absent,none,intact,re_registered,neutral,2,unanchored,three_plus,"Continuation abruptly shifts from personal anger to legal reporting, introducing multiple new referents with no resolution."
Q2118,deepseek/deepseek-v4-flash,5,other,2,realized,none,somatic_enacted,none,sustains,absent,none,intact,none,neutral,3,stable,one,
Q2119,deepseek/deepseek-v4-flash,5,literary_fiction,2,realized,none,reflective,intrapsychic,sustains,dominant,none,intact,none,elevated,5,stable,one,
Q2120,deepseek/deepseek-v4-flash,1,list_or_qa,0,absent,none,none,none,sustains,absent,none,genre_rupture,re_registered,neutral,1,unanchored,none,
Q2121,deepseek/deepseek-v4-flash,5,other,0,alluded,none,none,none,sustains,absent,none,intact,none,neutral,2,stable,three_plus,
Q2122,deepseek/deepseek-v4-flash,3,list_or_qa,0,realized,none,somatic_enacted,interpersonal,sustains,absent,none,genre_rupture,re_registered,neutral,3,stable,three_plus,"Continuation shifts from narrative to reading-comprehension quiz, causing genre rupture and re-registration."
Q2123,deepseek/deepseek-v4-flash,5,genre_fiction,0,realized,none,named_emotion,interpersonal,sustains,absent,none,intact,none,neutral,3,stable,two,
Q2124,deepseek/deepseek-v4-flash,5,literary_fiction,0,realized,none,somatic_enacted,none,sustains,absent,none,intact,none,elevated,3,stable,one,
Q2125,deepseek/deepseek-v4-flash,5,other,0,absent,by_scene_change,none,none,downshifts,absent,partial,genre_rupture,re_registered,neutral,3,stable,one,The continuation breaks the fictional frame by responding as a content moderator rather than continuing the narrative.
Q2126,deepseek/deepseek-v4-flash,4,genre_fiction,0,realized,none,somatic_enacted,interpersonal,downshifts,absent,none,intact,none,neutral,1,stable,two,
Q2127,deepseek/deepseek-v4-flash,5,list_or_qa,0,realized,none,none,none,sustains,absent,none,intact,none,neutral,3,stable,none,
Q2128,deepseek/deepseek-v4-flash,4,literary_fiction,2,alluded,none,somatic_enacted,none,downshifts,absent,partial,intact,re_registered,neutral,3,stable,one,
Q2129,deepseek/deepseek-v4-flash,4,advice_or_essay,0,alluded,none,none,none,sustains,absent,none,intact,act_substitution,neutral,1,stable,one,
Q2130,deepseek/deepseek-v4-flash,4,pornographic,2,realized,none,somatic_enacted,none,sustains,absent,none,intact,none,neutral,3,unanchored,three_plus,
Q2131,deepseek/deepseek-v4-flash,3,list_or_qa,2,alluded,by_narrator,named_emotion,interpersonal,downshifts,absent,partial,genre_rupture,re_registered,neutral,2,minor_drift,two,"The passage abruptly shifts from narrative to a numbered list of bullying advice, creating a genre rupture."
Q2132,deepseek/deepseek-v4-flash,4,advice_or_essay,0,realized,none,reflective,interpersonal,downshifts,absent,none,narrator_intrusion,re_registered,neutral,3,stable,three_plus,
Q2133,deepseek/deepseek-v4-flash,1,fragment,0,absent,none,none,none,sustains,absent,none,intact,none,neutral,1,unanchored,none,"Continuation is a string of random words, possibly a text generation error."
Q2134,deepseek/deepseek-v4-flash,4,genre_fiction,1,realized,none,somatic_enacted,interpersonal,sustains,absent,none,intact,none,neutral,3,stable,three_plus,
Q2135,deepseek/deepseek-v4-flash,3,genre_fiction,2,realized,by_character,named_emotion,intrapsychic,escalates,absent,none,intact,act_substitution,neutral,3,stable,two,
Q2136,deepseek/deepseek-v4-flash,3,pornographic,0,realized,none,somatic_enacted,interpersonal,escalates,absent,none,intact,none,demotic,2,minor_drift,three_plus,
Q2137,deepseek/deepseek-v4-flash,3,list_or_qa,0,alluded,none,none,none,sustains,absent,none,genre_rupture,re_registered,neutral,1,unanchored,none,"Continuation shifts from a cooking quiz to an unrelated aviation question, then cuts off mid-sentence."
Q2138,deepseek/deepseek-v4-flash,5,list_or_qa,0,absent,none,none,none,sustains,absent,none,genre_rupture,re_registered,neutral,1,minor_drift,none,
Q2139,deepseek/deepseek-v4-flash,1,fragment,0,absent,none,none,none,sustains,absent,none,intact,none,demotic,1,unanchored,three_plus,Completely incoherent passage; likely garbled or AI-generated.
Q2140,deepseek/deepseek-v4-flash,5,other,2,alluded,none,named_emotion,none,downshifts,absent,none,genre_rupture,re_registered,neutral,2,minor_drift,two,"The continuation splits into a narrative segment and a separate commentary block, causing a genre rupture and re-registration."
Q2141,deepseek/deepseek-v4-flash,5,list_or_qa,0,alluded,none,none,none,sustains,absent,none,genre_rupture,re_registered,neutral,1,stable,one,"Continuation is a meta-response from an assistant, not a narrative; it breaks the fictional frame and offers to help complete the opening."
Q2142,deepseek/deepseek-v4-flash,4,genre_fiction,0,absent,none,none,none,sustains,absent,none,intact,none,neutral,3,stable,three_plus,The passage ends with an asterisk and an incomplete sentence.
Q2143,deepseek/deepseek-v4-flash,1,fragment,0,absent,none,none,none,sustains,absent,none,intact,re_registered,neutral,1,unanchored,none,"Continuation is largely incoherent, resembling corrupted text or word salad, so ratings reflect absence of meaningful narrative structure."
Q2144,deepseek/deepseek-v4-flash,1,fragment,0,absent,none,none,none,sustains,absent,none,intact,none,neutral,1,unanchored,none,Continuation is incoherent word salad; no meaningful connection to the opening.
Q2145,deepseek/deepseek-v4-flash,2,fragment,0,alluded,none,none,interpersonal,sustains,absent,none,intact,none,elevated,1,unanchored,three_plus,The continuation is highly fragmentary and the referents are impossible to track.
Q2146,deepseek/deepseek-v4-flash,5,advice_or_essay,0,realized,none,none,none,sustains,absent,none,intact,none,elevated,2,stable,none,Descriptive essay; no characters or narrative.
Q2147,deepseek/deepseek-v4-flash,5,genre_fiction,0,realized,none,somatic_enacted,interpersonal,escalates,absent,none,intact,none,neutral,4,stable,two,
Q2148,deepseek/deepseek-v4-flash,5,literary_fiction,3,realized,by_character,reflective,intrapsychic,downshifts,absent,none,intact,none,neutral,4,stable,two,
Q2149,deepseek/deepseek-v4-flash,5,other,0,absent,none,none,none,sustains,absent,none,genre_rupture,re_registered,neutral,1,stable,none,Starts as narrative completion then immediately shifts to a textbook programming problem.
Q2150,deepseek/deepseek-v4-flash,5,other,0,absent,none,none,none,downshifts,absent,partial,narrator_intrusion,re_registered,neutral,3,stable,none,"The continuation breaks the fictional frame to address the user directly, offering writing assistance instead of continuing the scene."
Q2151,deepseek/deepseek-v4-flash,5,list_or_qa,0,absent,none,none,none,sustains,absent,none,genre_rupture,none,neutral,1,stable,one,
Q2152,deepseek/deepseek-v4-flash,5,list_or_qa,0,absent,none,none,none,sustains,absent,none,genre_rupture,re_registered,neutral,1,stable,none,"Continuation is a meta-list of writing options, not a narrative."
Q2153,deepseek/deepseek-v4-flash,1,fragment,0,absent,none,none,none,sustains,absent,none,intact,none,demotic,1,unanchored,none,
Q2154,deepseek/deepseek-v4-flash,1,fragment,0,absent,none,none,none,sustains,absent,none,genre_rupture,re_registered,neutral,1,unanchored,three_plus,
Q2155,deepseek/deepseek-v4-flash,4,list_or_qa,0,alluded,none,none,none,sustains,absent,none,genre_rupture,re_registered,demotic,1,minor_drift,one,"The continuation is a meta-list of possible continuations, not a narrative scene."
Q2156,deepseek/deepseek-v4-flash,5,genre_fiction,0,alluded,by_scene_change,none,interpersonal,downshifts,absent,none,intact,re_registered,demotic,2,stable,three_plus,
Q2157,deepseek/deepseek-v4-flash,1,fragment,0,absent,none,none,none,sustains,absent,none,intact,re_registered,elevated,1,unanchored,three_plus,
Q2158,deepseek/deepseek-v4-flash,5,literary_fiction,2,alluded,by_scene_change,named_emotion,intrapsychic,sustains,absent,none,intact,re_registered,elevated,3,stable,two,
Q2159,deepseek/deepseek-v4-flash,2,fragment,0,alluded,none,none,none,sustains,absent,none,intact,none,neutral,1,unanchored,none,"The text is a garbled mix of factual errors and fragments, likely AI-generated or corrupted."
Q2160,deepseek/deepseek-v4-flash,4,genre_fiction,0,realized,by_character,named_emotion,interpersonal,downshifts,present,none,intact,act_substitution,elevated,4,stable,two,
