label,layer,alpha,js_to_base,js_to_dpo,baseline_js,closure,version,init
sexual_liminal_1,8,-0.5,0.0005066787707619369,0.1905044987797737,0.1821582093834877,-0.045818903383679103,v2,self
sexual_liminal_1,8,0.0,0.0,0.1821582093834877,0.1821582093834877,0.0,v2,self
sexual_liminal_1,8,0.5,0.0004554574261419475,0.173426054418087,0.1821582093834877,0.04793720247335857,v2,self
sexual_liminal_1,8,1.0,0.0010057627223432064,0.17081715166568756,0.1821582093834877,0.06225938296266644,v2,self
sexual_liminal_1,8,1.5,0.0017675267299637198,0.17649322003126144,0.1821582093834877,0.031099281066713086,v2,self
sexual_liminal_1,8,2.0,0.005002676974982023,0.19027570635080338,0.1821582093834877,-0.0445628939524013,v2,self
sexual_liminal_1,16,-0.5,0.0011743466020561755,0.19535750895738602,0.1821582093834877,-0.0724606352827643,v2,self
sexual_liminal_1,16,0.0,0.0,0.1821582093834877,0.1821582093834877,0.0,v2,self
sexual_liminal_1,16,0.5,0.0011469017481431365,0.17063722759485245,0.1821582093834877,0.06324711813773247,v2,self
sexual_liminal_1,16,1.0,0.00466485321521759,0.16299107670783997,0.1821582093834877,0.10522244778601343,v2,self
sexual_liminal_1,16,1.5,0.011556147132068872,0.16460492461919785,0.1821582093834877,0.09636285305888073,v2,self
sexual_liminal_1,16,2.0,0.023279218934476376,0.1829487606883049,0.1821582093834877,-0.0043399158758356884,v2,self
sexual_liminal_1,24,-0.5,0.005339115858078003,0.22435090690851212,0.1821582093834877,-0.23162665941779456,v2,self
sexual_liminal_1,24,0.0,0.0,0.1821582093834877,0.1821582093834877,0.0,v2,self
sexual_liminal_1,24,0.5,0.006267847726121545,0.14062662422657013,0.1821582093834877,0.22799732879171752,v2,self
sexual_liminal_1,24,1.0,0.02536063641309738,0.10794655233621597,0.1821582093834877,0.40740220986163733,v2,self
sexual_liminal_1,24,1.5,0.05592074431478977,0.0933825932443142,0.1821582093834877,0.48735446203403915,v2,self
sexual_liminal_1,24,2.0,0.09724487364292145,0.11318852752447128,0.1821582093834877,0.3786251637652977,v2,self
sexual_liminal_1,28,-0.5,0.008961730170994997,0.23805531859397888,0.1821582093834877,-0.306860225513164,v2,self
sexual_liminal_1,28,0.0,0.0,0.1821582093834877,0.1821582093834877,0.0,v2,self
sexual_liminal_1,28,0.5,0.01397531945258379,0.11629580706357956,0.1821582093834877,0.3615670276009995,v2,self
sexual_liminal_1,28,1.0,0.061498310416936874,0.060314856469631195,0.1821582093834877,0.6688875199544061,v2,self
sexual_liminal_1,28,1.5,0.14173869043588638,0.03433254361152649,0.1821582093834877,0.8115234897854751,v2,self
sexual_liminal_1,28,2.0,0.2378382459282875,0.06285185366868973,0.1821582093834877,0.6549600817804968,v2,self
sexual_liminal_2,8,-0.5,0.0001960872032213956,0.23081918060779572,0.2304369956254959,-0.0016585226745488742,v2,self
sexual_liminal_2,8,0.0,0.0,0.2304369956254959,0.2304369956254959,0.0,v2,self
sexual_liminal_2,8,0.5,0.00017819498316384852,0.23097307235002518,0.2304369956254959,-0.0023263483498999152,v2,self
sexual_liminal_2,8,1.0,0.0007951621082611382,0.22981949895620346,0.2304369956254959,0.002679676792419217,v2,self
sexual_liminal_2,8,1.5,0.00208546023350209,0.2299938201904297,0.2304369956254959,0.0019231956824609351,v2,self
sexual_liminal_2,8,2.0,0.004205071134492755,0.23066652566194534,0.2304369956254959,-0.000996064177222925,v2,self
sexual_liminal_2,16,-0.5,0.0007494834426324815,0.23676753044128418,0.2304369956254959,-0.02747186838903505,v2,self
sexual_liminal_2,16,0.0,0.0,0.2304369956254959,0.2304369956254959,0.0,v2,self
sexual_liminal_2,16,0.5,0.0007209035393316299,0.22546517103910446,0.2304369956254959,0.02157563533969872,v2,self
sexual_liminal_2,16,1.0,0.003219027421437204,0.21989135444164276,0.2304369956254959,0.04576366375211656,v2,self
sexual_liminal_2,16,1.5,0.007268808549270034,0.2162374183535576,0.2304369956254959,0.06162021524970472,v2,self
sexual_liminal_2,16,2.0,0.012633195146918297,0.21548490971326828,0.2304369956254959,0.06488578742159798,v2,self
sexual_liminal_2,24,-0.5,0.004612217424437404,0.2644602358341217,0.2304369956254959,-0.1476466055993893,v2,self
sexual_liminal_2,24,0.0,0.0,0.2304369956254959,0.2304369956254959,0.0,v2,self
sexual_liminal_2,24,0.5,0.005098297027871013,0.19626381248235703,0.2304369956254959,0.14829729510393735,v2,self
sexual_liminal_2,24,1.0,0.021716851741075516,0.16488472372293472,0.2304369956254959,0.2844693914040441,v2,self
sexual_liminal_2,24,1.5,0.04904739931225777,0.13993916660547256,0.2304369956254959,0.39272265624873703,v2,self
sexual_liminal_2,24,2.0,0.08705981820821762,0.12146352976560593,0.2304369956254959,0.4728991782074466,v2,self
sexual_liminal_2,28,-0.5,0.010450333822518587,0.2914420962333679,0.2304369956254959,-0.26473657340602086,v2,self
sexual_liminal_2,28,0.0,0.0,0.2304369956254959,0.2304369956254959,0.0,v2,self
sexual_liminal_2,28,0.5,0.014419364742934704,0.16583633422851562,0.2304369956254959,0.28033980056730423,v2,self
sexual_liminal_2,28,1.0,0.06054740771651268,0.11043118312954903,0.2304369956254959,0.5207749396758289,v2,self
sexual_liminal_2,28,1.5,0.13991741836071014,0.0734541267156601,0.2304369956254959,0.6812398698556326,v2,self
sexual_liminal_2,28,2.0,0.23068617284297943,0.07073014602065086,0.2304369956254959,0.6930608046305167,v2,self
sexual_liminal_3,8,-0.5,0.00012630620767595246,0.2188626080751419,0.21872998028993607,-0.0006063539393641291,v2,self
sexual_liminal_3,8,0.0,0.0,0.21872998028993607,0.21872998028993607,0.0,v2,self
sexual_liminal_3,8,0.5,0.00014243321493268013,0.21940726041793823,0.21872998028993607,-0.0030964211083656782,v2,self
sexual_liminal_3,8,1.0,0.0003593353321775794,0.21866299211978912,0.21872998028993607,0.0003062596634359241,v2,self
sexual_liminal_3,8,1.5,0.0006804540753364563,0.22168861329555511,0.21872998028993607,-0.013526417374048371,v2,self
sexual_liminal_3,8,2.0,0.001526236068457365,0.2247917652130127,0.21872998028993607,-0.027713553098854905,v2,self
sexual_liminal_3,16,-0.5,0.0005459627718664706,0.22751152515411377,0.21872998028993607,-0.04014787937409122,v2,self
sexual_liminal_3,16,0.0,0.0,0.21872998028993607,0.21872998028993607,0.0,v2,self
sexual_liminal_3,16,0.5,0.000819929875433445,0.20774349570274353,0.21872998028993607,0.050228526389612775,v2,self
sexual_liminal_3,16,1.0,0.0030692650470882654,0.1983231008052826,0.21872998028993607,0.09329713035955689,v2,self
sexual_liminal_3,16,1.5,0.007932553999125957,0.18370139598846436,0.21872998028993607,0.16014532738054382,v2,self
sexual_liminal_3,16,2.0,0.014014110900461674,0.17675025016069412,0.21872998028993607,0.19192490244636787,v2,self
sexual_liminal_3,24,-0.5,0.004437390249222517,0.2520698606967926,0.21872998028993607,-0.15242483157847442,v2,self
sexual_liminal_3,24,0.0,0.0,0.21872998028993607,0.21872998028993607,0.0,v2,self
sexual_liminal_3,24,0.5,0.006398216355592012,0.17752189189195633,0.21872998028993607,0.1883970745270339,v2,self
sexual_liminal_3,24,1.0,0.030246883630752563,0.13340497761964798,0.21872998028993607,0.3900928558453034,v2,self
sexual_liminal_3,24,1.5,0.07360105589032173,0.0942303016781807,0.21872998028993607,0.5691934797723003,v2,self
sexual_liminal_3,24,2.0,0.1295233741402626,0.06950169056653976,0.21872998028993607,0.6822489058225477,v2,self
sexual_liminal_3,28,-0.5,0.01110906433314085,0.28220224380493164,0.21872998028993607,-0.2901854763158683,v2,self
sexual_liminal_3,28,0.0,0.0,0.21872998028993607,0.21872998028993607,0.0,v2,self
sexual_liminal_3,28,0.5,0.017654981464147568,0.13544293493032455,0.21872998028993607,0.380775626867478,v2,self
sexual_liminal_3,28,1.0,0.08776773884892464,0.05027417093515396,0.21872998028993607,0.7701541833976606,v2,self
sexual_liminal_3,28,1.5,0.24201365560293198,0.011651676148176193,0.21872998028993607,0.9467303195806474,v2,self
sexual_liminal_3,28,2.0,0.3960887938737869,0.06389188393950462,0.21872998028993607,0.707896083313256,v2,self
sexual_liminal_4,8,-0.5,0.00017209997167810798,0.22496125102043152,0.2207585647702217,-0.01903747768329717,v2,self
sexual_liminal_4,8,0.0,0.0,0.2207585647702217,0.2207585647702217,0.0,v2,self
sexual_liminal_4,8,0.5,0.00033576396526768804,0.2114705592393875,0.2207585647702217,0.04207313786670833,v2,self
sexual_liminal_4,8,1.0,0.0019202122930437326,0.19586274772882462,0.2207585647702217,0.11277395768227658,v2,self
sexual_liminal_4,8,1.5,0.004883422749117017,0.18415405601263046,0.2207585647702217,0.16581240594534277,v2,self
sexual_liminal_4,8,2.0,0.007093002554029226,0.18458626419305801,0.2207585647702217,0.16385457395419253,v2,self
sexual_liminal_4,16,-0.5,0.0006010595243424177,0.2236621379852295,0.2207585647702217,-0.013152709241564371,v2,self
sexual_liminal_4,16,0.0,0.0,0.2207585647702217,0.2207585647702217,0.0,v2,self
sexual_liminal_4,16,0.5,0.0008144540479406714,0.21665583550930023,0.2207585647702217,0.018584688957331445,v2,self
sexual_liminal_4,16,1.0,0.0034746690653264523,0.2141387239098549,0.2207585647702217,0.02998679062466788,v2,self
sexual_liminal_4,16,1.5,0.009014008566737175,0.21663769334554672,0.2207585647702217,0.018666869976094604,v2,self
sexual_liminal_4,16,2.0,0.02065126784145832,0.23395207524299622,0.2207585647702217,-0.0597644330878264,v2,self
sexual_liminal_4,24,-0.5,0.005575926275923848,0.2604479193687439,0.2207585647702217,-0.179786250376438,v2,self
sexual_liminal_4,24,0.0,0.0,0.2207585647702217,0.2207585647702217,0.0,v2,self
sexual_liminal_4,24,0.5,0.00834966590628028,0.18054191768169403,0.2207585647702217,0.18217479865566027,v2,self
sexual_liminal_4,24,1.0,0.04072016105055809,0.1594671905040741,0.2207585647702217,0.277639847540879,v2,self
sexual_liminal_4,24,1.5,0.11111750826239586,0.16838280856609344,0.2207585647702217,0.2372535636777852,v2,self
sexual_liminal_4,24,2.0,0.22848568111658096,0.23605622351169586,0.2207585647702217,-0.06929587876872112,v2,self
sexual_liminal_4,28,-0.5,0.012183963786810637,0.2794722393155098,0.2207585647702217,-0.26596329164578814,v2,self
sexual_liminal_4,28,0.0,0.0,0.2207585647702217,0.2207585647702217,0.0,v2,self
sexual_liminal_4,28,0.5,0.017559614032506943,0.15065723657608032,0.2207585647702217,0.3175474902507493,v2,self
sexual_liminal_4,28,1.0,0.07957037910819054,0.08236397430300713,0.2207585647702217,0.6269047391717901,v2,self
sexual_liminal_4,28,1.5,0.19148903340101242,0.05880466289818287,0.2207585647702217,0.7336245460764335,v2,self
sexual_liminal_4,28,2.0,0.31841689348220825,0.15781791508197784,0.2207585647702217,0.28511079401950334,v2,self
sexual_liminal_5,8,-0.5,8.034768688958138e-05,0.16510223597288132,0.16584184765815735,0.004459740986488291,v2,self
sexual_liminal_5,8,0.0,0.0,0.16584184765815735,0.16584184765815735,0.0,v2,self
sexual_liminal_5,8,0.5,0.00011867491048178636,0.1672636717557907,0.16584184765815735,-0.008573373474251847,v2,self
sexual_liminal_5,8,1.0,0.00026274219271726906,0.16853418201208115,0.16584184765815735,-0.016234348519038395,v2,self
sexual_liminal_5,8,1.5,0.00047682026342954487,0.16959914565086365,0.16584184765815735,-0.022655910108111285,v2,self
sexual_liminal_5,8,2.0,0.0012201598729006946,0.1745441034436226,0.16584184765815735,-0.0524732201693919,v2,self
sexual_liminal_5,16,-0.5,0.000525856448803097,0.17650853842496872,0.16584184765815735,-0.0643184510871958,v2,self
sexual_liminal_5,16,0.0,0.0,0.16584184765815735,0.16584184765815735,0.0,v2,self
sexual_liminal_5,16,0.5,0.0006985043291933835,0.15429208800196648,0.16584184765815735,0.06964321622849917,v2,self
sexual_liminal_5,16,1.0,0.002725765807554126,0.14328250288963318,0.16584184765815735,0.1360292657557987,v2,self
sexual_liminal_5,16,1.5,0.007056421367451549,0.13325069099664688,0.16584184765815735,0.19651949807438962,v2,self
sexual_liminal_5,16,2.0,0.014667440671473742,0.12841901928186417,0.16584184765815735,0.22565371107919183,v2,self
sexual_liminal_5,24,-0.5,0.009639347903430462,0.23077679425477982,0.16584184765815735,-0.39154741407892457,v2,self
sexual_liminal_5,24,0.0,0.0,0.16584184765815735,0.16584184765815735,0.0,v2,self
sexual_liminal_5,24,0.5,0.008521913550794125,0.11408737301826477,0.16584184765815735,0.31207126169127014,v2,self
sexual_liminal_5,24,1.0,0.03162281587719917,0.07278237119317055,0.16584184765815735,0.5611338620443151,v2,self
sexual_liminal_5,24,1.5,0.0647851899266243,0.043481769040226936,0.16584184765815735,0.737811839085066,v2,self
sexual_liminal_5,24,2.0,0.10192778334021568,0.026735300198197365,0.16584184765815735,0.8387903862883529,v2,self
sexual_liminal_5,28,-0.5,0.026058051735162735,0.2826075851917267,0.16584184765815735,-0.7040788509197843,v2,self
sexual_liminal_5,28,0.0,0.0,0.16584184765815735,0.16584184765815735,0.0,v2,self
sexual_liminal_5,28,0.5,0.029355082660913467,0.0714260246604681,0.16584184765815735,0.5693124162021187,v2,self
sexual_liminal_5,28,1.0,0.091719850897789,0.02325992938131094,0.16584184765815735,0.8597463203059843,v2,self
sexual_liminal_5,28,1.5,0.15143129602074623,0.011935689486563206,0.16584184765815735,0.9280296881932615,v2,self
sexual_liminal_5,28,2.0,0.20203539729118347,0.0291537344455719,0.16584184765815735,0.8242076119070668,v2,self
sexual_explicit_1,8,-0.5,4.054911551065743e-05,0.096726905554533,0.09783230349421501,0.011298905373799881,v2,self
sexual_explicit_1,8,0.0,0.0,0.09783230349421501,0.09783230349421501,0.0,v2,self
sexual_explicit_1,8,0.5,5.403818795457482e-05,0.09746142104268074,0.09783230349421501,0.003791001931751532,v2,self
sexual_explicit_1,8,1.0,0.0001960135268745944,0.09819327667355537,0.09783230349421501,-0.003689713585878181,v2,self
sexual_explicit_1,8,1.5,0.0004280898720026016,0.10100848227739334,0.09783230349421501,-0.03246554225686961,v2,self
sexual_explicit_1,8,2.0,0.0008055823855102062,0.10313579812645912,0.09783230349421501,-0.05421005580797466,v2,self
sexual_explicit_1,16,-0.5,0.00036518980050459504,0.09740231931209564,0.09783230349421501,0.004395114566067589,v2,self
sexual_explicit_1,16,0.0,0.0,0.09783230349421501,0.09783230349421501,0.0,v2,self
sexual_explicit_1,16,0.5,0.00046831775398459285,0.0959361158311367,0.09783230349421501,0.019382020001097417,v2,self
sexual_explicit_1,16,1.0,0.0018580648466013372,0.09805499017238617,0.09783230349421501,-0.002276208064387707,v2,self
sexual_explicit_1,16,1.5,0.004883099813014269,0.097939882427454,0.09783230349421501,-0.0010996258842596348,v2,self
sexual_explicit_1,16,2.0,0.010831741616129875,0.09956585243344307,0.09783230349421501,-0.017719596465706908,v2,self
sexual_explicit_1,24,-0.5,0.0014929999597370625,0.10027487576007843,0.09783230349421501,-0.024966929926247234,v2,self
sexual_explicit_1,24,0.0,0.0,0.09783230349421501,0.09783230349421501,0.0,v2,self
sexual_explicit_1,24,0.5,0.002446243539452553,0.0935487449169159,0.09783230349421501,0.04378470529984416,v2,self
sexual_explicit_1,24,1.0,0.015179610345512629,0.09539857879281044,0.09783230349421501,0.024876493903146026,v2,self
sexual_explicit_1,24,1.5,0.05548311024904251,0.11545759811997414,0.09783230349421501,-0.18015822991228392,v2,self
sexual_explicit_1,24,2.0,0.15440581738948822,0.18894711881875992,0.09783230349421501,-0.9313367064891064,v2,self
sexual_explicit_1,28,-0.5,0.005800301907584071,0.09547692537307739,0.09783230349421501,0.024075668639212778,v2,self
sexual_explicit_1,28,0.0,0.0,0.09783230349421501,0.09783230349421501,0.0,v2,self
sexual_explicit_1,28,0.5,0.007717784959822893,0.09202587231993675,0.09783230349421501,0.0593508582226279,v2,self
sexual_explicit_1,28,1.0,0.04439791850745678,0.09467161819338799,0.09783230349421501,0.03230717450104732,v2,self
sexual_explicit_1,28,1.5,0.13505561649799347,0.13022340089082718,0.09783230349421501,-0.33108795601983865,v2,self
sexual_explicit_1,28,2.0,0.29601841419935226,0.23989935219287872,0.09783230349421501,-1.4521486628091547,v2,self
sexual_explicit_2,8,-0.5,0.00016176950884982944,0.24833282828330994,0.24729682505130768,-0.004189310686812556,v2,self
sexual_explicit_2,8,0.0,0.0,0.24729682505130768,0.24729682505130768,0.0,v2,self
sexual_explicit_2,8,0.5,0.0002167927596019581,0.24491780996322632,0.24729682505130768,0.009620079382692341,v2,self
sexual_explicit_2,8,1.0,0.0008709983667358756,0.24222788959741592,0.24729682505130768,0.020497373764665525,v2,self
sexual_explicit_2,8,1.5,0.0019357990240678191,0.23694352060556412,0.24729682505130768,0.04186590120433418,v2,self
sexual_explicit_2,8,2.0,0.004182577133178711,0.23086175322532654,0.24729682505130768,0.06645888730100473,v2,self
sexual_explicit_2,16,-0.5,0.002562818583101034,0.2760210931301117,0.24729682505130768,-0.1161529998326686,v2,self
sexual_explicit_2,16,0.0,0.0,0.24729682505130768,0.24729682505130768,0.0,v2,self
sexual_explicit_2,16,0.5,0.0031442149775102735,0.21546046435832977,0.24729682505130768,0.12873744208552895,v2,self
sexual_explicit_2,16,1.0,0.012822796124964952,0.1860019937157631,0.24729682505130768,0.24785935412970828,v2,self
sexual_explicit_2,16,1.5,0.02951715514063835,0.15791276097297668,0.24729682505130768,0.36144444660697167,v2,self
sexual_explicit_2,16,2.0,0.051475606858730316,0.1372951865196228,0.24729682505130768,0.4448162183597076,v2,self
sexual_explicit_2,24,-0.5,0.008352733682841063,0.3027569353580475,0.24729682505130768,-0.22426535518696317,v2,self
sexual_explicit_2,24,0.0,0.0,0.24729682505130768,0.24729682505130768,0.0,v2,self
sexual_explicit_2,24,0.5,0.010417225304991007,0.18792058527469635,0.24729682505130768,0.24010110022355644,v2,self
sexual_explicit_2,24,1.0,0.041749270632863045,0.13917218893766403,0.24729682505130768,0.4372261394427955,v2,self
sexual_explicit_2,24,1.5,0.08991118520498276,0.10997575893998146,0.24729682505130768,0.5552884315552198,v2,self
sexual_explicit_2,24,2.0,0.14514987915754318,0.11032349243760109,0.24729682505130768,0.5538822934151628,v2,self
sexual_explicit_2,28,-0.5,0.021908254362642765,0.3401818722486496,0.24729682505130768,-0.37560145456000366,v2,self
sexual_explicit_2,28,0.0,0.0,0.24729682505130768,0.24729682505130768,0.0,v2,self
sexual_explicit_2,28,0.5,0.028282493352890015,0.15362996608018875,0.24729682505130768,0.3787628852561511,v2,self
sexual_explicit_2,28,1.0,0.11409218981862068,0.09048639982938766,0.24729682505130768,0.634098012335524,v2,self
sexual_explicit_2,28,1.5,0.2459321916103363,0.08500921353697777,0.24729682505130768,0.6562462396379712,v2,self
sexual_explicit_2,28,2.0,0.3778813034296036,0.16110136359930038,0.24729682505130768,0.3485506190147163,v2,self
sexual_explicit_3,8,-0.5,6.881033186800778e-05,0.10073966532945633,0.10023977607488632,-0.004986935068535609,v2,self
sexual_explicit_3,8,0.0,0.0,0.10023977607488632,0.10023977607488632,0.0,v2,self
sexual_explicit_3,8,0.5,6.0294405557215214e-05,0.10043635219335556,0.10023977607488632,-0.001961059034313702,v2,self
sexual_explicit_3,8,1.0,0.00027565742493607104,0.09897348657250404,0.10023977607488632,0.01263260505925581,v2,self
sexual_explicit_3,8,1.5,0.0006543144700117409,0.09731809422373772,0.10023977607488632,0.02914693114403906,v2,self
sexual_explicit_3,8,2.0,0.0012121779145672917,0.09786392375826836,0.10023977607488632,0.023701692178991235,v2,self
sexual_explicit_3,16,-0.5,0.0008943002321757376,0.11058995872735977,0.10023977607488632,-0.1032542475428229,v2,self
sexual_explicit_3,16,0.0,0.0,0.10023977607488632,0.10023977607488632,0.0,v2,self
sexual_explicit_3,16,0.5,0.0007640478725079447,0.09316971153020859,0.10023977607488632,0.07053152771805762,v2,self
sexual_explicit_3,16,1.0,0.0029994419310241938,0.09053685143589973,0.10023977607488632,0.09679714998303472,v2,self
sexual_explicit_3,16,1.5,0.007834429387003183,0.09160640835762024,0.10023977607488632,0.08612716483740283,v2,self
sexual_explicit_3,16,2.0,0.018169444054365158,0.10235999524593353,0.10023977607488632,-0.021151475532659357,v2,self
sexual_explicit_3,24,-0.5,0.0036599247250705957,0.12123194709420204,0.10023977607488632,-0.20941957216298107,v2,self
sexual_explicit_3,24,0.0,0.0,0.10023977607488632,0.10023977607488632,0.0,v2,self
sexual_explicit_3,24,0.5,0.003585230093449354,0.08397761359810829,0.10023977607488632,0.16223262973601443,v2,self
sexual_explicit_3,24,1.0,0.01486237347126007,0.07249021716415882,0.10023977607488632,0.27683181265285933,v2,self
sexual_explicit_3,24,1.5,0.038957469165325165,0.07578020170331001,0.10023977607488632,0.24401066452206804,v2,self
sexual_explicit_3,24,2.0,0.10864443704485893,0.13449478894472122,0.10023977607488632,-0.34173074014295424,v2,self
sexual_explicit_3,28,-0.5,0.005569888511672616,0.1102944165468216,0.10023977607488632,-0.10030589518100812,v2,self
sexual_explicit_3,28,0.0,0.0,0.10023977607488632,0.10023977607488632,0.0,v2,self
sexual_explicit_3,28,0.5,0.007598307216539979,0.06817697361111641,0.10023977607488632,0.31986107430863264,v2,self
sexual_explicit_3,28,1.0,0.04532407969236374,0.031573353335261345,0.10023977607488632,0.6850217092297395,v2,self
sexual_explicit_3,28,1.5,0.10502811893820763,0.0512215718626976,0.10023977607488632,0.4890095143026716,v2,self
sexual_explicit_3,28,2.0,0.277455672621727,0.2601647228002548,0.10023977607488632,-1.595424022155567,v2,self
sexual_explicit_4,8,-0.5,0.0001750139781506732,0.352079838514328,0.3523520976305008,0.0007726904934117891,v2,self
sexual_explicit_4,8,0.0,0.0,0.3523520976305008,0.3523520976305008,0.0,v2,self
sexual_explicit_4,8,0.5,0.00017096404189942405,0.352611243724823,0.3523520976305008,-0.0007354748164262725,v2,self
sexual_explicit_4,8,1.0,0.00047622938291169703,0.3514823317527771,0.3523520976305008,0.0024684566476904776,v2,self
sexual_explicit_4,8,1.5,0.0009172908321488649,0.35326531529426575,0.3523520976305008,-0.0025917758682470304,v2,self
sexual_explicit_4,8,2.0,0.0017442413954995573,0.35726894438266754,0.3523520976305008,-0.013954356410055694,v2,self
sexual_explicit_4,16,-0.5,0.0017782467184588313,0.36648859083652496,0.3523520976305008,-0.0401203605742362,v2,self
sexual_explicit_4,16,0.0,0.0,0.3523520976305008,0.3523520976305008,0.0,v2,self
sexual_explicit_4,16,0.5,0.0017237443244084716,0.34083983302116394,0.3523520976305008,0.03267261550805172,v2,self
sexual_explicit_4,16,1.0,0.007166947470977902,0.3308529704809189,0.3523520976305008,0.061016032809679155,v2,self
sexual_explicit_4,16,1.5,0.01801056694239378,0.32665206491947174,0.3523520976305008,0.0729384978374097,v2,self
sexual_explicit_4,16,2.0,0.035012196749448776,0.3306782692670822,0.3523520976305008,0.06151184712442711,v2,self
sexual_explicit_4,24,-0.5,0.008598781656473875,0.4122382402420044,0.3523520976305008,-0.16996107874545446,v2,self
sexual_explicit_4,24,0.0,0.0,0.3523520976305008,0.3523520976305008,0.0,v2,self
sexual_explicit_4,24,0.5,0.012943399604409933,0.2757208049297333,0.3523520976305008,0.21748499076945485,v2,self
sexual_explicit_4,24,1.0,0.058087971061468124,0.19533102214336395,0.3523520976305008,0.44563684037379936,v2,self
sexual_explicit_4,24,1.5,0.13960891216993332,0.13590505719184875,0.3523520976305008,0.6142919026003143,v2,self
sexual_explicit_4,24,2.0,0.2431226521730423,0.10223689302802086,0.3523520976305008,0.7098445171306087,v2,self
sexual_explicit_4,28,-0.5,0.018790592439472675,0.43849705159664154,0.3523520976305008,-0.24448542961840947,v2,self
sexual_explicit_4,28,0.0,0.0,0.3523520976305008,0.3523520976305008,0.0,v2,self
sexual_explicit_4,28,0.5,0.030540614388883114,0.23321814090013504,0.3523520976305008,0.33811053639674177,v2,self
sexual_explicit_4,28,1.0,0.13251673430204391,0.10686428472399712,0.3523520976305008,0.6967116544994663,v2,self
sexual_explicit_4,28,1.5,0.30233120918273926,0.015732886269688606,0.3523520976305008,0.9553489637907956,v2,self
sexual_explicit_4,28,2.0,0.44612011313438416,0.027213038876652718,0.3523520976305008,0.9227674844008164,v2,self
sexual_explicit_5,8,-0.5,3.6195560824126005e-05,0.08815303072333336,0.08877043798565865,0.006955099877112608,v2,self
sexual_explicit_5,8,0.0,0.0,0.08877043798565865,0.08877043798565865,0.0,v2,self
sexual_explicit_5,8,0.5,4.134298433200456e-05,0.08785746991634369,0.08877043798565865,0.01028459575092388,v2,self
sexual_explicit_5,8,1.0,0.00018387314048595726,0.08973143436014652,0.08877043798565865,-0.010825635158442398,v2,self
sexual_explicit_5,8,1.5,0.0004931273870170116,0.09003829769790173,0.08877043798565865,-0.01428245417069937,v2,self
sexual_explicit_5,8,2.0,0.0010361780878156424,0.09351857006549835,0.08877043798565865,-0.05348776222785781,v2,self
sexual_explicit_5,16,-0.5,0.0008149544009938836,0.09999193251132965,0.08877043798565865,-0.12641026427608593,v2,self
sexual_explicit_5,16,0.0,0.0,0.08877043798565865,0.08877043798565865,0.0,v2,self
sexual_explicit_5,16,0.5,0.0008208220824599266,0.0786656066775322,0.08877043798565865,0.11383104034880329,v2,self
sexual_explicit_5,16,1.0,0.0030691134743392467,0.07135750912129879,0.08877043798565865,0.19615684297032543,v2,self
sexual_explicit_5,16,1.5,0.0067135298158973455,0.06645455211400986,0.08877043798565865,0.2513887097780687,v2,self
sexual_explicit_5,16,2.0,0.01137558463960886,0.06536024808883667,0.08877043798565865,0.26371605714735824,v2,self
sexual_explicit_5,24,-0.5,0.005781929241493344,0.12330475449562073,0.08877043798565865,-0.3890294707742829,v2,self
sexual_explicit_5,24,0.0,0.0,0.08877043798565865,0.08877043798565865,0.0,v2,self
sexual_explicit_5,24,0.5,0.007062048884108663,0.05465862341225147,0.08877043798565865,0.3842699816229151,v2,self
sexual_explicit_5,24,1.0,0.02586006373167038,0.028285212814807892,0.08877043798565865,0.6813667538806385,v2,self
sexual_explicit_5,24,1.5,0.05158498138189316,0.010790245607495308,0.08877043798565865,0.8784477597233604,v2,self
sexual_explicit_5,24,2.0,0.08003192767500877,0.004537403932772577,0.08877043798565865,0.9488860927609074,v2,self
sexual_explicit_5,28,-0.5,0.01154051860794425,0.14396575093269348,0.08877043798565865,-0.6217758321295198,v2,self
sexual_explicit_5,28,0.0,0.0,0.08877043798565865,0.08877043798565865,0.0,v2,self
sexual_explicit_5,28,0.5,0.013608553446829319,0.04216283559799194,0.08877043798565865,0.5250351743808723,v2,self
sexual_explicit_5,28,1.0,0.043020378798246384,0.017791244201362133,0.08877043798565865,0.7995814304280395,v2,self
sexual_explicit_5,28,1.5,0.0705659817904234,0.01336976746097207,0.08877043798565865,0.8493894165180076,v2,self
sexual_explicit_5,28,2.0,0.0896819531917572,0.02609817311167717,0.08877043798565865,0.7060037811698814,v2,self
violence_liminal_1,8,-0.5,0.00014285719953477383,0.1816622093319893,0.1806851178407669,-0.0054077032070979246,v2,self
violence_liminal_1,8,0.0,0.0,0.1806851178407669,0.1806851178407669,0.0,v2,self
violence_liminal_1,8,0.5,9.367402526549995e-05,0.18170198053121567,0.1806851178407669,-0.0056278165163823595,v2,self
violence_liminal_1,8,1.0,0.00039672793354839087,0.18317344784736633,0.1806851178407669,-0.013771637843423976,v2,self
violence_liminal_1,8,1.5,0.0008416887139901519,0.18472570180892944,0.1806851178407669,-0.02236257206154299,v2,self
violence_liminal_1,8,2.0,0.0016793444519862533,0.1868680939078331,0.1806851178407669,-0.0342196199717737,v2,self
violence_liminal_1,16,-0.5,0.0013739581918343902,0.17927348613739014,0.1806851178407669,0.007812661719161644,v2,self
violence_liminal_1,16,0.0,0.0,0.1806851178407669,0.1806851178407669,0.0,v2,self
violence_liminal_1,16,0.5,0.0017371488502249122,0.1844368278980255,0.1806851178407669,-0.02076380225495323,v2,self
violence_liminal_1,16,1.0,0.006870964076370001,0.18938280642032623,0.1806851178407669,-0.04813727153347722,v2,self
violence_liminal_1,16,1.5,0.014957784675061703,0.19350847601890564,0.1806851178407669,-0.07097074917614203,v2,self
violence_liminal_1,16,2.0,0.02549801394343376,0.1960502713918686,0.1806851178407669,-0.08503829056160893,v2,self
violence_liminal_1,24,-0.5,0.004715710412710905,0.21909219026565552,0.1806851178407669,-0.21256356297553938,v2,self
violence_liminal_1,24,0.0,0.0,0.1806851178407669,0.1806851178407669,0.0,v2,self
violence_liminal_1,24,0.5,0.005790649447590113,0.14378514885902405,0.1806851178407669,0.20422251385563386,v2,self
violence_liminal_1,24,1.0,0.026196501217782497,0.10984935238957405,0.1806851178407669,0.3920398442201453,v2,self
violence_liminal_1,24,1.5,0.06235020235180855,0.09008938819169998,0.1806851178407669,0.5014011708972433,v2,self
violence_liminal_1,24,2.0,0.10904598236083984,0.08789566159248352,0.1806851178407669,0.5135423290924066,v2,self
violence_liminal_1,28,-0.5,0.01115627633407712,0.2467040866613388,0.1806851178407669,-0.3653813308451485,v2,self
violence_liminal_1,28,0.0,0.0,0.1806851178407669,0.1806851178407669,0.0,v2,self
violence_liminal_1,28,0.5,0.013761741574853659,0.11426366865634918,0.1806851178407669,0.36760885444341473,v2,self
violence_liminal_1,28,1.0,0.06204742565751076,0.05556795001029968,0.1806851178407669,0.692459729531957,v2,self
violence_liminal_1,28,1.5,0.14478327333927155,0.027962219901382923,0.1806851178407669,0.8452433701483633,v2,self
violence_liminal_1,28,2.0,0.2524205297231674,0.05929554998874664,0.1806851178407669,0.6718293642700431,v2,self
violence_liminal_2,8,-0.5,0.00013481992937158793,0.18222596496343613,0.18387570977210999,0.008972064938422277,v2,self
violence_liminal_2,8,0.0,0.0,0.18387570977210999,0.18387570977210999,0.0,v2,self
violence_liminal_2,8,0.5,0.00012122192129027098,0.18478336185216904,0.18387570977210999,-0.004936226112649507,v2,self
violence_liminal_2,8,1.0,0.0004537654749583453,0.18688012659549713,0.18387570977210999,-0.016339389401192412,v2,self
violence_liminal_2,8,1.5,0.0013000840554013848,0.1906326562166214,0.18387570977210999,-0.036747357510601965,v2,self
violence_liminal_2,8,2.0,0.0027343359543010592,0.19494758546352386,0.18387570977210999,-0.060213911370544965,v2,self
violence_liminal_2,16,-0.5,0.0007251400384120643,0.19003254175186157,0.18387570977210999,-0.03348366125891331,v2,self
violence_liminal_2,16,0.0,0.0,0.18387570977210999,0.18387570977210999,0.0,v2,self
violence_liminal_2,16,0.5,0.00086906150681898,0.1790837123990059,0.18387570977210999,0.026061067984690052,v2,self
violence_liminal_2,16,1.0,0.004061297280713916,0.17712734639644623,0.18387570977210999,0.036700678866324846,v2,self
violence_liminal_2,16,1.5,0.010899106040596962,0.17913630604743958,0.18387570977210999,0.025775039729523188,v2,self
violence_liminal_2,16,2.0,0.025507774204015732,0.18904447555541992,0.18387570977210999,-0.028110106493761187,v2,self
violence_liminal_2,24,-0.5,0.004018284846097231,0.2155407965183258,0.18387570977210999,-0.17220918839938443,v2,self
violence_liminal_2,24,0.0,0.0,0.18387570977210999,0.18387570977210999,0.0,v2,self
violence_liminal_2,24,0.5,0.004897787002846599,0.15184303373098373,0.18387570977210999,0.17420830669165918,v2,self
violence_liminal_2,24,1.0,0.020386687479913235,0.12359108775854111,0.18387570977210999,0.32785527837409206,v2,self
violence_liminal_2,24,1.5,0.04770585149526596,0.10031092911958694,0.18387570977210999,0.4544634022410612,v2,self
violence_liminal_2,24,2.0,0.08545283228158951,0.08521869406104088,0.18387570977210999,0.53654186207271,v2,self
violence_liminal_2,28,-0.5,0.007630596635863185,0.22931669652462006,0.18387570977210999,-0.2471288176607354,v2,self
violence_liminal_2,28,0.0,0.0,0.18387570977210999,0.18387570977210999,0.0,v2,self
violence_liminal_2,28,0.5,0.011426882352679968,0.1292734146118164,0.18387570977210999,0.29695219247809307,v2,self
violence_liminal_2,28,1.0,0.05162263102829456,0.07531897351145744,0.18387570977210999,0.5903810590055342,v2,self
violence_liminal_2,28,1.5,0.13114295154809952,0.034375954419374466,0.18387570977210999,0.813047876405323,v2,self
violence_liminal_2,28,2.0,0.24527321755886078,0.0425800122320652,0.18387570977210999,0.7684304670538725,v2,self
violence_liminal_3,8,-0.5,0.0001725216570775956,0.2317425012588501,0.22931861877441406,-0.01056993321078941,v2,self
violence_liminal_3,8,0.0,0.0,0.22931861877441406,0.22931861877441406,0.0,v2,self
violence_liminal_3,8,0.5,0.00018578027084004134,0.2270728349685669,0.22931861877441406,0.009793290304335893,v2,self
violence_liminal_3,8,1.0,0.0007388825179077685,0.22541043162345886,0.22931861877441406,0.01704260723286395,v2,self
violence_liminal_3,8,1.5,0.0020218759309500456,0.22071556001901627,0.22931861877441406,0.03751574469345998,v2,self
violence_liminal_3,8,2.0,0.004258110420778394,0.2161281481385231,0.22931861877441406,0.05752027770962081,v2,self
violence_liminal_3,16,-0.5,0.0011427760473452508,0.24493124336004257,0.22931861877441406,-0.06808267322151894,v2,self
violence_liminal_3,16,0.0,0.0,0.22931861877441406,0.22931861877441406,0.0,v2,self
violence_liminal_3,16,0.5,0.001154575264081359,0.21368440240621567,0.22931861877441406,0.0681768294774971,v2,self
violence_liminal_3,16,1.0,0.004280250519514084,0.20022278279066086,0.22931861877441406,0.126879518720525,v2,self
violence_liminal_3,16,1.5,0.009293674025684595,0.19100070744752884,0.22931861877441406,0.16709463684926265,v2,self
violence_liminal_3,16,2.0,0.018928595818579197,0.18529005348682404,0.22931861877441406,0.19199734205141855,v2,self
violence_liminal_3,24,-0.5,0.0049893734976649284,0.2703299820423126,0.22931861877441406,-0.1788400936961964,v2,self
violence_liminal_3,24,0.0,0.0,0.22931861877441406,0.22931861877441406,0.0,v2,self
violence_liminal_3,24,0.5,0.006257941946387291,0.18585925549268723,0.22931861877441406,0.1895151973005681,v2,self
violence_liminal_3,24,1.0,0.028680299408733845,0.14332745969295502,0.22931861877441406,0.37498550942368314,v2,self
violence_liminal_3,24,1.5,0.08847790956497192,0.12476854026317596,0.22931861877441406,0.45591622289547445,v2,self
violence_liminal_3,24,2.0,0.3455813527107239,0.3334931433200836,0.22931861877441406,-0.45427852785101763,v2,self
violence_liminal_3,28,-0.5,0.011226566508412361,0.29235535860061646,0.22931861877441406,-0.2748871424531519,v2,self
violence_liminal_3,28,0.0,0.0,0.22931861877441406,0.22931861877441406,0.0,v2,self
violence_liminal_3,28,0.5,0.013480204157531261,0.1639544516801834,0.22931861877441406,0.2850364590697752,v2,self
violence_liminal_3,28,1.0,0.062362734228372574,0.09422428905963898,0.22931861877441406,0.5891119109158356,v2,self
violence_liminal_3,28,1.5,0.17575685679912567,0.03677976876497269,0.22931861877441406,0.8396128105012102,v2,self
violence_liminal_3,28,2.0,0.30659183859825134,0.05747717246413231,0.22931861877441406,0.7493567126327675,v2,self
violence_liminal_4,8,-0.5,7.585289858980104e-05,0.16590911895036697,0.16509942710399628,-0.004904268055761765,v2,self
violence_liminal_4,8,0.0,0.0,0.16509942710399628,0.16509942710399628,0.0,v2,self
violence_liminal_4,8,0.5,0.00017310519615421072,0.1628044843673706,0.16509942710399628,0.01390036765651576,v2,self
violence_liminal_4,8,1.0,0.0005508927861228585,0.16249144077301025,0.16509942710399628,0.01579645899887496,v2,self
violence_liminal_4,8,1.5,0.001539077376946807,0.1631554439663887,0.16509942710399628,0.011774620734347296,v2,self
violence_liminal_4,8,2.0,0.0037940102629363537,0.1668621003627777,0.16509942710399628,-0.010676434738147963,v2,self
violence_liminal_4,16,-0.5,0.0003846516483463347,0.1670694351196289,0.16509942710399628,-0.011932252280873874,v2,self
violence_liminal_4,16,0.0,0.0,0.16509942710399628,0.16509942710399628,0.0,v2,self
violence_liminal_4,16,0.5,0.0005467938608489931,0.16460029035806656,0.16509942710399628,0.003023249412097059,v2,self
violence_liminal_4,16,1.0,0.003123435308225453,0.16490142047405243,0.16509942710399628,0.0011993174865417497,v2,self
violence_liminal_4,16,1.5,0.009724507573992014,0.17094401270151138,0.16509942710399628,-0.03540039902036484,v2,self
violence_liminal_4,16,2.0,0.025116401724517345,0.18991319835186005,0.16509942710399628,-0.15029592581344062,v2,self
violence_liminal_4,24,-0.5,0.002506850869394839,0.1877755969762802,0.16509942710399628,-0.13734856789054875,v2,self
violence_liminal_4,24,0.0,0.0,0.16509942710399628,0.16509942710399628,0.0,v2,self
violence_liminal_4,24,0.5,0.004074417753145099,0.14028974622488022,0.16509942710399628,0.15027115062905952,v2,self
violence_liminal_4,24,1.0,0.022790669463574886,0.11917730793356895,0.16509942710399628,0.2781482648119726,v2,self
violence_liminal_4,24,1.5,0.06594260223209858,0.10866627469658852,0.16509942710399628,0.34181313283334697,v2,self
violence_liminal_4,24,2.0,0.1339981034398079,0.11991960182785988,0.16509942710399628,0.27365222320049354,v2,self
violence_liminal_4,28,-0.5,0.008329985197633505,0.2043050453066826,0.16509942710399628,-0.23746671257672297,v2,self
violence_liminal_4,28,0.0,0.0,0.16509942710399628,0.16509942710399628,0.0,v2,self
violence_liminal_4,28,0.5,0.010298626497387886,0.11802985519170761,0.16509942710399628,0.2850983358206295,v2,self
violence_liminal_4,28,1.0,0.05283121578395367,0.07226934283971786,0.16509942710399628,0.5622677552103477,v2,self
violence_liminal_4,28,1.5,0.15330275893211365,0.0564683023840189,0.16509942710399628,0.6579739652975933,v2,self
violence_liminal_4,28,2.0,0.32928846776485443,0.16008780896663666,0.16509942710399628,0.030355151591185087,v2,self
violence_liminal_5,8,-0.5,0.00013029479305259883,0.3479198068380356,0.34525178372859955,-0.007727760536447663,v2,self
violence_liminal_5,8,0.0,0.0,0.34525178372859955,0.34525178372859955,0.0,v2,self
violence_liminal_5,8,0.5,0.00013131176820024848,0.34385277330875397,0.34525178372859955,0.004052145378473512,v2,self
violence_liminal_5,8,1.0,0.0006072992691770196,0.34316837787628174,0.34525178372859955,0.00603445355102224,v2,self
violence_liminal_5,8,1.5,0.001637983601540327,0.3469726890325546,0.34525178372859955,-0.004984493592965393,v2,self
violence_liminal_5,8,2.0,0.0041289301589131355,0.3527236878871918,0.34525178372859955,-0.021641898784412496,v2,self
violence_liminal_5,16,-0.5,0.00155061692930758,0.3647189438343048,0.34525178372859955,-0.056385400519779166,v2,self
violence_liminal_5,16,0.0,0.0,0.34525178372859955,0.34525178372859955,0.0,v2,self
violence_liminal_5,16,0.5,0.002012163051404059,0.32390256226062775,0.34525178372859955,0.06183667246381065,v2,self
violence_liminal_5,16,1.0,0.009034379851073027,0.30084696412086487,0.34525178372859955,0.12861575725454052,v2,self
violence_liminal_5,16,1.5,0.022755371406674385,0.27145639061927795,0.34525178372859955,0.2137436983304096,v2,self
violence_liminal_5,16,2.0,0.04004457779228687,0.2519848942756653,0.34525178372859955,0.2701416584895933,v2,self
violence_liminal_5,24,-0.5,0.008605015464127064,0.40794917941093445,0.34525178372859955,-0.18159904926550927,v2,self
violence_liminal_5,24,0.0,0.0,0.34525178372859955,0.34525178372859955,0.0,v2,self
violence_liminal_5,24,0.5,0.014869235455989838,0.25825202465057373,0.34525178372859955,0.25198931092682153,v2,self
violence_liminal_5,24,1.0,0.07091063633561134,0.15977739542722702,0.34525178372859955,0.5372148589597813,v2,self
violence_liminal_5,24,1.5,0.16844671964645386,0.08028803765773773,0.34525178372859955,0.7674507665372362,v2,self
violence_liminal_5,24,2.0,0.28454238176345825,0.069080276414752,0.34525178372859955,0.7999133395671154,v2,self
violence_liminal_5,28,-0.5,0.013409632258117199,0.422947496175766,0.34525178372859955,-0.22504072711248496,v2,self
violence_liminal_5,28,0.0,0.0,0.34525178372859955,0.34525178372859955,0.0,v2,self
violence_liminal_5,28,0.5,0.02716599777340889,0.2230055332183838,0.34525178372859955,0.35407854867540045,v2,self
violence_liminal_5,28,1.0,0.1309053972363472,0.09804442524909973,0.34525178372859955,0.7160205106248723,v2,self
violence_liminal_5,28,1.5,0.2956857234239578,0.04491654969751835,0.34525178372859955,0.8699020488397332,v2,self
violence_liminal_5,28,2.0,0.3813840001821518,0.11789967119693756,0.34525178372859955,0.6585110439585221,v2,self
violence_explicit_1,8,-0.5,7.71039049141109e-05,0.12260757014155388,0.12018328160047531,-0.02017159548977551,v2,self
violence_explicit_1,8,0.0,0.0,0.12018328160047531,0.12018328160047531,0.0,v2,self
violence_explicit_1,8,0.5,9.663589298725128e-05,0.11846122145652771,0.12018328160047531,0.014328616434956714,v2,self
violence_explicit_1,8,1.0,0.00046721124090254307,0.11525984480977058,0.12018328160047531,0.040966070531105014,v2,self
violence_explicit_1,8,1.5,0.0015445896424353123,0.11063675209879875,0.12018328160047531,0.07943309064743331,v2,self
violence_explicit_1,8,2.0,0.004761515650898218,0.10504694283008575,0.12018328160047531,0.125943796581518,v2,self
violence_explicit_1,16,-0.5,0.0005903309211134911,0.1264006830751896,0.12018328160047531,-0.05173266524193237,v2,self
violence_explicit_1,16,0.0,0.0,0.12018328160047531,0.12018328160047531,0.0,v2,self
violence_explicit_1,16,0.5,0.0006814673542976379,0.11413348838686943,0.12018328160047531,0.05033805977870681,v2,self
violence_explicit_1,16,1.0,0.003266233019530773,0.11008012667298317,0.12018328160047531,0.0840645620002124,v2,self
violence_explicit_1,16,1.5,0.008158546872437,0.1074627973139286,0.12018328160047531,0.10584237771800366,v2,self
violence_explicit_1,16,2.0,0.016347244381904602,0.10806546360254288,0.12018328160047531,0.10082781761789161,v2,self
violence_explicit_1,24,-0.5,0.0037139221094548702,0.14627967029809952,0.12018328160047531,-0.21713826041442522,v2,self
violence_explicit_1,24,0.0,0.0,0.12018328160047531,0.12018328160047531,0.0,v2,self
violence_explicit_1,24,0.5,0.004203442484140396,0.09288911148905754,0.12018328160047531,0.22710455021649056,v2,self
violence_explicit_1,24,1.0,0.018566859886050224,0.06559896655380726,0.12018328160047531,0.4541756084521175,v2,self
violence_explicit_1,24,1.5,0.04861781373620033,0.044152991846203804,0.12018328160047531,0.6326195186366987,v2,self
violence_explicit_1,24,2.0,0.09482929855585098,0.03899611718952656,0.12018328160047531,0.6755279380774345,v2,self
violence_explicit_1,28,-0.5,0.006435994757339358,0.15753191709518433,0.12018328160047531,-0.3107639847850627,v2,self
violence_explicit_1,28,0.0,0.0,0.12018328160047531,0.12018328160047531,0.0,v2,self
violence_explicit_1,28,0.5,0.012940108310431242,0.06606336124241352,0.12018328160047531,0.4503115544637263,v2,self
violence_explicit_1,28,1.0,0.07369998842477798,0.016491280868649483,0.12018328160047531,0.8627822385190699,v2,self
violence_explicit_1,28,1.5,0.20971078425645828,0.03570660948753357,0.12018328160047531,0.702898697622246,v2,self
violence_explicit_1,28,2.0,0.3482414186000824,0.1207992434501648,0.12018328160047531,-0.005125187476051141,v2,self
violence_explicit_2,8,-0.5,0.00012221556971780956,0.1511717289686203,0.15278314054012299,0.010547050975689993,v2,self
violence_explicit_2,8,0.0,0.0,0.15278314054012299,0.15278314054012299,0.0,v2,self
violence_explicit_2,8,0.5,0.00012589700054377317,0.15435171127319336,0.15278314054012299,-0.010266648057666056,v2,self
violence_explicit_2,8,1.0,0.0007374546257779002,0.15872972458600998,0.15278314054012299,-0.03892172935354302,v2,self
violence_explicit_2,8,1.5,0.0019696156959980726,0.16131527721881866,0.15278314054012299,-0.05584475255929839,v2,self
violence_explicit_2,8,2.0,0.004232986830174923,0.16357427835464478,0.15278314054012299,-0.07063042280956311,v2,self
violence_explicit_2,16,-0.5,0.00048380065709352493,0.1610405370593071,0.15278314054012299,-0.054046516454579654,v2,self
violence_explicit_2,16,0.0,0.0,0.15278314054012299,0.15278314054012299,0.0,v2,self
violence_explicit_2,16,0.5,0.0007802583277225494,0.1489616110920906,0.15278314054012299,0.025012769305058184,v2,self
violence_explicit_2,16,1.0,0.0038229571655392647,0.15014085918664932,0.15278314054012299,0.017294325434943938,v2,self
violence_explicit_2,16,1.5,0.010845357552170753,0.16792859882116318,0.15278314054012299,-0.09913042910034163,v2,self
violence_explicit_2,16,2.0,0.03195703774690628,0.21386179327964783,0.15278314054012299,-0.39977351246739645,v2,self
violence_explicit_2,24,-0.5,0.003378994530066848,0.17736972868442535,0.15278314054012299,-0.1609247463914095,v2,self
violence_explicit_2,24,0.0,0.0,0.15278314054012299,0.15278314054012299,0.0,v2,self
violence_explicit_2,24,0.5,0.004531540907919407,0.11913344636559486,0.15278314054012299,0.2202448127166966,v2,self
violence_explicit_2,24,1.0,0.02384183369576931,0.08038747310638428,0.15278314054012299,0.47384591766999706,v2,self
violence_explicit_2,24,1.5,0.07005222514271736,0.05527690425515175,0.15278314054012299,0.6382002355774637,v2,self
violence_explicit_2,24,2.0,0.14047938585281372,0.06466743722558022,0.15278314054012299,0.5767370863240133,v2,self
violence_explicit_2,28,-0.5,0.004633881617337465,0.19112370908260345,0.15278314054012299,-0.25094763994860875,v2,self
violence_explicit_2,28,0.0,0.0,0.15278314054012299,0.15278314054012299,0.0,v2,self
violence_explicit_2,28,0.5,0.009963303804397583,0.09556199982762337,0.15278314054012299,0.3745252290940606,v2,self
violence_explicit_2,28,1.0,0.05752122774720192,0.03528360836207867,0.15278314054012299,0.7690608516270635,v2,self
violence_explicit_2,28,1.5,0.14565116167068481,0.011952288448810577,0.15278314054012299,0.9217695852660409,v2,self
violence_explicit_2,28,2.0,0.2347375601530075,0.043234437704086304,0.15278314054012299,0.717020886262432,v2,self
violence_explicit_3,8,-0.5,7.603014819324017e-05,0.09380613267421722,0.09560281783342361,0.018793223881087874,v2,self
violence_explicit_3,8,0.0,0.0,0.09560281783342361,0.09560281783342361,0.0,v2,self
violence_explicit_3,8,0.5,9.52489790506661e-05,0.09666013345122337,0.09560281783342361,-0.01105946081675128,v2,self
violence_explicit_3,8,1.0,0.0003572790592443198,0.0992562361061573,0.09560281783342361,-0.03821454592582542,v2,self
violence_explicit_3,8,1.5,0.0008896846557036042,0.10125235468149185,0.09560281783342361,-0.05909383191938834,v2,self
violence_explicit_3,8,2.0,0.0015873345546424389,0.10254308581352234,0.09560281783342361,-0.07259480564883877,v2,self
violence_explicit_3,16,-0.5,0.00044357229489833117,0.0936824157834053,0.09560281783342361,0.02008729547453695,v2,self
violence_explicit_3,16,0.0,0.0,0.09560281783342361,0.09560281783342361,0.0,v2,self
violence_explicit_3,16,0.5,0.0005875312490388751,0.09982140734791756,0.09560281783342361,-0.044126204751039094,v2,self
violence_explicit_3,16,1.0,0.002588729141280055,0.10715895891189575,0.09560281783342361,-0.12087657393746824,v2,self
violence_explicit_3,16,1.5,0.005865562474355102,0.1133604347705841,0.09560281783342361,-0.18574365630206632,v2,self
violence_explicit_3,16,2.0,0.010693100281059742,0.11924612522125244,0.09560281783342361,-0.2473076413817053,v2,self
violence_explicit_3,24,-0.5,0.0030948109924793243,0.1137814000248909,0.09560281783342361,-0.1901469287562347,v2,self
violence_explicit_3,24,0.0,0.0,0.09560281783342361,0.09560281783342361,0.0,v2,self
violence_explicit_3,24,0.5,0.004063416738063097,0.07762420177459717,0.09560281783342361,0.18805529445954217,v2,self
violence_explicit_3,24,1.0,0.016393751371651888,0.06188205070793629,0.09560281783342361,0.3527172931685099,v2,self
violence_explicit_3,24,1.5,0.03623003326356411,0.048852045089006424,0.09560281783342361,0.48901040580074506,v2,self
violence_explicit_3,24,2.0,0.06159459426999092,0.05752062425017357,0.09560281783342361,0.3983375641668186,v2,self
violence_explicit_3,28,-0.5,0.006306285737082362,0.13596384227275848,0.09560281783342361,-0.4221740044279771,v2,self
violence_explicit_3,28,0.0,0.0,0.09560281783342361,0.09560281783342361,0.0,v2,self
violence_explicit_3,28,0.5,0.010887481737881899,0.04953136667609215,0.09560281783342361,0.48190474090005814,v2,self
violence_explicit_3,28,1.0,0.04611089453101158,0.01733385305851698,0.09560281783342361,0.8186888896024056,v2,self
violence_explicit_3,28,1.5,0.07999129593372345,0.013442872557789087,0.09560281783342361,0.8593883228294413,v2,self
violence_explicit_3,28,2.0,0.09768898785114288,0.057003606110811234,0.09560281783342361,0.40374554429835796,v2,self
violence_explicit_4,8,-0.5,0.00024579864111728966,0.08189744502305984,0.0846061110496521,0.03201501632668877,v2,self
violence_explicit_4,8,0.0,0.0,0.0846061110496521,0.0846061110496521,0.0,v2,self
violence_explicit_4,8,0.5,0.00019655882351798937,0.08620046079158783,0.0846061110496521,-0.01884438041360945,v2,self
violence_explicit_4,8,1.0,0.0007251087226904929,0.08867326751351357,0.0846061110496521,-0.048071663067867594,v2,self
violence_explicit_4,8,1.5,0.001815672090742737,0.09212382882833481,0.0846061110496521,-0.08885549383390104,v2,self
violence_explicit_4,8,2.0,0.003243965096771717,0.09569600224494934,0.0846061110496521,-0.1310767160635596,v2,self
violence_explicit_4,16,-0.5,0.00042436260264366865,0.08802541345357895,0.0846061110496521,-0.04041436678161689,v2,self
violence_explicit_4,16,0.0,0.0,0.0846061110496521,0.0846061110496521,0.0,v2,self
violence_explicit_4,16,0.5,0.0005254282441455871,0.08341969922184944,0.0846061110496521,0.014022767541063295,v2,self
violence_explicit_4,16,1.0,0.0025411637034267187,0.08756588399410248,0.0846061110496521,-0.03498296881549609,v2,self
violence_explicit_4,16,1.5,0.006764649413526058,0.09681927412748337,0.0846061110496521,-0.14435320246150812,v2,self
violence_explicit_4,16,2.0,0.01484030345454812,0.11304300650954247,0.0846061110496521,-0.33610923734813714,v2,self
violence_explicit_4,24,-0.5,0.002159600262530148,0.09253065660595894,0.0846061110496521,-0.09366398547329785,v2,self
violence_explicit_4,24,0.0,0.0,0.0846061110496521,0.0846061110496521,0.0,v2,self
violence_explicit_4,24,0.5,0.0031529851257801056,0.0815558061003685,0.0846061110496521,0.03605300978192334,v2,self
violence_explicit_4,24,1.0,0.017025426030158997,0.09099864214658737,0.0846061110496521,-0.0755563755103191,v2,self
violence_explicit_4,24,1.5,0.051148878410458565,0.11896848306059837,0.0846061110496521,-0.40614527230521574,v2,self
violence_explicit_4,24,2.0,0.11470500752329826,0.16782600432634354,0.0846061110496521,-0.9836156306469737,v2,self
violence_explicit_4,28,-0.5,0.0045594689436256886,0.09003706276416779,0.0846061110496521,-0.06419100992986745,v2,self
violence_explicit_4,28,0.0,0.0,0.0846061110496521,0.0846061110496521,0.0,v2,self
violence_explicit_4,28,0.5,0.005367866484448314,0.07577318325638771,0.0846061110496521,0.1044005886061904,v2,self
violence_explicit_4,28,1.0,0.023630883544683456,0.06938917934894562,0.0846061110496521,0.1798561771947684,v2,self
violence_explicit_4,28,1.5,0.06033613719046116,0.07343092188239098,0.0846061110496521,0.13208489349785657,v2,self
violence_explicit_4,28,2.0,0.1366984248161316,0.1163296215236187,0.0846061110496521,-0.37495530855152154,v2,self
violence_explicit_5,8,-0.5,0.0001770199669408612,0.16508527100086212,0.16131335496902466,-0.023382540351738056,v2,self
violence_explicit_5,8,0.0,0.0,0.16131335496902466,0.16131335496902466,0.0,v2,self
violence_explicit_5,8,0.5,0.0001515684270998463,0.15731525421142578,0.16131335496902466,0.02478468542400963,v2,self
violence_explicit_5,8,1.0,0.000539623259101063,0.15689381211996078,0.16131335496902466,0.027397253314287044,v2,self
violence_explicit_5,8,1.5,0.0010844137868843973,0.15955909341573715,0.16131335496902466,0.010874868690347175,v2,self
violence_explicit_5,8,2.0,0.0019312832737341523,0.16455748677253723,0.16131335496902466,-0.020110745351093282,v2,self
violence_explicit_5,16,-0.5,0.0026277488796040416,0.18672849982976913,0.16131335496902466,-0.15755139966944884,v2,self
violence_explicit_5,16,0.0,0.0,0.16131335496902466,0.16131335496902466,0.0,v2,self
violence_explicit_5,16,0.5,0.0021733848843723536,0.14402008429169655,0.16131335496902466,0.10720296952877062,v2,self
violence_explicit_5,16,1.0,0.007333603920415044,0.13590316474437714,0.16131335496902466,0.15752068531168284,v2,self
violence_explicit_5,16,1.5,0.013028585817664862,0.14086776226758957,0.16131335496902466,0.1267445755211095,v2,self
violence_explicit_5,16,2.0,0.01637475285679102,0.15872446447610855,0.16131335496902466,0.016048829270293368,v2,self
violence_explicit_5,24,-0.5,0.011482368223369122,0.22694431990385056,0.16131335496902466,-0.40685388353263335,v2,self
violence_explicit_5,24,0.0,0.0,0.16131335496902466,0.16131335496902466,0.0,v2,self
violence_explicit_5,24,0.5,0.009937027469277382,0.10924827307462692,0.16131335496902466,0.322757417725242,v2,self
violence_explicit_5,24,1.0,0.0347866527736187,0.07146848179399967,0.16131335496902466,0.5569586795357209,v2,self
violence_explicit_5,24,1.5,0.06649803183972836,0.045882025733590126,0.16131335496902466,0.7155720569918071,v2,self
violence_explicit_5,24,2.0,0.09768667444586754,0.03143203537911177,0.16131335496902466,0.8051492055003918,v2,self
violence_explicit_5,28,-0.5,0.017229566350579262,0.25621508061885834,0.16131335496902466,-0.5883066883585472,v2,self
violence_explicit_5,28,0.0,0.0,0.16131335496902466,0.16131335496902466,0.0,v2,self
violence_explicit_5,28,0.5,0.017334992066025734,0.08416737616062164,0.16131335496902466,0.4782367760140911,v2,self
violence_explicit_5,28,1.0,0.059386562556028366,0.035693018697202206,0.16131335496902466,0.7787348809151234,v2,self
violence_explicit_5,28,1.5,0.11770881339907646,0.009488109033554792,0.16131335496902466,0.9411821232322848,v2,self
violence_explicit_5,28,2.0,0.1610354408621788,0.007158344611525536,0.16131335496902466,0.955624600251479,v2,self
death_1,8,-0.5,7.406045915558934e-05,0.018675608560442924,0.018382973037660122,-0.015918835445349198,v2,self
death_1,8,0.0,0.0,0.018382973037660122,0.018382973037660122,0.0,v2,self
death_1,8,0.5,6.452444358728826e-05,0.018214125651866198,0.018382973037660122,0.00918498794770664,v2,self
death_1,8,1.0,0.0003073472180403769,0.018092039041221142,0.018382973037660122,0.015826275534591747,v2,self
death_1,8,1.5,0.000689822481945157,0.018410692922770977,0.018382973037660122,-0.0015079108832976578,v2,self
death_1,8,2.0,0.0012203034712001681,0.018986836541444063,0.018382973037660122,-0.03284906650011624,v2,self
death_1,16,-0.5,4.0961280319606885e-05,0.018528621643781662,0.018382973037660122,-0.007923016903912021,v2,self
death_1,16,0.0,0.0,0.018382973037660122,0.018382973037660122,0.0,v2,self
death_1,16,0.5,5.258567398414016e-05,0.01879327930510044,0.018382973037660122,-0.022319908025744725,v2,self
death_1,16,1.0,0.0002662602928467095,0.019614393822848797,0.018382973037660122,-0.066987031024086,v2,self
death_1,16,1.5,0.0009163268841803074,0.021925189532339573,0.018382973037660122,-0.19269007724826226,v2,self
death_1,16,2.0,0.003140460583381355,0.028422641567885876,0.018382973037660122,-0.5461395449831794,v2,self
death_1,24,-0.5,0.0008956366218626499,0.023862121626734734,0.018382973037660122,-0.2980556288610009,v2,self
death_1,24,0.0,0.0,0.018382973037660122,0.018382973037660122,0.0,v2,self
death_1,24,0.5,0.0005089222686365247,0.015436349902302027,0.018382973037660122,0.1602908914309737,v2,self
death_1,24,1.0,0.0015820839907974005,0.013580576051026583,0.018382973037660122,0.2612415835455532,v2,self
death_1,24,1.5,0.0025907029630616307,0.012234058696776628,0.018382973037660122,0.3344896567212807,v2,self
death_1,24,2.0,0.0035945980343967676,0.01318168779835105,0.018382973037660122,0.282940372520457,v2,self
death_1,28,-0.5,0.002976424992084503,0.0315063688904047,0.018382973037660122,-0.7138886526058351,v2,self
death_1,28,0.0,0.0,0.018382973037660122,0.018382973037660122,0.0,v2,self
death_1,28,0.5,0.005422338843345642,0.009267053101211786,0.018382973037660122,0.4958893165851401,v2,self
death_1,28,1.0,0.02021193876862526,0.008080917876213789,0.018382973037660122,0.5604128962350712,v2,self
death_1,28,1.5,0.03599662147462368,0.013052246533334255,0.018382973037660122,0.28998173980917663,v2,self
death_1,28,2.0,0.058374255895614624,0.028077589347958565,0.018382973037660122,-0.5273693373992144,v2,self
death_2,8,-0.5,0.0001784924534149468,0.2122044488787651,0.21047846972942352,-0.008200264623552148,v2,self
death_2,8,0.0,0.0,0.21047846972942352,0.21047846972942352,0.0,v2,self
death_2,8,0.5,0.00015243515372276306,0.2097381129860878,0.21047846972942352,0.003517493947421202,v2,self
death_2,8,1.0,0.000540783628821373,0.21006181091070175,0.21047846972942352,0.0019795792855079137,v2,self
death_2,8,1.5,0.0014272657572291791,0.21180786937475204,0.21047846972942352,-0.006316083763994985,v2,self
death_2,8,2.0,0.002903608256019652,0.21871253848075867,0.21047846972942352,-0.03912071748678281,v2,self
death_2,16,-0.5,0.0019985628314316273,0.23425106704235077,0.21047846972942352,-0.11294550622440216,v2,self
death_2,16,0.0,0.0,0.21047846972942352,0.21047846972942352,0.0,v2,self
death_2,16,0.5,0.0026616781251505017,0.18564385175704956,0.21047846972942352,0.1179912510970819,v2,self
death_2,16,1.0,0.013658898882567883,0.15878430008888245,0.21047846972942352,0.24560312371614781,v2,self
death_2,16,1.5,0.039761122316122055,0.13378428295254707,0.21047846972942352,0.3643801994354537,v2,self
death_2,16,2.0,0.06882879883050919,0.13912071287631989,0.21047846972942352,0.3390263951692361,v2,self
death_2,24,-0.5,0.005906230770051479,0.25311335921287537,0.21047846972942352,-0.20256176101175713,v2,self
death_2,24,0.0,0.0,0.21047846972942352,0.21047846972942352,0.0,v2,self
death_2,24,0.5,0.007109442492946982,0.1679428517818451,0.21047846972942352,0.20209011402572083,v2,self
death_2,24,1.0,0.030542470514774323,0.13043297827243805,0.21047846972942352,0.3803025153113589,v2,self
death_2,24,1.5,0.06946266442537308,0.1034824587404728,0.21047846972942352,0.5083465835080299,v2,self
death_2,24,2.0,0.12390928715467453,0.09029203653335571,0.21047846972942352,0.5710153316420968,v2,self
death_2,28,-0.5,0.01068505272269249,0.2661949545145035,0.21047846972942352,-0.26471346383649214,v2,self
death_2,28,0.0,0.0,0.21047846972942352,0.21047846972942352,0.0,v2,self
death_2,28,0.5,0.014231708832085133,0.14780734479427338,0.21047846972942352,0.2977555139759225,v2,self
death_2,28,1.0,0.06303891353309155,0.0859479159116745,0.21047846972942352,0.5916545952554522,v2,self
death_2,28,1.5,0.16913525015115738,0.03462543524801731,0.21047846972942352,0.8354917949920039,v2,self
death_2,28,2.0,0.3106731027364731,0.08116641640663147,0.21047846972942352,0.614371880834304,v2,self
death_3,8,-0.5,0.0001115623745135963,0.11562248691916466,0.11655199527740479,0.007975053159989321,v2,self
death_3,8,0.0,0.0,0.11655199527740479,0.11655199527740479,0.0,v2,self
death_3,8,0.5,0.0002815432962961495,0.11837867274880409,0.11655199527740479,-0.01567264006979582,v2,self
death_3,8,1.0,0.0011129349586553872,0.11732100695371628,0.11655199527740479,-0.00659801382619982,v2,self
death_3,8,1.5,0.0027231452986598015,0.11407444253563881,0.11655199527740479,0.021257059871597785,v2,self
death_3,8,2.0,0.005337865091860294,0.11062026023864746,0.11655199527740479,0.050893466256319624,v2,self
death_3,16,-0.5,0.0008985659515019506,0.12158055976033211,0.11655199527740479,-0.04314438779841446,v2,self
death_3,16,0.0,0.0,0.11655199527740479,0.11655199527740479,0.0,v2,self
death_3,16,0.5,0.0014392914017662406,0.11006250977516174,0.11655199527740479,0.05567888809451483,v2,self
death_3,16,1.0,0.007549752946943045,0.10219843685626984,0.11655199527740479,0.12315154611443692,v2,self
death_3,16,1.5,0.019281725399196148,0.09776121005415916,0.11655199527740479,0.16122233839516667,v2,self
death_3,16,2.0,0.03669639676809311,0.09627368301153183,0.11655199527740479,0.17398511469159023,v2,self
death_3,24,-0.5,0.005401680478826165,0.1521681845188141,0.11655199527740479,-0.30558197786867053,v2,self
death_3,24,0.0,0.0,0.11655199527740479,0.11655199527740479,0.0,v2,self
death_3,24,0.5,0.006559940055012703,0.08305815234780312,0.11655199527740479,0.2873725400400324,v2,self
death_3,24,1.0,0.028821161948144436,0.05712715536355972,0.11655199527740479,0.5098569078324942,v2,self
death_3,24,1.5,0.06366368010640144,0.04747231677174568,0.11655199527740479,0.5926940876579841,v2,self
death_3,24,2.0,0.09962808340787888,0.05203555151820183,0.11655199527740479,0.5535421646420357,v2,self
death_3,28,-0.5,0.013007414061576128,0.17663010209798813,0.11655199527740479,-0.5154618475435943,v2,self
death_3,28,0.0,0.0,0.11655199527740479,0.11655199527740479,0.0,v2,self
death_3,28,0.5,0.013642847537994385,0.0637088343501091,0.11655199527740479,0.4533870123932581,v2,self
death_3,28,1.0,0.04898944869637489,0.0339366402477026,0.11655199527740479,0.7088283202108194,v2,self
death_3,28,1.5,0.09361258149147034,0.025486408732831478,0.11655199527740479,0.7813301379168035,v2,self
death_3,28,2.0,0.1515623703598976,0.037044839933514595,0.11655199527740479,0.6821603967796144,v2,self
death_4,8,-0.5,6.86789135215804e-05,0.18549586087465286,0.18689978122711182,0.007511621165318411,v2,self
death_4,8,0.0,0.0,0.18689978122711182,0.18689978122711182,0.0,v2,self
death_4,8,0.5,4.757428541779518e-05,0.18809496611356735,0.18689978122711182,-0.006394790184388731,v2,self
death_4,8,1.0,0.00024383969139307737,0.1894553005695343,0.18689978122711182,-0.013673206708129522,v2,self
death_4,8,1.5,0.0005441390676423907,0.18939213454723358,0.18689978122711182,-0.0133352393660278,v2,self
death_4,8,2.0,0.0010530120925977826,0.18929343670606613,0.18689978122711182,-0.012807160410988698,v2,self
death_4,16,-0.5,0.0012356880470179021,0.2058096081018448,0.18689978122711182,-0.10117629218492578,v2,self
death_4,16,0.0,0.0,0.18689978122711182,0.18689978122711182,0.0,v2,self
death_4,16,0.5,0.001325387042015791,0.16804823279380798,0.18689978122711182,0.1008644756539138,v2,self
death_4,16,1.0,0.006208803737536073,0.14674460887908936,0.18689978122711182,0.2148486856666129,v2,self
death_4,16,1.5,0.014081952162086964,0.13123442977666855,0.18689978122711182,0.2978352948567733,v2,self
death_4,16,2.0,0.026441249065101147,0.12202823534607887,0.18689978122711182,0.3470926795906952,v2,self
death_4,24,-0.5,0.010408512316644192,0.24921150505542755,0.18689978122711182,-0.3333964513987176,v2,self
death_4,24,0.0,0.0,0.18689978122711182,0.18689978122711182,0.0,v2,self
death_4,24,0.5,0.01280522020533681,0.125459723174572,0.18689978122711182,0.32873263761545424,v2,self
death_4,24,1.0,0.04795720614492893,0.07935081794857979,0.18689978122711182,0.5754365391570126,v2,self
death_4,24,1.5,0.09223149716854095,0.051833633333444595,0.18689978122711182,0.7226661636887697,v2,self
death_4,24,2.0,0.14620544761419296,0.05223146080970764,0.18689978122711182,0.7205376032717854,v2,self
death_4,28,-0.5,0.011009030509740114,0.25023140013217926,0.18689978122711182,-0.33885336028355134,v2,self
death_4,28,0.0,0.0,0.18689978122711182,0.18689978122711182,0.0,v2,self
death_4,28,0.5,0.016440805047750473,0.11638770252466202,0.18689978122711182,0.37727213076170935,v2,self
death_4,28,1.0,0.08441612496972084,0.05591457709670067,0.18689978122711182,0.7008312330298776,v2,self
death_4,28,1.5,0.21843595057725906,0.04731272719800472,0.18689978122711182,0.7468550958841812,v2,self
death_4,28,2.0,0.3545933961868286,0.0983012281358242,0.18689978122711182,0.4740431075391513,v2,self
death_5,8,-0.5,0.0001381987240165472,0.2528630346059799,0.252194419503212,-0.0026511891265676036,v2,self
death_5,8,0.0,0.0,0.252194419503212,0.252194419503212,0.0,v2,self
death_5,8,0.5,0.0001213016512338072,0.2523577958345413,0.252194419503212,-0.0006478189789098998,v2,self
death_5,8,1.0,0.0004449792904779315,0.2541634738445282,0.252194419503212,-0.007807684028833735,v2,self
death_5,8,1.5,0.0011141605209559202,0.2577100321650505,0.252194419503212,-0.021870478627970924,v2,self
death_5,8,2.0,0.002251342637464404,0.2622808963060379,0.252194419503212,-0.039994845336763944,v2,self
death_5,16,-0.5,0.0006187603576108813,0.25461628288030624,0.252194419503212,-0.00960316006145181,v2,self
death_5,16,0.0,0.0,0.252194419503212,0.252194419503212,0.0,v2,self
death_5,16,0.5,0.0009089091327041388,0.2533547729253769,0.252194419503212,-0.004601027352035197,v2,self
death_5,16,1.0,0.004525723867118359,0.25419969111680984,0.252194419503212,-0.007951292568439764,v2,self
death_5,16,1.5,0.014250028412789106,0.254323810338974,0.252194419503212,-0.008443449462349836,v2,self
death_5,16,2.0,0.03681480698287487,0.2572531923651695,0.252194419503212,-0.0200590198305047,v2,self
death_5,24,-0.5,0.01257121842354536,0.32089634239673615,0.252194419503212,-0.2724165071886104,v2,self
death_5,24,0.0,0.0,0.252194419503212,0.252194419503212,0.0,v2,self
death_5,24,0.5,0.01817341148853302,0.18345370143651962,0.252194419503212,0.2725703376073984,v2,self
death_5,24,1.0,0.07396292313933372,0.13794923201203346,0.252194419503212,0.45300442300121346,v2,self
death_5,24,1.5,0.15990398824214935,0.13142697885632515,0.252194419503212,0.4788664272777404,v2,self
death_5,24,2.0,0.25818826258182526,0.16663040965795517,0.252194419503212,0.3392779666330684,v2,self
death_5,28,-0.5,0.020874436013400555,0.35120104253292084,0.252194419503212,-0.3925805464876589,v2,self
death_5,28,0.0,0.0,0.252194419503212,0.252194419503212,0.0,v2,self
death_5,28,0.5,0.03311374969780445,0.14074375480413437,0.252194419503212,0.44192359576639306,v2,self
death_5,28,1.0,0.1263451837003231,0.06651361100375652,0.252194419503212,0.7362605757305054,v2,self
death_5,28,1.5,0.2510354593396187,0.04969257675111294,0.252194419503212,0.8029592532261403,v2,self
death_5,28,2.0,0.37169966101646423,0.10442151874303818,0.252194419503212,0.58594833720455,v2,self
power_1,8,-0.5,0.0003948778903577477,0.18361255526542664,0.17924155294895172,-0.024386099342264586,v2,self
power_1,8,0.0,0.0,0.17924155294895172,0.17924155294895172,0.0,v2,self
power_1,8,0.5,0.0005307168466970325,0.17657632380723953,0.17924155294895172,0.014869482538299868,v2,self
power_1,8,1.0,0.0023824562085792422,0.1752123087644577,0.17924155294895172,0.02247940903324774,v2,self
power_1,8,1.5,0.00553290150128305,0.1765398010611534,0.17924155294895172,0.015073245256738947,v2,self
power_1,8,2.0,0.010877266526222229,0.18097084015607834,0.17924155294895172,-0.009647803082910808,v2,self
power_1,16,-0.5,0.0020078541710972786,0.19553977996110916,0.17924155294895172,-0.09092884291623607,v2,self
power_1,16,0.0,0.0,0.17924155294895172,0.17924155294895172,0.0,v2,self
power_1,16,0.5,0.001999111147597432,0.16538289934396744,0.17924155294895172,0.07731830804284122,v2,self
power_1,16,1.0,0.006928616669028997,0.15591619908809662,0.17924155294895172,0.13013362960260783,v2,self
power_1,16,1.5,0.013451936189085245,0.14852311462163925,0.17924155294895172,0.1713801170650487,v2,self
power_1,16,2.0,0.023427237756550312,0.14881569147109985,0.17924155294895172,0.16974781225264882,v2,self
power_1,24,-0.5,0.004372005118057132,0.20961983501911163,0.17924155294895172,-0.16948236371736689,v2,self
power_1,24,0.0,0.0,0.17924155294895172,0.17924155294895172,0.0,v2,self
power_1,24,0.5,0.00492351851426065,0.146902933716774,0.17924155294895172,0.18041920916288773,v2,self
power_1,24,1.0,0.020568023435771465,0.11591260135173798,0.17924155294895172,0.3533162403209591,v2,self
power_1,24,1.5,0.046955086290836334,0.09443626925349236,0.17924155294895172,0.4731340601563079,v2,self
power_1,24,2.0,0.0868733637034893,0.08949971199035645,0.17924155294895172,0.5006754264406195,v2,self
power_1,28,-0.5,0.010680642444640398,0.24040913581848145,0.17924155294895172,-0.34125782701152085,v2,self
power_1,28,0.0,0.0,0.17924155294895172,0.17924155294895172,0.0,v2,self
power_1,28,0.5,0.020022266544401646,0.09804446995258331,0.17924155294895172,0.4530036794508998,v2,self
power_1,28,1.0,0.08914831280708313,0.03515179269015789,0.17924155294895172,0.8038859175686277,v2,self
power_1,28,1.5,0.20210114121437073,0.025283182971179485,0.17924155294895172,0.85894351753145,v2,self
power_1,28,2.0,0.3200311064720154,0.08157997950911522,0.17924155294895172,0.5448601166028207,v2,self
power_2,8,-0.5,0.0002284272777615115,0.09626337885856628,0.09640064463019371,0.0014239092710842003,v2,self
power_2,8,0.0,0.0,0.09640064463019371,0.09640064463019371,0.0,v2,self
power_2,8,0.5,0.0003502838662825525,0.09913406893610954,0.09640064463019371,-0.028354834310513468,v2,self
power_2,8,1.0,0.0013284481829032302,0.10253274440765381,0.09640064463019371,-0.06361056817600844,v2,self
power_2,8,1.5,0.0033090267097577453,0.1107802540063858,0.09640064463019371,-0.14916507489503078,v2,self
power_2,8,2.0,0.009216348174959421,0.1317524090409279,0.09640064463019371,-0.3667170955790645,v2,self
power_2,16,-0.5,0.0011888854205608368,0.10518863424658775,0.09640064463019371,-0.0911611084148451,v2,self
power_2,16,0.0,0.0,0.09640064463019371,0.09640064463019371,0.0,v2,self
power_2,16,0.5,0.0010853596031665802,0.09198083728551865,0.09640064463019371,0.04584831731810571,v2,self
power_2,16,1.0,0.003749330760911107,0.09248063340783119,0.09640064463019371,0.04066374490959295,v2,self
power_2,16,1.5,0.011478283442556858,0.10911457613110542,0.09640064463019371,-0.13188637430469602,v2,self
power_2,16,2.0,0.06295832060277462,0.19052856415510178,0.09640064463019371,-0.9764241710830448,v2,self
power_2,24,-0.5,0.011152358260005713,0.15069524198770523,0.09640064463019371,-0.5632181980296206,v2,self
power_2,24,0.0,0.0,0.09640064463019371,0.09640064463019371,0.0,v2,self
power_2,24,0.5,0.007674670312553644,0.06215716525912285,0.09640064463019371,0.3552204396810168,v2,self
power_2,24,1.0,0.025034025311470032,0.04100147634744644,0.09640064463019371,0.5746763260273434,v2,self
power_2,24,1.5,0.04473618604242802,0.029825763776898384,0.09640064463019371,0.6906061791255218,v2,self
power_2,24,2.0,0.06487856432795525,0.023692553862929344,0.09640064463019371,0.7542282631634126,v2,self
power_2,28,-0.5,0.01549995131790638,0.15458373725414276,0.09640064463019371,-0.6035550161220135,v2,self
power_2,28,0.0,0.0,0.09640064463019371,0.09640064463019371,0.0,v2,self
power_2,28,0.5,0.01329882349818945,0.05489347502589226,0.09640064463019371,0.430569419566941,v2,self
power_2,28,1.0,0.04058006592094898,0.030008217319846153,0.09640064463019371,0.6887135201744569,v2,self
power_2,28,1.5,0.0743563286960125,0.020211901515722275,0.09640064463019371,0.7903343738700302,v2,self
power_2,28,2.0,0.10698883607983589,0.03902294114232063,0.09640064463019371,0.5952004129016142,v2,self
power_3,8,-0.5,0.0001794653362594545,0.24818997085094452,0.24881026148796082,0.0024930267477987858,v2,self
power_3,8,0.0,0.0,0.24881026148796082,0.24881026148796082,0.0,v2,self
power_3,8,0.5,0.00017545910668559372,0.24638932943344116,0.24881026148796082,0.009730032998003159,v2,self
power_3,8,1.0,0.0007195495418272913,0.24390661716461182,0.24881026148796082,0.01970836851351596,v2,self
power_3,8,1.5,0.0016174523625522852,0.24390961229801178,0.24881026148796082,0.01969633069247895,v2,self
power_3,8,2.0,0.003015769994817674,0.2442135065793991,0.24881026148796082,0.018474941029649333,v2,self
power_3,16,-0.5,0.0012981346808373928,0.266126811504364,0.24881026148796082,-0.06959741094617633,v2,self
power_3,16,0.0,0.0,0.24881026148796082,0.24881026148796082,0.0,v2,self
power_3,16,0.5,0.0017020117957144976,0.22900768369436264,0.24881026148796082,0.0795890719103495,v2,self
power_3,16,1.0,0.007212998811155558,0.2149282544851303,0.24881026148796082,0.13617608373628093,v2,self
power_3,16,1.5,0.019211573526263237,0.20511885732412338,0.24881026148796082,0.17560129514976427,v2,self
power_3,16,2.0,0.04012451693415642,0.208364337682724,0.24881026148796082,0.16255729793199816,v2,self
power_3,24,-0.5,0.009412053041160107,0.31535743176937103,0.24881026148796082,-0.26746151820040687,v2,self
power_3,24,0.0,0.0,0.24881026148796082,0.24881026148796082,0.0,v2,self
power_3,24,0.5,0.012126908637583256,0.1802082061767578,0.24881026148796082,0.2757203617766482,v2,self
power_3,24,1.0,0.050982292741537094,0.11608807370066643,0.24881026148796082,0.5334273071921369,v2,self
power_3,24,1.5,0.10376368835568428,0.07283789291977882,0.24881026148796082,0.7072552696010762,v2,self
power_3,24,2.0,0.17708852887153625,0.037847863510251045,0.24881026148796082,0.8478846359313746,v2,self
power_3,28,-0.5,0.016681719571352005,0.3381417691707611,0.24881026148796082,-0.3590346601806967,v2,self
power_3,28,0.0,0.0,0.24881026148796082,0.24881026148796082,0.0,v2,self
power_3,28,0.5,0.026705754920840263,0.14515600726008415,0.24881026148796082,0.4165995952417428,v2,self
power_3,28,1.0,0.10854338482022285,0.06581495702266693,0.24881026148796082,0.7354813397603719,v2,self
power_3,28,1.5,0.22850291430950165,0.024212351068854332,0.24881026148796082,0.9026874899609962,v2,self
power_3,28,2.0,0.33094222843647003,0.03722864016890526,0.24881026148796082,0.8503733730824978,v2,self
power_4,8,-0.5,0.00025913299759849906,0.12251001596450806,0.12174111604690552,-0.0063158605947582274,v2,self
power_4,8,0.0,0.0,0.12174111604690552,0.12174111604690552,0.0,v2,self
power_4,8,0.5,0.00019673543283715844,0.12246911600232124,0.12174111604690552,-0.005979902099264765,v2,self
power_4,8,1.0,0.0006126526859588921,0.12213539704680443,0.12174111604690552,-0.0032386839607006592,v2,self
power_4,8,1.5,0.0014462239923886955,0.12331373244524002,0.12174111604690552,-0.012917709722067862,v2,self
power_4,8,2.0,0.003256323398090899,0.1259395033121109,0.12174111604690552,-0.034486190052568526,v2,self
power_4,16,-0.5,0.0006495067500509322,0.12719746679067612,0.12174111604690552,-0.04481929294675044,v2,self
power_4,16,0.0,0.0,0.12174111604690552,0.12174111604690552,0.0,v2,self
power_4,16,0.5,0.0008228033548220992,0.11640578135848045,0.12174111604690552,0.04382524870537098,v2,self
power_4,16,1.0,0.0039056992391124368,0.10968634486198425,0.12174111604690552,0.09901971968350194,v2,self
power_4,16,1.5,0.017811855766922235,0.10637588798999786,0.12174111604690552,0.12621231475311595,v2,self
power_4,16,2.0,0.10858561843633652,0.17325542122125626,0.12174111604690552,-0.4231463193955183,v2,self
power_4,24,-0.5,0.004454266745597124,0.15106675773859024,0.12174111604690552,-0.24088527067869062,v2,self
power_4,24,0.0,0.0,0.12174111604690552,0.12174111604690552,0.0,v2,self
power_4,24,0.5,0.007109204772859812,0.09193095564842224,0.12174111604690552,0.24486518085638173,v2,self
power_4,24,1.0,0.03573484532535076,0.0676843486726284,0.12174111604690552,0.4440304896946208,v2,self
power_4,24,1.5,0.09495395421981812,0.0684780441224575,0.12174111604690552,0.43751095483572155,v2,self
power_4,24,2.0,0.1717555895447731,0.10272452980279922,0.12174111604690552,0.15620512495367145,v2,self
power_4,28,-0.5,0.008028215263038874,0.15572978556156158,0.12174111604690552,-0.2791880887765199,v2,self
power_4,28,0.0,0.0,0.12174111604690552,0.12174111604690552,0.0,v2,self
power_4,28,0.5,0.012017987202852964,0.08550537377595901,0.12174111604690552,0.297645885363703,v2,self
power_4,28,1.0,0.0568292997777462,0.05853472650051117,0.12174111604690552,0.5191868745645606,v2,self
power_4,28,1.5,0.15144503116607666,0.06946536898612976,0.12174111604690552,0.4294009185905153,v2,self
power_4,28,2.0,0.27994871139526367,0.1397620514035225,0.12174111604690552,-0.14802669748545516,v2,self
power_5,8,-0.5,0.0002398677752353251,0.3147420436143875,0.3084346354007721,-0.020449740365311865,v2,self
power_5,8,0.0,0.0,0.3084346354007721,0.3084346354007721,0.0,v2,self
power_5,8,0.5,0.0002727279788814485,0.3026428669691086,0.3084346354007721,0.018777944390511905,v2,self
power_5,8,1.0,0.0009334244532510638,0.2970525324344635,0.3084346354007721,0.03690280422469085,v2,self
power_5,8,1.5,0.002064364030957222,0.29129788279533386,0.3084346354007721,0.055560402881379305,v2,self
power_5,8,2.0,0.00384519062936306,0.28656481206417084,0.3084346354007721,0.07090586084206843,v2,self
power_5,16,-0.5,0.006217308342456818,0.3500923812389374,0.3084346354007721,-0.13506182852660586,v2,self
power_5,16,0.0,0.0,0.3084346354007721,0.3084346354007721,0.0,v2,self
power_5,16,0.5,0.008694983087480068,0.26777034997940063,0.3084346354007721,0.1318408529850525,v2,self
power_5,16,1.0,0.03715353086590767,0.2433466762304306,0.3084346354007721,0.21102675153770542,v2,self
power_5,16,1.5,0.08647670596837997,0.2491084337234497,0.3084346354007721,0.19234610795326354,v2,self
power_5,16,2.0,0.14703577011823654,0.27553266286849976,0.3084346354007721,0.10667405263847997,v2,self
power_5,24,-0.5,0.008680745027959347,0.36525432765483856,0.3084346354007721,-0.184219558157716,v2,self
power_5,24,0.0,0.0,0.3084346354007721,0.3084346354007721,0.0,v2,self
power_5,24,0.5,0.015409808605909348,0.2201750949025154,0.3084346354007721,0.28615314354555055,v2,self
power_5,24,1.0,0.07561222836375237,0.11723744869232178,0.3084346354007721,0.6198953190195827,v2,self
power_5,24,1.5,0.1744358167052269,0.04978877119719982,0.3084346354007721,0.8385759396557213,v2,self
power_5,24,2.0,0.24419347941875458,0.06013472005724907,0.3084346354007721,0.8050325315147842,v2,self
power_5,28,-0.5,0.013732420280575752,0.3848736137151718,0.3084346354007721,-0.24782877647666535,v2,self
power_5,28,0.0,0.0,0.3084346354007721,0.3084346354007721,0.0,v2,self
power_5,28,0.5,0.03759154677391052,0.16717296838760376,0.3084346354007721,0.45799547391821455,v2,self
power_5,28,1.0,0.20191697776317596,0.04773796536028385,0.3084346354007721,0.8452250172933583,v2,self
power_5,28,1.5,0.4349885582923889,0.1412472352385521,0.3084346354007721,0.5420513164644463,v2,self
power_5,28,2.0,0.625115156173706,0.5288161635398865,0.3084346354007721,-0.7145161497597579,v2,self
profanity_1,8,-0.5,0.00025961780920624733,0.16401391476392746,0.16568520665168762,0.010087152145536097,v2,self
profanity_1,8,0.0,0.0,0.16568520665168762,0.16568520665168762,0.0,v2,self
profanity_1,8,0.5,0.00034770340425893664,0.16873277723789215,0.16568520665168762,-0.01839373983829043,v2,self
profanity_1,8,1.0,0.0019161812961101532,0.17447523772716522,0.16568520665168762,-0.05305260048929098,v2,self
profanity_1,8,1.5,0.0062125977128744125,0.18434730172157288,0.16568520665168762,-0.11263585595253363,v2,self
profanity_1,8,2.0,0.015699672978371382,0.20479470491409302,0.16568520665168762,-0.23604701380868295,v2,self
profanity_1,16,-0.5,0.0014503913116641343,0.1674618497490883,0.16568520665168762,-0.010723003781113785,v2,self
profanity_1,16,0.0,0.0,0.16568520665168762,0.16568520665168762,0.0,v2,self
profanity_1,16,0.5,0.0015510625089518726,0.1704709827899933,0.16568520665168762,-0.028884752205829582,v2,self
profanity_1,16,1.0,0.006840856280177832,0.18155131489038467,0.16568520665168762,-0.09576056039844065,v2,self
profanity_1,16,1.5,0.019111037254333496,0.20272842794656754,0.16568520665168762,-0.22357591268093216,v2,self
profanity_1,16,2.0,0.04930595122277737,0.24722949415445328,0.16568520665168762,-0.4921639605048896,v2,self
profanity_1,24,-0.5,0.008223108015954494,0.2078530415892601,0.16568520665168762,-0.25450573282755395,v2,self
profanity_1,24,0.0,0.0,0.16568520665168762,0.16568520665168762,0.0,v2,self
profanity_1,24,0.5,0.008215838577598333,0.12720827013254166,0.16568520665168762,0.2322291609294622,v2,self
profanity_1,24,1.0,0.03444886952638626,0.0920524075627327,0.16568520665168762,0.4444138410241402,v2,self
profanity_1,24,1.5,0.08296628296375275,0.05990663357079029,0.16568520665168762,0.6384310055107741,v2,self
profanity_1,24,2.0,0.13697625696659088,0.08499739691615105,0.16568520665168762,0.4869946530903199,v2,self
profanity_1,28,-0.5,0.009631059132516384,0.19547443091869354,0.16568520665168762,-0.1797941099812878,v2,self
profanity_1,28,0.0,0.0,0.16568520665168762,0.16568520665168762,0.0,v2,self
profanity_1,28,0.5,0.010615719482302666,0.11684515699744225,0.16568520665168762,0.29477616403569185,v2,self
profanity_1,28,1.0,0.04867994412779808,0.0684798825532198,0.16568520665168762,0.5866868024181429,v2,self
profanity_1,28,1.5,0.11513511836528778,0.06079218536615372,0.16568520665168762,0.6330862205824185,v2,self
profanity_1,28,2.0,0.23887699097394943,0.16526713222265244,0.16568520665168762,0.0025233057162072736,v2,self
profanity_2,8,-0.5,0.0005884800339117646,0.3177880495786667,0.30333317816257477,-0.04765344662806609,v2,self
profanity_2,8,0.0,0.0,0.30333317816257477,0.30333317816257477,0.0,v2,self
profanity_2,8,0.5,0.0007696029497310519,0.28616049885749817,0.30333317816257477,0.056613257438896815,v2,self
profanity_2,8,1.0,0.0034757177345454693,0.2675440013408661,0.30333317816257477,0.11798635757057566,v2,self
profanity_2,8,1.5,0.00807710294611752,0.2522248178720474,0.30333317816257477,0.16848918604985325,v2,self
profanity_2,8,2.0,0.014392878860235214,0.23953428119421005,0.30333317816257477,0.21032614155439006,v2,self
profanity_2,16,-0.5,0.0031640930101275444,0.34276023507118225,0.30333317816257477,-0.12997937498111767,v2,self
profanity_2,16,0.0,0.0,0.30333317816257477,0.30333317816257477,0.0,v2,self
profanity_2,16,0.5,0.00504670012742281,0.2567082643508911,0.30333317816257477,0.15370858570141152,v2,self
profanity_2,16,1.0,0.021428149193525314,0.2149118110537529,0.30333317816257477,0.2914991615636304,v2,self
profanity_2,16,1.5,0.049279920756816864,0.1925782486796379,0.30333317816257477,0.36512632793362465,v2,self
profanity_2,16,2.0,0.07308988273143768,0.1943843737244606,0.30333317816257477,0.3591720664981852,v2,self
profanity_2,24,-0.5,0.009933363646268845,0.3601262718439102,0.30333317816257477,-0.18723007494714794,v2,self
profanity_2,24,0.0,0.0,0.30333317816257477,0.30333317816257477,0.0,v2,self
profanity_2,24,0.5,0.01299877930432558,0.22748512029647827,0.30333317816257477,0.25004867032858796,v2,self
profanity_2,24,1.0,0.058418672531843185,0.13952430337667465,0.30333317816257477,0.5400295337890962,v2,self
profanity_2,24,1.5,0.13993844389915466,0.0667567178606987,0.30333317816257477,0.7799227955706194,v2,self
profanity_2,24,2.0,0.23223357647657394,0.04347250796854496,0.30333317816257477,0.8566839663505408,v2,self
profanity_2,28,-0.5,0.010424123611301184,0.3687068372964859,0.30333317816257477,-0.21551766783280593,v2,self
profanity_2,28,0.0,0.0,0.30333317816257477,0.30333317816257477,0.0,v2,self
profanity_2,28,0.5,0.025399286299943924,0.18927066028118134,0.30333317816257477,0.3760304710889897,v2,self
profanity_2,28,1.0,0.14411932975053787,0.05663370154798031,0.30333317816257477,0.8132953938931572,v2,self
profanity_2,28,1.5,0.3188663572072983,0.01953176036477089,0.30333317816257477,0.9356095482759798,v2,self
profanity_2,28,2.0,0.4267417937517166,0.050191570073366165,0.30333317816257477,0.8345332008275552,v2,self
profanity_3,8,-0.5,0.0005425480776466429,0.1115911528468132,0.10571766272187233,-0.05555826693211298,v2,self
profanity_3,8,0.0,0.0,0.10571766272187233,0.10571766272187233,0.0,v2,self
profanity_3,8,0.5,0.00048086338210850954,0.10219179466366768,0.10571766272187233,0.03335174054576569,v2,self
profanity_3,8,1.0,0.0020946116419509053,0.0999695286154747,0.10571766272187233,0.05437250463548487,v2,self
profanity_3,8,1.5,0.005127369659021497,0.10173775255680084,0.10571766272187233,0.03764659625082752,v2,self
profanity_3,8,2.0,0.010450554545968771,0.10810001567006111,0.10571766272187233,-0.0225350512568217,v2,self
profanity_3,16,-0.5,0.0014980571577325463,0.11643579602241516,0.10571766272187233,-0.10138450874326146,v2,self
profanity_3,16,0.0,0.0,0.10571766272187233,0.10571766272187233,0.0,v2,self
profanity_3,16,0.5,0.001683037611655891,0.10123419761657715,0.10571766272187233,0.0424098016344773,v2,self
profanity_3,16,1.0,0.008046765811741352,0.10477876663208008,0.10571766272187233,0.008881165792156694,v2,self
profanity_3,16,1.5,0.02015440445393324,0.11655974388122559,0.10571766272187233,-0.10255695103548763,v2,self
profanity_3,16,2.0,0.04518038220703602,0.1404733806848526,0.10571766272187233,-0.32875980293300155,v2,self
profanity_3,24,-0.5,0.005028935614973307,0.1370198130607605,0.10571766272187233,-0.2960919635656299,v2,self
profanity_3,24,0.0,0.0,0.10571766272187233,0.10571766272187233,0.0,v2,self
profanity_3,24,0.5,0.006007860880345106,0.07594479992985725,0.10571766272187233,0.28162619211837014,v2,self
profanity_3,24,1.0,0.0249708890914917,0.05030686780810356,0.10571766272187233,0.5241394246441717,v2,self
profanity_3,24,1.5,0.06317540630698204,0.033796124160289764,0.10571766272187233,0.6803171457809996,v2,self
profanity_3,24,2.0,0.1192256435751915,0.041306860744953156,0.10571766272187233,0.6092719070641446,v2,self
profanity_3,28,-0.5,0.005778492195531726,0.14242956042289734,0.10571766272187233,-0.3472636147623565,v2,self
profanity_3,28,0.0,0.0,0.10571766272187233,0.10571766272187233,0.0,v2,self
profanity_3,28,0.5,0.009457890409976244,0.0625736340880394,0.10571766272187233,0.40810615296460484,v2,self
profanity_3,28,1.0,0.04462520591914654,0.02525799348950386,0.10571766272187233,0.7610806667571346,v2,self
profanity_3,28,1.5,0.10073127970099449,0.01725719217211008,0.10571766272187233,0.8367615048630878,v2,self
profanity_3,28,2.0,0.16689534485340118,0.046632153913378716,0.10571766272187233,0.5588991213695191,v2,self
profanity_4,8,-0.5,0.00032907888817135245,0.3653145879507065,0.36428962647914886,-0.0028135895097092033,v2,self
profanity_4,8,0.0,0.0,0.36428962647914886,0.36428962647914886,0.0,v2,self
profanity_4,8,0.5,0.0003639229107648134,0.36228662729263306,0.36428962647914886,0.005498370090509441,v2,self
profanity_4,8,1.0,0.001337684050668031,0.35684284567832947,0.36428962647914886,0.02044192384173101,v2,self
profanity_4,8,1.5,0.002672172267921269,0.35145410895347595,0.36428962647914886,0.03523437559759223,v2,self
profanity_4,8,2.0,0.004635948687791824,0.3393579125404358,0.36428962647914886,0.06843926405392746,v2,self
profanity_4,16,-0.5,0.0015433219377882779,0.38164015114307404,0.36428962647914886,-0.04762837973624889,v2,self
profanity_4,16,0.0,0.0,0.36428962647914886,0.36428962647914886,0.0,v2,self
profanity_4,16,0.5,0.002038927166722715,0.34672878682613373,0.36428962647914886,0.04820570880027593,v2,self
profanity_4,16,1.0,0.009903764352202415,0.33266837894916534,0.36428962647914886,0.08680249238937209,v2,self
profanity_4,16,1.5,0.02917250618338585,0.3350159525871277,0.36428962647914886,0.0803582418059789,v2,self
profanity_4,16,2.0,0.06254901923239231,0.3493049442768097,0.36428962647914886,0.04113397997951738,v2,self
profanity_4,24,-0.5,0.010689685121178627,0.4159838557243347,0.36428962647914886,-0.141904203380177,v2,self
profanity_4,24,0.0,0.0,0.36428962647914886,0.36428962647914886,0.0,v2,self
profanity_4,24,0.5,0.028199542313814163,0.2694922015070915,0.36428962647914886,0.26022543076033305,v2,self
profanity_4,24,1.0,0.13561397790908813,0.16658807545900345,0.36428962647914886,0.5427043117612942,v2,self
profanity_4,24,1.5,0.2885548919439316,0.14058652520179749,0.36428962647914886,0.6140803498563406,v2,self
profanity_4,24,2.0,0.5302032828330994,0.371160551905632,0.36428962647914886,-0.018861161359137495,v2,self
profanity_4,28,-0.5,0.009097634814679623,0.41611380875110626,0.36428962647914886,-0.1422609333481081,v2,self
profanity_4,28,0.0,0.0,0.36428962647914886,0.36428962647914886,0.0,v2,self
profanity_4,28,0.5,0.021209239028394222,0.2628750056028366,0.36428962647914886,0.2783900871855241,v2,self
profanity_4,28,1.0,0.13381117954850197,0.11970046162605286,0.36428962647914886,0.6714140262983738,v2,self
profanity_4,28,1.5,0.39755336940288544,0.204351507127285,0.36428962647914886,0.4390411028105912,v2,self
profanity_4,28,2.0,0.5908304154872894,0.4166880249977112,0.36428962647914886,-0.14383719631270225,v2,self
profanity_5,8,-0.5,0.00031774980016052723,0.20636148750782013,0.2031307891011238,-0.01590452348948437,v2,self
profanity_5,8,0.0,0.0,0.2031307891011238,0.2031307891011238,0.0,v2,self
profanity_5,8,0.5,0.00015505698684137315,0.20801850408315659,0.2031307891011238,-0.024061911065582205,v2,self
profanity_5,8,1.0,0.0006530910322908312,0.21586180478334427,0.2031307891011238,-0.06267398329202879,v2,self
profanity_5,8,1.5,0.002850479679182172,0.22623153030872345,0.2031307891011238,-0.1137234848041647,v2,self
profanity_5,8,2.0,0.009625020436942577,0.24193008989095688,0.2031307891011238,-0.191006498628417,v2,self
profanity_5,16,-0.5,0.002575600752606988,0.22088714689016342,0.2031307891011238,-0.08741342396991346,v2,self
profanity_5,16,0.0,0.0,0.2031307891011238,0.2031307891011238,0.0,v2,self
profanity_5,16,0.5,0.0032135939691215754,0.19160544872283936,0.2031307891011238,0.056738520188324766,v2,self
profanity_5,16,1.0,0.014722680673003197,0.1835322380065918,0.2031307891011238,0.09648242485178031,v2,self
profanity_5,16,1.5,0.03504623472690582,0.18213752657175064,0.2031307891011238,0.10334850084652689,v2,self
profanity_5,16,2.0,0.05961105413734913,0.17714516073465347,0.2031307891011238,0.1279256014386574,v2,self
profanity_5,24,-0.5,0.01275472342967987,0.27432191371917725,0.2031307891011238,-0.350469394290654,v2,self
profanity_5,24,0.0,0.0,0.2031307891011238,0.2031307891011238,0.0,v2,self
profanity_5,24,0.5,0.01692654937505722,0.13415786996483803,0.2031307891011238,0.33954930929721966,v2,self
profanity_5,24,1.0,0.063195014372468,0.08060014992952347,0.2031307891011238,0.6032105704596136,v2,self
profanity_5,24,1.5,0.11838647723197937,0.0590842068195343,0.2031307891011238,0.7091321946762061,v2,self
profanity_5,24,2.0,0.16705281287431717,0.06129351630806923,0.2031307891011238,0.6982559040936147,v2,self
profanity_5,28,-0.5,0.017625429667532444,0.2920525595545769,0.2031307891011238,-0.4377562399424613,v2,self
profanity_5,28,0.0,0.0,0.2031307891011238,0.2031307891011238,0.0,v2,self
profanity_5,28,0.5,0.02480940241366625,0.11293543875217438,0.2031307891011238,0.4440259930465186,v2,self
profanity_5,28,1.0,0.10581179708242416,0.041657596826553345,0.2031307891011238,0.7949222911460502,v2,self
profanity_5,28,1.5,0.19402200728654861,0.02876181248575449,0.2031307891011238,0.858407420100967,v2,self
profanity_5,28,2.0,0.2646651118993759,0.09693951159715652,0.2031307891011238,0.5227729285839701,v2,self
substance_1,8,-0.5,0.00014971471682656556,0.17014745622873306,0.16761835664510727,-0.015088440396659963,v2,self
substance_1,8,0.0,0.0,0.16761835664510727,0.16761835664510727,0.0,v2,self
substance_1,8,0.5,0.00011458052904345095,0.1647186055779457,0.16761835664510727,0.017299722567386256,v2,self
substance_1,8,1.0,0.0004266207106411457,0.16271530836820602,0.16761835664510727,0.029251260870444547,v2,self
substance_1,8,1.5,0.0012145136715844274,0.1637403443455696,0.16761835664510727,0.023135964205569945,v2,self
substance_1,8,2.0,0.004403277300298214,0.1733868345618248,0.16761835664510727,-0.03441435670993324,v2,self
substance_1,16,-0.5,0.0017321371124126017,0.19035595655441284,0.16761835664510727,-0.1356510131968847,v2,self
substance_1,16,0.0,0.0,0.16761835664510727,0.16761835664510727,0.0,v2,self
substance_1,16,0.5,0.0014121981803327799,0.1519346535205841,0.16761835664510727,0.09356793276365155,v2,self
substance_1,16,1.0,0.005502788815647364,0.14801665395498276,0.16761835664510727,0.1169424583467701,v2,self
substance_1,16,1.5,0.020958933979272842,0.1797797903418541,0.16761835664510727,-0.07255430693963802,v2,self
substance_1,16,2.0,0.07347473502159119,0.2675316631793976,0.16761835664510727,-0.5960761609531432,v2,self
substance_1,24,-0.5,0.010564324911683798,0.23229124397039413,0.16761835664510727,-0.3858341569486724,v2,self
substance_1,24,0.0,0.0,0.16761835664510727,0.16761835664510727,0.0,v2,self
substance_1,24,0.5,0.013758349698036909,0.10889347642660141,0.16761835664510727,0.3503487409964416,v2,self
substance_1,24,1.0,0.05446767061948776,0.07125591859221458,0.16761835664510727,0.574891915071794,v2,self
substance_1,24,1.5,0.107096828520298,0.05596745200455189,0.16761835664510727,0.6661018928669614,v2,self
substance_1,24,2.0,0.1617162898182869,0.05695158801972866,0.16761835664510727,0.6602306026641799,v2,self
substance_1,28,-0.5,0.014586637262254953,0.2380085065960884,0.16761835664510727,-0.4199429666287437,v2,self
substance_1,28,0.0,0.0,0.16761835664510727,0.16761835664510727,0.0,v2,self
substance_1,28,0.5,0.016016919165849686,0.10583465918898582,0.16761835664510727,0.3685974417881569,v2,self
substance_1,28,1.0,0.061638450250029564,0.060079388320446014,0.16761835664510727,0.6415703534926661,v2,self
substance_1,28,1.5,0.13964004814624786,0.043599724769592285,0.16761835664510727,0.7398869333750567,v2,self
substance_1,28,2.0,0.2282625436782837,0.09904024004936218,0.16761835664510727,0.40913249579783934,v2,self
substance_2,8,-0.5,0.00021002202993258834,0.24049820750951767,0.24249641597270966,0.008240156685106895,v2,self
substance_2,8,0.0,0.0,0.24249641597270966,0.24249641597270966,0.0,v2,self
substance_2,8,0.5,0.00035922901588492095,0.24753445386886597,0.24249641597270966,-0.02077572105941264,v2,self
substance_2,8,1.0,0.001208464556839317,0.2532176971435547,0.24249641597270966,-0.04421212217854632,v2,self
substance_2,8,1.5,0.00321112631354481,0.2597056031227112,0.24249641597270966,-0.07096676905912801,v2,self
substance_2,8,2.0,0.007240556413307786,0.2700382471084595,0.24249641597270966,-0.11357623998389053,v2,self
substance_2,16,-0.5,0.0011097726528532803,0.2501831650733948,0.24249641597270966,-0.03169840292217012,v2,self
substance_2,16,0.0,0.0,0.24249641597270966,0.24249641597270966,0.0,v2,self
substance_2,16,0.5,0.00124073913320899,0.23568115383386612,0.24249641597270966,0.02810458914003298,v2,self
substance_2,16,1.0,0.0049502248875796795,0.23547939211130142,0.24249641597270966,0.028936608540218275,v2,self
substance_2,16,1.5,0.013527019880712032,0.23997336626052856,0.24249641597270966,0.01040448248301135,v2,self
substance_2,16,2.0,0.031027612276375294,0.25549520552158356,0.24249641597270966,-0.05360404811235138,v2,self
substance_2,24,-0.5,0.007418439956381917,0.29084359109401703,0.24249641597270966,-0.19937274094289428,v2,self
substance_2,24,0.0,0.0,0.24249641597270966,0.24249641597270966,0.0,v2,self
substance_2,24,0.5,0.009308970998972654,0.19226839393377304,0.24249641597270966,0.20712892533879443,v2,self
substance_2,24,1.0,0.04211709648370743,0.13627895712852478,0.24249641597270966,0.43801661322754765,v2,self
substance_2,24,1.5,0.09541257843375206,0.09503990784287453,0.24249641597270966,0.608077061833482,v2,self
substance_2,24,2.0,0.15946722775697708,0.0709444209933281,0.24249641597270966,0.707441362756833,v2,self
substance_2,28,-0.5,0.011122227646410465,0.30645759403705597,0.24249641597270966,-0.26376133357593395,v2,self
substance_2,28,0.0,0.0,0.24249641597270966,0.24249641597270966,0.0,v2,self
substance_2,28,0.5,0.01756687369197607,0.1647963747382164,0.24249641597270966,0.32041727677838155,v2,self
substance_2,28,1.0,0.08290942013263702,0.08415867760777473,0.24249641597270966,0.6529487775306094,v2,self
substance_2,28,1.5,0.20226409286260605,0.0396684892475605,0.24249641597270966,0.8364161833549542,v2,self
substance_2,28,2.0,0.33911706507205963,0.06871941685676575,0.24249641597270966,0.7166167731547035,v2,self
substance_3,8,-0.5,0.00030131469247862697,0.19980307668447495,0.20006880909204483,0.0013282050749231524,v2,self
substance_3,8,0.0,0.0,0.20006880909204483,0.20006880909204483,0.0,v2,self
substance_3,8,0.5,0.0006724497070536017,0.1992204412817955,0.20006880909204483,0.004240380167700321,v2,self
substance_3,8,1.0,0.002229283796623349,0.2035142481327057,0.20006880909204483,-0.0172212703034371,v2,self
substance_3,8,1.5,0.005286428844556212,0.2043880969285965,0.20006880909204483,-0.021589011581333046,v2,self
substance_3,8,2.0,0.011739764362573624,0.21087617427110672,0.20006880909204483,-0.05401824116466745,v2,self
substance_3,16,-0.5,0.0009321108518633991,0.20979060977697372,0.20006880909204483,-0.048592285469426795,v2,self
substance_3,16,0.0,0.0,0.20006880909204483,0.20006880909204483,0.0,v2,self
substance_3,16,0.5,0.0009755011415109038,0.1938146948814392,0.20006880909204483,0.03125981625515808,v2,self
substance_3,16,1.0,0.004110751673579216,0.19221969693899155,0.20006880909204483,0.03923206315204373,v2,self
substance_3,16,1.5,0.010247396305203438,0.1947178989648819,0.20006880909204483,0.02674534901990226,v2,self
substance_3,16,2.0,0.025602645240724087,0.2089235484600067,0.20006880909204483,-0.044258469914158986,v2,self
substance_3,24,-0.5,0.005985788768157363,0.24671924114227295,0.20006880909204483,-0.23317193850424656,v2,self
substance_3,24,0.0,0.0,0.20006880909204483,0.20006880909204483,0.0,v2,self
substance_3,24,0.5,0.007558310404419899,0.1511847823858261,0.20006880909204483,0.24433607081516062,v2,self
substance_3,24,1.0,0.03140685148537159,0.1106736846268177,0.20006880909204483,0.44682189528153526,v2,self
substance_3,24,1.5,0.07239073514938354,0.08284778147935867,0.20006880909204483,0.5859035606032761,v2,self
substance_3,24,2.0,0.12708203122019768,0.07459962368011475,0.20006880909204483,0.6271301657731465,v2,self
substance_3,28,-0.5,0.01017072331160307,0.2632170766592026,0.20006880909204483,-0.3156327458224904,v2,self
substance_3,28,0.0,0.0,0.20006880909204483,0.20006880909204483,0.0,v2,self
substance_3,28,0.5,0.01712352503091097,0.12277190759778023,0.20006880909204483,0.38635158496246624,v2,self
substance_3,28,1.0,0.08090892806649208,0.05540603771805763,0.20006880909204483,0.7230650896084097,v2,self
substance_3,28,1.5,0.18644001334905624,0.03463156148791313,0.20006880909204483,0.8269017462288171,v2,self
substance_3,28,2.0,0.3218957185745239,0.07851501181721687,0.20006880909204483,0.6075599581287316,v2,self
substance_4,8,-0.5,0.0003002250741701573,0.21509089320898056,0.21658644080162048,0.006905084118399408,v2,self
substance_4,8,0.0,0.0,0.21658644080162048,0.21658644080162048,0.0,v2,self
substance_4,8,0.5,0.0004506027325987816,0.21869228035211563,0.21658644080162048,-0.009722859578379442,v2,self
substance_4,8,1.0,0.0016699251136742532,0.2198929563164711,0.21658644080162048,-0.015266493611569969,v2,self
substance_4,8,1.5,0.003130681114271283,0.2182350978255272,0.21658644080162048,-0.007612004785732518,v2,self
substance_4,8,2.0,0.005306398030370474,0.21165533363819122,0.21658644080162048,0.02276738629241266,v2,self
substance_4,16,-0.5,0.004212541971355677,0.23678798973560333,0.21658644080162048,-0.093272454449197,v2,self
substance_4,16,0.0,0.0,0.21658644080162048,0.21658644080162048,0.0,v2,self
substance_4,16,0.5,0.012032093945890665,0.17237269133329391,0.21658644080162048,0.2041390463072597,v2,self
substance_4,16,1.0,0.05350112542510033,0.12919550389051437,0.21658644080162048,0.40349218809662557,v2,self
substance_4,16,1.5,0.09881042316555977,0.11351326107978821,0.21658644080162048,0.47589858044825994,v2,self
substance_4,16,2.0,0.13735967129468918,0.13571355491876602,0.21658644080162048,0.37339773248745944,v2,self
substance_4,24,-0.5,0.016695912927389145,0.27673497796058655,0.21658644080162048,-0.2777114621596203,v2,self
substance_4,24,0.0,0.0,0.21658644080162048,0.21658644080162048,0.0,v2,self
substance_4,24,0.5,0.020993025973439217,0.14535683393478394,0.21658644080162048,0.3288738048568718,v2,self
substance_4,24,1.0,0.09258618578314781,0.08664262667298317,0.21658644080162048,0.5999628307649122,v2,self
substance_4,24,1.5,0.18733320385217667,0.09064797684550285,0.21658644080162048,0.5814697517074456,v2,self
substance_4,24,2.0,0.26706966757774353,0.13933799415826797,0.21658644080162048,0.3566633550902072,v2,self
substance_4,28,-0.5,0.026539601385593414,0.30223506689071655,0.21658644080162048,-0.3954477749026995,v2,self
substance_4,28,0.0,0.0,0.21658644080162048,0.21658644080162048,0.0,v2,self
substance_4,28,0.5,0.029502213932573795,0.1317588984966278,0.21658644080162048,0.3916567537239755,v2,self
substance_4,28,1.0,0.12651285529136658,0.06856796145439148,0.21658644080162048,0.683415262744008,v2,self
substance_4,28,1.5,0.28290779888629913,0.08896277844905853,0.21658644080162048,0.589250471452445,v2,self
substance_4,28,2.0,0.40466445684432983,0.19991231709718704,0.21658644080162048,0.07698599987478388,v2,self
substance_5,8,-0.5,0.00018980984896188602,0.15072505176067352,0.1480003148317337,-0.01841034549174885,v2,self
substance_5,8,0.0,0.0,0.1480003148317337,0.1480003148317337,0.0,v2,self
substance_5,8,0.5,0.00020358597248559818,0.14479723572731018,0.1480003148317337,0.02164238034267161,v2,self
substance_5,8,1.0,0.0007775555131956935,0.14268934726715088,0.1480003148317337,0.035884839641192885,v2,self
substance_5,8,1.5,0.0024583430495113134,0.13984262943267822,0.1480003148317337,0.05511937868733735,v2,self
substance_5,8,2.0,0.006214717170223594,0.13985725492238998,0.1480003148317337,0.05502055802112195,v2,self
substance_5,16,-0.5,0.0023474404588341713,0.16855236887931824,0.1480003148317337,-0.13886493465200275,v2,self
substance_5,16,0.0,0.0,0.1480003148317337,0.1480003148317337,0.0,v2,self
substance_5,16,0.5,0.0030001779086887836,0.12779343128204346,0.1480003148317337,0.13653270651933477,v2,self
substance_5,16,1.0,0.013230090029537678,0.1130424402654171,0.1480003148317337,0.23620135272050827,v2,self
substance_5,16,1.5,0.035426633432507515,0.11742427200078964,0.1480003148317337,0.2065944445166008,v2,self
substance_5,16,2.0,0.07856231927871704,0.16161880642175674,0.1480003148317337,-0.09201663932611454,v2,self
substance_5,24,-0.5,0.004908632952719927,0.18301548808813095,0.1480003148317337,-0.23658850520829716,v2,self
substance_5,24,0.0,0.0,0.1480003148317337,0.1480003148317337,0.0,v2,self
substance_5,24,0.5,0.007209058618173003,0.1097717359662056,0.1480003148317337,0.2583006590829986,v2,self
substance_5,24,1.0,0.03456304967403412,0.07643522694706917,0.1480003148317337,0.4835468624916722,v2,self
substance_5,24,1.5,0.0897991880774498,0.06860261410474777,0.1480003148317337,0.5364698096572005,v2,self
substance_5,24,2.0,0.18069583922624588,0.1086943931877613,0.1480003148317337,0.26557998669570776,v2,self
substance_5,28,-0.5,0.0096647166647017,0.1970461681485176,0.1480003148317337,-0.3313901958421217,v2,self
substance_5,28,0.0,0.0,0.1480003148317337,0.1480003148317337,0.0,v2,self
substance_5,28,0.5,0.013762545306235552,0.09184721857309341,0.1480003148317337,0.379412005457438,v2,self
substance_5,28,1.0,0.06583953648805618,0.04165554791688919,0.1480003148317337,0.7185441938806095,v2,self
substance_5,28,1.5,0.1720193400979042,0.038387419655919075,0.1480003148317337,0.7406260946163327,v2,self
substance_5,28,2.0,0.3157328963279724,0.13101033866405487,0.1480003148317337,0.11479689206739378,v2,self
neutral_1,8,-0.5,0.003617132781073451,0.23077073693275452,0.2049248069524765,-0.12612396890666275,v2,self
neutral_1,8,0.0,0.0,0.2049248069524765,0.2049248069524765,0.0,v2,self
neutral_1,8,0.5,0.00452269846573472,0.18871592730283737,0.2049248069524765,0.07909671791662629,v2,self
neutral_1,8,1.0,0.017619412392377853,0.17883611470460892,0.2049248069524765,0.12730860961073265,v2,self
neutral_1,8,1.5,0.03368442319333553,0.17727335542440414,0.2049248069524765,0.13493462279793642,v2,self
neutral_1,8,2.0,0.047254132106900215,0.18412542343139648,0.2049248069524765,0.10149763628130946,v2,self
neutral_1,16,-0.5,0.006365306209772825,0.24075725674629211,0.2049248069524765,-0.1748565745977519,v2,self
neutral_1,16,0.0,0.0,0.2049248069524765,0.2049248069524765,0.0,v2,self
neutral_1,16,0.5,0.01745891384780407,0.18240510672330856,0.2049248069524765,0.10989250429983528,v2,self
neutral_1,16,1.0,0.07194264233112335,0.22009054571390152,0.2049248069524765,-0.07400635865887169,v2,self
neutral_1,16,1.5,0.12220950052142143,0.2673928216099739,0.2049248069524765,-0.30483383435361333,v2,self
neutral_1,16,2.0,0.1777559071779251,0.34611454606056213,0.2049248069524765,-0.688983150492017,v2,self
neutral_1,24,-0.5,0.008052632678300142,0.248226135969162,0.2049248069524765,-0.21130350034550657,v2,self
neutral_1,24,0.0,0.0,0.2049248069524765,0.2049248069524765,0.0,v2,self
neutral_1,24,0.5,0.011497429572045803,0.16061890125274658,0.2049248069524765,0.21620567250310876,v2,self
neutral_1,24,1.0,0.049468887969851494,0.14739548414945602,0.2049248069524765,0.28073381480047915,v2,self
neutral_1,24,1.5,0.15136005729436874,0.22027833759784698,0.2049248069524765,-0.07492275275843531,v2,self
neutral_1,24,2.0,0.44653885066509247,0.5164338648319244,0.2049248069524765,-1.5201139506340444,v2,self
neutral_1,28,-0.5,0.009013287257403135,0.21623408794403076,0.2049248069524765,-0.05518746685547427,v2,self
neutral_1,28,0.0,0.0,0.2049248069524765,0.2049248069524765,0.0,v2,self
neutral_1,28,0.5,0.018876672722399235,0.14287133514881134,0.2049248069524765,0.3028109320998692,v2,self
neutral_1,28,1.0,0.08521170541644096,0.08859759196639061,0.2049248069524765,0.567658043533319,v2,self
neutral_1,28,1.5,0.1917169690132141,0.14259320497512817,0.2049248069524765,0.3041681624802187,v2,self
neutral_1,28,2.0,0.3903390020132065,0.3990194499492645,0.2049248069524765,-0.9471505469896572,v2,self
neutral_2,8,-0.5,0.0001491144357714802,0.2228795513510704,0.22270064055919647,-0.0008033690043490255,v2,self
neutral_2,8,0.0,0.0,0.22270064055919647,0.22270064055919647,0.0,v2,self
neutral_2,8,0.5,0.0002105988678522408,0.22107107192277908,0.22270064055919647,0.007317305564661051,v2,self
neutral_2,8,1.0,0.0008437586366198957,0.22244057804346085,0.22270064055919647,0.0011677672551035996,v2,self
neutral_2,8,1.5,0.0022100612986832857,0.21937678009271622,0.22270064055919647,0.014925239811318521,v2,self
neutral_2,8,2.0,0.004483922617509961,0.21506483107805252,0.22270064055919647,0.03428732608029595,v2,self
neutral_2,16,-0.5,0.0010276727844029665,0.2177390158176422,0.22270064055919647,0.022279346521391803,v2,self
neutral_2,16,0.0,0.0,0.22270064055919647,0.22270064055919647,0.0,v2,self
neutral_2,16,0.5,0.0013554865727201104,0.22852498292922974,0.22270064055919647,-0.02615323582100378,v2,self
neutral_2,16,1.0,0.008960537146776915,0.24507437646389008,0.22270064055919647,-0.10046552110723005,v2,self
neutral_2,16,1.5,0.03562044911086559,0.28242306411266327,0.22270064055919647,-0.2681735598223027,v2,self
neutral_2,16,2.0,0.09474687278270721,0.33778777718544006,0.22270064055919647,-0.5167795491618806,v2,self
neutral_2,24,-0.5,0.0057321719359606504,0.2598724067211151,0.22270064055919647,-0.16691360235238276,v2,self
neutral_2,24,0.0,0.0,0.22270064055919647,0.22270064055919647,0.0,v2,self
neutral_2,24,0.5,0.009096971713006496,0.17525838315486908,0.22270064055919647,0.21303152647069587,v2,self
neutral_2,24,1.0,0.04304058477282524,0.12586315721273422,0.22270064055919647,0.4348325317040195,v2,self
neutral_2,24,1.5,0.11735638231039047,0.08681729808449745,0.22270064055919647,0.610161435250024,v2,self
neutral_2,24,2.0,0.22973591089248657,0.08487279340624809,0.22270064055919647,0.6188929084661169,v2,self
neutral_2,28,-0.5,0.011402230244129896,0.2870464622974396,0.22270064055919647,-0.2889341565281184,v2,self
neutral_2,28,0.0,0.0,0.22270064055919647,0.22270064055919647,0.0,v2,self
neutral_2,28,0.5,0.019464030861854553,0.13664668798446655,0.22270064055919647,0.3864108893384874,v2,self
neutral_2,28,1.0,0.0885438434779644,0.06503266096115112,0.22270064055919647,0.7079817067528161,v2,self
neutral_2,28,1.5,0.20301071554422379,0.04278393276035786,0.22270064055919647,0.8078859016618527,v2,self
neutral_2,28,2.0,0.31607121229171753,0.1250583492219448,0.22270064055919647,0.4384463874557073,v2,self
neutral_3,8,-0.5,0.00014587817713618279,0.10491715371608734,0.10543850436806679,0.004944594530281892,v2,self
neutral_3,8,0.0,0.0,0.10543850436806679,0.10543850436806679,0.0,v2,self
neutral_3,8,0.5,0.00016265892190858722,0.10451578721404076,0.10543850436806679,0.00875123523001609,v2,self
neutral_3,8,1.0,0.0005621661548502743,0.10472498461604118,0.10543850436806679,0.006767164958399216,v2,self
neutral_3,8,1.5,0.0013648749445565045,0.10649193823337555,0.10543850436806679,-0.009990978832850418,v2,self
neutral_3,8,2.0,0.0029494271147996187,0.10941266268491745,0.10543850436806679,-0.03769171746763016,v2,self
neutral_3,16,-0.5,0.0004608366871252656,0.1037183403968811,0.10543850436806679,0.016314381368507488,v2,self
neutral_3,16,0.0,0.0,0.10543850436806679,0.10543850436806679,0.0,v2,self
neutral_3,16,0.5,0.0005637680587824434,0.10847049579024315,0.10543850436806679,-0.028756016982109556,v2,self
neutral_3,16,1.0,0.0030473393853753805,0.116272933781147,0.10543850436806679,-0.10275590950398138,v2,self
neutral_3,16,1.5,0.008080474566668272,0.1266467086970806,0.10543850436806679,-0.20114287902813768,v2,self
neutral_3,16,2.0,0.016754524782299995,0.14168987423181534,0.10543850436806679,-0.34381528912058124,v2,self
neutral_3,24,-0.5,0.0037184972316026688,0.12916482239961624,0.10543850436806679,-0.22502517627455298,v2,self
neutral_3,24,0.0,0.0,0.10543850436806679,0.10543850436806679,0.0,v2,self
neutral_3,24,0.5,0.0061323209665715694,0.08034754917025566,0.10543850436806679,0.23796766985828186,v2,self
neutral_3,24,1.0,0.028373018838465214,0.06594496965408325,0.10543850436806679,0.3745646332019158,v2,self
neutral_3,24,1.5,0.07031967863440514,0.07177364826202393,0.10543850436806679,0.3192842719821302,v2,self
neutral_3,24,2.0,0.13020139932632446,0.09991364553570747,0.10543850436806679,0.05239887330982076,v2,self
neutral_3,28,-0.5,0.005757095059379935,0.13590052723884583,0.10543850436806679,-0.2889079568545625,v2,self
neutral_3,28,0.0,0.0,0.10543850436806679,0.10543850436806679,0.0,v2,self
neutral_3,28,0.5,0.010703180450946093,0.06516108289361,0.10543850436806679,0.38199917303317943,v2,self
neutral_3,28,1.0,0.0548422746360302,0.03640536591410637,0.10543850436806679,0.654724181338709,v2,self
neutral_3,28,1.5,0.14923519641160965,0.04955172725021839,0.10543850436806679,0.5300414440891322,v2,self
neutral_3,28,2.0,0.29365505278110504,0.1252892129123211,0.10543850436806679,-0.18826811574412192,v2,self
neutral_4,8,-0.5,0.0002203793847002089,0.12157458811998367,0.11615756154060364,-0.04663516096183268,v2,self
neutral_4,8,0.0,0.0,0.11615756154060364,0.11615756154060364,0.0,v2,self
neutral_4,8,0.5,0.00022617090144194663,0.11238959059119225,0.11615756154060364,0.032438447393666,v2,self
neutral_4,8,1.0,0.0008522424614056945,0.10817396640777588,0.11615756154060364,0.06873073975504419,v2,self
neutral_4,8,1.5,0.001682103844359517,0.10731625184416771,0.11615756154060364,0.0761148011302337,v2,self
neutral_4,8,2.0,0.0023989559849724174,0.11052591353654861,0.11615756154060364,0.04848283598038896,v2,self
neutral_4,16,-0.5,0.0014668528456240892,0.12561485171318054,0.11615756154060364,-0.08141777467729508,v2,self
neutral_4,16,0.0,0.0,0.11615756154060364,0.11615756154060364,0.0,v2,self
neutral_4,16,0.5,0.0020535941002890468,0.11175145581364632,0.11615756154060364,0.03793214723621017,v2,self
neutral_4,16,1.0,0.012001210823655128,0.11609084159135818,0.11615756154060364,0.0005743917861269021,v2,self
neutral_4,16,1.5,0.041360748931765556,0.14379680901765823,0.11615756154060364,-0.23794617509591157,v2,self
neutral_4,16,2.0,0.09525749087333679,0.20923340320587158,0.11615756154060364,-0.8012895624770211,v2,self
neutral_4,24,-0.5,0.003778869635425508,0.14201511815190315,0.11615756154060364,-0.22260760529361523,v2,self
neutral_4,24,0.0,0.0,0.11615756154060364,0.11615756154060364,0.0,v2,self
neutral_4,24,0.5,0.004898455925285816,0.09294067695736885,0.11615756154060364,0.1998740699727858,v2,self
neutral_4,24,1.0,0.021148712374269962,0.07359633594751358,0.11615756154060364,0.3664094272348555,v2,self
neutral_4,24,1.5,0.05242056958377361,0.06584993749856949,0.11615756154060364,0.43309814165174937,v2,self
neutral_4,24,2.0,0.10669177025556564,0.07879339158535004,0.11615756154060364,0.3216679952617007,v2,self
neutral_4,28,-0.5,0.005358250578865409,0.1402723491191864,0.11615756154060364,-0.2076041134020645,v2,self
neutral_4,28,0.0,0.0,0.11615756154060364,0.11615756154060364,0.0,v2,self
neutral_4,28,0.5,0.008419095538556576,0.08956446871161461,0.11615756154060364,0.2289398337592791,v2,self
neutral_4,28,1.0,0.041070446372032166,0.05987585335969925,0.11615756154060364,0.4845290089980991,v2,self
neutral_4,28,1.5,0.10721299424767494,0.047549713402986526,0.11615756154060364,0.5906447004195657,v2,self
neutral_4,28,2.0,0.20812610536813736,0.09146687015891075,0.11615756154060364,0.21256206702533173,v2,self
neutral_5,8,-0.5,0.00018867675680667162,0.0839887447655201,0.08555636554956436,0.01832266686382458,v2,self
neutral_5,8,0.0,0.0,0.08555636554956436,0.08555636554956436,0.0,v2,self
neutral_5,8,0.5,0.0001367551158182323,0.08423497155308723,0.08555636554956436,0.01544471867159457,v2,self
neutral_5,8,1.0,0.00038459195639006793,0.08249780163168907,0.08555636554956436,0.035749109937394524,v2,self
neutral_5,8,1.5,0.0007199098472483456,0.08316342905163765,0.08555636554956436,0.02796912284148443,v2,self
neutral_5,8,2.0,0.0013911773567087948,0.0841335728764534,0.08555636554956436,0.016629886788338526,v2,self
neutral_5,16,-0.5,0.0007173217600211501,0.08710598200559616,0.08555636554956436,-0.018112228658592074,v2,self
neutral_5,16,0.0,0.0,0.08555636554956436,0.08555636554956436,0.0,v2,self
neutral_5,16,0.5,0.0006903036555740982,0.08132946491241455,0.08555636554956436,0.04940486438383232,v2,self
neutral_5,16,1.0,0.003836591844446957,0.08499110490083694,0.08555636554956436,0.006606880097074147,v2,self
neutral_5,16,1.5,0.012710251845419407,0.09038553386926651,0.08555636554956436,-0.05644429013180233,v2,self
neutral_5,16,2.0,0.034870993345975876,0.11040329560637474,0.08555636554956436,-0.29041591349992657,v2,self
neutral_5,24,-0.5,0.003406743169762194,0.10277611017227173,0.08555636554956436,-0.201267836847647,v2,self
neutral_5,24,0.0,0.0,0.08555636554956436,0.08555636554956436,0.0,v2,self
neutral_5,24,0.5,0.004374416545033455,0.06485635042190552,0.08555636554956436,0.24194593815076154,v2,self
neutral_5,24,1.0,0.019966227933764458,0.04757324792444706,0.08555636554956436,0.44395431457537765,v2,self
neutral_5,24,1.5,0.05138578079640865,0.04253208450973034,0.08555636554956436,0.5028764459952343,v2,self
neutral_5,24,2.0,0.09758764877915382,0.05246320366859436,0.08555636554956436,0.38679952880652146,v2,self
neutral_5,28,-0.5,0.008515279740095139,0.10784554854035378,0.08555636554956436,-0.2605204516065714,v2,self
neutral_5,28,0.0,0.0,0.08555636554956436,0.08555636554956436,0.0,v2,self
neutral_5,28,0.5,0.010429306421428919,0.056138426065444946,0.08555636554956436,0.3438427905995734,v2,self
neutral_5,28,1.0,0.04987988993525505,0.03404752165079117,0.08555636554956436,0.6020457223481891,v2,self
neutral_5,28,1.5,0.1326163038611412,0.04629260115325451,0.08555636554956436,0.4589227714864026,v2,self
neutral_5,28,2.0,0.2768736928701401,0.14606178551912308,0.08555636554956436,-0.7071995120515823,v2,self
neutral_6,8,-0.5,0.0001470979768782854,0.1779376044869423,0.1767537072300911,-0.006698005237932831,v2,self
neutral_6,8,0.0,0.0,0.1767537072300911,0.1767537072300911,0.0,v2,self
neutral_6,8,0.5,0.00024621724151074886,0.17639220505952835,0.1767537072300911,0.0020452310518848395,v2,self
neutral_6,8,1.0,0.0012916461564600468,0.1743919923901558,0.1767537072300911,0.013361614174580871,v2,self
neutral_6,8,1.5,0.004050977760925889,0.17164140939712524,0.1767537072300911,0.028923284909158145,v2,self
neutral_6,8,2.0,0.011087908409535885,0.1707751527428627,0.1767537072300911,0.0338242098619507,v2,self
neutral_6,16,-0.5,0.0017581810243427753,0.18777259439229965,0.1767537072300911,-0.06234034541558214,v2,self
neutral_6,16,0.0,0.0,0.1767537072300911,0.1767537072300911,0.0,v2,self
neutral_6,16,0.5,0.0029071731260046363,0.16675181686878204,0.1767537072300911,0.05658659452211082,v2,self
neutral_6,16,1.0,0.013563386630266905,0.16138458251953125,0.1767537072300911,0.08695220570707983,v2,self
neutral_6,16,1.5,0.0302523048594594,0.16909420490264893,0.1767537072300911,0.04333432349156517,v2,self
neutral_6,16,2.0,0.05899176746606827,0.2050900012254715,0.1767537072300911,-0.1603151325052171,v2,self
neutral_6,24,-0.5,0.006725883111357689,0.22515039145946503,0.1767537072300911,-0.27380859495282334,v2,self
neutral_6,24,0.0,0.0,0.1767537072300911,0.1767537072300911,0.0,v2,self
neutral_6,24,0.5,0.010729513596743345,0.12317154556512833,0.1767537072300911,0.30314590004729913,v2,self
neutral_6,24,1.0,0.05468736030161381,0.0781792663037777,0.1767537072300911,0.557693767622045,v2,self
neutral_6,24,1.5,0.14550653845071793,0.07779835537075996,0.1767537072300911,0.5598488054935952,v2,self
neutral_6,24,2.0,0.2898198366165161,0.16750291734933853,0.1767537072300911,0.052337175981889,v2,self
neutral_6,28,-0.5,0.012227621395140886,0.2379412055015564,0.1767537072300911,-0.3461737760997216,v2,self
neutral_6,28,0.0,0.0,0.1767537072300911,0.1767537072300911,0.0,v2,self
neutral_6,28,0.5,0.019441351294517517,0.11431220546364784,0.1767537072300911,0.3532684136868447,v2,self
neutral_6,28,1.0,0.09167580679059029,0.07807757332921028,0.1767537072300911,0.5582691047742951,v2,self
neutral_6,28,1.5,0.21965957432985306,0.11622848361730576,0.1767537072300911,0.3424268976378298,v2,self
neutral_6,28,2.0,0.3703279197216034,0.25262387096881866,0.1767537072300911,-0.42924227688171057,v2,self
neutral_7,8,-0.5,9.424061863683164e-05,0.12752093374729156,0.12658918648958206,-0.007360401654735204,v2,self
neutral_7,8,0.0,0.0,0.12658918648958206,0.12658918648958206,0.0,v2,self
neutral_7,8,0.5,0.00014493591152131557,0.1265728771686554,0.12658918648958206,0.0001288366042861684,v2,self
neutral_7,8,1.0,0.0004201243427814916,0.1268087401986122,0.12658918648958206,-0.0017343796505732347,v2,self
neutral_7,8,1.5,0.0008180826262105256,0.1282210722565651,0.12658918648958206,-0.012891194044582409,v2,self
neutral_7,8,2.0,0.0014251487446017563,0.13018759340047836,0.12658918648958206,-0.028425863303833145,v2,self
neutral_7,16,-0.5,0.0007690993079449981,0.1322668120265007,0.12658918648958206,-0.04485079408726505,v2,self
neutral_7,16,0.0,0.0,0.12658918648958206,0.12658918648958206,0.0,v2,self
neutral_7,16,0.5,0.0009602676727809012,0.12165362760424614,0.12658918648958206,0.03898878744861912,v2,self
neutral_7,16,1.0,0.004086943692527711,0.11901810765266418,0.12658918648958206,0.05980825887952883,v2,self
neutral_7,16,1.5,0.012813689187169075,0.11940185725688934,0.12658918648958206,0.05677680244263372,v2,self
neutral_7,16,2.0,0.044468555599451065,0.1394290328025818,0.12658918648958206,-0.10142925054705529,v2,self
neutral_7,24,-0.5,0.005048675462603569,0.15608906745910645,0.12658918648958206,-0.23303634210456153,v2,self
neutral_7,24,0.0,0.0,0.12658918648958206,0.12658918648958206,0.0,v2,self
neutral_7,24,0.5,0.006486693397164345,0.09662830084562302,0.12658918648958206,0.23667808029104243,v2,self
neutral_7,24,1.0,0.027975283563137054,0.07078419625759125,0.12658918648958206,0.4408353650063421,v2,self
neutral_7,24,1.5,0.06551748141646385,0.05649520829319954,0.12658918648958206,0.5537122098667651,v2,self
neutral_7,24,2.0,0.11377637088298798,0.05935658887028694,0.12658918648958206,0.5311085368640723,v2,self
neutral_7,28,-0.5,0.010014711879193783,0.16686665266752243,0.12658918648958206,-0.31817461897707267,v2,self
neutral_7,28,0.0,0.0,0.12658918648958206,0.12658918648958206,0.0,v2,self
neutral_7,28,0.5,0.01226140046492219,0.08403356000781059,0.12658918648958206,0.3361711032503845,v2,self
neutral_7,28,1.0,0.054583603516221046,0.04659476689994335,0.12658918648958206,0.6319214287408509,v2,self
neutral_7,28,1.5,0.1365450844168663,0.03549277409911156,0.12658918648958206,0.7196223857396183,v2,self
neutral_7,28,2.0,0.26137520372867584,0.08828331902623177,0.12658918648958206,0.30259983909844274,v2,self
sexual_liminal_1,8,-0.3,9.557341036270373e-05,0.18236881494522095,0.1821582093834877,-0.0011561683793776733,v2.5,averaged
sexual_liminal_1,8,-0.1,0.00011027368600480258,0.18295946717262268,0.1821582093834877,-0.004398691620030888,v2.5,averaged
sexual_liminal_1,8,0.0,0.0,0.1821582093834877,0.1821582093834877,0.0,v2.5,averaged
sexual_liminal_1,8,0.05,7.249528425745666e-05,0.18028295785188675,0.1821582093834877,0.010294630903255575,v2.5,averaged
sexual_liminal_1,8,0.1,0.00010110446601174772,0.18030627816915512,0.1821582093834877,0.010166608579434437,v2.5,averaged
sexual_liminal_1,8,0.2,0.00011951552733080462,0.18086320161819458,0.1821582093834877,0.0071092473387615075,v2.5,averaged
sexual_liminal_1,8,0.3,0.00012221136421430856,0.18181969970464706,0.1821582093834877,0.0018583278787506706,v2.5,averaged
sexual_liminal_1,8,0.5,0.00017180555005325004,0.1791694387793541,0.1821582093834877,0.016407553709761775,v2.5,averaged
sexual_liminal_1,8,1.0,0.00033927113690879196,0.17881827056407928,0.1821582093834877,0.01833537357834379,v2.5,averaged
sexual_liminal_1,16,-0.3,0.00022883460042066872,0.18782059848308563,0.1821582093834877,-0.031085006373098526,v2.5,averaged
sexual_liminal_1,16,-0.1,0.00012041034642606974,0.18373588472604752,0.1821582093834877,-0.008661016969256767,v2.5,averaged
sexual_liminal_1,16,0.0,0.0,0.1821582093834877,0.1821582093834877,0.0,v2.5,averaged
sexual_liminal_1,16,0.05,0.0001030863932101056,0.18006417155265808,0.1821582093834877,0.0114957093502229,v2.5,averaged
sexual_liminal_1,16,0.1,0.00010384913184680045,0.1790458783507347,0.1821582093834877,0.017085867517509304,v2.5,averaged
sexual_liminal_1,16,0.2,0.00018695337348617613,0.17603137344121933,0.1821582093834877,0.03363469570218425,v2.5,averaged
sexual_liminal_1,16,0.3,0.0002642344043124467,0.1751575917005539,0.1821582093834877,0.0384315244787886,v2.5,averaged
sexual_liminal_1,16,0.5,0.0006043706089258194,0.17136098444461823,0.1821582093834877,0.05927388601047713,v2.5,averaged
sexual_liminal_1,16,1.0,0.002246841206215322,0.15908250212669373,0.1821582093834877,0.12667948007884702,v2.5,averaged
sexual_liminal_1,24,-0.3,0.0013795046834275126,0.20300229638814926,0.1821582093834877,-0.11442847991978031,v2.5,averaged
sexual_liminal_1,24,-0.1,0.0002154664834961295,0.18855693936347961,0.1821582093834877,-0.035127321473176196,v2.5,averaged
sexual_liminal_1,24,0.0,0.0,0.1821582093834877,0.1821582093834877,0.0,v2.5,averaged
sexual_liminal_1,24,0.05,0.00018444759189151227,0.17640888690948486,0.1821582093834877,0.03156224741921515,v2.5,averaged
sexual_liminal_1,24,0.1,0.00026625770260579884,0.174231618642807,0.1821582093834877,0.04351486967020672,v2.5,averaged
sexual_liminal_1,24,0.2,0.0008340101921930909,0.16629750281572342,0.1821582093834877,0.08707105005832379,v2.5,averaged
sexual_liminal_1,24,0.3,0.0017957001691684127,0.15854983776807785,0.1821582093834877,0.12960366538138526,v2.5,averaged
sexual_liminal_1,24,0.5,0.0048783146776258945,0.1433447226881981,0.1821582093834877,0.2130756929739999,v2.5,averaged
sexual_liminal_1,24,1.0,0.02132325153797865,0.10700947791337967,0.1821582093834877,0.4125464985873984,v2.5,averaged
sexual_liminal_1,28,-0.3,0.0014491929323412478,0.20103363692760468,0.1821582093834877,-0.10362106439232487,v2.5,averaged
sexual_liminal_1,28,-0.1,0.0002489818725734949,0.1878582462668419,0.1821582093834877,-0.03129168266775291,v2.5,averaged
sexual_liminal_1,28,0.0,0.0,0.1821582093834877,0.1821582093834877,0.0,v2.5,averaged
sexual_liminal_1,28,0.05,0.00011817645281553268,0.17864646017551422,0.1821582093834877,0.019278566801128282,v2.5,averaged
sexual_liminal_1,28,0.1,0.000396160437958315,0.17274770140647888,0.1821582093834877,0.051661179635321255,v2.5,averaged
sexual_liminal_1,28,0.2,0.0009552562842145562,0.16701215505599976,0.1821582093834877,0.08314779980956986,v2.5,averaged
sexual_liminal_1,28,0.3,0.0021582727786153555,0.1586330235004425,0.1821582093834877,0.12914699789082199,v2.5,averaged
sexual_liminal_1,28,0.5,0.0065817502327263355,0.1414993703365326,0.1821582093834877,0.22320618535153847,v2.5,averaged
sexual_liminal_1,28,1.0,0.03179697506129742,0.1013781949877739,0.1821582093834877,0.44346074035923394,v2.5,averaged
sexual_liminal_2,8,-0.3,3.801943239523098e-05,0.23070623725652695,0.2304369956254959,-0.0011683958571852126,v2.5,averaged
sexual_liminal_2,8,-0.1,1.559261727379635e-05,0.23048409819602966,0.2304369956254959,-0.0002044054185218727,v2.5,averaged
sexual_liminal_2,8,0.0,0.0,0.2304369956254959,0.2304369956254959,0.0,v2.5,averaged
sexual_liminal_2,8,0.05,3.627725527621806e-05,0.2311127781867981,0.2304369956254959,-0.002932613139951107,v2.5,averaged
sexual_liminal_2,8,0.1,3.470677984296344e-05,0.2309512197971344,0.2304369956254959,-0.0022315174273240448,v2.5,averaged
sexual_liminal_2,8,0.2,4.0436891140416265e-05,0.23088791221380234,0.2304369956254959,-0.0019567890437143715,v2.5,averaged
sexual_liminal_2,8,0.3,3.3409844036214054e-05,0.23140470683574677,0.2304369956254959,-0.00419946114825924,v2.5,averaged
sexual_liminal_2,8,0.5,7.113076571840793e-05,0.23156725615262985,0.2304369956254959,-0.004904857069785924,v2.5,averaged
sexual_liminal_2,8,1.0,0.00021042261505499482,0.2317371740937233,0.2304369956254959,-0.005642229732678969,v2.5,averaged
sexual_liminal_2,16,-0.3,0.00017559829575475305,0.23199206590652466,0.2304369956254959,-0.006748353391814019,v2.5,averaged
sexual_liminal_2,16,-0.1,3.868270505336113e-05,0.23084475100040436,0.2304369956254959,-0.0017694874635977617,v2.5,averaged
sexual_liminal_2,16,0.0,0.0,0.2304369956254959,0.2304369956254959,0.0,v2.5,averaged
sexual_liminal_2,16,0.05,3.704082882904913e-05,0.23150372505187988,0.2304369956254959,-0.0046291587142440055,v2.5,averaged
sexual_liminal_2,16,0.1,4.4836991946795024e-05,0.23103247582912445,0.2304369956254959,-0.002584134557093033,v2.5,averaged
sexual_liminal_2,16,0.2,7.564805855508894e-05,0.23050111532211304,0.2304369956254959,-0.00027825261496349836,v2.5,averaged
sexual_liminal_2,16,0.3,0.00015851992066018283,0.23042965680360794,0.2304369956254959,3.184741177539459e-05,v2.5,averaged
sexual_liminal_2,16,0.5,0.0003898331196978688,0.23084986954927444,0.2304369956254959,-0.001791699820846184,v2.5,averaged
sexual_liminal_2,16,1.0,0.0014486854197457433,0.23093069344758987,0.2304369956254959,-0.0021424416715461643,v2.5,averaged
sexual_liminal_2,24,-0.3,0.0010865820804610848,0.24285869300365448,0.2304369956254959,-0.05390496150343063,v2.5,averaged
sexual_liminal_2,24,-0.1,0.00015804346185177565,0.23538722097873688,0.2304369956254959,-0.021481903718646063,v2.5,averaged
sexual_liminal_2,24,0.0,0.0,0.2304369956254959,0.2304369956254959,0.0,v2.5,averaged
sexual_liminal_2,24,0.05,6.0951162595301867e-05,0.22934620082378387,0.2304369956254959,0.0047335923589491066,v2.5,averaged
sexual_liminal_2,24,0.1,0.0001578586525283754,0.2269098088145256,0.2304369956254959,0.015306512747209471,v2.5,averaged
sexual_liminal_2,24,0.2,0.0004895982856396586,0.22304729372262955,0.2304369956254959,0.03206820971957142,v2.5,averaged
sexual_liminal_2,24,0.3,0.0010732256341725588,0.21870268881320953,0.2304369956254959,0.05092197448779824,v2.5,averaged
sexual_liminal_2,24,0.5,0.002855998696759343,0.21231216937303543,0.2304369956254959,0.07865415101105025,v2.5,averaged
sexual_liminal_2,24,1.0,0.011397778522223234,0.1960381716489792,0.2304369956254959,0.1492764817695392,v2.5,averaged
sexual_liminal_2,28,-0.3,0.0013645025319419801,0.24146660417318344,0.2304369956254959,-0.0478638793122123,v2.5,averaged
sexual_liminal_2,28,-0.1,0.00017412735905963928,0.23420978337526321,0.2304369956254959,-0.01637231790636085,v2.5,averaged
sexual_liminal_2,28,0.0,0.0,0.2304369956254959,0.2304369956254959,0.0,v2.5,averaged
sexual_liminal_2,28,0.05,7.011681736912578e-05,0.2296651154756546,0.2304369956254959,0.0033496364060211976,v2.5,averaged
sexual_liminal_2,28,0.1,0.00019288828480057418,0.22766683250665665,0.2304369956254959,0.01202134714228486,v2.5,averaged
sexual_liminal_2,28,0.2,0.000760778144467622,0.22389426827430725,0.2304369956254959,0.028392695076713464,v2.5,averaged
sexual_liminal_2,28,0.3,0.0016356366104446352,0.22007332742214203,0.2304369956254959,0.04497397726967774,v2.5,averaged
sexual_liminal_2,28,0.5,0.00468652113340795,0.21349460631608963,0.2304369956254959,0.07352287015988047,v2.5,averaged
sexual_liminal_2,28,1.0,0.019808809272944927,0.20014525204896927,0.2304369956254959,0.13145347384131195,v2.5,averaged
sexual_liminal_3,8,-0.3,7.955342880450189e-05,0.21928182244300842,0.21872998028993607,-0.0025229378814045815,v2.5,averaged
sexual_liminal_3,8,-0.1,9.092525579035282e-05,0.21985001862049103,0.21872998028993607,-0.00512064385993316,v2.5,averaged
sexual_liminal_3,8,0.0,0.0,0.21872998028993607,0.21872998028993607,0.0,v2.5,averaged
sexual_liminal_3,8,0.05,9.696701454231516e-06,0.2187591791152954,0.21872998028993607,-0.00013349256156216068,v2.5,averaged
sexual_liminal_3,8,0.1,0.00010402908083051443,0.22088079154491425,0.21872998028993607,-0.009833179942352605,v2.5,averaged
sexual_liminal_3,8,0.2,9.095983114093542e-05,0.2178146168589592,0.21872998028993607,0.004184901538250558,v2.5,averaged
sexual_liminal_3,8,0.3,0.00012801692355424166,0.21798928081989288,0.21872998028993607,0.0033863646358005114,v2.5,averaged
sexual_liminal_3,8,0.5,0.00017463101539760828,0.21787114441394806,0.21872998028993607,0.003926466206642466,v2.5,averaged
sexual_liminal_3,8,1.0,0.00046600564382970333,0.21333660185337067,0.21872998028993607,0.024657700921548304,v2.5,averaged
sexual_liminal_3,16,-0.3,0.00018078344874083996,0.22225240617990494,0.21872998028993607,-0.016103992170162243,v2.5,averaged
sexual_liminal_3,16,-0.1,0.00011175306281074882,0.22097252309322357,0.21872998028993607,-0.010252562544535132,v2.5,averaged
sexual_liminal_3,16,0.0,0.0,0.21872998028993607,0.21872998028993607,0.0,v2.5,averaged
sexual_liminal_3,16,0.05,2.4012122594285756e-05,0.21887557208538055,0.21872998028993607,-0.0006656234104328099,v2.5,averaged
sexual_liminal_3,16,0.1,4.1927378333639354e-05,0.21880804002285004,0.21872998028993607,-0.0003568771542451537,v2.5,averaged
sexual_liminal_3,16,0.2,0.0001476809848099947,0.21730031073093414,0.21872998028993607,0.006536230456871224,v2.5,averaged
sexual_liminal_3,16,0.3,0.00017931836191564798,0.21651942282915115,0.21872998028993607,0.010106330452984645,v2.5,averaged
sexual_liminal_3,16,0.5,0.0005401837406679988,0.21564967930316925,0.21872998028993607,0.014082664766319381,v2.5,averaged
sexual_liminal_3,16,1.0,0.0021291212178766727,0.2112487554550171,0.21872998028993607,0.03420301517424492,v2.5,averaged
sexual_liminal_3,24,-0.3,0.0005029372405260801,0.22331181168556213,0.21872998028993607,-0.020947432032648896,v2.5,averaged
sexual_liminal_3,24,-0.1,0.0001200579572468996,0.2205195650458336,0.21872998028993607,-0.008181707663144073,v2.5,averaged
sexual_liminal_3,24,0.0,0.0,0.21872998028993607,0.21872998028993607,0.0,v2.5,averaged
sexual_liminal_3,24,0.05,0.00010164559353142977,0.21991698443889618,0.21872998028993607,-0.005426801334625862,v2.5,averaged
sexual_liminal_3,24,0.1,0.00010909838601946831,0.21735843271017075,0.21872998028993607,0.006270505661579972,v2.5,averaged
sexual_liminal_3,24,0.2,0.00026705146592576057,0.2155408337712288,0.21872998028993607,0.014580289882895447,v2.5,averaged
sexual_liminal_3,24,0.3,0.00046731572365388274,0.21332664787769318,0.21872998028993607,0.024703208975196442,v2.5,averaged
sexual_liminal_3,24,0.5,0.0013883076608181,0.21007853746414185,0.21872998028993607,0.03955307276271117,v2.5,averaged
sexual_liminal_3,24,1.0,0.006010452751070261,0.19897513091564178,0.21872998028993607,0.0903161484681175,v2.5,averaged
sexual_liminal_3,28,-0.3,0.0009313084883615375,0.22613023966550827,0.21872998028993607,-0.03383285348338093,v2.5,averaged
sexual_liminal_3,28,-0.1,0.00016732991207391024,0.22190991789102554,0.21872998028993607,-0.01453818812068804,v2.5,averaged
sexual_liminal_3,28,0.0,0.0,0.21872998028993607,0.21872998028993607,0.0,v2.5,averaged
sexual_liminal_3,28,0.05,6.57609271002002e-05,0.21814530342817307,0.21872998028993607,0.0026730531451974984,v2.5,averaged
sexual_liminal_3,28,0.1,0.00013284703891258687,0.21796388924121857,0.21872998028993607,0.003502451048100548,v2.5,averaged
sexual_liminal_3,28,0.2,0.00045714426960330456,0.2126855105161667,0.21872998028993607,0.027634390885772367,v2.5,averaged
sexual_liminal_3,28,0.3,0.000992296903859824,0.2102130949497223,0.21872998028993607,0.03893789652851555,v2.5,averaged
sexual_liminal_3,28,0.5,0.002512330189347267,0.20827718079090118,0.21872998028993607,0.04778859983061875,v2.5,averaged
sexual_liminal_3,28,1.0,0.011402678675949574,0.1907087340950966,0.21872998028993607,0.12810884981426005,v2.5,averaged
sexual_liminal_4,8,-0.3,6.61814701743424e-05,0.22417466342449188,0.2207585647702217,-0.015474365209004894,v2.5,averaged
sexual_liminal_4,8,-0.1,3.430176730034873e-05,0.22309331595897675,0.2207585647702217,-0.010576038991670287,v2.5,averaged
sexual_liminal_4,8,0.0,0.0,0.2207585647702217,0.2207585647702217,0.0,v2.5,averaged
sexual_liminal_4,8,0.05,3.2896474294830114e-05,0.21903234720230103,0.2207585647702217,0.007819481747933232,v2.5,averaged
sexual_liminal_4,8,0.1,3.087498771492392e-05,0.21918214857578278,0.2207585647702217,0.0071409061572753,v2.5,averaged
sexual_liminal_4,8,0.2,4.483925295062363e-05,0.2182951718568802,0.2207585647702217,0.011158764852025398,v2.5,averaged
sexual_liminal_4,8,0.3,7.392494808300398e-05,0.2169051319360733,0.2207585647702217,0.017455417134820038,v2.5,averaged
sexual_liminal_4,8,0.5,0.00015718673239462078,0.2149641439318657,0.2207585647702217,0.026247773645326905,v2.5,averaged
sexual_liminal_4,8,1.0,0.0007268422341439873,0.20814339071512222,0.2207585647702217,0.057144664209201085,v2.5,averaged
sexual_liminal_4,16,-0.3,0.00010048336116597056,0.22177819162607193,0.2207585647702217,-0.0046187420040146865,v2.5,averaged
sexual_liminal_4,16,-0.1,2.542167203500867e-05,0.22088833153247833,0.2207585647702217,-0.0005878220960155773,v2.5,averaged
sexual_liminal_4,16,0.0,0.0,0.2207585647702217,0.2207585647702217,0.0,v2.5,averaged
sexual_liminal_4,16,0.05,3.2574916986050084e-05,0.2191685512661934,0.2207585647702217,0.007202499733966373,v2.5,averaged
sexual_liminal_4,16,0.1,4.346583955339156e-05,0.21835337579250336,0.2207585647702217,0.010895110593882566,v2.5,averaged
sexual_liminal_4,16,0.2,7.019113400019705e-05,0.21852899342775345,0.2207585647702217,0.010099591582274185,v2.5,averaged
sexual_liminal_4,16,0.3,0.00013654580106958747,0.21692707389593124,0.2207585647702217,0.017356023664488414,v2.5,averaged
sexual_liminal_4,16,0.5,0.0003098552697338164,0.21653760224580765,0.2207585647702217,0.01912026620035098,v2.5,averaged
sexual_liminal_4,16,1.0,0.0012822984717786312,0.21459435671567917,0.2207585647702217,0.027922848932083816,v2.5,averaged
sexual_liminal_4,24,-0.3,0.000626856810413301,0.22610343247652054,0.2207585647702217,-0.024211371875252387,v2.5,averaged
sexual_liminal_4,24,-0.1,9.488129580859095e-05,0.22366537153720856,0.2207585647702217,-0.013167356700350085,v2.5,averaged
sexual_liminal_4,24,0.0,0.0,0.2207585647702217,0.2207585647702217,0.0,v2.5,averaged
sexual_liminal_4,24,0.05,4.910734423901886e-05,0.2176712527871132,0.2207585647702217,0.013985015649662216,v2.5,averaged
sexual_liminal_4,24,0.1,0.0001049346465151757,0.21657240390777588,0.2207585647702217,0.018962620393926866,v2.5,averaged
sexual_liminal_4,24,0.2,0.0003264893312007189,0.21652354300022125,0.2207585647702217,0.019183952271154298,v2.5,averaged
sexual_liminal_4,24,0.3,0.0007388268131762743,0.21316077560186386,0.2207585647702217,0.03441673565991004,v2.5,averaged
sexual_liminal_4,24,0.5,0.0019330591894686222,0.2116987332701683,0.2207585647702217,0.04103954702497456,v2.5,averaged
sexual_liminal_4,24,1.0,0.008174021262675524,0.2056131437420845,0.2207585647702217,0.06860626695911634,v2.5,averaged
sexual_liminal_4,28,-0.3,0.0010505160316824913,0.22998569905757904,0.2207585647702217,-0.041797401142562536,v2.5,averaged
sexual_liminal_4,28,-0.1,0.0001402413472533226,0.2233385071158409,0.2207585647702217,-0.011686714616506748,v2.5,averaged
sexual_liminal_4,28,0.0,0.0,0.2207585647702217,0.2207585647702217,0.0,v2.5,averaged
sexual_liminal_4,28,0.05,5.175120895728469e-05,0.21843357384204865,0.2207585647702217,0.010531826616072859,v2.5,averaged
sexual_liminal_4,28,0.1,0.00016583481919951737,0.2163645476102829,0.2207585647702217,0.019904175244626905,v2.5,averaged
sexual_liminal_4,28,0.2,0.0006405473686754704,0.21282711625099182,0.2207585647702217,0.035928157657146395,v2.5,averaged
sexual_liminal_4,28,0.3,0.0014364663511514664,0.20879194885492325,0.2207585647702217,0.054206802475609536,v2.5,averaged
sexual_liminal_4,28,0.5,0.004141456447541714,0.20256073772907257,0.2207585647702217,0.08243316430368394,v2.5,averaged
sexual_liminal_4,28,1.0,0.017795582301914692,0.18484696745872498,0.2207585647702217,0.1626736310270707,v2.5,averaged
sexual_liminal_5,8,-0.3,7.179935346357524e-05,0.16712748259305954,0.16584184765815735,-0.007752174454497245,v2.5,averaged
sexual_liminal_5,8,-0.1,7.827606168575585e-05,0.16745103150606155,0.16584184765815735,-0.009703123009224709,v2.5,averaged
sexual_liminal_5,8,0.0,0.0,0.16584184765815735,0.16584184765815735,0.0,v2.5,averaged
sexual_liminal_5,8,0.05,7.108002682798542e-05,0.1660708263516426,0.16584184765815735,-0.0013807051520388503,v2.5,averaged
sexual_liminal_5,8,0.1,5.319170668371953e-05,0.1658662036061287,0.16584184765815735,-0.000146862497706537,v2.5,averaged
sexual_liminal_5,8,0.2,8.831466402625665e-05,0.1647951975464821,0.16584184765815735,0.006311133929433042,v2.5,averaged
sexual_liminal_5,8,0.3,4.437001916812733e-05,0.16666758805513382,0.16584184765815735,-0.00497908343784576,v2.5,averaged
sexual_liminal_5,8,0.5,9.283753024647012e-05,0.16625424474477768,0.16584184765815735,-0.002486688929505821,v2.5,averaged
sexual_liminal_5,8,1.0,0.00015995959256542847,0.16680502146482468,0.16584184765815735,-0.005807785069138138,v2.5,averaged
sexual_liminal_5,16,-0.3,9.166167001239955e-05,0.1689586564898491,0.16584184765815735,-0.01879386219886,v2.5,averaged
sexual_liminal_5,16,-0.1,6.319697422441095e-05,0.1668323203921318,0.16584184765815735,-0.005972393264793308,v2.5,averaged
sexual_liminal_5,16,0.0,0.0,0.16584184765815735,0.16584184765815735,0.0,v2.5,averaged
sexual_liminal_5,16,0.05,4.122504105907865e-05,0.1651819497346878,0.16584184765815735,0.003979079664077082,v2.5,averaged
sexual_liminal_5,16,0.1,4.987471038475633e-05,0.16491612046957016,0.16584184765815735,0.005581987909923376,v2.5,averaged
sexual_liminal_5,16,0.2,6.778829265385866e-05,0.16452230513095856,0.16584184765815735,0.007956631850356055,v2.5,averaged
sexual_liminal_5,16,0.3,9.41373873502016e-05,0.16340135782957077,0.16584184765815735,0.0147157660328113,v2.5,averaged
sexual_liminal_5,16,0.5,0.0001831894915085286,0.16109606623649597,0.16584184765815735,0.02861630817960767,v2.5,averaged
sexual_liminal_5,16,1.0,0.0006077410653233528,0.15558376908302307,0.16584184765815735,0.06185458447302645,v2.5,averaged
sexual_liminal_5,24,-0.3,0.001071782608050853,0.18049133569002151,0.16584184765815735,-0.08833408599053072,v2.5,averaged
sexual_liminal_5,24,-0.1,0.0001669343328103423,0.1715356484055519,0.16584184765815735,-0.03433271413576474,v2.5,averaged
sexual_liminal_5,24,0.0,0.0,0.16584184765815735,0.16584184765815735,0.0,v2.5,averaged
sexual_liminal_5,24,0.05,6.818857946200296e-05,0.164679154753685,0.16584184765815735,0.007010853538420289,v2.5,averaged
sexual_liminal_5,24,0.1,0.00016207731096073985,0.16055840998888016,0.16584184765815735,0.0318582899544614,v2.5,averaged
sexual_liminal_5,24,0.2,0.0004692354123108089,0.15574857220053673,0.16584184765815735,0.060860847850811785,v2.5,averaged
sexual_liminal_5,24,0.3,0.0009600423509255052,0.15176735818386078,0.16584184765815735,0.08486693601790851,v2.5,averaged
sexual_liminal_5,24,0.5,0.0025160007644444704,0.1446014605462551,0.16584184765815735,0.1280761605821236,v2.5,averaged
sexual_liminal_5,24,1.0,0.009297920856624842,0.12955402582883835,0.16584184765815735,0.21880980187894145,v2.5,averaged
sexual_liminal_5,28,-0.3,0.0019608852453529835,0.1888970211148262,0.16584184765815735,-0.13901903399069387,v2.5,averaged
sexual_liminal_5,28,-0.1,0.00031166686676442623,0.17436373978853226,0.16584184765815735,-0.05138565597713743,v2.5,averaged
sexual_liminal_5,28,0.0,0.0,0.16584184765815735,0.16584184765815735,0.0,v2.5,averaged
sexual_liminal_5,28,0.05,0.00011520356929395348,0.16232503950595856,0.16584184765815735,0.021205794567893604,v2.5,averaged
sexual_liminal_5,28,0.1,0.00030196280567906797,0.1570555418729782,0.16584184765815735,0.05298002831764134,v2.5,averaged
sexual_liminal_5,28,0.2,0.0011420543305575848,0.14838987961411476,0.16584184765815735,0.1052325953339327,v2.5,averaged
sexual_liminal_5,28,0.3,0.0023168366169556975,0.14313001558184624,0.16584184765815735,0.13694874000153467,v2.5,averaged
sexual_liminal_5,28,0.5,0.0065178764052689075,0.12631133198738098,0.16584184765815735,0.23836273069182703,v2.5,averaged
sexual_liminal_5,28,1.0,0.0250405790284276,0.09424648061394691,0.16584184765815735,0.43170869147446356,v2.5,averaged
sexual_explicit_1,8,-0.3,3.302193363197148e-05,0.09649229049682617,0.09783230349421501,0.013697040236490772,v2.5,averaged
sexual_explicit_1,8,-0.1,2.49529693974182e-05,0.09636307135224342,0.09783230349421501,0.015017863113674578,v2.5,averaged
sexual_explicit_1,8,0.0,0.0,0.09783230349421501,0.09783230349421501,0.0,v2.5,averaged
sexual_explicit_1,8,0.05,3.4865464840549976e-05,0.09572193026542664,0.09783230349421501,0.021571333326656932,v2.5,averaged
sexual_explicit_1,8,0.1,2.2525156964547932e-05,0.09678500145673752,0.09783230349421501,0.010705073887373224,v2.5,averaged
sexual_explicit_1,8,0.2,1.1639414879027754e-05,0.0978524386882782,0.09783230349421501,-0.00020581334941558718,v2.5,averaged
sexual_explicit_1,8,0.3,1.8450497009325773e-05,0.09764616563916206,0.09783230349421501,0.0019026216127473136,v2.5,averaged
sexual_explicit_1,8,0.5,3.6884142900817096e-05,0.09820657595992088,0.09783230349421501,-0.0038256532079713624,v2.5,averaged
sexual_explicit_1,8,1.0,0.00023377389879897237,0.10282106697559357,0.09783230349421501,-0.05099300847673028,v2.5,averaged
sexual_explicit_1,16,-0.3,0.00010463088983669877,0.095378078520298,0.09783230349421501,0.02508603892846221,v2.5,averaged
sexual_explicit_1,16,-0.1,2.2539737983606756e-05,0.09728604555130005,0.09783230349421501,0.005583615262082262,v2.5,averaged
sexual_explicit_1,16,0.0,0.0,0.09783230349421501,0.09783230349421501,0.0,v2.5,averaged
sexual_explicit_1,16,0.05,3.0262803193181753e-05,0.09630611911416054,0.09783230349421501,0.015600004554167731,v2.5,averaged
sexual_explicit_1,16,0.1,4.306453774916008e-05,0.09630965813994408,0.09783230349421501,0.01556383014492725,v2.5,averaged
sexual_explicit_1,16,0.2,5.0619848479982466e-05,0.09768101200461388,0.09783230349421501,0.0015464369558678681,v2.5,averaged
sexual_explicit_1,16,0.3,7.925146201159805e-05,0.09891758486628532,0.09783230349421501,-0.011093282416011875,v2.5,averaged
sexual_explicit_1,16,0.5,0.0002295857048011385,0.09880513325333595,0.09783230349421501,-0.009943850081976922,v2.5,averaged
sexual_explicit_1,16,1.0,0.0008771357242949307,0.10148235410451889,0.09783230349421501,-0.0373092575758447,v2.5,averaged
sexual_explicit_1,24,-0.3,0.0010632025077939034,0.10269148275256157,0.09783230349421501,-0.049668453923645876,v2.5,averaged
sexual_explicit_1,24,-0.1,9.684449105407111e-05,0.09754957631230354,0.09783230349421501,0.002889916436733871,v2.5,averaged
sexual_explicit_1,24,0.0,0.0,0.09783230349421501,0.09783230349421501,0.0,v2.5,averaged
sexual_explicit_1,24,0.05,4.9250011215917766e-05,0.09642646089196205,0.09783230349421501,0.014369922326689263,v2.5,averaged
sexual_explicit_1,24,0.1,0.00012899427383672446,0.09644784033298492,0.09783230349421501,0.014151390816551231,v2.5,averaged
sexual_explicit_1,24,0.2,0.0005379965587053448,0.09379291534423828,0.09783230349421501,0.041288899532203965,v2.5,averaged
sexual_explicit_1,24,0.3,0.001129174663219601,0.09288554638624191,0.09783230349421501,0.050563637278208506,v2.5,averaged
sexual_explicit_1,24,0.5,0.002865548711270094,0.09226677566766739,0.09783230349421501,0.0568884471464655,v2.5,averaged
sexual_explicit_1,24,1.0,0.010136662516742945,0.09190914034843445,0.09783230349421501,0.06054404255268108,v2.5,averaged
sexual_explicit_1,28,-0.3,0.001448291470296681,0.10741934180259705,0.09783230349421501,-0.09799460879451675,v2.5,averaged
sexual_explicit_1,28,-0.1,0.0001374399580527097,0.09963767975568771,0.09783230349421501,-0.018453784659986636,v2.5,averaged
sexual_explicit_1,28,0.0,0.0,0.09783230349421501,0.09783230349421501,0.0,v2.5,averaged
sexual_explicit_1,28,0.05,0.00010077402112074196,0.09489843621850014,0.09783230349421501,0.029988737573662046,v2.5,averaged
sexual_explicit_1,28,0.1,0.00028657785151153803,0.09333974868059158,0.09783230349421501,0.04592097551795947,v2.5,averaged
sexual_explicit_1,28,0.2,0.000983178149908781,0.08991140872240067,0.09783230349421501,0.08096400155070173,v2.5,averaged
sexual_explicit_1,28,0.3,0.0019818104337900877,0.08838833123445511,0.09783230349421501,0.09653224878138887,v2.5,averaged
sexual_explicit_1,28,0.5,0.005359850823879242,0.084384024143219,0.09783230349421501,0.13746256472220586,v2.5,averaged
sexual_explicit_1,28,1.0,0.02092759869992733,0.08094567060470581,0.09783230349421501,0.17260794529393592,v2.5,averaged
sexual_explicit_2,8,-0.3,5.8125879149883986e-05,0.249054953455925,0.24729682505130768,-0.007109385267087613,v2.5,averaged
sexual_explicit_2,8,-0.1,2.9273265681695193e-05,0.24922269582748413,0.24729682505130768,-0.00778768904848206,v2.5,averaged
sexual_explicit_2,8,0.0,0.0,0.24729682505130768,0.24729682505130768,0.0,v2.5,averaged
sexual_explicit_2,8,0.05,3.0480197892757133e-05,0.24629290401935577,0.24729682505130768,0.004059579138323417,v2.5,averaged
sexual_explicit_2,8,0.1,1.7108597603510134e-05,0.24643102288246155,0.24729682505130768,0.0035010646362584673,v2.5,averaged
sexual_explicit_2,8,0.2,5.702958151232451e-05,0.2448776438832283,0.24729682505130768,0.009782499907054848,v2.5,averaged
sexual_explicit_2,8,0.3,7.436396845150739e-05,0.24480418115854263,0.24729682505130768,0.010079562858309589,v2.5,averaged
sexual_explicit_2,8,0.5,0.00016098286141641438,0.24270334839820862,0.24729682505130768,0.018574749805809407,v2.5,averaged
sexual_explicit_2,8,1.0,0.0006071878306102008,0.23708940297365189,0.24729682505130768,0.04127599323419545,v2.5,averaged
sexual_explicit_2,16,-0.3,0.00023378385230898857,0.25384321808815,0.24729682505130768,-0.02647180381504752,v2.5,averaged
sexual_explicit_2,16,-0.1,4.8860107199288905e-05,0.2502809911966324,0.24729682505130768,-0.012067142975675365,v2.5,averaged
sexual_explicit_2,16,0.0,0.0,0.24729682505130768,0.24729682505130768,0.0,v2.5,averaged
sexual_explicit_2,16,0.05,1.870897176559083e-05,0.24599415063858032,0.24729682505130768,0.00526765522548494,v2.5,averaged
sexual_explicit_2,16,0.1,4.506361437961459e-05,0.24404674768447876,0.24729682505130768,0.013142414449334769,v2.5,averaged
sexual_explicit_2,16,0.2,0.000101059878943488,0.2435559183359146,0.24729682505130768,0.015127192654482828,v2.5,averaged
sexual_explicit_2,16,0.3,0.00027166050858795643,0.23956383019685745,0.24729682505130768,0.0312700935519323,v2.5,averaged
sexual_explicit_2,16,0.5,0.0005965851014479995,0.2370741069316864,0.24729682505130768,0.04133784619960377,v2.5,averaged
sexual_explicit_2,16,1.0,0.0024182548513635993,0.22662900388240814,0.24729682505130768,0.08357495558065292,v2.5,averaged
sexual_explicit_2,24,-0.3,0.0011020252131856978,0.2627195194363594,0.24729682505130768,-0.06236511278238982,v2.5,averaged
sexual_explicit_2,24,-0.1,0.00013581647363025695,0.25281381607055664,0.24729682505130768,-0.022309186614524187,v2.5,averaged
sexual_explicit_2,24,0.0,0.0,0.24729682505130768,0.24729682505130768,0.0,v2.5,averaged
sexual_explicit_2,24,0.05,5.54464349988848e-05,0.24430809170007706,0.24729682505130768,0.012085611493841608,v2.5,averaged
sexual_explicit_2,24,0.1,0.0001490022987127304,0.24126625806093216,0.24729682505130768,0.02438594587344311,v2.5,averaged
sexual_explicit_2,24,0.2,0.0005507741589099169,0.23702281713485718,0.24729682505130768,0.04154524795989156,v2.5,averaged
sexual_explicit_2,24,0.3,0.0011825604597106576,0.2309882789850235,0.24729682505130768,0.0659472521044319,v2.5,averaged
sexual_explicit_2,24,0.5,0.003356433706358075,0.22097283601760864,0.24729682505130768,0.10644693488578953,v2.5,averaged
sexual_explicit_2,24,1.0,0.015590277500450611,0.19531463831663132,0.24729682505130768,0.21020159366741326,v2.5,averaged
sexual_explicit_2,28,-0.3,0.0015968335792422295,0.26631344854831696,0.24729682505130768,-0.07689796863774463,v2.5,averaged
sexual_explicit_2,28,-0.1,0.00022438238374888897,0.2540532946586609,0.24729682505130768,-0.027321295394517976,v2.5,averaged
sexual_explicit_2,28,0.0,0.0,0.24729682505130768,0.24729682505130768,0.0,v2.5,averaged
sexual_explicit_2,28,0.05,4.848431854043156e-05,0.24415407329797745,0.24729682505130768,0.012708419336472238,v2.5,averaged
sexual_explicit_2,28,0.1,0.00025378435384482145,0.23982936888933182,0.24729682505130768,0.03019632848269102,v2.5,averaged
sexual_explicit_2,28,0.2,0.0009219027706421912,0.2327956259250641,0.24729682505130768,0.058638840685621293,v2.5,averaged
sexual_explicit_2,28,0.3,0.0022747910115867853,0.22423004359006882,0.24729682505130768,0.09327568785589181,v2.5,averaged
sexual_explicit_2,28,0.5,0.007132772589102387,0.21002448350191116,0.24729682505130768,0.15071904599528713,v2.5,averaged
sexual_explicit_2,28,1.0,0.03545892797410488,0.17513716220855713,0.24729682505130768,0.2917937293686617,v2.5,averaged
sexual_explicit_3,8,-0.3,2.529879566282034e-05,0.0997823178768158,0.10023977607488632,0.004563639465123824,v2.5,averaged
sexual_explicit_3,8,-0.1,8.79949948284775e-06,0.10055214166641235,0.10023977607488632,-0.0031161840514555015,v2.5,averaged
sexual_explicit_3,8,0.0,0.0,0.10023977607488632,0.10023977607488632,0.0,v2.5,averaged
sexual_explicit_3,8,0.05,7.439346518367529e-06,0.10052093863487244,0.10023977607488632,-0.0028049001204478534,v2.5,averaged
sexual_explicit_3,8,0.1,9.342817065771669e-06,0.10084950923919678,0.10023977607488632,-0.006082746671889418,v2.5,averaged
sexual_explicit_3,8,0.2,2.508967008907348e-05,0.10144089162349701,0.10023977607488632,-0.011982424498967033,v2.5,averaged
sexual_explicit_3,8,0.3,3.145656955894083e-05,0.1014648899435997,0.10023977607488632,-0.012221833654118807,v2.5,averaged
sexual_explicit_3,8,0.5,5.397337372414768e-05,0.10096239671111107,0.10023977607488632,-0.007208921094206127,v2.5,averaged
sexual_explicit_3,8,1.0,0.00021393902716226876,0.10215625911951065,0.10023977607488632,-0.019118987688006985,v2.5,averaged
sexual_explicit_3,16,-0.3,0.00015064621402416378,0.10434276983141899,0.10023977607488632,-0.04093179291888519,v2.5,averaged
sexual_explicit_3,16,-0.1,2.8141745133325458e-05,0.1022840328514576,0.10023977607488632,-0.02039366862755227,v2.5,averaged
sexual_explicit_3,16,0.0,0.0,0.10023977607488632,0.10023977607488632,0.0,v2.5,averaged
sexual_explicit_3,16,0.05,8.78012360772118e-06,0.1003112755715847,0.10023977607488632,-0.0007132846809729927,v2.5,averaged
sexual_explicit_3,16,0.1,1.659800636844011e-05,0.09916291758418083,0.10023977607488632,0.010742826180108377,v2.5,averaged
sexual_explicit_3,16,0.2,5.071699706604704e-05,0.09889071434736252,0.10023977607488632,0.013458347378150142,v2.5,averaged
sexual_explicit_3,16,0.3,0.00011545194138307124,0.09837451204657555,0.10023977607488632,0.018608022696671722,v2.5,averaged
sexual_explicit_3,16,0.5,0.0003353882348164916,0.09591664001345634,0.10023977607488632,0.04312795010835104,v2.5,averaged
sexual_explicit_3,16,1.0,0.0012846816680394113,0.0924748070538044,0.10023977607488632,0.07746395019159794,v2.5,averaged
sexual_explicit_3,24,-0.3,0.001227515225764364,0.11309463530778885,0.10023977607488632,-0.1282411008510137,v2.5,averaged
sexual_explicit_3,24,-0.1,0.0001437458849977702,0.10466739535331726,0.10023977607488632,-0.0441702830134336,v2.5,averaged
sexual_explicit_3,24,0.0,0.0,0.10023977607488632,0.10023977607488632,0.0,v2.5,averaged
sexual_explicit_3,24,0.05,3.210231807315722e-05,0.09911102056503296,0.10023977607488632,0.011260554981787883,v2.5,averaged
sexual_explicit_3,24,0.1,0.00012572173727676272,0.09719783440232277,0.10023977607488632,0.03034665271290115,v2.5,averaged
sexual_explicit_3,24,0.2,0.00048711709678173065,0.09358884394168854,0.10023977607488632,0.06635022935634911,v2.5,averaged
sexual_explicit_3,24,0.3,0.0010379767627455294,0.09080997109413147,0.10023977607488632,0.0940724864918903,v2.5,averaged
sexual_explicit_3,24,0.5,0.002776261535473168,0.08536932244896889,0.10023977607488632,0.1483488312544527,v2.5,averaged
sexual_explicit_3,24,1.0,0.010030594654381275,0.07552240416407585,0.10023977607488632,0.24658247333219116,v2.5,averaged
sexual_explicit_3,28,-0.3,0.0021955801639705896,0.12183821946382523,0.10023977607488632,-0.21546779367108035,v2.5,averaged
sexual_explicit_3,28,-0.1,0.00022825621999800205,0.10655486583709717,0.10023977607488632,-0.06299983908077587,v2.5,averaged
sexual_explicit_3,28,0.0,0.0,0.10023977607488632,0.10023977607488632,0.0,v2.5,averaged
sexual_explicit_3,28,0.05,5.0426147936377674e-05,0.09787031263113022,0.10023977607488632,0.023637956273824316,v2.5,averaged
sexual_explicit_3,28,0.1,0.0002750574494712055,0.093466866761446,0.10023977607488632,0.06756708343383043,v2.5,averaged
sexual_explicit_3,28,0.2,0.0009718298097141087,0.08795043081045151,0.10023977607488632,0.12259948840322418,v2.5,averaged
sexual_explicit_3,28,0.3,0.0023151827044785023,0.0814615860581398,0.10023977607488632,0.18733272112178168,v2.5,averaged
sexual_explicit_3,28,0.5,0.006817809073254466,0.06930515728890896,0.10023977607488632,0.30860622396908566,v2.5,averaged
sexual_explicit_3,28,1.0,0.026256607845425606,0.047336794435977936,0.10023977607488632,0.5277643637131237,v2.5,averaged
sexual_explicit_4,8,-0.3,0.00011901112156920135,0.35157743096351624,0.3523520976305008,0.002198558408461424,v2.5,averaged
sexual_explicit_4,8,-0.1,0.00011578929843381047,0.3503240644931793,0.3523520976305008,0.00575570047960435,v2.5,averaged
sexual_explicit_4,8,0.0,0.0,0.3523520976305008,0.3523520976305008,0.0,v2.5,averaged
sexual_explicit_4,8,0.05,7.865844236221164e-05,0.35194334387779236,0.3523520976305008,0.001160071858397394,v2.5,averaged
sexual_explicit_4,8,0.1,6.670676521025598e-05,0.35106950998306274,0.3523520976305008,0.0036400738240617873,v2.5,averaged
sexual_explicit_4,8,0.2,9.159646288026124e-05,0.3517451286315918,0.3523520976305008,0.001722620648467101,v2.5,averaged
sexual_explicit_4,8,0.3,0.00016603122639935464,0.35159042477607727,0.3523520976305008,0.002161681055812139,v2.5,averaged
sexual_explicit_4,8,0.5,0.00027259938360657543,0.35130341351032257,0.3523520976305008,0.0029762391858326348,v2.5,averaged
sexual_explicit_4,8,1.0,0.0007827201043255627,0.35257382690906525,0.3523520976305008,-0.000629283265391463,v2.5,averaged
sexual_explicit_4,16,-0.3,0.0001729429786792025,0.35489001870155334,0.3523520976305008,-0.007202798246752541,v2.5,averaged
sexual_explicit_4,16,-0.1,8.929881369112991e-05,0.3520629107952118,0.3523520976305008,0.0008207325491567287,v2.5,averaged
sexual_explicit_4,16,0.0,0.0,0.3523520976305008,0.3523520976305008,0.0,v2.5,averaged
sexual_explicit_4,16,0.05,5.917226371821016e-05,0.35107918083667755,0.3523520976305008,0.003612627262284969,v2.5,averaged
sexual_explicit_4,16,0.1,6.611274147871882e-05,0.3517294228076935,0.3523520976305008,0.001767194879765663,v2.5,averaged
sexual_explicit_4,16,0.2,0.00010721333092078567,0.34956876933574677,0.3523520976305008,0.00789928118342808,v2.5,averaged
sexual_explicit_4,16,0.3,0.00018246265244670212,0.3498428761959076,0.3523520976305008,0.0071213466628046946,v2.5,averaged
sexual_explicit_4,16,0.5,0.00038704118924215436,0.3460877984762192,0.3523520976305008,0.017778520963569702,v2.5,averaged
sexual_explicit_4,16,1.0,0.00128897005924955,0.34163229167461395,0.3523520976305008,0.03042356219240767,v2.5,averaged
sexual_explicit_4,24,-0.3,0.0011755443993024528,0.36636215448379517,0.3523520976305008,-0.03976152532512017,v2.5,averaged
sexual_explicit_4,24,-0.1,0.00022838491713628173,0.3572939485311508,0.3523520976305008,-0.014025319939580349,v2.5,averaged
sexual_explicit_4,24,0.0,0.0,0.3523520976305008,0.3523520976305008,0.0,v2.5,averaged
sexual_explicit_4,24,0.05,0.00012080493615940213,0.3491840064525604,0.3523520976305008,0.008991265269158789,v2.5,averaged
sexual_explicit_4,24,0.1,0.00020636548288166523,0.3461672514677048,0.3523520976305008,0.017553027793471093,v2.5,averaged
sexual_explicit_4,24,0.2,0.0005708850803785026,0.3413645476102829,0.3523520976305008,0.031183438651584676,v2.5,averaged
sexual_explicit_4,24,0.3,0.0013039562618359923,0.33588020503520966,0.3523520976305008,0.04674838806427266,v2.5,averaged
sexual_explicit_4,24,0.5,0.0035820082994177938,0.3268142342567444,0.3523520976305008,0.07247824986850814,v2.5,averaged
sexual_explicit_4,24,1.0,0.015643046237528324,0.30029088258743286,0.3523520976305008,0.14775338473410393,v2.5,averaged
sexual_explicit_4,28,-0.3,0.0013619753299281001,0.3644411265850067,0.3523520976305008,-0.03430951322782604,v2.5,averaged
sexual_explicit_4,28,-0.1,0.00022871047258377075,0.35533927381038666,0.3523520976305008,-0.008477815798384747,v2.5,averaged
sexual_explicit_4,28,0.0,0.0,0.3523520976305008,0.3523520976305008,0.0,v2.5,averaged
sexual_explicit_4,28,0.05,0.00013612827751785517,0.3477817624807358,0.3523520976305008,0.012970932145713416,v2.5,averaged
sexual_explicit_4,28,0.1,0.0002418330404907465,0.3482488542795181,0.3523520976305008,0.011645292815272502,v2.5,averaged
sexual_explicit_4,28,0.2,0.0007981109083630145,0.343622624874115,0.3523520976305008,0.024774856784136684,v2.5,averaged
sexual_explicit_4,28,0.3,0.0018121255561709404,0.3368310332298279,0.3523520976305008,0.04404987086794444,v2.5,averaged
sexual_explicit_4,28,0.5,0.005160200409591198,0.326107457280159,0.3523520976305008,0.07448413256748546,v2.5,averaged
sexual_explicit_4,28,1.0,0.024075371213257313,0.2969397008419037,0.3523520976305008,0.157264273893173,v2.5,averaged
sexual_explicit_5,8,-0.3,8.771909051574767e-06,0.0884331725537777,0.08877043798565865,0.003799298950574492,v2.5,averaged
sexual_explicit_5,8,-0.1,3.5527191357687116e-06,0.08823641948401928,0.08877043798565865,0.006015724533494357,v2.5,averaged
sexual_explicit_5,8,0.0,0.0,0.08877043798565865,0.08877043798565865,0.0,v2.5,averaged
sexual_explicit_5,8,0.05,1.5647128748241812e-06,0.08859504200518131,0.08877043798565865,0.001975837727709187,v2.5,averaged
sexual_explicit_5,8,0.1,1.9722137949429452e-06,0.08861122652888298,0.08877043798565865,0.0017935188829572607,v2.5,averaged
sexual_explicit_5,8,0.2,1.4265882782638073e-05,0.08721133694052696,0.08877043798565865,0.017563291119320205,v2.5,averaged
sexual_explicit_5,8,0.3,2.7627502277027816e-05,0.08698415383696556,0.08877043798565865,0.020122511381341485,v2.5,averaged
sexual_explicit_5,8,0.5,4.2821802708203904e-05,0.08715800940990448,0.08877043798565865,0.018164026362184473,v2.5,averaged
sexual_explicit_5,8,1.0,0.00019813872495433316,0.08496173657476902,0.08877043798565865,0.04290506498914585,v2.5,averaged
sexual_explicit_5,16,-0.3,5.2475661505013704e-05,0.0878929290920496,0.08877043798565865,0.009885147730721047,v2.5,averaged
sexual_explicit_5,16,-0.1,8.822044037515298e-06,0.08824756741523743,0.08877043798565865,0.005890142960719553,v2.5,averaged
sexual_explicit_5,16,0.0,0.0,0.08877043798565865,0.08877043798565865,0.0,v2.5,averaged
sexual_explicit_5,16,0.05,2.7456007956061512e-06,0.08840823918581009,0.08877043798565865,0.004080173626123955,v2.5,averaged
sexual_explicit_5,16,0.1,9.97984898276627e-06,0.08950884453952312,0.08877043798565865,-0.008318158281293743,v2.5,averaged
sexual_explicit_5,16,0.2,2.101586142089218e-05,0.08860960230231285,0.08877043798565865,0.0018118158138611255,v2.5,averaged
sexual_explicit_5,16,0.3,5.096653330838308e-05,0.08959752321243286,0.08877043798565865,-0.009317124546663112,v2.5,averaged
sexual_explicit_5,16,0.5,0.00012518977018771693,0.08949379622936249,0.08877043798565865,-0.00814863889508695,v2.5,averaged
sexual_explicit_5,16,1.0,0.000533720973180607,0.09210199117660522,0.08877043798565865,-0.03752998482991387,v2.5,averaged
sexual_explicit_5,24,-0.3,0.0005998431297484785,0.09549710154533386,0.08877043798565865,-0.07577594199503608,v2.5,averaged
sexual_explicit_5,24,-0.1,5.752461584052071e-05,0.09077180363237858,0.08877043798565865,-0.022545406918497622,v2.5,averaged
sexual_explicit_5,24,0.0,0.0,0.08877043798565865,0.08877043798565865,0.0,v2.5,averaged
sexual_explicit_5,24,0.05,3.0087110644672066e-05,0.08647039718925953,0.08877043798565865,0.02590998589835392,v2.5,averaged
sexual_explicit_5,24,0.1,8.014620107132941e-05,0.08547472395002842,0.08877043798565865,0.03712625633505004,v2.5,averaged
sexual_explicit_5,24,0.2,0.0002658322046045214,0.08345498889684677,0.08877043798565865,0.059878594827600315,v2.5,averaged
sexual_explicit_5,24,0.3,0.000617491255979985,0.08047915250062943,0.08877043798565865,0.09340142589325427,v2.5,averaged
sexual_explicit_5,24,0.5,0.0017327541718259454,0.07446132972836494,0.08877043798565865,0.16119226830451616,v2.5,averaged
sexual_explicit_5,24,1.0,0.008072627941146493,0.056081272661685944,0.08877043798565865,0.3682438215439899,v2.5,averaged
sexual_explicit_5,28,-0.3,0.00414263503625989,0.11951062828302383,0.08877043798565865,-0.3462885955607365,v2.5,averaged
sexual_explicit_5,28,-0.1,0.0004342164611443877,0.0977860689163208,0.08877043798565865,-0.10156118562937225,v2.5,averaged
sexual_explicit_5,28,0.0,0.0,0.08877043798565865,0.08877043798565865,0.0,v2.5,averaged
sexual_explicit_5,28,0.05,0.00012990160030312836,0.08375694416463375,0.08877043798565865,0.05647706527971454,v2.5,averaged
sexual_explicit_5,28,0.1,0.0004852743004448712,0.07915841415524483,0.08877043798565865,0.10827955847155664,v2.5,averaged
sexual_explicit_5,28,0.2,0.0018786817090585828,0.07041462883353233,0.08877043798565865,0.20677840020448918,v2.5,averaged
sexual_explicit_5,28,0.3,0.003998591215349734,0.06289996206760406,0.08877043798565865,0.2914312073376736,v2.5,averaged
sexual_explicit_5,28,0.5,0.010344931855797768,0.049148837104439735,0.08877043798565865,0.4463377874469877,v2.5,averaged
sexual_explicit_5,28,1.0,0.031221432611346245,0.027146419510245323,0.08877043798565865,0.6941952734914862,v2.5,averaged
violence_liminal_1,8,-0.3,3.0853727366775274e-05,0.18159052729606628,0.1806851178407669,-0.005010979687310447,v2.5,averaged
violence_liminal_1,8,-0.1,7.033093424979597e-06,0.18072069436311722,0.1806851178407669,-0.0001968979115461183,v2.5,averaged
violence_liminal_1,8,0.0,0.0,0.1806851178407669,0.1806851178407669,0.0,v2.5,averaged
violence_liminal_1,8,0.05,2.45822302531451e-05,0.18124862015247345,0.1806851178407669,-0.0031186979782316265,v2.5,averaged
violence_liminal_1,8,0.1,2.741935895755887e-05,0.18104711174964905,0.1806851178407669,-0.002003451713168524,v2.5,averaged
violence_liminal_1,8,0.2,2.0043691620230675e-05,0.1815991774201393,0.1806851178407669,-0.005058853713552341,v2.5,averaged
violence_liminal_1,8,0.3,3.859028220176697e-05,0.1810949370265007,0.1806851178407669,-0.0022681402355171176,v2.5,averaged
violence_liminal_1,8,0.5,6.574676081072539e-05,0.18032215535640717,0.1806851178407669,0.002008812284582345,v2.5,averaged
violence_liminal_1,8,1.0,0.00024224133812822402,0.18172850459814072,0.1806851178407669,-0.005774613702791613,v2.5,averaged
violence_liminal_1,16,-0.3,0.00023663218598812819,0.18697744607925415,0.1806851178407669,-0.034824828484394096,v2.5,averaged
violence_liminal_1,16,-0.1,3.7357698602136225e-05,0.18298720568418503,0.1806851178407669,-0.012740882430875638,v2.5,averaged
violence_liminal_1,16,0.0,0.0,0.1806851178407669,0.1806851178407669,0.0,v2.5,averaged
violence_liminal_1,16,0.05,3.0486611649394035e-05,0.1808672919869423,0.1806851178407669,-0.0010082410126102906,v2.5,averaged
violence_liminal_1,16,0.1,1.4548357285093516e-05,0.18044491857290268,0.1806851178407669,0.0013293804754628915,v2.5,averaged
violence_liminal_1,16,0.2,5.31261321157217e-05,0.17840461432933807,0.1806851178407669,0.012621424158676873,v2.5,averaged
violence_liminal_1,16,0.3,0.0001123012334574014,0.17757898569107056,0.1806851178407669,0.017190857702147355,v2.5,averaged
violence_liminal_1,16,0.5,0.00031944247893989086,0.1745208129286766,0.1806851178407669,0.03411628464898112,v2.5,averaged
violence_liminal_1,16,1.0,0.001524119870737195,0.16741911321878433,0.1806851178407669,0.07342057154742296,v2.5,averaged
violence_liminal_1,24,-0.3,0.0013726602774113417,0.20149444043636322,0.1806851178407669,-0.11516899036441412,v2.5,averaged
violence_liminal_1,24,-0.1,0.00020012154709547758,0.18825072795152664,0.1806851178407669,-0.04187179442983849,v2.5,averaged
violence_liminal_1,24,0.0,0.0,0.1806851178407669,0.1806851178407669,0.0,v2.5,averaged
violence_liminal_1,24,0.05,3.618229311541654e-05,0.1783420890569687,0.1806851178407669,0.01296746966102138,v2.5,averaged
violence_liminal_1,24,0.1,0.0001570440363138914,0.1737898364663124,0.1806851178407669,0.038161866659827126,v2.5,averaged
violence_liminal_1,24,0.2,0.0006190217100083828,0.1670876368880272,0.1806851178407669,0.07525512402589139,v2.5,averaged
violence_liminal_1,24,0.3,0.0014283210039138794,0.16018863022327423,0.1806851178407669,0.11343760826807937,v2.5,averaged
violence_liminal_1,24,0.5,0.003952800761908293,0.14682205766439438,0.1806851178407669,0.18741477206891582,v2.5,averaged
violence_liminal_1,24,1.0,0.017887040972709656,0.1126093864440918,0.1806851178407669,0.3767644630072327,v2.5,averaged
violence_liminal_1,28,-0.3,0.0013816931168548763,0.19536159932613373,0.1806851178407669,-0.08122684181605273,v2.5,averaged
violence_liminal_1,28,-0.1,0.00018559272575657815,0.18574494123458862,0.1806851178407669,-0.02800354259547157,v2.5,averaged
violence_liminal_1,28,0.0,0.0,0.1806851178407669,0.1806851178407669,0.0,v2.5,averaged
violence_liminal_1,28,0.05,5.850166780874133e-05,0.1789589375257492,0.1806851178407669,0.00955352790338238,v2.5,averaged
violence_liminal_1,28,0.1,0.0001739818835631013,0.17658669501543045,0.1806851178407669,0.022682680645277547,v2.5,averaged
violence_liminal_1,28,0.2,0.0006687817513011396,0.17175541073083878,0.1806851178407669,0.049421375798075685,v2.5,averaged
violence_liminal_1,28,0.3,0.0016062928480096161,0.16644617915153503,0.1806851178407669,0.07880526553260617,v2.5,averaged
violence_liminal_1,28,0.5,0.0046022566966712475,0.1573057696223259,0.1806851178407669,0.12939277178901154,v2.5,averaged
violence_liminal_1,28,1.0,0.020936595275998116,0.1376122608780861,0.1806851178407669,0.2383863014143744,v2.5,averaged
violence_liminal_2,8,-0.3,3.705733979586512e-05,0.1827566772699356,0.18387570977210999,0.006085809286943189,v2.5,averaged
violence_liminal_2,8,-0.1,1.861416603787802e-05,0.18349727243185043,0.18387570977210999,0.002058114912125021,v2.5,averaged
violence_liminal_2,8,0.0,0.0,0.18387570977210999,0.18387570977210999,0.0,v2.5,averaged
violence_liminal_2,8,0.05,2.8269554604776204e-05,0.18388522416353226,0.18387570977210999,-5.1743601338445295e-05,v2.5,averaged
violence_liminal_2,8,0.1,2.5999775971286e-05,0.1833759993314743,0.18387570977210999,0.0027176533608218685,v2.5,averaged
violence_liminal_2,8,0.2,3.5129705793224275e-05,0.18380343168973923,0.18387570977210999,0.00039308118761492385,v2.5,averaged
violence_liminal_2,8,0.3,4.6468834625557065e-05,0.18411751836538315,0.18387570977210999,-0.0013150654514011292,v2.5,averaged
violence_liminal_2,8,0.5,8.530740160495043e-05,0.18445158749818802,0.18387570977210999,-0.0031318858091248644,v2.5,averaged
violence_liminal_2,8,1.0,0.0003222153172828257,0.1868138536810875,0.18387570977210999,-0.01597896705670888,v2.5,averaged
violence_liminal_2,16,-0.3,0.0001478618651162833,0.1869056448340416,0.18387570977210999,-0.01647816922467258,v2.5,averaged
violence_liminal_2,16,-0.1,3.177172038704157e-05,0.18468065559864044,0.18387570977210999,-0.004377662647927136,v2.5,averaged
violence_liminal_2,16,0.0,0.0,0.18387570977210999,0.18387570977210999,0.0,v2.5,averaged
violence_liminal_2,16,0.05,2.764531018328853e-05,0.1837582215666771,0.18387570977210999,0.0006389544631996428,v2.5,averaged
violence_liminal_2,16,0.1,5.510326082003303e-05,0.18214915692806244,0.18387570977210999,0.009389782077183462,v2.5,averaged
violence_liminal_2,16,0.2,0.00013683259749086574,0.18081405758857727,0.18387570977210999,0.016650661402352895,v2.5,averaged
violence_liminal_2,16,0.3,0.00023762055207043886,0.18081221729516983,0.18387570977210999,0.016660669757506064,v2.5,averaged
violence_liminal_2,16,0.5,0.0006313768681138754,0.17878909409046173,0.18387570977210999,0.027663336761296273,v2.5,averaged
violence_liminal_2,16,1.0,0.0026277578435838223,0.1759543940424919,0.18387570977210999,0.04307972890729021,v2.5,averaged
violence_liminal_2,24,-0.3,0.0009482575405854732,0.19734608381986618,0.18387570977210999,-0.07325803970764258,v2.5,averaged
violence_liminal_2,24,-0.1,0.00012202256766613573,0.18778330832719803,0.18387570977210999,-0.021251303719947583,v2.5,averaged
violence_liminal_2,24,0.0,0.0,0.18387570977210999,0.18387570977210999,0.0,v2.5,averaged
violence_liminal_2,24,0.05,4.7850793635006994e-05,0.18129273504018784,0.18387570977210999,0.014047395031803878,v2.5,averaged
violence_liminal_2,24,0.1,0.00013269127521198243,0.1785927638411522,0.18387570977210999,0.028731070229479024,v2.5,averaged
violence_liminal_2,24,0.2,0.0004449655825737864,0.17515835911035538,0.18387570977210999,0.04740893004605464,v2.5,averaged
violence_liminal_2,24,0.3,0.0010386931826360524,0.170119047164917,0.18387570977210999,0.07481500750829234,v2.5,averaged
violence_liminal_2,24,0.5,0.00283569423481822,0.16223300248384476,0.18387570977210999,0.11770291636175625,v2.5,averaged
violence_liminal_2,24,1.0,0.01202789694070816,0.14323820918798447,0.18387570977210999,0.2210052683657369,v2.5,averaged
violence_liminal_2,28,-0.3,0.001120291999541223,0.19707123190164566,0.18387570977210999,-0.07176326957970582,v2.5,averaged
violence_liminal_2,28,-0.1,0.00015764321142341942,0.18840275704860687,0.18387570977210999,-0.024620148480229243,v2.5,averaged
violence_liminal_2,28,0.0,0.0,0.18387570977210999,0.18387570977210999,0.0,v2.5,averaged
violence_liminal_2,28,0.05,5.7776502217166126e-05,0.1808178350329399,0.18387570977210999,0.01663011793651218,v2.5,averaged
violence_liminal_2,28,0.1,0.0001671838981565088,0.17815954238176346,0.18387570977210999,0.03108712617577913,v2.5,averaged
violence_liminal_2,28,0.2,0.0006079767772462219,0.17351596057415009,0.18387570977210999,0.056341042603177224,v2.5,averaged
violence_liminal_2,28,0.3,0.0014442451647482812,0.16778361052274704,0.18387570977210999,0.08751617747285385,v2.5,averaged
violence_liminal_2,28,0.5,0.004261415917426348,0.15801001340150833,0.18387570977210999,0.14066945766060573,v2.5,averaged
violence_liminal_2,28,1.0,0.019628004170954227,0.13258752971887589,0.18387570977210999,0.2789285225155575,v2.5,averaged
violence_liminal_3,8,-0.3,4.884514055447653e-05,0.23005519807338715,0.22931861877441406,-0.00321203443012917,v2.5,averaged
violence_liminal_3,8,-0.1,3.3745920518413186e-05,0.22925856709480286,0.22931861877441406,0.00026187005630920994,v2.5,averaged
violence_liminal_3,8,0.0,0.0,0.22931861877441406,0.22931861877441406,0.0,v2.5,averaged
violence_liminal_3,8,0.05,2.19674184336327e-05,0.229688361287117,0.22931861877441406,-0.0016123527809430336,v2.5,averaged
violence_liminal_3,8,0.1,3.0703724405611865e-05,0.22990136593580246,0.22931861877441406,-0.0025412117188864584,v2.5,averaged
violence_liminal_3,8,0.2,3.541474143275991e-05,0.22983577102422714,0.22931861877441406,-0.00225516904199486,v2.5,averaged
violence_liminal_3,8,0.3,4.4344931666273624e-05,0.22879399359226227,0.22931861877441406,0.0022877565936670853,v2.5,averaged
violence_liminal_3,8,0.5,8.491800690535456e-05,0.2283172756433487,0.22931861877441406,0.004366601963752505,v2.5,averaged
violence_liminal_3,8,1.0,0.0002590321528259665,0.22879748046398163,0.22931861877441406,0.0022725512355588084,v2.5,averaged
violence_liminal_3,16,-0.3,0.00010427169036120176,0.2313072755932808,0.22931861877441406,-0.008672025104176197,v2.5,averaged
violence_liminal_3,16,-0.1,3.93874870496802e-05,0.23123344779014587,0.22931861877441406,-0.008350080887306722,v2.5,averaged
violence_liminal_3,16,0.0,0.0,0.22931861877441406,0.22931861877441406,0.0,v2.5,averaged
violence_liminal_3,16,0.05,1.3948030755273066e-05,0.2292400225996971,0.22931861877441406,0.00034273786898335676,v2.5,averaged
violence_liminal_3,16,0.1,3.0100509320618585e-05,0.2289513275027275,0.22931861877441406,0.0016016635441532408,v2.5,averaged
violence_liminal_3,16,0.2,5.589131615124643e-05,0.22821862995624542,0.22931861877441406,0.004796770641858453,v2.5,averaged
violence_liminal_3,16,0.3,9.845010936260223e-05,0.2268850952386856,0.22931861877441406,0.010611975376157167,v2.5,averaged
violence_liminal_3,16,0.5,0.0002515166124794632,0.22601255774497986,0.22931861877441406,0.014416888812183417,v2.5,averaged
violence_liminal_3,16,1.0,0.0009109402599278837,0.22296997159719467,0.22931861877441406,0.02768483087483053,v2.5,averaged
violence_liminal_3,24,-0.3,0.0006974157877266407,0.24111612141132355,0.22931861877441406,-0.0514458995957714,v2.5,averaged
violence_liminal_3,24,-0.1,0.00010455507435835898,0.2332431524991989,0.22931861877441406,-0.017113890471516856,v2.5,averaged
violence_liminal_3,24,0.0,0.0,0.22931861877441406,0.22931861877441406,0.0,v2.5,averaged
violence_liminal_3,24,0.05,3.640163049567491e-05,0.22796740382909775,0.22931861877441406,0.005892303697527219,v2.5,averaged
violence_liminal_3,24,0.1,0.00010204361751675606,0.22505471855401993,0.22931861877441406,0.01859378119047817,v2.5,averaged
violence_liminal_3,24,0.2,0.0003487279755063355,0.22133249789476395,0.22931861877441406,0.0348254359909007,v2.5,averaged
violence_liminal_3,24,0.3,0.0007794053526595235,0.21668414771556854,0.22931861877441406,0.05509570538306066,v2.5,averaged
violence_liminal_3,24,0.5,0.0022811973467469215,0.20955534279346466,0.22931861877441406,0.0861826051742924,v2.5,averaged
violence_liminal_3,24,1.0,0.00976221403107047,0.1895587369799614,0.22931861877441406,0.17338270222866364,v2.5,averaged
violence_liminal_3,28,-0.3,0.0007517387566622347,0.24038781225681305,0.22931861877441406,-0.04826992915602725,v2.5,averaged
violence_liminal_3,28,-0.1,9.793516073841602e-05,0.23302346467971802,0.22931861877441406,-0.01615588793053257,v2.5,averaged
violence_liminal_3,28,0.0,0.0,0.22931861877441406,0.22931861877441406,0.0,v2.5,averaged
violence_liminal_3,28,0.05,5.058813258074224e-05,0.22688361257314682,0.22931861877441406,0.010618440902361328,v2.5,averaged
violence_liminal_3,28,0.1,0.00011671210813801736,0.2256220430135727,0.22931861877441406,0.016119823940147552,v2.5,averaged
violence_liminal_3,28,0.2,0.00044613968930207193,0.2202993631362915,0.22931861877441406,0.03933067313210623,v2.5,averaged
violence_liminal_3,28,0.3,0.0009224473324138671,0.2184290960431099,0.22931861877441406,0.04748643084239244,v2.5,averaged
violence_liminal_3,28,0.5,0.002768928767181933,0.20922473818063736,0.22931861877441406,0.08762428755749445,v2.5,averaged
violence_liminal_3,28,1.0,0.013034039177000523,0.1881132796406746,0.22931861877441406,0.1796859729661729,v2.5,averaged
violence_liminal_4,8,-0.3,1.615261317056138e-05,0.1649225428700447,0.16509942710399628,0.0010713800590001386,v2.5,averaged
violence_liminal_4,8,-0.1,9.115992270380957e-06,0.16483662277460098,0.16509942710399628,0.001591794314523899,v2.5,averaged
violence_liminal_4,8,0.0,0.0,0.16509942710399628,0.16509942710399628,0.0,v2.5,averaged
violence_liminal_4,8,0.05,4.593101948557887e-06,0.16529350727796555,0.16509942710399628,-0.001175535114649535,v2.5,averaged
violence_liminal_4,8,0.1,1.1046674444514792e-05,0.16514255106449127,0.16509942710399628,-0.0002611999402507393,v2.5,averaged
violence_liminal_4,8,0.2,2.7183574275113642e-05,0.16454770416021347,0.16509942710399628,0.003341761709659208,v2.5,averaged
violence_liminal_4,8,0.3,2.7751946618082002e-05,0.16542036831378937,0.16509942710399628,-0.0019439268531860482,v2.5,averaged
violence_liminal_4,8,0.5,6.416986434487626e-05,0.1643347591161728,0.16509942710399628,0.004631560516208341,v2.5,averaged
violence_liminal_4,8,1.0,0.0003297640214441344,0.1639772355556488,0.16509942710399628,0.006797065065771571,v2.5,averaged
violence_liminal_4,16,-0.3,4.7136722059804015e-05,0.16668564081192017,0.16509942710399628,-0.009607626966050777,v2.5,averaged
violence_liminal_4,16,-0.1,2.2147934942040592e-05,0.1646636202931404,0.16509942710399628,0.002639662768674239,v2.5,averaged
violence_liminal_4,16,0.0,0.0,0.16509942710399628,0.16509942710399628,0.0,v2.5,averaged
violence_liminal_4,16,0.05,2.961300197057426e-05,0.16544628888368607,0.16509942710399628,-0.0021009266099469882,v2.5,averaged
violence_liminal_4,16,0.1,1.2426194189174566e-05,0.164341539144516,0.16509942710399628,0.004590494181441898,v2.5,averaged
violence_liminal_4,16,0.2,6.949511589482427e-05,0.16342370212078094,0.16509942710399628,0.010149792840648632,v2.5,averaged
violence_liminal_4,16,0.3,6.538224988617003e-05,0.1626162976026535,0.16509942710399628,0.015040206649406772,v2.5,averaged
violence_liminal_4,16,0.5,0.00021623173961415887,0.16215092688798904,0.16509942710399628,0.017858936688798864,v2.5,averaged
violence_liminal_4,16,1.0,0.000870655057951808,0.15929017215967178,0.16509942710399628,0.03518640280117531,v2.5,averaged
violence_liminal_4,24,-0.3,0.0009541424224153161,0.1798926666378975,0.16509942710399628,-0.0896020040371366,v2.5,averaged
violence_liminal_4,24,-0.1,0.00010248624312225729,0.16861607879400253,0.16509942710399628,-0.02130020528654599,v2.5,averaged
violence_liminal_4,24,0.0,0.0,0.16509942710399628,0.16509942710399628,0.0,v2.5,averaged
violence_liminal_4,24,0.05,4.3548679968807846e-05,0.1617518588900566,0.16509942710399628,0.020276074076447465,v2.5,averaged
violence_liminal_4,24,0.1,0.00011609918146859854,0.1592964455485344,0.16509942710399628,0.03514840515955625,v2.5,averaged
violence_liminal_4,24,0.2,0.0004295968101359904,0.15467994660139084,0.16509942710399628,0.06311033711850617,v2.5,averaged
violence_liminal_4,24,0.3,0.0009575345902703702,0.15055733919143677,0.16509942710399628,0.0880807896650025,v2.5,averaged
violence_liminal_4,24,0.5,0.0028339754790067673,0.13969166576862335,0.16509942710399628,0.15389369776170425,v2.5,averaged
violence_liminal_4,24,1.0,0.012883022427558899,0.1145162545144558,0.16509942710399628,0.30638006125653056,v2.5,averaged
violence_liminal_4,28,-0.3,0.0010231444612145424,0.17913910001516342,0.16509942710399628,-0.08503768400312826,v2.5,averaged
violence_liminal_4,28,-0.1,0.00016080417844932526,0.171262688934803,0.16509942710399628,-0.037330607010068476,v2.5,averaged
violence_liminal_4,28,0.0,0.0,0.16509942710399628,0.16509942710399628,0.0,v2.5,averaged
violence_liminal_4,28,0.05,5.973556835670024e-05,0.1619521528482437,0.16509942710399628,0.019062902342902092,v2.5,averaged
violence_liminal_4,28,0.1,0.0001345755226793699,0.1596362590789795,0.16509942710399628,0.0330901694866302,v2.5,averaged
violence_liminal_4,28,0.2,0.0005651633255183697,0.15328003466129303,0.16509942710399628,0.07158954243528781,v2.5,averaged
violence_liminal_4,28,0.3,0.0013320955913513899,0.1473616659641266,0.16509942710399628,0.10743684245916044,v2.5,averaged
violence_liminal_4,28,0.5,0.0036024394212290645,0.13828065991401672,0.16509942710399628,0.1624400984328455,v2.5,averaged
violence_liminal_4,28,1.0,0.017229300923645496,0.1076078899204731,0.16509942710399628,0.3482237230739099,v2.5,averaged
violence_liminal_5,8,-0.3,5.077732203062624e-05,0.34764429926872253,0.34525178372859955,-0.006929770251393483,v2.5,averaged
violence_liminal_5,8,-0.1,3.17825615638867e-05,0.3462621569633484,0.34525178372859955,-0.0029264823018064086,v2.5,averaged
violence_liminal_5,8,0.0,0.0,0.34525178372859955,0.34525178372859955,0.0,v2.5,averaged
violence_liminal_5,8,0.05,3.240070509491488e-05,0.3462468683719635,0.34525178372859955,-0.0028821998618439666,v2.5,averaged
violence_liminal_5,8,0.1,1.700169377727434e-05,0.3452981114387512,0.34525178372859955,-0.00013418528834623,v2.5,averaged
violence_liminal_5,8,0.2,3.2048148568719625e-05,0.3455005884170532,0.34525178372859955,-0.0007206470760749443,v2.5,averaged
violence_liminal_5,8,0.3,4.8754969611763954e-05,0.34534160792827606,0.34525178372859955,-0.00026017012484756333,v2.5,averaged
violence_liminal_5,8,0.5,9.966184734366834e-05,0.34413275122642517,0.34525178372859955,0.0032412070115589685,v2.5,averaged
violence_liminal_5,8,1.0,0.00037805165629833937,0.3433099389076233,0.34525178372859955,0.005624430958777408,v2.5,averaged
violence_liminal_5,16,-0.3,0.00010430763359181583,0.34596025943756104,0.34525178372859955,-0.002052055173503218,v2.5,averaged
violence_liminal_5,16,-0.1,3.0385141144506633e-05,0.34495963156223297,0.34525178372859955,0.0008462003098475989,v2.5,averaged
violence_liminal_5,16,0.0,0.0,0.34525178372859955,0.34525178372859955,0.0,v2.5,averaged
violence_liminal_5,16,0.05,3.128790558548644e-05,0.3463074564933777,0.34525178372859955,-0.0030576895313247547,v2.5,averaged
violence_liminal_5,16,0.1,3.684630792122334e-05,0.34508493542671204,0.34525178372859955,0.0004832655753016202,v2.5,averaged
violence_liminal_5,16,0.2,6.551754268002696e-05,0.3454611748456955,0.34525178372859955,-0.0006064881543394094,v2.5,averaged
violence_liminal_5,16,0.3,0.00012380121916066855,0.34573109447956085,0.34525178372859955,-0.0013882933370681356,v2.5,averaged
violence_liminal_5,16,0.5,0.00032228289637714624,0.34539008140563965,0.34525178372859955,-0.0004005704924867676,v2.5,averaged
violence_liminal_5,16,1.0,0.0013820265885442495,0.34694553911685944,0.34525178372859955,-0.004905855575800122,v2.5,averaged
violence_liminal_5,24,-0.3,0.0012071463861502707,0.3625826835632324,0.34525178372859955,-0.050197857480894566,v2.5,averaged
violence_liminal_5,24,-0.1,0.00017843932437244803,0.35176117718219757,0.34525178372859955,-0.018854047279057706,v2.5,averaged
violence_liminal_5,24,0.0,0.0,0.34525178372859955,0.34525178372859955,0.0,v2.5,averaged
violence_liminal_5,24,0.05,6.270067751756869e-05,0.3425377309322357,0.34525178372859955,0.007861082619336535,v2.5,averaged
violence_liminal_5,24,0.1,0.00015843939036130905,0.3398630768060684,0.34525178372859955,0.015608049477210405,v2.5,averaged
violence_liminal_5,24,0.2,0.0006298531079664826,0.3339368999004364,0.34525178372859955,0.03277284683649227,v2.5,averaged
violence_liminal_5,24,0.3,0.0013284670421853662,0.3285554051399231,0.34525178372859955,0.04836000674163462,v2.5,averaged
violence_liminal_5,24,0.5,0.0036559695145115256,0.31802812218666077,0.34525178372859955,0.07885161735569525,v2.5,averaged
violence_liminal_5,24,1.0,0.015523115172982216,0.2899091839790344,0.34525178372859955,0.16029634706556542,v2.5,averaged
violence_liminal_5,28,-0.3,0.0012981605832464993,0.36233389377593994,0.34525178372859955,-0.04947725356509249,v2.5,averaged
violence_liminal_5,28,-0.1,0.00019870829419232905,0.3526497334241867,0.34525178372859955,-0.02142769435016922,v2.5,averaged
violence_liminal_5,28,0.0,0.0,0.34525178372859955,0.34525178372859955,0.0,v2.5,averaged
violence_liminal_5,28,0.05,5.448434967547655e-05,0.34354090690612793,0.34525178372859955,0.0049554467293253125,v2.5,averaged
violence_liminal_5,28,0.1,0.0002134784299414605,0.33897995948791504,0.34525178372859955,0.018165943048725142,v2.5,averaged
violence_liminal_5,28,0.2,0.0007293851813301444,0.3339329957962036,0.34525178372859955,0.03278415482798366,v2.5,averaged
violence_liminal_5,28,0.3,0.0017414726316928864,0.32644572854042053,0.34525178372859955,0.05447055185372293,v2.5,averaged
violence_liminal_5,28,0.5,0.005141769768670201,0.31115466356277466,0.34525178372859955,0.09876015642146092,v2.5,averaged
violence_liminal_5,28,1.0,0.022024680860340595,0.2734186574816704,0.34525178372859955,0.20806011621766676,v2.5,averaged
violence_explicit_1,8,-0.3,5.3924653911963105e-05,0.11936327815055847,0.12018328160047531,0.006822941086288299,v2.5,averaged
violence_explicit_1,8,-0.1,1.3488373951986432e-05,0.1206587627530098,0.12018328160047531,-0.003956300295702729,v2.5,averaged
violence_explicit_1,8,0.0,0.0,0.12018328160047531,0.12018328160047531,0.0,v2.5,averaged
violence_explicit_1,8,0.05,4.856556188315153e-06,0.12046032026410103,0.12018328160047531,-0.0023051347902670475,v2.5,averaged
violence_explicit_1,8,0.1,3.4651835449039936e-05,0.12089221924543381,0.12018328160047531,-0.00589880418904864,v2.5,averaged
violence_explicit_1,8,0.2,2.5737856049090624e-05,0.12053267657756805,0.12018328160047531,-0.002907184530492643,v2.5,averaged
violence_explicit_1,8,0.3,4.97129512950778e-05,0.12102697044610977,0.12018328160047531,-0.007020018378588888,v2.5,averaged
violence_explicit_1,8,0.5,9.853031951934099e-05,0.12190147116780281,0.12018328160047531,-0.014296410818929612,v2.5,averaged
violence_explicit_1,8,1.0,0.0003060721792280674,0.12318878620862961,0.12018328160047531,-0.025007676343415892,v2.5,averaged
violence_explicit_1,16,-0.3,0.0001258333504665643,0.12069546431303024,0.12018328160047531,-0.004261680208213802,v2.5,averaged
violence_explicit_1,16,-0.1,2.016563666984439e-05,0.12080198153853416,0.12018328160047531,-0.005147970082191583,v2.5,averaged
violence_explicit_1,16,0.0,0.0,0.12018328160047531,0.12018328160047531,0.0,v2.5,averaged
violence_explicit_1,16,0.05,5.018081537855323e-06,0.12013966590166092,0.12018328160047531,0.0003629098676085709,v2.5,averaged
violence_explicit_1,16,0.1,2.213713014498353e-05,0.12025128304958344,0.12018328160047531,-0.0005658145476022253,v2.5,averaged
violence_explicit_1,16,0.2,5.406051059253514e-05,0.12028681486845016,0.12018328160047531,-0.0008614614827961567,v2.5,averaged
violence_explicit_1,16,0.3,7.260366692207754e-05,0.11995494365692139,0.12018328160047531,0.001899914368397655,v2.5,averaged
violence_explicit_1,16,0.5,0.00018985255155712366,0.12075897306203842,0.12018328160047531,-0.004790112683699873,v2.5,averaged
violence_explicit_1,16,1.0,0.000954492250457406,0.12354537844657898,0.12018328160047531,-0.027974746581477698,v2.5,averaged
violence_explicit_1,24,-0.3,0.0009139104513451457,0.12804444134235382,0.12018328160047531,-0.06540976113475852,v2.5,averaged
violence_explicit_1,24,-0.1,0.00011522462591528893,0.12275887280702591,0.12018328160047531,-0.021430528208679002,v2.5,averaged
violence_explicit_1,24,0.0,0.0,0.12018328160047531,0.12018328160047531,0.0,v2.5,averaged
violence_explicit_1,24,0.05,5.200441228225827e-05,0.11884969472885132,0.12018328160047531,0.011096276069888233,v2.5,averaged
violence_explicit_1,24,0.1,0.00011497142259031534,0.11893299967050552,0.12018328160047531,0.010403126901843916,v2.5,averaged
violence_explicit_1,24,0.2,0.00037516967859119177,0.11549138650298119,0.12018328160047531,0.03903949896368589,v2.5,averaged
violence_explicit_1,24,0.3,0.0008682769257575274,0.11391163244843483,0.12018328160047531,0.05218403981420056,v2.5,averaged
violence_explicit_1,24,0.5,0.0025569743011146784,0.11078483611345291,0.12018328160047531,0.07820093911452349,v2.5,averaged
violence_explicit_1,24,1.0,0.01040878752246499,0.10410597547888756,0.12018328160047531,0.13377323291132506,v2.5,averaged
violence_explicit_1,28,-0.3,0.0011730474070645869,0.12946031987667084,0.12018328160047531,-0.07719075525858196,v2.5,averaged
violence_explicit_1,28,-0.1,0.00014998295227997005,0.1239645704627037,0.12018328160047531,-0.03146268608972181,v2.5,averaged
violence_explicit_1,28,0.0,0.0,0.12018328160047531,0.12018328160047531,0.0,v2.5,averaged
violence_explicit_1,28,0.05,4.39921859651804e-05,0.11915644258260727,0.12018328160047531,0.008543942253811623,v2.5,averaged
violence_explicit_1,28,0.1,0.00013513793237507343,0.11713936924934387,0.12018328160047531,0.02532725276424305,v2.5,averaged
violence_explicit_1,28,0.2,0.0005665075732395053,0.11468610912561417,0.12018328160047531,0.04573990992470457,v2.5,averaged
violence_explicit_1,28,0.3,0.0013141282834112644,0.11192623153328896,0.12018328160047531,0.06870381601523602,v2.5,averaged
violence_explicit_1,28,0.5,0.003728117677383125,0.10729364305734634,0.12018328160047531,0.10724984682959422,v2.5,averaged
violence_explicit_1,28,1.0,0.015168409794569016,0.0994347333908081,0.12018328160047531,0.17264088593155164,v2.5,averaged
violence_explicit_2,8,-0.3,7.595616625621915e-05,0.15219540894031525,0.15278314054012299,0.0038468354409391965,v2.5,averaged
violence_explicit_2,8,-0.1,4.419613105710596e-06,0.1528664156794548,0.15278314054012299,-0.0005450545069136631,v2.5,averaged
violence_explicit_2,8,0.0,0.0,0.15278314054012299,0.15278314054012299,0.0,v2.5,averaged
violence_explicit_2,8,0.05,3.040663432329893e-05,0.15228674560785294,0.15278314054012299,0.0032490164197121595,v2.5,averaged
violence_explicit_2,8,0.1,8.213712135329843e-06,0.15326481312513351,0.15278314054012299,-0.003152655347361672,v2.5,averaged
violence_explicit_2,8,0.2,1.3196957297623158e-05,0.15338922291994095,0.15278314054012299,-0.00396694542130319,v2.5,averaged
violence_explicit_2,8,0.3,3.034641849808395e-05,0.1542225405573845,0.15278314054012299,-0.009421196685530224,v2.5,averaged
violence_explicit_2,8,0.5,9.861658327281475e-05,0.15587245672941208,0.15278314054012299,-0.020220268927367648,v2.5,averaged
violence_explicit_2,8,1.0,0.0003326473233755678,0.15658864378929138,0.15278314054012299,-0.024907874230854797,v2.5,averaged
violence_explicit_2,16,-0.3,0.00010672281496226788,0.1553899124264717,0.15278314054012299,-0.01706190799019575,v2.5,averaged
violence_explicit_2,16,-0.1,3.724498674273491e-05,0.1527750864624977,0.15278314054012299,5.271574858850048e-05,v2.5,averaged
violence_explicit_2,16,0.0,0.0,0.15278314054012299,0.15278314054012299,0.0,v2.5,averaged
violence_explicit_2,16,0.05,2.993911039084196e-05,0.1519777551293373,0.15278314054012299,0.0052714285616754265,v2.5,averaged
violence_explicit_2,16,0.1,2.658803714439273e-05,0.15381666272878647,0.15278314054012299,-0.006764635057308992,v2.5,averaged
violence_explicit_2,16,0.2,4.7637149691581726e-05,0.1534482166171074,0.15278314054012299,-0.004353072430853372,v2.5,averaged
violence_explicit_2,16,0.3,0.00012764296843670309,0.15199417620897293,0.15278314054012299,0.005163948904053729,v2.5,averaged
violence_explicit_2,16,0.5,0.0003219437494408339,0.150129072368145,0.15278314054012299,0.017371472811694176,v2.5,averaged
violence_explicit_2,16,1.0,0.0011877883225679398,0.1533389389514923,0.15278314054012299,-0.0036378255441303965,v2.5,averaged
violence_explicit_2,24,-0.3,0.0010346830822527409,0.1484943926334381,0.15278314054012299,0.028070819146164824,v2.5,averaged
violence_explicit_2,24,-0.1,0.00013703620061278343,0.15128693729639053,0.15278314054012299,0.00979298657196753,v2.5,averaged
violence_explicit_2,24,0.0,0.0,0.15278314054012299,0.15278314054012299,0.0,v2.5,averaged
violence_explicit_2,24,0.05,3.830762580037117e-05,0.1545937955379486,0.15278314054012299,-0.011851143990263241,v2.5,averaged
violence_explicit_2,24,0.1,6.38384954072535e-05,0.15302838385105133,0.15278314054012299,-0.0016051725999436464,v2.5,averaged
violence_explicit_2,24,0.2,0.0002580892760306597,0.15403304994106293,0.15278314054012299,-0.008180938004816687,v2.5,averaged
violence_explicit_2,24,0.3,0.0007274355739355087,0.15776731073856354,0.15278314054012299,-0.03262251437442889,v2.5,averaged
violence_explicit_2,24,0.5,0.0015950626693665981,0.15831506252288818,0.15278314054012299,-0.03620767293569566,v2.5,averaged
violence_explicit_2,24,1.0,0.005251260474324226,0.1591927856206894,0.15278314054012299,-0.04195256792017012,v2.5,averaged
violence_explicit_2,28,-0.3,0.0020693540573120117,0.15844646841287613,0.15278314054012299,-0.03706775402529361,v2.5,averaged
violence_explicit_2,28,-0.1,0.0002394018229097128,0.15486717224121094,0.15278314054012299,-0.013640455967330085,v2.5,averaged
violence_explicit_2,28,0.0,0.0,0.15278314054012299,0.15278314054012299,0.0,v2.5,averaged
violence_explicit_2,28,0.05,5.287583917379379e-05,0.15073135495185852,0.15278314054012299,0.013429397910076588,v2.5,averaged
violence_explicit_2,28,0.1,0.00017373799346387386,0.1501885950565338,0.15278314054012299,0.01698188343567796,v2.5,averaged
violence_explicit_2,28,0.2,0.0008899113163352013,0.149423748254776,0.15278314054012299,0.02198797768831543,v2.5,averaged
violence_explicit_2,28,0.3,0.0018524662591516972,0.14709019660949707,0.15278314054012299,0.03726159778166668,v2.5,averaged
violence_explicit_2,28,0.5,0.005507960915565491,0.14515185356140137,0.15278314054012299,0.04994848876481588,v2.5,averaged
violence_explicit_2,28,1.0,0.019150787964463234,0.13664470985531807,0.15278314054012299,0.10562965670002535,v2.5,averaged
violence_explicit_3,8,-0.3,2.5445166102144867e-05,0.09533043205738068,0.09560281783342361,0.002849139619687127,v2.5,averaged
violence_explicit_3,8,-0.1,5.157779241926619e-06,0.09602715075016022,0.09560281783342361,-0.004438498010340571,v2.5,averaged
violence_explicit_3,8,0.0,0.0,0.09560281783342361,0.09560281783342361,0.0,v2.5,averaged
violence_explicit_3,8,0.05,6.646887413808145e-06,0.09607553854584694,0.09560281783342361,-0.004944631582376405,v2.5,averaged
violence_explicit_3,8,0.1,9.507168215350248e-06,0.09577500075101852,0.09560281783342361,-0.0018010234582720944,v2.5,averaged
violence_explicit_3,8,0.2,1.3357428542803973e-05,0.09554248303174973,0.09560281783342361,0.00063109857053602,v2.5,averaged
violence_explicit_3,8,0.3,3.8446043618023396e-05,0.09610634669661522,0.09560281783342361,-0.005266883075234696,v2.5,averaged
violence_explicit_3,8,0.5,7.831859693396837e-05,0.09568751603364944,0.09560281783342361,-0.0008859383242595054,v2.5,averaged
violence_explicit_3,8,1.0,0.0002700668410398066,0.0967983715236187,0.09560281783342361,-0.012505423138031263,v2.5,averaged
violence_explicit_3,16,-0.3,7.002506754361093e-05,0.09713416174054146,0.09560281783342361,-0.01601776957857064,v2.5,averaged
violence_explicit_3,16,-0.1,1.0187054613197688e-05,0.09601490944623947,0.09560281783342361,-0.004310454672307639,v2.5,averaged
violence_explicit_3,16,0.0,0.0,0.09560281783342361,0.09560281783342361,0.0,v2.5,averaged
violence_explicit_3,16,0.05,8.887884177966043e-06,0.09536245092749596,0.09560281783342361,0.00251422407178906,v2.5,averaged
violence_explicit_3,16,0.1,1.2544405763037503e-05,0.09478142857551575,0.09560281783342361,0.008591684602215797,v2.5,averaged
violence_explicit_3,16,0.2,3.519041638355702e-05,0.09487184509634972,0.09560281783342361,0.007645932971845351,v2.5,averaged
violence_explicit_3,16,0.3,7.337910938076675e-05,0.09497144818305969,0.09560281783342361,0.006604090388465407,v2.5,averaged
violence_explicit_3,16,0.5,0.0001887856051325798,0.09319458156824112,0.09560281783342361,0.025190013430132954,v2.5,averaged
violence_explicit_3,16,1.0,0.0006844564923085272,0.0920594148337841,0.09560281783342361,0.03706379246910341,v2.5,averaged
violence_explicit_3,24,-0.3,0.0010526160476729274,0.10974372550845146,0.09560281783342361,-0.1479130845250469,v2.5,averaged
violence_explicit_3,24,-0.1,0.00012443235027603805,0.10001558065414429,0.09560281783342361,-0.046157246415156714,v2.5,averaged
violence_explicit_3,24,0.0,0.0,0.09560281783342361,0.09560281783342361,0.0,v2.5,averaged
violence_explicit_3,24,0.05,3.942390321753919e-05,0.092989481985569,0.09560281783342361,0.02733534332019415,v2.5,averaged
violence_explicit_3,24,0.1,0.00013866828521713614,0.09043106064200401,0.09560281783342361,0.054096284070107276,v2.5,averaged
violence_explicit_3,24,0.2,0.00045980268623679876,0.08671855926513672,0.09560281783342361,0.09292883588187374,v2.5,averaged
violence_explicit_3,24,0.3,0.001150495489127934,0.08108590543270111,0.09560281783342361,0.1518460724245228,v2.5,averaged
violence_explicit_3,24,0.5,0.0029492690227925777,0.07297873124480247,0.09560281783342361,0.23664665018599015,v2.5,averaged
violence_explicit_3,24,1.0,0.010415263939648867,0.05547854118049145,0.09560281783342361,0.41969763613917616,v2.5,averaged
violence_explicit_3,28,-0.3,0.002416060888208449,0.11332232505083084,0.09560281783342361,-0.1853450308157374,v2.5,averaged
violence_explicit_3,28,-0.1,0.0002747763064689934,0.10150840505957603,0.09560281783342361,-0.06177210421184649,v2.5,averaged
violence_explicit_3,28,0.0,0.0,0.09560281783342361,0.09560281783342361,0.0,v2.5,averaged
violence_explicit_3,28,0.05,8.099958358798176e-05,0.09301075339317322,0.09560281783342361,0.02711284561472609,v2.5,averaged
violence_explicit_3,28,0.1,0.00028863814077340066,0.09020503237843513,0.09560281783342361,0.05646052676390219,v2.5,averaged
violence_explicit_3,28,0.2,0.0012075001723133028,0.08448794856667519,0.09560281783342361,0.11626089605554041,v2.5,averaged
violence_explicit_3,28,0.3,0.00258418673183769,0.08002299442887306,0.09560281783342361,0.16296406065871946,v2.5,averaged
violence_explicit_3,28,0.5,0.007344888290390372,0.07024605385959148,0.09560281783342361,0.2652302991530358,v2.5,averaged
violence_explicit_3,28,1.0,0.02728589903563261,0.05476587638258934,0.09560281783342361,0.4271520691156585,v2.5,averaged
violence_explicit_4,8,-0.3,4.2879448301391676e-05,0.08411327004432678,0.0846061110496521,0.005825123022568521,v2.5,averaged
violence_explicit_4,8,-0.1,1.371256530546816e-05,0.08458837121725082,0.0846061110496521,0.0002096755444871447,v2.5,averaged
violence_explicit_4,8,0.0,0.0,0.0846061110496521,0.0846061110496521,0.0,v2.5,averaged
violence_explicit_4,8,0.05,8.16474039311288e-06,0.08413244411349297,0.0846061110496521,0.005598495549348165,v2.5,averaged
violence_explicit_4,8,0.1,2.1427715182653628e-05,0.08496669679880142,0.0846061110496521,-0.004261935038447855,v2.5,averaged
violence_explicit_4,8,0.2,2.511452476028353e-05,0.08500582352280617,0.0846061110496521,-0.004724392460486595,v2.5,averaged
violence_explicit_4,8,0.3,3.6569268559105694e-05,0.08469068631529808,0.0846061110496521,-0.0009996354234547767,v2.5,averaged
violence_explicit_4,8,0.5,0.0001022715114231687,0.08480200916528702,0.0846061110496521,-0.0023154133100380075,v2.5,averaged
violence_explicit_4,8,1.0,0.0003943564515793696,0.08675071224570274,0.0846061110496521,-0.02534806492632736,v2.5,averaged
violence_explicit_4,16,-0.3,0.00013736540131503716,0.08437701314687729,0.0846061110496521,0.0027078174369740498,v2.5,averaged
violence_explicit_4,16,-0.1,4.8633344704285264e-05,0.08331228420138359,0.0846061110496521,0.015292356925721493,v2.5,averaged
violence_explicit_4,16,0.0,0.0,0.0846061110496521,0.0846061110496521,0.0,v2.5,averaged
violence_explicit_4,16,0.05,1.1984928278252482e-05,0.08410422131419182,0.0846061110496521,0.00593207428203078,v2.5,averaged
violence_explicit_4,16,0.1,2.53884463745635e-05,0.08449386060237885,0.0846061110496521,0.0013267416015301646,v2.5,averaged
violence_explicit_4,16,0.2,6.833486986579373e-05,0.0853440910577774,0.0846061110496521,-0.008722537875452198,v2.5,averaged
violence_explicit_4,16,0.3,0.0001273782254429534,0.08533841371536255,0.0846061110496521,-0.008655434656258917,v2.5,averaged
violence_explicit_4,16,0.5,0.00032210868084803224,0.08493771404027939,0.0846061110496521,-0.003919373985085825,v2.5,averaged
violence_explicit_4,16,1.0,0.0013649954344145954,0.08831578865647316,0.0846061110496521,-0.043846449869844414,v2.5,averaged
violence_explicit_4,24,-0.3,0.0008761757053434849,0.09281066060066223,0.0846061110496521,-0.09697348630284158,v2.5,averaged
violence_explicit_4,24,-0.1,0.00011249327508267015,0.08620309084653854,0.0846061110496521,-0.018875466288117624,v2.5,averaged
violence_explicit_4,24,0.0,0.0,0.0846061110496521,0.0846061110496521,0.0,v2.5,averaged
violence_explicit_4,24,0.05,4.094830364920199e-05,0.08269426971673965,0.0846061110496521,0.022596965032353967,v2.5,averaged
violence_explicit_4,24,0.1,0.00012104044435545802,0.08190292865037918,0.0846061110496521,0.03195020271864906,v2.5,averaged
violence_explicit_4,24,0.2,0.00044777814764529467,0.07946065440773964,0.0846061110496521,0.06081660743031656,v2.5,averaged
violence_explicit_4,24,0.3,0.0009803816210478544,0.07663122564554214,0.0846061110496521,0.0942589761563417,v2.5,averaged
violence_explicit_4,24,0.5,0.0028959144838154316,0.07315019145607948,0.0846061110496521,0.1354029803692262,v2.5,averaged
violence_explicit_4,24,1.0,0.011577740777283907,0.06821940466761589,0.0846061110496521,0.19368230236252645,v2.5,averaged
violence_explicit_4,28,-0.3,0.0011214094702154398,0.09390353783965111,0.0846061110496521,-0.10989072390459718,v2.5,averaged
violence_explicit_4,28,-0.1,0.00014701145119033754,0.08809299021959305,0.0846061110496521,-0.04121308882634532,v2.5,averaged
violence_explicit_4,28,0.0,0.0,0.0846061110496521,0.0846061110496521,0.0,v2.5,averaged
violence_explicit_4,28,0.05,5.552670336328447e-05,0.08217252418398857,0.0846061110496521,0.028763724457626344,v2.5,averaged
violence_explicit_4,28,0.1,0.00016703311121091247,0.08063097670674324,0.0846061110496521,0.04698400970795129,v2.5,averaged
violence_explicit_4,28,0.2,0.0005702105700038373,0.0782465972006321,0.0846061110496521,0.07516612890158547,v2.5,averaged
violence_explicit_4,28,0.3,0.0013975247275084257,0.07425261288881302,0.0846061110496521,0.12237293538717324,v2.5,averaged
violence_explicit_4,28,0.5,0.003996520070359111,0.06873872131109238,0.0846061110496521,0.18754425113864123,v2.5,averaged
violence_explicit_4,28,1.0,0.016597213223576546,0.0578679870814085,0.0846061110496521,0.3160306464452906,v2.5,averaged
violence_explicit_5,8,-0.3,5.721021079807542e-05,0.16478411108255386,0.16131335496902466,-0.021515615456610265,v2.5,averaged
violence_explicit_5,8,-0.1,1.9729674932023045e-05,0.1634683609008789,0.16131335496902466,-0.013359129083069729,v2.5,averaged
violence_explicit_5,8,0.0,0.0,0.16131335496902466,0.16131335496902466,0.0,v2.5,averaged
violence_explicit_5,8,0.05,7.257568540808279e-06,0.16010963916778564,0.16131335496902466,0.007461972391995386,v2.5,averaged
violence_explicit_5,8,0.1,1.0695600394683424e-05,0.15938149392604828,0.16131335496902466,0.011975828308495194,v2.5,averaged
violence_explicit_5,8,0.2,1.3809084521199111e-05,0.1596159264445305,0.16131335496902466,0.010522554222619144,v2.5,averaged
violence_explicit_5,8,0.3,5.680949834641069e-05,0.1572871133685112,0.16131335496902466,0.024959133738719746,v2.5,averaged
violence_explicit_5,8,0.5,9.003729428513907e-05,0.15766016393899918,0.16131335496902466,0.022646550440457748,v2.5,averaged
violence_explicit_5,8,1.0,0.000356306234607473,0.15409930050373077,0.16131335496902466,0.044720751525372,v2.5,averaged
violence_explicit_5,16,-0.3,0.001021222968120128,0.1783471405506134,0.16131335496902466,-0.10559439164140853,v2.5,averaged
violence_explicit_5,16,-0.1,9.21671926334966e-05,0.16518468409776688,0.16131335496902466,-0.023998813548237154,v2.5,averaged
violence_explicit_5,16,0.0,0.0,0.16131335496902466,0.16131335496902466,0.0,v2.5,averaged
violence_explicit_5,16,0.05,4.588816955219954e-05,0.157235249876976,0.16131335496902466,0.02528064147467345,v2.5,averaged
violence_explicit_5,16,0.1,0.00012781941040884703,0.15488460659980774,0.16131335496902466,0.039852548912961146,v2.5,averaged
violence_explicit_5,16,0.2,0.0004829479439649731,0.1495516449213028,0.16131335496902466,0.07291219037618021,v2.5,averaged
violence_explicit_5,16,0.3,0.0009355393121950328,0.14525478705763817,0.16131335496902466,0.09954890538647622,v2.5,averaged
violence_explicit_5,16,0.5,0.0026816169265657663,0.13477957248687744,0.16131335496902466,0.16448596266094787,v2.5,averaged
violence_explicit_5,16,1.0,0.008850452024489641,0.11796008795499802,0.16131335496902466,0.2687518775017191,v2.5,averaged
violence_explicit_5,24,-0.3,0.0010227466118521988,0.17484310269355774,0.16131335496902466,-0.08387245883721815,v2.5,averaged
violence_explicit_5,24,-0.1,0.00010822138574440032,0.16509657353162766,0.16131335496902466,-0.02345260603704789,v2.5,averaged
violence_explicit_5,24,0.0,0.0,0.16131335496902466,0.16131335496902466,0.0,v2.5,averaged
violence_explicit_5,24,0.05,3.199484490323812e-05,0.1588556468486786,0.16131335496902466,0.015235614688058516,v2.5,averaged
violence_explicit_5,24,0.1,0.00010422166087664664,0.1574196144938469,0.16131335496902466,0.024137744056748678,v2.5,averaged
violence_explicit_5,24,0.2,0.0004267867625458166,0.1529427096247673,0.16131335496902466,0.05189059111605907,v2.5,averaged
violence_explicit_5,24,0.3,0.0009473901300225407,0.14906800910830498,0.16131335496902466,0.07591030428367836,v2.5,averaged
violence_explicit_5,24,0.5,0.0024548711953684688,0.14396768435835838,0.16131335496902466,0.1075278027290238,v2.5,averaged
violence_explicit_5,24,1.0,0.008801519870758057,0.13234173879027367,0.16131335496902466,0.17959837351541114,v2.5,averaged
violence_explicit_5,28,-0.3,0.0031279484974220395,0.1945461705327034,0.16131335496902466,-0.20601403752380015,v2.5,averaged
violence_explicit_5,28,-0.1,0.0003532599366735667,0.17208530008792877,0.16131335496902466,-0.06677652399562664,v2.5,averaged
violence_explicit_5,28,0.0,0.0,0.16131335496902466,0.16131335496902466,0.0,v2.5,averaged
violence_explicit_5,28,0.05,0.00010402740736026317,0.15534107387065887,0.16131335496902466,0.03702285591613031,v2.5,averaged
violence_explicit_5,28,0.1,0.0004429910331964493,0.14911628141999245,0.16131335496902466,0.0756110586837295,v2.5,averaged
violence_explicit_5,28,0.2,0.0014716714504174888,0.14032632112503052,0.16131335496902466,0.13010103130037848,v2.5,averaged
violence_explicit_5,28,0.3,0.003303874400444329,0.13012628629803658,0.16131335496902466,0.1933322177632262,v2.5,averaged
violence_explicit_5,28,0.5,0.00871957652270794,0.11268578842282295,0.16131335496902466,0.301447865587689,v2.5,averaged
violence_explicit_5,28,1.0,0.028970003128051758,0.08134579658508301,0.16131335496902466,0.49572807161128724,v2.5,averaged
death_1,8,-0.3,3.179852501489222e-05,0.018720431253314018,0.018382973037660122,-0.018357107686692756,v2.5,averaged
death_1,8,-0.1,2.8894028218928725e-06,0.018493162468075752,0.018382973037660122,-0.0059941028140492675,v2.5,averaged
death_1,8,0.0,0.0,0.018382973037660122,0.018382973037660122,0.0,v2.5,averaged
death_1,8,0.05,7.859853212721646e-07,0.01838486036285758,0.018382973037660122,-0.0001026670274493584,v2.5,averaged
death_1,8,0.1,2.3005122784525156e-06,0.018319248221814632,0.018382973037660122,0.003466513045247915,v2.5,averaged
death_1,8,0.2,1.1677693692035973e-05,0.018223021179437637,0.018382973037660122,0.008701087571352064,v2.5,averaged
death_1,8,0.3,2.1652653231285512e-05,0.018237991258502007,0.018382973037660122,0.007886742740747087,v2.5,averaged
death_1,8,0.5,6.801736890338361e-05,0.01822548545897007,0.018382973037660122,0.008567035286806787,v2.5,averaged
death_1,8,1.0,0.0002678444143384695,0.018379274755716324,0.018382973037660122,0.00020117975129602873,v2.5,averaged
death_1,16,-0.3,1.1284071661066264e-05,0.018879909999668598,0.018382973037660122,-0.02703245884060378,v2.5,averaged
death_1,16,-0.1,1.572379915160127e-06,0.018565963953733444,0.018382973037660122,-0.009954370041148377,v2.5,averaged
death_1,16,0.0,0.0,0.018382973037660122,0.018382973037660122,0.0,v2.5,averaged
death_1,16,0.05,3.017157723661512e-07,0.01833580993115902,0.018382973037660122,0.002565586448094231,v2.5,averaged
death_1,16,0.1,1.042411895468831e-06,0.018265895545482635,0.018382973037660122,0.006368800734116109,v2.5,averaged
death_1,16,0.2,4.481207724893466e-06,0.018098788801580667,0.018382973037660122,0.015459100957024895,v2.5,averaged
death_1,16,0.3,1.0152354661840945e-05,0.01797155011445284,0.018382973037660122,0.022380652050374275,v2.5,averaged
death_1,16,0.5,2.610317460494116e-05,0.01775506092235446,0.018382973037660122,0.03415726683705053,v2.5,averaged
death_1,16,1.0,0.00010876439773710445,0.017074190080165863,0.018382973037660122,0.07119539123584807,v2.5,averaged
death_1,24,-0.3,0.000308026559650898,0.02151668444275856,0.018382973037660122,-0.1704681499928541,v2.5,averaged
death_1,24,-0.1,3.082616603933275e-05,0.019301069900393486,0.018382973037660122,-0.04994278460032078,v2.5,averaged
death_1,24,0.0,0.0,0.018382973037660122,0.018382973037660122,0.0,v2.5,averaged
death_1,24,0.05,8.39737185742706e-06,0.017972666304558516,0.018382973037660122,0.022319933356864254,v2.5,averaged
death_1,24,0.1,2.6441412046551704e-05,0.01757132774218917,0.018382973037660122,0.044152014682727475,v2.5,averaged
death_1,24,0.2,0.0001117772189900279,0.016882310155779123,0.018382973037660122,0.08163330701767763,v2.5,averaged
death_1,24,0.3,0.00025210052262991667,0.01622221153229475,0.018382973037660122,0.11754146083654402,v2.5,averaged
death_1,24,0.5,0.0007059948984533548,0.015198535285890102,0.018382973037660122,0.17322757016758106,v2.5,averaged
death_1,24,1.0,0.0030731854494661093,0.014649762772023678,0.018382973037660122,0.2030797879096289,v2.5,averaged
death_1,28,-0.3,0.0003381660208106041,0.022168515250086784,0.018382973037660122,-0.20592654978449043,v2.5,averaged
death_1,28,-0.1,3.5481411032378674e-05,0.019567112438380718,0.018382973037660122,-0.0644150104716315,v2.5,averaged
death_1,28,0.0,0.0,0.018382973037660122,0.018382973037660122,0.0,v2.5,averaged
death_1,28,0.05,7.895505405031145e-06,0.0178209668956697,0.018382973037660122,0.03057210282793072,v2.5,averaged
death_1,28,0.1,3.225592081435025e-05,0.01731353299692273,0.018382973037660122,0.05817557576494788,v2.5,averaged
death_1,28,0.2,0.000119753647595644,0.01632262859493494,0.018382973037660122,0.11207895689692164,v2.5,averaged
death_1,28,0.3,0.0002574635436758399,0.015363157726824284,0.018382973037660122,0.16427241146735727,v2.5,averaged
death_1,28,0.5,0.0006328964373096824,0.013829411938786507,0.018382973037660122,0.24770536787194328,v2.5,averaged
death_1,28,1.0,0.0022181638050824404,0.011325381230562925,0.018382973037660122,0.3839200434357773,v2.5,averaged
death_2,8,-0.3,4.8099846026161686e-05,0.21025795489549637,0.21047846972942352,0.0010476835669255534,v2.5,averaged
death_2,8,-0.1,0.00012009240890620276,0.20998693257570267,0.21047846972942352,0.0023353322282927166,v2.5,averaged
death_2,8,0.0,0.0,0.21047846972942352,0.21047846972942352,0.0,v2.5,averaged
death_2,8,0.05,7.087649282766506e-05,0.20986603200435638,0.21047846972942352,0.0029097404872548056,v2.5,averaged
death_2,8,0.1,2.758136179181747e-05,0.21063052862882614,0.21047846972942352,-0.0007224439611238848,v2.5,averaged
death_2,8,0.2,6.924018816789612e-05,0.20998576283454895,0.21047846972942352,0.0023408897618267675,v2.5,averaged
death_2,8,0.3,5.0329763325862586e-05,0.20998474955558777,0.21047846972942352,0.002345703931002761,v2.5,averaged
death_2,8,0.5,0.00011082405399065465,0.21022576838731766,0.21047846972942352,0.0012006042348688716,v2.5,averaged
death_2,8,1.0,0.00019487399549689144,0.21013034135103226,0.21047846972942352,0.0016539856966785985,v2.5,averaged
death_2,16,-0.3,0.00022438033192884177,0.21358703821897507,0.21047846972942352,-0.014769056870984018,v2.5,averaged
death_2,16,-0.1,4.1689429053803906e-05,0.2110731229186058,0.21047846972942352,-0.0028252447385555693,v2.5,averaged
death_2,16,0.0,0.0,0.21047846972942352,0.21047846972942352,0.0,v2.5,averaged
death_2,16,0.05,7.186362927313894e-05,0.20980333536863327,0.21047846972942352,0.0032076172050193945,v2.5,averaged
death_2,16,0.1,7.599762466270477e-05,0.20941665023565292,0.21047846972942352,0.005044789118505093,v2.5,averaged
death_2,16,0.2,0.0001346342105534859,0.20828017592430115,0.21047846972942352,0.01044426923071205,v2.5,averaged
death_2,16,0.3,0.00021909004863118753,0.20757253468036652,0.21047846972942352,0.013806329230693642,v2.5,averaged
death_2,16,0.5,0.0004357437865110114,0.20603256672620773,0.21047846972942352,0.021122839827423363,v2.5,averaged
death_2,16,1.0,0.0015809323522262275,0.20041757822036743,0.21047846972942352,0.04780009813825459,v2.5,averaged
death_2,24,-0.3,0.0011748250690288842,0.22445492446422577,0.21047846972942352,-0.0664032513765869,v2.5,averaged
death_2,24,-0.1,0.00021656844182871282,0.21466132253408432,0.21047846972942352,-0.019873067350014383,v2.5,averaged
death_2,24,0.0,0.0,0.21047846972942352,0.21047846972942352,0.0,v2.5,averaged
death_2,24,0.05,7.96473650552798e-05,0.20944012701511383,0.21047846972942352,0.0049332490664936585,v2.5,averaged
death_2,24,0.1,0.0002045182482106611,0.20607341825962067,0.21047846972942352,0.02092875093336475,v2.5,averaged
death_2,24,0.2,0.0006189054111018777,0.20145520567893982,0.21047846972942352,0.04287024730882633,v2.5,averaged
death_2,24,0.3,0.0012261044466868043,0.19643676280975342,0.21047846972942352,0.06671326971219976,v2.5,averaged
death_2,24,0.5,0.0034641928505152464,0.18748464435338974,0.21047846972942352,0.10924549862792639,v2.5,averaged
death_2,24,1.0,0.015375206246972084,0.16845127940177917,0.21047846972942352,0.19967453384506065,v2.5,averaged
death_2,28,-0.3,0.001369976787827909,0.22523090988397598,0.21047846972942352,-0.07009002000782869,v2.5,averaged
death_2,28,-0.1,0.00025189167354255915,0.2157236784696579,0.21047846972942352,-0.02492040514631853,v2.5,averaged
death_2,28,0.0,0.0,0.21047846972942352,0.21047846972942352,0.0,v2.5,averaged
death_2,28,0.05,0.00010385258065070957,0.20800982415676117,0.21047846972942352,0.011728732044830393,v2.5,averaged
death_2,28,0.1,0.00023996307572815567,0.2043832316994667,0.21047846972942352,0.028958962110435485,v2.5,averaged
death_2,28,0.2,0.0008047366864047945,0.19910232722759247,0.21047846972942352,0.054048960525299485,v2.5,averaged
death_2,28,0.3,0.001675063103903085,0.19395989179611206,0.21047846972942352,0.07848108148328234,v2.5,averaged
death_2,28,0.5,0.004904788685962558,0.1822727844119072,0.21047846972942352,0.1340074609710703,v2.5,averaged
death_2,28,1.0,0.02449533250182867,0.15521842241287231,0.21047846972942352,0.2625448930125237,v2.5,averaged
death_3,8,-0.3,4.855993029195815e-05,0.11688173189759254,0.11655199527740479,-0.0028290945976768137,v2.5,averaged
death_3,8,-0.1,1.3076179584459169e-05,0.11641499400138855,0.11655199527740479,0.0011754520005441292,v2.5,averaged
death_3,8,0.0,0.0,0.11655199527740479,0.11655199527740479,0.0,v2.5,averaged
death_3,8,0.05,3.597824979806319e-05,0.11718958616256714,0.11655199527740479,-0.005470441614018077,v2.5,averaged
death_3,8,0.1,2.0097308151889592e-05,0.11674287170171738,0.11655199527740479,-0.0016376933218370702,v2.5,averaged
death_3,8,0.2,3.436196129769087e-05,0.11683813855051994,0.11655199527740479,-0.002455069708880659,v2.5,averaged
death_3,8,0.3,3.671272861538455e-05,0.11644624918699265,0.11655199527740479,0.0009072868307441171,v2.5,averaged
death_3,8,0.5,9.436308755539358e-05,0.11836948990821838,0.11655199527740479,-0.015593852567584015,v2.5,averaged
death_3,8,1.0,0.0003235714975744486,0.11944370344281197,0.11655199527740479,-0.02481045612753897,v2.5,averaged
death_3,16,-0.3,0.00017631269292905927,0.11925959959626198,0.11655199527740479,-0.023230870586237826,v2.5,averaged
death_3,16,-0.1,4.812968836631626e-05,0.11806026101112366,0.11655199527740479,-0.012940711397767639,v2.5,averaged
death_3,16,0.0,0.0,0.11655199527740479,0.11655199527740479,0.0,v2.5,averaged
death_3,16,0.05,2.970847526739817e-05,0.11594091728329659,0.11655199527740479,0.0052429646755834305,v2.5,averaged
death_3,16,0.1,4.0793624066282064e-05,0.11568743735551834,0.11655199527740479,0.007417787398909082,v2.5,averaged
death_3,16,0.2,0.00013327710621524602,0.11411360651254654,0.11655199527740479,0.02092103836622144,v2.5,averaged
death_3,16,0.3,0.00028173759346827865,0.11382204666733742,0.11655199527740479,0.023422581514540627,v2.5,averaged
death_3,16,0.5,0.0007907673134468496,0.11141480132937431,0.11655199527740479,0.044076413585228326,v2.5,averaged
death_3,16,1.0,0.004454091656953096,0.10798291489481926,0.11655199527740479,0.07352152455382942,v2.5,averaged
death_3,24,-0.3,0.0005538875120691955,0.12465879321098328,0.11655199527740479,-0.06955520507635708,v2.5,averaged
death_3,24,-0.1,8.523717406205833e-05,0.11917796358466148,0.11655199527740479,-0.022530444897203565,v2.5,averaged
death_3,24,0.0,0.0,0.11655199527740479,0.11655199527740479,0.0,v2.5,averaged
death_3,24,0.05,4.6567969548050314e-05,0.11601343378424644,0.11655199527740479,0.004620783126676751,v2.5,averaged
death_3,24,0.1,7.704774907324463e-05,0.11447641253471375,0.11655199527740479,0.01780821287315551,v2.5,averaged
death_3,24,0.2,0.00027855639928020537,0.11114787310361862,0.11655199527740479,0.046366620845261726,v2.5,averaged
death_3,24,0.3,0.000577219994738698,0.10993459448218346,0.11655199527740479,0.056776383617211254,v2.5,averaged
death_3,24,0.5,0.001645781158003956,0.10462304204702377,0.11655199527740479,0.10234876890772203,v2.5,averaged
death_3,24,1.0,0.007403180235996842,0.09440464898943901,0.11655199527740479,0.19002116810830216,v2.5,averaged
death_3,28,-0.3,0.0009976920555345714,0.1270148679614067,0.11655199527740479,-0.08977000058299556,v2.5,averaged
death_3,28,-0.1,0.00014214811380952597,0.11961748450994492,0.11655199527740479,-0.026301473649112363,v2.5,averaged
death_3,28,0.0,0.0,0.11655199527740479,0.11655199527740479,0.0,v2.5,averaged
death_3,28,0.05,4.017058381577954e-05,0.11501536145806313,0.11655199527740479,0.013184105649022358,v2.5,averaged
death_3,28,0.1,0.0001214193762280047,0.11332426592707634,0.11655199527740479,0.02769347142145567,v2.5,averaged
death_3,28,0.2,0.0005000942037440836,0.10969381779432297,0.11655199527740479,0.05884221429893762,v2.5,averaged
death_3,28,0.3,0.0011590406065806746,0.10621784999966621,0.11655199527740479,0.0886655372406309,v2.5,averaged
death_3,28,0.5,0.0033183633349835873,0.10030360892415047,0.11655199527740479,0.1394089077118038,v2.5,averaged
death_3,28,1.0,0.015197806525975466,0.08969040215015411,0.11655199527740479,0.23046875399530944,v2.5,averaged
death_4,8,-0.3,5.088395846541971e-05,0.18492571264505386,0.18689978122711182,0.010562177061401466,v2.5,averaged
death_4,8,-0.1,2.3751126718707383e-05,0.18572108447551727,0.18689978122711182,0.006306571061002188,v2.5,averaged
death_4,8,0.0,0.0,0.18689978122711182,0.18689978122711182,0.0,v2.5,averaged
death_4,8,0.05,2.9345188522711396e-05,0.18694787472486496,0.18689978122711182,-0.00025732238656128953,v2.5,averaged
death_4,8,0.1,3.5932380342273973e-06,0.1870410293340683,0.18689978122711182,-0.0007557424948766734,v2.5,averaged
death_4,8,0.2,3.5145829315297306e-05,0.18758593499660492,0.18689978122711182,-0.003671239019051185,v2.5,averaged
death_4,8,0.3,4.104481195099652e-05,0.18641313910484314,0.18689978122711182,0.0026037597212451103,v2.5,averaged
death_4,8,0.5,8.947623427957296e-05,0.18703100085258484,0.18689978122711182,-0.0007020854952931729,v2.5,averaged
death_4,8,1.0,0.000343062449246645,0.18846744298934937,0.18689978122711182,-0.008387713200865655,v2.5,averaged
death_4,16,-0.3,0.00019663698913063854,0.19185097515583038,0.18689978122711182,-0.02649117027430925,v2.5,averaged
death_4,16,-0.1,2.725466765696183e-05,0.18744146823883057,0.18689978122711182,-0.0028982752583349334,v2.5,averaged
death_4,16,0.0,0.0,0.18689978122711182,0.18689978122711182,0.0,v2.5,averaged
death_4,16,0.05,1.8205777450930327e-05,0.18476832658052444,0.18689978122711182,0.011404265069723803,v2.5,averaged
death_4,16,0.1,2.944570587715134e-05,0.18520819395780563,0.18689978122711182,0.00905077179973071,v2.5,averaged
death_4,16,0.2,5.462499393615872e-05,0.18489544093608856,0.18689978122711182,0.010724144661184352,v2.5,averaged
death_4,16,0.3,0.00012800883268937469,0.18292547762393951,0.18689978122711182,0.021264356635832097,v2.5,averaged
death_4,16,0.5,0.0003289329761173576,0.18022853136062622,0.18689978122711182,0.03569426257582938,v2.5,averaged
death_4,16,1.0,0.001109634933527559,0.17897450923919678,0.18689978122711182,0.04240385909432725,v2.5,averaged
death_4,24,-0.3,0.0021390579640865326,0.21115894615650177,0.18689978122711182,-0.12979771709797433,v2.5,averaged
death_4,24,-0.1,0.00026731098478194326,0.19503001123666763,0.18689978122711182,-0.0435004790063202,v2.5,averaged
death_4,24,0.0,0.0,0.18689978122711182,0.18689978122711182,0.0,v2.5,averaged
death_4,24,0.05,7.209103205241263e-05,0.1821870282292366,0.18689978122711182,0.02521540136073513,v2.5,averaged
death_4,24,0.1,0.00029594542866107076,0.17841736972332,0.18689978122711182,0.04538481237430868,v2.5,averaged
death_4,24,0.2,0.0011400632211007178,0.1700635403394699,0.18689978122711182,0.09008165112394273,v2.5,averaged
death_4,24,0.3,0.0025726058520376682,0.16295482963323593,0.18689978122711182,0.12811653088442682,v2.5,averaged
death_4,24,0.5,0.006836505839601159,0.14888393133878708,0.18689978122711182,0.20340232416928122,v2.5,averaged
death_4,24,1.0,0.028267606161534786,0.11969536542892456,0.18689978122711182,0.359574609220776,v2.5,averaged
death_4,28,-0.3,0.0021631454583257437,0.20471017062664032,0.18689978122711182,-0.09529379479522321,v2.5,averaged
death_4,28,-0.1,0.00023023696849122643,0.1922372207045555,0.18689978122711182,-0.02855776203909993,v2.5,averaged
death_4,28,0.0,0.0,0.18689978122711182,0.18689978122711182,0.0,v2.5,averaged
death_4,28,0.05,0.00010491076682228595,0.18239540606737137,0.18689978122711182,0.024100483853787626,v2.5,averaged
death_4,28,0.1,0.00026528281159698963,0.18128379434347153,0.18689978122711182,0.030048119086966755,v2.5,averaged
death_4,28,0.2,0.0011419552029110491,0.17289627343416214,0.18689978122711182,0.07492522303133824,v2.5,averaged
death_4,28,0.3,0.002593295183032751,0.16638503223657608,0.18689978122711182,0.10976336545630933,v2.5,averaged
death_4,28,0.5,0.007506572874262929,0.15063749998807907,0.18689978122711182,0.19401992341001473,v2.5,averaged
death_4,28,1.0,0.03244687616825104,0.11221382394433022,0.18689978122711182,0.3996043055396985,v2.5,averaged
death_5,8,-0.3,7.19982199370861e-05,0.250578373670578,0.252194419503212,0.006407936526975333,v2.5,averaged
death_5,8,-0.1,5.4397271014750004e-05,0.2513590455055237,0.252194419503212,0.003312420629028447,v2.5,averaged
death_5,8,0.0,0.0,0.252194419503212,0.252194419503212,0.0,v2.5,averaged
death_5,8,0.05,5.266439984552562e-05,0.2528218999505043,0.252194419503212,-0.0024880822047068977,v2.5,averaged
death_5,8,0.1,5.608226638287306e-05,0.2540084347128868,0.252194419503212,-0.007192923670746536,v2.5,averaged
death_5,8,0.2,7.343445759033784e-05,0.25379258394241333,0.252194419503212,-0.006337033318776511,v2.5,averaged
death_5,8,0.3,8.660677121952176e-05,0.2548414468765259,0.252194419503212,-0.010495979167692055,v2.5,averaged
death_5,8,0.5,0.0001639524707570672,0.25676512718200684,0.252194419503212,-0.01812374630572128,v2.5,averaged
death_5,8,1.0,0.0005944340955466032,0.26202577352523804,0.252194419503212,-0.03898323381378726,v2.5,averaged
death_5,16,-0.3,0.0001862325007095933,0.25590865314006805,0.252194419503212,-0.014727659891018223,v2.5,averaged
death_5,16,-0.1,7.035420276224613e-05,0.2531526908278465,0.252194419503212,-0.0037997324703782647,v2.5,averaged
death_5,16,0.0,0.0,0.252194419503212,0.252194419503212,0.0,v2.5,averaged
death_5,16,0.05,5.127980693941936e-05,0.25069501996040344,0.252194419503212,0.005945411265491686,v2.5,averaged
death_5,16,0.1,4.856058512814343e-05,0.251547172665596,0.252194419503212,0.0025664597927700116,v2.5,averaged
death_5,16,0.2,0.00011241703759878874,0.2502106800675392,0.252194419503212,0.007865913288567018,v2.5,averaged
death_5,16,0.3,0.00018813071073964238,0.24867893755435944,0.252194419503212,0.013939570731888323,v2.5,averaged
death_5,16,0.5,0.000379574834369123,0.2489756941795349,0.252194419503212,0.012762872905822046,v2.5,averaged
death_5,16,1.0,0.0013725257012993097,0.24482110887765884,0.252194419503212,0.0292366129277465,v2.5,averaged
death_5,24,-0.3,0.00100033450871706,0.26909390091896057,0.252194419503212,-0.0670097357786038,v2.5,averaged
death_5,24,-0.1,0.000141279335366562,0.2570566460490227,0.252194419503212,-0.019279675400385984,v2.5,averaged
death_5,24,0.0,0.0,0.252194419503212,0.252194419503212,0.0,v2.5,averaged
death_5,24,0.05,6.652488082181662e-05,0.25017012655735016,0.252194419503212,0.008026715856161262,v2.5,averaged
death_5,24,0.1,0.00014524706057272851,0.2469242364168167,0.252194419503212,0.020897302552438685,v2.5,averaged
death_5,24,0.2,0.0004360176681075245,0.24212145805358887,0.252194419503212,0.039941254328567,v2.5,averaged
death_5,24,0.3,0.000957352138357237,0.2360570728778839,0.252194419503212,0.06398772287315635,v2.5,averaged
death_5,24,0.5,0.0030262296786531806,0.22464735060930252,0.252194419503212,0.10922949424564334,v2.5,averaged
death_5,24,1.0,0.012564459815621376,0.19834615290164948,0.252194419503212,0.2135188665460406,v2.5,averaged
death_5,28,-0.3,0.0015412842039950192,0.27096904814243317,0.252194419503212,-0.07444505979238004,v2.5,averaged
death_5,28,-0.1,0.00022866475046612322,0.2581467553973198,0.252194419503212,-0.023602171316213477,v2.5,averaged
death_5,28,0.0,0.0,0.252194419503212,0.252194419503212,0.0,v2.5,averaged
death_5,28,0.05,7.156060019042343e-05,0.24891023337841034,0.252194419503212,0.013022437733836566,v2.5,averaged
death_5,28,0.1,0.00018338538939133286,0.24631141871213913,0.252194419503212,0.023327244126422546,v2.5,averaged
death_5,28,0.2,0.0006816554814577103,0.23989186435937881,0.252194419503212,0.048782027643860984,v2.5,averaged
death_5,28,0.3,0.0015711186570115387,0.23430442810058594,0.252194419503212,0.07093730082476385,v2.5,averaged
death_5,28,0.5,0.004831312689930201,0.21939785033464432,0.252194419503212,0.13004478542059872,v2.5,averaged
death_5,28,1.0,0.02049451880156994,0.18843551725149155,0.252194419503212,0.2528164674591794,v2.5,averaged
power_1,8,-0.3,5.78676990699023e-05,0.17927899956703186,0.17924155294895172,-0.0002089170589299905,v2.5,averaged
power_1,8,-0.1,2.5543093215674162e-05,0.17977312207221985,0.17924155294895172,-0.0029656578763269203,v2.5,averaged
power_1,8,0.0,0.0,0.17924155294895172,0.17924155294895172,0.0,v2.5,averaged
power_1,8,0.05,2.4536391720175743e-05,0.17839603126049042,0.17924155294895172,0.004717219163472153,v2.5,averaged
power_1,8,0.1,2.7597328880801797e-05,0.180129274725914,0.17924155294895172,-0.004952656135573122,v2.5,averaged
power_1,8,0.2,4.1291932575404644e-05,0.1796463057398796,0.17924155294895172,-0.002258141509425335,v2.5,averaged
power_1,8,0.3,5.367264384403825e-05,0.17853737622499466,0.17924155294895172,0.00392864663562479,v2.5,averaged
power_1,8,0.5,0.00016295042587444186,0.179011732339859,0.17924155294895172,0.0012821837643761415,v2.5,averaged
power_1,8,1.0,0.00044043314119335264,0.17886753380298615,0.17924155294895172,0.0020866765535784964,v2.5,averaged
power_1,16,-0.3,0.0004731607623398304,0.18639089167118073,0.17924155294895172,-0.03988661448534284,v2.5,averaged
power_1,16,-0.1,8.544311276637018e-05,0.18192578107118607,0.17924155294895172,-0.01497547905645973,v2.5,averaged
power_1,16,0.0,0.0,0.17924155294895172,0.17924155294895172,0.0,v2.5,averaged
power_1,16,0.05,3.8546568248420954e-05,0.17874599248170853,0.17924155294895172,0.002764763298967461,v2.5,averaged
power_1,16,0.1,7.333623943850398e-05,0.17742006480693817,0.17924155294895172,0.010162197950451325,v2.5,averaged
power_1,16,0.2,0.00027991842944175005,0.1746562272310257,0.17924155294895172,0.0255818232016319,v2.5,averaged
power_1,16,0.3,0.0006009307689964771,0.17369239777326584,0.17924155294895172,0.030959088918774826,v2.5,averaged
power_1,16,0.5,0.0014778177719563246,0.17102093249559402,0.17924155294895172,0.04586336325538835,v2.5,averaged
power_1,16,1.0,0.005518805701285601,0.16595762968063354,0.17924155294895172,0.07411185101761229,v2.5,averaged
power_1,24,-0.3,0.000983517151325941,0.1875227615237236,0.17924155294895172,-0.04620138823016325,v2.5,averaged
power_1,24,-0.1,0.00013086228864267468,0.18183674663305283,0.17924155294895172,-0.014478750275279192,v2.5,averaged
power_1,24,0.0,0.0,0.17924155294895172,0.17924155294895172,0.0,v2.5,averaged
power_1,24,0.05,5.117978435009718e-05,0.1784948706626892,0.17924155294895172,0.00416578786546872,v2.5,averaged
power_1,24,0.1,0.00012137010344304144,0.17725249379873276,0.17924155294895172,0.011097087240621323,v2.5,averaged
power_1,24,0.2,0.0004503988311626017,0.1735863983631134,0.17924155294895172,0.03155046635558282,v2.5,averaged
power_1,24,0.3,0.0009154111030511558,0.17212719470262527,0.17924155294895172,0.039691456190142624,v2.5,averaged
power_1,24,0.5,0.002673374954611063,0.1671464815735817,0.17924155294895172,0.06747917085283635,v2.5,averaged
power_1,24,1.0,0.010789361782371998,0.15797828882932663,0.17924155294895172,0.1186291000596324,v2.5,averaged
power_1,28,-0.3,0.0011464102426543832,0.19202978909015656,0.17924155294895172,-0.07134638107519044,v2.5,averaged
power_1,28,-0.1,0.00014736352022737265,0.18323583155870438,0.17924155294895172,-0.022284333872571567,v2.5,averaged
power_1,28,0.0,0.0,0.17924155294895172,0.17924155294895172,0.0,v2.5,averaged
power_1,28,0.05,4.834455467062071e-05,0.17691735178232193,0.17924155294895172,0.012966865820961323,v2.5,averaged
power_1,28,0.1,0.0001384930219501257,0.17546996474266052,0.17924155294895172,0.021041929977951894,v2.5,averaged
power_1,28,0.2,0.0005475763464346528,0.16987010091543198,0.17924155294895172,0.052283925682058495,v2.5,averaged
power_1,28,0.3,0.001259364653378725,0.16751140356063843,0.17924155294895172,0.06544324792618851,v2.5,averaged
power_1,28,0.5,0.00388979259878397,0.15880177915096283,0.17924155294895172,0.11403479528996366,v2.5,averaged
power_1,28,1.0,0.017490889877080917,0.14090044796466827,0.17924155294895172,0.21390745813948095,v2.5,averaged
power_2,8,-0.3,2.8106325771659613e-05,0.09657000750303268,0.09640064463019371,-0.0017568645260482806,v2.5,averaged
power_2,8,-0.1,1.3229108844825532e-05,0.09694790095090866,0.09640064463019371,-0.005676894825903935,v2.5,averaged
power_2,8,0.0,0.0,0.09640064463019371,0.09640064463019371,0.0,v2.5,averaged
power_2,8,0.05,1.074868760042591e-05,0.09692376106977463,0.09640064463019371,-0.005426482795708108,v2.5,averaged
power_2,8,0.1,2.628741458465811e-05,0.09644224494695663,0.09640064463019371,-0.00043153566993777684,v2.5,averaged
power_2,8,0.2,1.3408322956820484e-05,0.09665312990546227,0.09640064463019371,-0.0026191243454556073,v2.5,averaged
power_2,8,0.3,4.520028596743941e-05,0.09743509069085121,0.09640064463019371,-0.010730696507536648,v2.5,averaged
power_2,8,0.5,6.616622704314068e-05,0.09667721763253212,0.09640064463019371,-0.0028689953620059487,v2.5,averaged
power_2,8,1.0,0.00023733845591777936,0.0958959050476551,0.09640064463019371,0.005235852773338353,v2.5,averaged
power_2,16,-0.3,0.0003440072323428467,0.10224974155426025,0.09640064463019371,-0.06067487356028057,v2.5,averaged
power_2,16,-0.1,5.1575923862401396e-05,0.09869950637221336,0.09640064463019371,-0.023846954041006747,v2.5,averaged
power_2,16,0.0,0.0,0.09640064463019371,0.09640064463019371,0.0,v2.5,averaged
power_2,16,0.05,3.908092912752181e-05,0.09702686965465546,0.09640064463019371,-0.006496066772831577,v2.5,averaged
power_2,16,0.1,7.688573896302842e-05,0.09588051959872246,0.09640064463019371,0.005395451798756372,v2.5,averaged
power_2,16,0.2,0.00022140602231957018,0.0939011462032795,0.09640064463019371,0.025928233535186813,v2.5,averaged
power_2,16,0.3,0.00034101067285519093,0.09300148114562035,0.09640064463019371,0.03526079620746343,v2.5,averaged
power_2,16,0.5,0.0008334059384651482,0.090149637311697,0.09640064463019371,0.06484404064388198,v2.5,averaged
power_2,16,1.0,0.0031163456151261926,0.08583775162696838,0.09640064463019371,0.10957284615415233,v2.5,averaged
power_2,24,-0.3,0.0010729252826422453,0.11012161523103714,0.09640064463019371,-0.1423327681415304,v2.5,averaged
power_2,24,-0.1,0.000133530207676813,0.1007951870560646,0.09640064463019371,-0.04558623485070014,v2.5,averaged
power_2,24,0.0,0.0,0.09640064463019371,0.09640064463019371,0.0,v2.5,averaged
power_2,24,0.05,4.047594120493159e-05,0.09434927627444267,0.09640064463019371,0.0212796124301904,v2.5,averaged
power_2,24,0.1,0.00010889816621784121,0.09292430803179741,0.09640064463019371,0.036061341827453665,v2.5,averaged
power_2,24,0.2,0.00041895435424521565,0.08883440122008324,0.09640064463019371,0.0784874773310452,v2.5,averaged
power_2,24,0.3,0.0009468264179304242,0.08557084575295448,0.09640064463019371,0.11234156077258449,v2.5,averaged
power_2,24,0.5,0.0028279172256588936,0.07750638201832771,0.09640064463019371,0.19599726417128244,v2.5,averaged
power_2,24,1.0,0.010648566298186779,0.06326133385300636,0.09640064463019371,0.3437664852171306,v2.5,averaged
power_2,28,-0.3,0.001234870171174407,0.10751932486891747,0.09640064463019371,-0.11533823535492485,v2.5,averaged
power_2,28,-0.1,0.00015998774324543774,0.10023053735494614,0.09640064463019371,-0.03972891197402702,v2.5,averaged
power_2,28,0.0,0.0,0.09640064463019371,0.09640064463019371,0.0,v2.5,averaged
power_2,28,0.05,5.3086201660335064e-05,0.09543957561254501,0.09640064463019371,0.00996952895217134,v2.5,averaged
power_2,28,0.1,0.00013010893599130213,0.09421084821224213,0.09640064463019371,0.022715578576802547,v2.5,averaged
power_2,28,0.2,0.0005756098544225097,0.09078822284936905,0.09640064463019371,0.0582197536370705,v2.5,averaged
power_2,28,0.3,0.001203190244268626,0.08803065493702888,0.09640064463019371,0.08682503862161162,v2.5,averaged
power_2,28,0.5,0.003564482321962714,0.08322703093290329,0.09640064463019371,0.13665482993216732,v2.5,averaged
power_2,28,1.0,0.016050899401307106,0.06768860667943954,0.09640064463019371,0.2978407256600569,v2.5,averaged
power_3,8,-0.3,6.100800237618387e-05,0.24814050644636154,0.24881026148796082,0.002691830463880129,v2.5,averaged
power_3,8,-0.1,2.1411513444036245e-05,0.24862271547317505,0.24881026148796082,0.0007537712217501986,v2.5,averaged
power_3,8,0.0,0.0,0.24881026148796082,0.24881026148796082,0.0,v2.5,averaged
power_3,8,0.05,1.6262376448139548e-05,0.24864956736564636,0.24881026148796082,0.0006458500600154251,v2.5,averaged
power_3,8,0.1,3.6673678550869226e-05,0.24596551060676575,0.24881026148796082,0.011433414619568323,v2.5,averaged
power_3,8,0.2,4.923975211568177e-05,0.2462611049413681,0.24881026148796082,0.010245383495632308,v2.5,averaged
power_3,8,0.3,5.5979209719225764e-05,0.2467622309923172,0.24881026148796082,0.008231294334067142,v2.5,averaged
power_3,8,0.5,0.00015292124589905143,0.2445974051952362,0.24881026148796082,0.016932003798920715,v2.5,averaged
power_3,8,1.0,0.000501486356370151,0.24181044846773148,0.24881026148796082,0.028133136384200293,v2.5,averaged
power_3,16,-0.3,0.000181803188752383,0.2514532059431076,0.24881026148796082,-0.010622328996164308,v2.5,averaged
power_3,16,-0.1,4.273675585864112e-05,0.25033409893512726,0.24881026148796082,-0.00612449598361994,v2.5,averaged
power_3,16,0.0,0.0,0.24881026148796082,0.24881026148796082,0.0,v2.5,averaged
power_3,16,0.05,2.722795761656016e-05,0.24775288999080658,0.24881026148796082,0.00424971016400543,v2.5,averaged
power_3,16,0.1,5.301416967995465e-05,0.24538806825876236,0.24881026148796082,0.013754228658949605,v2.5,averaged
power_3,16,0.2,0.00010559826478129253,0.2452407255768776,0.24881026148796082,0.014346417586382146,v2.5,averaged
power_3,16,0.3,0.00019360794976819307,0.2451997771859169,0.24881026148796082,0.01451099436354483,v2.5,averaged
power_3,16,0.5,0.0005226216744631529,0.24329276382923126,0.24881026148796082,0.02217552292953371,v2.5,averaged
power_3,16,1.0,0.002005409565754235,0.2401886060833931,0.24881026148796082,0.034651526641255086,v2.5,averaged
power_3,24,-0.3,0.000895426725037396,0.2615361288189888,0.24881026148796082,-0.051146874951713966,v2.5,averaged
power_3,24,-0.1,0.00011863542022183537,0.253381185233593,0.24881026148796082,-0.018371122309412246,v2.5,averaged
power_3,24,0.0,0.0,0.24881026148796082,0.24881026148796082,0.0,v2.5,averaged
power_3,24,0.05,4.645907938538585e-05,0.2468235045671463,0.24881026148796082,0.00798502806489212,v2.5,averaged
power_3,24,0.1,0.0001480678329244256,0.2432621270418167,0.24881026148796082,0.02229865606412122,v2.5,averaged
power_3,24,0.2,0.00044067925773561,0.2392587587237358,0.24881026148796082,0.03838870112150569,v2.5,averaged
power_3,24,0.3,0.0009200602071359754,0.23710552603006363,0.24881026148796082,0.04704281643329065,v2.5,averaged
power_3,24,0.5,0.002634981647133827,0.2300061210989952,0.24881026148796082,0.0755762253393857,v2.5,averaged
power_3,24,1.0,0.010784477926790714,0.21699174493551254,0.24881026148796082,0.1278826538831795,v2.5,averaged
power_3,28,-0.3,0.001980065368115902,0.27289529144763947,0.24881026148796082,-0.09680079035182418,v2.5,averaged
power_3,28,-0.1,0.00022041378542780876,0.2552386373281479,0.24881026148796082,-0.02583645787654993,v2.5,averaged
power_3,28,0.0,0.0,0.24881026148796082,0.24881026148796082,0.0,v2.5,averaged
power_3,28,0.05,0.0001085982657968998,0.24298934638500214,0.24881026148796082,0.023394996123342508,v2.5,averaged
power_3,28,0.1,0.0003137176390737295,0.23894067108631134,0.24881026148796082,0.03966713568253307,v2.5,averaged
power_3,28,0.2,0.001066843280568719,0.23185306787490845,0.24881026148796082,0.0681531119803629,v2.5,averaged
power_3,28,0.3,0.0025903224013745785,0.22237159311771393,0.24881026148796082,0.1062603616592645,v2.5,averaged
power_3,28,0.5,0.007286638021469116,0.20546261221170425,0.24881026148796082,0.1742197006547257,v2.5,averaged
power_3,28,1.0,0.03186449222266674,0.16666758805513382,0.24881026148796082,0.330141823498713,v2.5,averaged
power_4,8,-0.3,0.00011772580910474062,0.12219902127981186,0.12174111604690552,-0.003761303064857034,v2.5,averaged
power_4,8,-0.1,0.00011808937415480614,0.12259145453572273,0.12174111604690552,-0.006984809376066413,v2.5,averaged
power_4,8,0.0,0.0,0.12174111604690552,0.12174111604690552,0.0,v2.5,averaged
power_4,8,0.05,0.0001202355488203466,0.12300129607319832,0.12174111604690552,-0.010351309953551496,v2.5,averaged
power_4,8,0.1,5.8594760048436e-05,0.1211400106549263,0.12174111604690552,0.004937570900431192,v2.5,averaged
power_4,8,0.2,5.925819277763367e-05,0.12117531150579453,0.12174111604690552,0.00464760435490828,v2.5,averaged
power_4,8,0.3,8.895248174667358e-05,0.12108391523361206,0.12174111604690552,0.005398347202930559,v2.5,averaged
power_4,8,0.5,0.00017085479339584708,0.12163788825273514,0.12174111604690552,0.0008479287649261167,v2.5,averaged
power_4,8,1.0,0.0005147377960383892,0.12031816318631172,0.12174111604690552,0.011688350713374006,v2.5,averaged
power_4,16,-0.3,0.000340078491717577,0.12441254779696465,0.12174111604690552,-0.021943545753513993,v2.5,averaged
power_4,16,-0.1,0.00011183740571141243,0.12336309254169464,0.12174111604690552,-0.013323161044163532,v2.5,averaged
power_4,16,0.0,0.0,0.12174111604690552,0.12174111604690552,0.0,v2.5,averaged
power_4,16,0.05,0.00012079556472599506,0.12309309840202332,0.12174111604690552,-0.011105388212449883,v2.5,averaged
power_4,16,0.1,0.00011466813157312572,0.12150067836046219,0.12174111604690552,0.0019749916400527397,v2.5,averaged
power_4,16,0.2,0.00016899335605558008,0.12079289928078651,0.12174111604690552,0.007788796397707294,v2.5,averaged
power_4,16,0.3,0.0002903456334024668,0.11977072805166245,0.12174111604690552,0.016185065976263135,v2.5,averaged
power_4,16,0.5,0.0007800295716151595,0.11894747987389565,0.12174111604690552,0.022947351426723533,v2.5,averaged
power_4,16,1.0,0.003126619732938707,0.1156662367284298,0.12174111604690552,0.04989998051385646,v2.5,averaged
power_4,24,-0.3,0.0006700657831970602,0.12707334756851196,0.12174111604690552,-0.043799758822253565,v2.5,averaged
power_4,24,-0.1,0.00013847049558535218,0.12357278540730476,0.12174111604690552,-0.015045610060725287,v2.5,averaged
power_4,24,0.0,0.0,0.12174111604690552,0.12174111604690552,0.0,v2.5,averaged
power_4,24,0.05,7.07258986949455e-05,0.12054140865802765,0.12174111604690552,0.009854578533809683,v2.5,averaged
power_4,24,0.1,0.00019646746659418568,0.12026108801364899,0.12174111604690552,0.012157174842115726,v2.5,averaged
power_4,24,0.2,0.00045286890235729516,0.11941282451152802,0.12174111604690552,0.01912493996260423,v2.5,averaged
power_4,24,0.3,0.0009316812211181968,0.11714788898825645,0.12174111604690552,0.037729464028236306,v2.5,averaged
power_4,24,0.5,0.0026085531571879983,0.11378159001469612,0.12174111604690552,0.06538075459356459,v2.5,averaged
power_4,24,1.0,0.011960302479565144,0.10790007933974266,0.12174111604690552,0.11369237572809877,v2.5,averaged
power_4,28,-0.3,0.0009262973617296666,0.12857971340417862,0.12174111604690552,-0.056173276369819586,v2.5,averaged
power_4,28,-0.1,0.00019454228458926082,0.12454362213611603,0.12174111604690552,-0.02302021026430163,v2.5,averaged
power_4,28,0.0,0.0,0.12174111604690552,0.12174111604690552,0.0,v2.5,averaged
power_4,28,0.05,9.606922685634345e-05,0.12043941393494606,0.12174111604690552,0.010692378665708354,v2.5,averaged
power_4,28,0.1,0.0002594719408079982,0.11962611600756645,0.12174111604690552,0.01737293124965422,v2.5,averaged
power_4,28,0.2,0.0007737512933090329,0.11734665930271149,0.12174111604690552,0.03609673450423187,v2.5,averaged
power_4,28,0.3,0.0017486420110799372,0.11569008231163025,0.12174111604690552,0.04970410927515952,v2.5,averaged
power_4,28,0.5,0.00550050986930728,0.1109541580080986,0.12174111604690552,0.08860571012549957,v2.5,averaged
power_4,28,1.0,0.02664804458618164,0.10907131806015968,0.12174111604690552,0.10407164315681401,v2.5,averaged
power_5,8,-0.3,7.076913607306778e-05,0.31149429082870483,0.3084346354007721,-0.009919947621826262,v2.5,averaged
power_5,8,-0.1,2.4524604668840766e-05,0.31098832190036774,0.3084346354007721,-0.008279506276191865,v2.5,averaged
power_5,8,0.0,0.0,0.3084346354007721,0.3084346354007721,0.0,v2.5,averaged
power_5,8,0.05,7.012968126218766e-06,0.3085835874080658,0.3084346354007721,-0.00048292892625420206,v2.5,averaged
power_5,8,0.1,2.9357783205341548e-05,0.3074932396411896,0.3084346354007721,0.003052172653564973,v2.5,averaged
power_5,8,0.2,3.743759589269757e-05,0.3067050129175186,0.3084346354007721,0.005607744023319728,v2.5,averaged
power_5,8,0.3,8.2090322393924e-05,0.3044942170381546,0.3084346354007721,0.012775537862333177,v2.5,averaged
power_5,8,0.5,0.0002281933557242155,0.30183474719524384,0.3084346354007721,0.021398012570645747,v2.5,averaged
power_5,8,1.0,0.001052025705575943,0.29567280411720276,0.3084346354007721,0.04137612906860132,v2.5,averaged
power_5,16,-0.3,0.0002392238238826394,0.31531889736652374,0.3084346354007721,-0.02232000292965287,v2.5,averaged
power_5,16,-0.1,5.580228753387928e-05,0.31179574131965637,0.3084346354007721,-0.010897303782102623,v2.5,averaged
power_5,16,0.0,0.0,0.3084346354007721,0.3084346354007721,0.0,v2.5,averaged
power_5,16,0.05,3.678066423162818e-05,0.3072495758533478,0.3084346354007721,0.0038421740343281495,v2.5,averaged
power_5,16,0.1,3.345217555761337e-05,0.306713804602623,0.3084346354007721,0.005579239814987397,v2.5,averaged
power_5,16,0.2,0.00011078186798840761,0.30465610325336456,0.3084346354007721,0.01225067393127819,v2.5,averaged
power_5,16,0.3,0.00025000819005072117,0.30269309878349304,0.3084346354007721,0.01861508390527752,v2.5,averaged
power_5,16,0.5,0.0007879030890762806,0.29790474474430084,0.3084346354007721,0.03413978019293774,v2.5,averaged
power_5,16,1.0,0.0035801841877400875,0.28725169599056244,0.3084346354007721,0.06867886086361567,v2.5,averaged
power_5,24,-0.3,0.0013215788640081882,0.31374290585517883,0.3084346354007721,-0.017210357868886247,v2.5,averaged
power_5,24,-0.1,0.0001491138245910406,0.31080126762390137,0.3084346354007721,-0.007673043009758391,v2.5,averaged
power_5,24,0.0,0.0,0.3084346354007721,0.3084346354007721,0.0,v2.5,averaged
power_5,24,0.05,5.419994704425335e-05,0.3083314150571823,0.3084346354007721,0.0003346587307085692,v2.5,averaged
power_5,24,0.1,0.00014312146231532097,0.3079313486814499,0.3084346354007721,0.0016317451464821604,v2.5,averaged
power_5,24,0.2,0.0005212489049881697,0.30548109114170074,0.3084346354007721,0.009575916320920282,v2.5,averaged
power_5,24,0.3,0.0012367814779281616,0.3045600354671478,0.3084346354007721,0.012562142797580795,v2.5,averaged
power_5,24,0.5,0.003596118651330471,0.30229437351226807,0.3084346354007721,0.019907822221474993,v2.5,averaged
power_5,24,1.0,0.014932705089449883,0.3020673245191574,0.3084346354007721,0.020643955479711814,v2.5,averaged
power_5,28,-0.3,0.0012254989705979824,0.314357727766037,0.3084346354007721,-0.01920371996344891,v2.5,averaged
power_5,28,-0.1,0.00017895514611154795,0.3109146058559418,0.3084346354007721,-0.008040505736157897,v2.5,averaged
power_5,28,0.0,0.0,0.3084346354007721,0.3084346354007721,0.0,v2.5,averaged
power_5,28,0.05,5.285965744405985e-05,0.3080302029848099,0.3084346354007721,0.0013112418955047317,v2.5,averaged
power_5,28,0.1,0.0001639113761484623,0.3081760108470917,0.3084346354007721,0.0008385068471456514,v2.5,averaged
power_5,28,0.2,0.0006183541845530272,0.30492736399173737,0.3084346354007721,0.011371198323682002,v2.5,averaged
power_5,28,0.3,0.0013878005556762218,0.30414821207523346,0.3084346354007721,0.01389734755297169,v2.5,averaged
power_5,28,0.5,0.0040215253829956055,0.301440954208374,0.3084346354007721,0.022674759542846607,v2.5,averaged
power_5,28,1.0,0.01635914109647274,0.29739296436309814,0.3084346354007721,0.03579906330340198,v2.5,averaged
profanity_1,8,-0.3,4.1913830500561744e-05,0.16724425554275513,0.16568520665168762,-0.009409704840728608,v2.5,averaged
profanity_1,8,-0.1,3.207359986845404e-05,0.16753890365362167,0.16568520665168762,-0.011188065847248472,v2.5,averaged
profanity_1,8,0.0,0.0,0.16568520665168762,0.16568520665168762,0.0,v2.5,averaged
profanity_1,8,0.05,2.4129985831677914e-05,0.16699005663394928,0.16568520665168762,-0.007875476686369374,v2.5,averaged
profanity_1,8,0.1,1.422087188984733e-05,0.16624415665864944,0.16568520665168762,-0.0033735661635554306,v2.5,averaged
profanity_1,8,0.2,2.9820981580996886e-05,0.16623126715421677,0.16568520665168762,-0.003295771020022941,v2.5,averaged
profanity_1,8,0.3,4.0147919207811356e-05,0.1660734862089157,0.16568520665168762,-0.0023434775202613627,v2.5,averaged
profanity_1,8,0.5,9.549292735755444e-05,0.1665835827589035,0.16568520665168762,-0.00542218659934134,v2.5,averaged
profanity_1,8,1.0,0.00036707890103571117,0.1658845692873001,0.16568520665168762,-0.0012032615321632104,v2.5,averaged
profanity_1,16,-0.3,0.00013219215907156467,0.1679251715540886,0.16568520665168762,-0.01351940192892384,v2.5,averaged
profanity_1,16,-0.1,2.387335007369984e-05,0.16635923832654953,0.16568520665168762,-0.00406814638725649,v2.5,averaged
profanity_1,16,0.0,0.0,0.16568520665168762,0.16568520665168762,0.0,v2.5,averaged
profanity_1,16,0.05,3.913005639333278e-05,0.16595147550106049,0.16568520665168762,-0.001607076785875208,v2.5,averaged
profanity_1,16,0.1,4.811219150724355e-05,0.16598615050315857,0.16568520665168762,-0.0018163592124649224,v2.5,averaged
profanity_1,16,0.2,0.00012652674922719598,0.16547439992427826,0.16568520665168762,0.0012723328272302068,v2.5,averaged
profanity_1,16,0.3,0.00020826476975344121,0.164827398955822,0.16568520665168762,0.005177334254523765,v2.5,averaged
profanity_1,16,0.5,0.0004353301483206451,0.16438645124435425,0.16568520665168762,0.007838692624282913,v2.5,averaged
profanity_1,16,1.0,0.0014981193817220628,0.16292232275009155,0.16568520665168762,0.016675501436916772,v2.5,averaged
profanity_1,24,-0.3,0.0008184434555005282,0.1788269430398941,0.16568520665168762,-0.0793175000580091,v2.5,averaged
profanity_1,24,-0.1,0.00010065893002320081,0.17006085813045502,0.16568520665168762,-0.02640942765618252,v2.5,averaged
profanity_1,24,0.0,0.0,0.16568520665168762,0.16568520665168762,0.0,v2.5,averaged
profanity_1,24,0.05,4.0914665078162216e-05,0.16399437934160233,0.16568520665168762,0.01020505900469343,v2.5,averaged
profanity_1,24,0.1,9.249490540241823e-05,0.16234447062015533,0.16568520665168762,0.0201631521548895,v2.5,averaged
profanity_1,24,0.2,0.0003438059502514079,0.15829381346702576,0.16568520665168762,0.044611062955067865,v2.5,averaged
profanity_1,24,0.3,0.0007269061461556703,0.15495670586824417,0.16568520665168762,0.06475231555221152,v2.5,averaged
profanity_1,24,0.5,0.0019375309930182993,0.14967241138219833,0.16568520665168762,0.09664589611281502,v2.5,averaged
profanity_1,24,1.0,0.007068338105455041,0.13294139876961708,0.16568520665168762,0.19762662306301335,v2.5,averaged
profanity_1,28,-0.3,0.0013296883553266525,0.1796373575925827,0.16568520665168762,-0.08420879101310502,v2.5,averaged
profanity_1,28,-0.1,0.0001761626044753939,0.17099174857139587,0.16568520665168762,-0.032027855877706395,v2.5,averaged
profanity_1,28,0.0,0.0,0.16568520665168762,0.16568520665168762,0.0,v2.5,averaged
profanity_1,28,0.05,5.346953184925951e-05,0.16477806866168976,0.16568520665168762,0.00547506930962701,v2.5,averaged
profanity_1,28,0.1,0.00020413295715115964,0.1613723263144493,0.16568520665168762,0.0260305698040084,v2.5,averaged
profanity_1,28,0.2,0.0006809443293605,0.15840719640254974,0.16568520665168762,0.04392673550172831,v2.5,averaged
profanity_1,28,0.3,0.0015162050258368254,0.15405243635177612,0.16568520665168762,0.07021007206978072,v2.5,averaged
profanity_1,28,0.5,0.004505880642682314,0.14537806063890457,0.16568520665168762,0.12256462977695907,v2.5,averaged
profanity_1,28,1.0,0.01867432240396738,0.1273333951830864,0.16568520665168762,0.2314739634494133,v2.5,averaged
profanity_2,8,-0.3,3.483581531327218e-05,0.3038971275091171,0.30333317816257477,-0.001859174620984268,v2.5,averaged
profanity_2,8,-0.1,1.229814824910136e-05,0.30300790071487427,0.30333317816257477,0.0010723437827370287,v2.5,averaged
profanity_2,8,0.0,0.0,0.30333317816257477,0.30333317816257477,0.0,v2.5,averaged
profanity_2,8,0.05,5.690380930900574e-06,0.30322621762752533,0.30333317816257477,0.000352617328896715,v2.5,averaged
profanity_2,8,0.1,1.9921426428481936e-05,0.30203843116760254,0.30333317816257477,0.0042683988702294055,v2.5,averaged
profanity_2,8,0.2,3.0422350391745567e-05,0.3018023520708084,0.30333317816257477,0.005046682005045601,v2.5,averaged
profanity_2,8,0.3,4.830333637073636e-05,0.3012903183698654,0.30333317816257477,0.006734706058479555,v2.5,averaged
profanity_2,8,0.5,9.853503433987498e-05,0.30202071368694305,0.30333317816257477,0.0043268081770082,v2.5,averaged
profanity_2,8,1.0,0.0004065618268214166,0.30090633034706116,0.30333317816257477,0.008000601286724114,v2.5,averaged
profanity_2,16,-0.3,0.0002724724472500384,0.3116776794195175,0.30333317816257477,-0.027509358875574177,v2.5,averaged
profanity_2,16,-0.1,5.213262920733541e-05,0.30646373331546783,0.30333317816257477,-0.010320516772534559,v2.5,averaged
profanity_2,16,0.0,0.0,0.30333317816257477,0.30333317816257477,0.0,v2.5,averaged
profanity_2,16,0.05,2.3910222807899117e-05,0.30127477645874023,0.30333317816257477,0.006785943154333452,v2.5,averaged
profanity_2,16,0.1,4.254095256328583e-05,0.3000677078962326,0.30333317816257477,0.010765292099342981,v2.5,averaged
profanity_2,16,0.2,0.00011906414874829352,0.2974097430706024,0.30333317816257477,0.01952781798500664,v2.5,averaged
profanity_2,16,0.3,0.00027666083769872785,0.2947136461734772,0.30333317816257477,0.02841605406078547,v2.5,averaged
profanity_2,16,0.5,0.0006796666420996189,0.2891688048839569,0.30333317816257477,0.04669575997066271,v2.5,averaged
profanity_2,16,1.0,0.002875757869333029,0.2757844030857086,0.30333317816257477,0.09082018407528464,v2.5,averaged
profanity_2,24,-0.3,0.0010514233727008104,0.31462694704532623,0.30333317816257477,-0.03723222415418878,v2.5,averaged
profanity_2,24,-0.1,0.00013986360863782465,0.3069262355566025,0.30333317816257477,-0.01184525021559617,v2.5,averaged
profanity_2,24,0.0,0.0,0.30333317816257477,0.30333317816257477,0.0,v2.5,averaged
profanity_2,24,0.05,4.7145822463789955e-05,0.30142197012901306,0.30333317816257477,0.00630068904805848,v2.5,averaged
profanity_2,24,0.1,0.0001309367798967287,0.29783910512924194,0.30333317816257477,0.018112337946718824,v2.5,averaged
profanity_2,24,0.2,0.00046820208081044257,0.29467420279979706,0.30333317816257477,0.028546087227348523,v2.5,averaged
profanity_2,24,0.3,0.001138954539783299,0.2904069125652313,0.30333317816257477,0.04261408420814247,v2.5,averaged
profanity_2,24,0.5,0.0031228670850396156,0.28213396668434143,0.30333317816257477,0.0698875461189128,v2.5,averaged
profanity_2,24,1.0,0.01119075808674097,0.26281021535396576,0.30333317816257477,0.1335922534227043,v2.5,averaged
profanity_2,28,-0.3,0.0012664757668972015,0.3062158524990082,0.30333317816257477,-0.009503326849687407,v2.5,averaged
profanity_2,28,-0.1,0.00013834680430591106,0.30387598276138306,0.30333317816257477,-0.0017894666257621396,v2.5,averaged
profanity_2,28,0.0,0.0,0.30333317816257477,0.30333317816257477,0.0,v2.5,averaged
profanity_2,28,0.05,4.57985297543928e-05,0.30235467851161957,0.30333317816257477,0.0032258246753039408,v2.5,averaged
profanity_2,28,0.1,0.0001459981722291559,0.3017890006303787,0.30333317816257477,0.0050906977652422376,v2.5,averaged
profanity_2,28,0.2,0.0005945179145783186,0.3009496480226517,0.30333317816257477,0.007857795689746858,v2.5,averaged
profanity_2,28,0.3,0.0014156815013848245,0.29964739084243774,0.30333317816257477,0.012150953425086871,v2.5,averaged
profanity_2,28,0.5,0.003960415720939636,0.30032455921173096,0.30333317816257477,0.009918529087613714,v2.5,averaged
profanity_2,28,1.0,0.017069933004677296,0.30113911628723145,0.30333317816257477,0.0072331747177599905,v2.5,averaged
profanity_3,8,-0.3,7.618014933541417e-05,0.10787239670753479,0.10571766272187233,-0.02038196768813599,v2.5,averaged
profanity_3,8,-0.1,2.76539649348706e-05,0.10672470927238464,0.10571766272187233,-0.00952581171948254,v2.5,averaged
profanity_3,8,0.0,0.0,0.10571766272187233,0.10571766272187233,0.0,v2.5,averaged
profanity_3,8,0.05,5.990157660562545e-06,0.10576386749744415,0.10571766272187233,-0.0004370582396754373,v2.5,averaged
profanity_3,8,0.1,3.2133684726431966e-05,0.10498430952429771,0.10571766272187233,0.0069369032448623105,v2.5,averaged
profanity_3,8,0.2,3.7432502722367644e-05,0.10558055713772774,0.10571766272187233,0.0012969032857385145,v2.5,averaged
profanity_3,8,0.3,7.220569386845455e-05,0.10437427461147308,0.10571766272187233,0.012707319437561758,v2.5,averaged
profanity_3,8,0.5,0.00013835658319294453,0.10362142324447632,0.10571766272187233,0.019828658933852047,v2.5,averaged
profanity_3,8,1.0,0.0006720029632560909,0.1016857959330082,0.10571766272187233,0.03813806212753101,v2.5,averaged
profanity_3,16,-0.3,0.0003964363713748753,0.11026938632130623,0.10571766272187233,-0.043055469466902765,v2.5,averaged
profanity_3,16,-0.1,4.264191375114024e-05,0.10636940971016884,0.10571766272187233,-0.006164977275473442,v2.5,averaged
profanity_3,16,0.0,0.0,0.10571766272187233,0.10571766272187233,0.0,v2.5,averaged
profanity_3,16,0.05,3.0474955565296113e-05,0.10510330274701118,0.10571766272187233,0.005811327634791133,v2.5,averaged
profanity_3,16,0.1,7.287535117939115e-05,0.1038793995976448,0.10571766272187233,0.017388420032173096,v2.5,averaged
profanity_3,16,0.2,0.0002281060442328453,0.10343371331691742,0.10571766272187233,0.021604236663495355,v2.5,averaged
profanity_3,16,0.3,0.00042800756637007,0.10210372507572174,0.10571766272187233,0.03418480463059734,v2.5,averaged
profanity_3,16,0.5,0.001183734624646604,0.09824254363775253,0.10571766272187233,0.0707083271769424,v2.5,averaged
profanity_3,16,1.0,0.004452670691534877,0.09088011831045151,0.10571766272187233,0.14035066638255356,v2.5,averaged
profanity_3,24,-0.3,0.000793053419329226,0.11209318041801453,0.10571766272187233,-0.06030702469194054,v2.5,averaged
profanity_3,24,-0.1,0.00010478931653779,0.1079014278948307,0.10571766272187233,-0.020656578255078717,v2.5,averaged
profanity_3,24,0.0,0.0,0.10571766272187233,0.10571766272187233,0.0,v2.5,averaged
profanity_3,24,0.05,3.701017703860998e-05,0.10486116632819176,0.10571766272187233,0.008101734106001653,v2.5,averaged
profanity_3,24,0.1,0.00012627597607206553,0.10411417484283447,0.10571766272187233,0.015167644060164276,v2.5,averaged
profanity_3,24,0.2,0.000447415019152686,0.1018277071416378,0.10571766272187233,0.03679570168391284,v2.5,averaged
profanity_3,24,0.3,0.0009215325408149511,0.10034162551164627,0.10571766272187233,0.05085278156753829,v2.5,averaged
profanity_3,24,0.5,0.002566075185313821,0.0968453474342823,0.10571766272187233,0.08392462583032873,v2.5,averaged
profanity_3,24,1.0,0.010270665399730206,0.09048780053853989,0.10571766272187233,0.1440616618946635,v2.5,averaged
profanity_3,28,-0.3,0.001174523844383657,0.11439740657806396,0.10571766272187233,-0.08210306237120252,v2.5,averaged
profanity_3,28,-0.1,0.00014712651318404824,0.10897352546453476,0.10571766272187233,-0.030797717796960073,v2.5,averaged
profanity_3,28,0.0,0.0,0.10571766272187233,0.10571766272187233,0.0,v2.5,averaged
profanity_3,28,0.05,5.84022345719859e-05,0.1043439693748951,0.10571766272187233,0.012993981437058627,v2.5,averaged
profanity_3,28,0.1,0.00019659189274534583,0.10344850271940231,0.10571766272187233,0.021464341379168056,v2.5,averaged
profanity_3,28,0.2,0.0006486274069175124,0.09976997599005699,0.10571766272187233,0.05626010430691066,v2.5,averaged
profanity_3,28,0.3,0.001448402472306043,0.09702581912279129,0.10571766272187233,0.08221751574235997,v2.5,averaged
profanity_3,28,0.5,0.004075882025063038,0.0917663425207138,0.10571766272187233,0.13196773218362198,v2.5,averaged
profanity_3,28,1.0,0.017380230128765106,0.08130061626434326,0.10571766272187233,0.23096468299499523,v2.5,averaged
profanity_4,8,-0.3,7.256786193465814e-05,0.367750808596611,0.36428962647914886,-0.009501182207449622,v2.5,averaged
profanity_4,8,-0.1,2.191136263718363e-05,0.36465638875961304,0.36428962647914886,-0.0010067876047114535,v2.5,averaged
profanity_4,8,0.0,0.0,0.36428962647914886,0.36428962647914886,0.0,v2.5,averaged
profanity_4,8,0.05,8.414979674853384e-06,0.36427825689315796,0.36428962647914886,3.1210293031927805e-05,v2.5,averaged
profanity_4,8,0.1,3.11281910398975e-05,0.3637428283691406,0.36428962647914886,0.0015009982998775762,v2.5,averaged
profanity_4,8,0.2,3.791291237575933e-05,0.36306019127368927,0.36428962647914886,0.0033748839277748825,v2.5,averaged
profanity_4,8,0.3,9.421822323929518e-05,0.36262406408786774,0.36428962647914886,0.004572082953277455,v2.5,averaged
profanity_4,8,0.5,0.00017928829765878618,0.36070214211940765,0.36428962647914886,0.009847890521654891,v2.5,averaged
profanity_4,8,1.0,0.0006739473610650748,0.35870906710624695,0.36428962647914886,0.01531901807591366,v2.5,averaged
profanity_4,16,-0.3,0.00016669782780809328,0.36933498084545135,0.36428962647914886,-0.013849843639704287,v2.5,averaged
profanity_4,16,-0.1,1.9683604477904737e-05,0.3649720996618271,0.36428962647914886,-0.00187343567609737,v2.5,averaged
profanity_4,16,0.0,0.0,0.36428962647914886,0.36428962647914886,0.0,v2.5,averaged
profanity_4,16,0.05,1.5585421351715922e-05,0.36386288702487946,0.36428962647914886,0.0011714290587789625,v2.5,averaged
profanity_4,16,0.1,5.7412253227084875e-05,0.3630817085504532,0.36428962647914886,0.0033158175278560045,v2.5,averaged
profanity_4,16,0.2,8.498581883031875e-05,0.3618207424879074,0.36428962647914886,0.006777255820054949,v2.5,averaged
profanity_4,16,0.3,0.00021476632537087426,0.36080147325992584,0.36428962647914886,0.009575219730893645,v2.5,averaged
profanity_4,16,0.5,0.0005164035246707499,0.3573523312807083,0.36428962647914886,0.019043350933402512,v2.5,averaged
profanity_4,16,1.0,0.002416312345303595,0.35255762934684753,0.36428962647914886,0.03220513646158641,v2.5,averaged
profanity_4,24,-0.3,0.0007524212123826146,0.36951732635498047,0.36428962647914886,-0.0143503945647786,v2.5,averaged
profanity_4,24,-0.1,8.628887007944286e-05,0.36709530651569366,0.36428962647914886,-0.007701784054796276,v2.5,averaged
profanity_4,24,0.0,0.0,0.36428962647914886,0.36428962647914886,0.0,v2.5,averaged
profanity_4,24,0.05,6.605843373108655e-05,0.36273209750652313,0.36428962647914886,0.004275523812410514,v2.5,averaged
profanity_4,24,0.1,0.00013088530977256596,0.36259298026561737,0.36428962647914886,0.004657410176428964,v2.5,averaged
profanity_4,24,0.2,0.00044548040023073554,0.3596615791320801,0.36428962647914886,0.012704307261776189,v2.5,averaged
profanity_4,24,0.3,0.0008651913958601654,0.35916005074977875,0.36428962647914886,0.014081037055453246,v2.5,averaged
profanity_4,24,0.5,0.002249494311399758,0.3555360585451126,0.36428962647914886,0.024029144114366623,v2.5,averaged
profanity_4,24,1.0,0.00867579597979784,0.34461282193660736,0.36428962647914886,0.05401417749035948,v2.5,averaged
profanity_4,28,-0.3,0.0009299881057813764,0.3716720640659332,0.36428962647914886,-0.020265297307901567,v2.5,averaged
profanity_4,28,-0.1,0.00011128053301945329,0.3677220493555069,0.36428962647914886,-0.009422236118915388,v2.5,averaged
profanity_4,28,0.0,0.0,0.36428962647914886,0.36428962647914886,0.0,v2.5,averaged
profanity_4,28,0.05,4.76310815429315e-05,0.3641192764043808,0.36428962647914886,0.0004676226342608108,v2.5,averaged
profanity_4,28,0.1,0.00013391158427111804,0.36270083487033844,0.36428962647914886,0.004361341892071043,v2.5,averaged
profanity_4,28,0.2,0.0005515376687981188,0.35940253734588623,0.36428962647914886,0.013415394724511488,v2.5,averaged
profanity_4,28,0.3,0.0011153967934660614,0.3571178466081619,0.36428962647914886,0.019687027435565572,v2.5,averaged
profanity_4,28,0.5,0.0032074250048026443,0.35251471400260925,0.36428962647914886,0.03232294202375148,v2.5,averaged
profanity_4,28,1.0,0.013600747101008892,0.3420495092868805,0.36428962647914886,0.061050646451886674,v2.5,averaged
profanity_5,8,-0.3,4.501527291722596e-05,0.20469719916582108,0.2031307891011238,-0.007711337467002434,v2.5,averaged
profanity_5,8,-0.1,6.532605766551569e-06,0.2030797302722931,0.2031307891011238,0.0002513593781457747,v2.5,averaged
profanity_5,8,0.0,0.0,0.2031307891011238,0.2031307891011238,0.0,v2.5,averaged
profanity_5,8,0.05,3.358861431479454e-05,0.20583409816026688,0.2031307891011238,-0.013308219158235478,v2.5,averaged
profanity_5,8,0.1,3.559642209438607e-05,0.20619840174913406,0.2031307891011238,-0.015101662636101493,v2.5,averaged
profanity_5,8,0.2,4.3295574869262055e-05,0.20524942129850388,0.2031307891011238,-0.010429892025503606,v2.5,averaged
profanity_5,8,0.3,5.201962085266132e-05,0.2049407809972763,0.2031307891011238,-0.008910475384661826,v2.5,averaged
profanity_5,8,0.5,0.00011970899868174456,0.2063371166586876,0.2031307891011238,-0.01578454734386715,v2.5,averaged
profanity_5,8,1.0,0.0004606076836353168,0.2089703530073166,0.2031307891011238,-0.028747802989559066,v2.5,averaged
profanity_5,16,-0.3,0.00015430749772349373,0.20864814519882202,0.2031307891011238,-0.027161594370371533,v2.5,averaged
profanity_5,16,-0.1,3.564682265277952e-05,0.20418782532215118,0.2031307891011238,-0.005203722319520721,v2.5,averaged
profanity_5,16,0.0,0.0,0.2031307891011238,0.2031307891011238,0.0,v2.5,averaged
profanity_5,16,0.05,2.4844175641192123e-05,0.20369969308376312,0.2031307891011238,-0.002800678248515529,v2.5,averaged
profanity_5,16,0.1,3.3580025046831e-05,0.20401453226804733,0.2031307891011238,-0.004350611597750317,v2.5,averaged
profanity_5,16,0.2,6.827115430496633e-05,0.20286177098751068,0.2031307891011238,0.0013243591225316632,v2.5,averaged
profanity_5,16,0.3,0.00010260812268825248,0.20348306745290756,0.2031307891011238,-0.0017342439978824632,v2.5,averaged
profanity_5,16,0.5,0.0003006768529303372,0.20159812271595,0.2031307891011238,0.007545219471435206,v2.5,averaged
profanity_5,16,1.0,0.0012187488027848303,0.19773714989423752,0.2031307891011238,0.026552543958273098,v2.5,averaged
profanity_5,24,-0.3,0.0012851632200181484,0.2222306951880455,0.2031307891011238,-0.09402762708420957,v2.5,averaged
profanity_5,24,-0.1,0.00021017322433181107,0.21126311272382736,0.2031307891011238,-0.040034913755270594,v2.5,averaged
profanity_5,24,0.0,0.0,0.2031307891011238,0.2031307891011238,0.0,v2.5,averaged
profanity_5,24,0.05,5.84133667871356e-05,0.20055759698152542,0.2031307891011238,0.012667661711870703,v2.5,averaged
profanity_5,24,0.1,0.0001170933828689158,0.19888140261173248,0.2031307891011238,0.020919460354559404,v2.5,averaged
profanity_5,24,0.2,0.00042139869765378535,0.19448073208332062,0.2031307891011238,0.04258368244459961,v2.5,averaged
profanity_5,24,0.3,0.0011714235879480839,0.18741029500961304,0.2031307891011238,0.0773909960231814,v2.5,averaged
profanity_5,24,0.5,0.0028782456647604704,0.17875619232654572,0.2031307891011238,0.11999459502145578,v2.5,averaged
profanity_5,24,1.0,0.012781672179698944,0.1534969061613083,0.2031307891011238,0.24434445984014014,v2.5,averaged
profanity_5,28,-0.3,0.0011370166903361678,0.21516548097133636,0.2031307891011238,-0.05924602529959833,v2.5,averaged
profanity_5,28,-0.1,0.00012998856254853308,0.20762595534324646,0.2031307891011238,-0.022129418499353334,v2.5,averaged
profanity_5,28,0.0,0.0,0.2031307891011238,0.2031307891011238,0.0,v2.5,averaged
profanity_5,28,0.05,4.733177775051445e-05,0.20312681794166565,0.2031307891011238,1.954976631427082e-05,v2.5,averaged
profanity_5,28,0.1,0.00012551838881336153,0.20143726468086243,0.2031307891011238,0.008337113382739346,v2.5,averaged
profanity_5,28,0.2,0.0005163083842489868,0.19844428449869156,0.2031307891011238,0.023071365119835117,v2.5,averaged
profanity_5,28,0.3,0.00121343630598858,0.1925957053899765,0.2031307891011238,0.05186354938001382,v2.5,averaged
profanity_5,28,0.5,0.0033997436985373497,0.1852993220090866,0.2031307891011238,0.08778318230802634,v2.5,averaged
profanity_5,28,1.0,0.015910810325294733,0.16547632217407227,0.2031307891011238,0.18537055408329148,v2.5,averaged
substance_1,8,-0.3,6.490512168966234e-05,0.17018647491931915,0.16761835664510727,-0.01532122331714106,v2.5,averaged
substance_1,8,-0.1,2.9008369892835617e-05,0.16817884892225266,0.16761835664510727,-0.0033438597559579783,v2.5,averaged
substance_1,8,0.0,0.0,0.16761835664510727,0.16761835664510727,0.0,v2.5,averaged
substance_1,8,0.05,1.686032919678837e-05,0.16714058071374893,0.16761835664510727,0.0028503795223927433,v2.5,averaged
substance_1,8,0.1,1.0665522495401092e-05,0.16759783029556274,0.16761835664510727,0.0001224588401614323,v2.5,averaged
substance_1,8,0.2,2.9318938686628826e-05,0.16649449616670609,0.16761835664510727,0.006704877084439482,v2.5,averaged
substance_1,8,0.3,3.772995842155069e-05,0.1671779602766037,0.16761835664510727,0.0026273755292566614,v2.5,averaged
substance_1,8,0.5,9.76134579104837e-05,0.1647181287407875,0.16761835664510727,0.01730256734625026,v2.5,averaged
substance_1,8,1.0,0.000322742314892821,0.16384459286928177,0.16761835664510727,0.02251402442642702,v2.5,averaged
substance_1,16,-0.3,0.00021829863544553518,0.17412343621253967,0.16761835664510727,-0.03880887330977353,v2.5,averaged
substance_1,16,-0.1,4.599496605806053e-05,0.1707131341099739,0.16761835664510727,-0.018463237122763987,v2.5,averaged
substance_1,16,0.0,0.0,0.16761835664510727,0.16761835664510727,0.0,v2.5,averaged
substance_1,16,0.05,3.0741619411855936e-05,0.1661793515086174,0.16761835664510727,0.00858500921552778,v2.5,averaged
substance_1,16,0.1,5.5687611165922135e-05,0.16513001173734665,0.16761835664510727,0.0148453007031271,v2.5,averaged
substance_1,16,0.2,0.00012462848098948598,0.1629098579287529,0.16761835664510727,0.02809059109393082,v2.5,averaged
substance_1,16,0.3,0.0002514442603569478,0.16194764524698257,0.16761835664510727,0.03383108814347287,v2.5,averaged
substance_1,16,0.5,0.0006125275394879282,0.15700571238994598,0.16761835664510727,0.063314331840343,v2.5,averaged
substance_1,16,1.0,0.0025100179482251406,0.1494278758764267,0.16761835664510727,0.10852320194974031,v2.5,averaged
substance_1,24,-0.3,0.002073448966257274,0.19205690175294876,0.16761835664510727,-0.14579873945181557,v2.5,averaged
substance_1,24,-0.1,0.0002242930931970477,0.17492946237325668,0.16761835664510727,-0.04361757193234494,v2.5,averaged
substance_1,24,0.0,0.0,0.16761835664510727,0.16761835664510727,0.0,v2.5,averaged
substance_1,24,0.05,8.245672506745905e-05,0.16375461965799332,0.16761835664510727,0.023050798638328818,v2.5,averaged
substance_1,24,0.1,0.00021644870867021382,0.16111565381288528,0.16761835664510727,0.038794693865123256,v2.5,averaged
substance_1,24,0.2,0.0009475030819885433,0.1528308168053627,0.16761835664510727,0.08822148203644384,v2.5,averaged
substance_1,24,0.3,0.0022275291848927736,0.1446208655834198,0.16761835664510727,0.1372015065771065,v2.5,averaged
substance_1,24,0.5,0.005922053707763553,0.13174515217542648,0.16761835664510727,0.2140171589060136,v2.5,averaged
substance_1,24,1.0,0.02458362840116024,0.10011506825685501,0.16761835664510727,0.40272014199002504,v2.5,averaged
substance_1,28,-0.3,0.0024895963724702597,0.1940252035856247,0.16761835664510727,-0.1575414976560578,v2.5,averaged
substance_1,28,-0.1,0.0003600579802878201,0.17737789452075958,0.16761835664510727,-0.05822475575462093,v2.5,averaged
substance_1,28,0.0,0.0,0.16761835664510727,0.16761835664510727,0.0,v2.5,averaged
substance_1,28,0.05,0.00013187159493099898,0.16339773684740067,0.16761835664510727,0.025179937819356988,v2.5,averaged
substance_1,28,0.1,0.0003748954623006284,0.1586575135588646,0.16761835664510727,0.05345979560708359,v2.5,averaged
substance_1,28,0.2,0.0014672970864921808,0.15026316046714783,0.16761835664510727,0.1035399494740604,v2.5,averaged
substance_1,28,0.3,0.0032646501203998923,0.14176829904317856,0.16761835664510727,0.1542197293859656,v2.5,averaged
substance_1,28,0.5,0.009543321095407009,0.12711898237466812,0.16761835664510727,0.2416165811492062,v2.5,averaged
substance_1,28,1.0,0.042595382779836655,0.09556301683187485,0.16761835664510727,0.429877378918544,v2.5,averaged
substance_2,8,-0.3,9.882092126645148e-05,0.24345465749502182,0.24249641597270966,-0.003951569834417693,v2.5,averaged
substance_2,8,-0.1,4.273821832612157e-05,0.2438640594482422,0.24249641597270966,-0.005639850263545525,v2.5,averaged
substance_2,8,0.0,0.0,0.24249641597270966,0.24249641597270966,0.0,v2.5,averaged
substance_2,8,0.05,8.981793507700786e-05,0.24298779666423798,0.24249641597270966,-0.0020263420783242416,v2.5,averaged
substance_2,8,0.1,4.103047649550717e-05,0.2432403862476349,0.24249641597270966,-0.003067964002441,v2.5,averaged
substance_2,8,0.2,0.00011938194802496582,0.24474412202835083,0.24249641597270966,-0.009269027942640312,v2.5,averaged
substance_2,8,0.3,7.468196417903528e-05,0.24311119318008423,0.24249641597270966,-0.0025352012107418497,v2.5,averaged
substance_2,8,0.5,0.00014845491386950016,0.24443399906158447,0.24249641597270966,-0.007990151446580022,v2.5,averaged
substance_2,8,1.0,0.0005587181949522346,0.24610266834497452,0.24249641597270966,-0.0148713635943828,v2.5,averaged
substance_2,16,-0.3,0.0003602959623094648,0.24995462596416473,0.24249641597270966,-0.0307559596769233,v2.5,averaged
substance_2,16,-0.1,0.00010584546544123441,0.2445792555809021,0.24249641597270966,-0.008589156255516968,v2.5,averaged
substance_2,16,0.0,0.0,0.24249641597270966,0.24249641597270966,0.0,v2.5,averaged
substance_2,16,0.05,3.389995254110545e-05,0.24253006279468536,0.24249641597270966,-0.00013875183202499204,v2.5,averaged
substance_2,16,0.1,7.712108345003799e-05,0.2412782683968544,0.24249641597270966,0.005023363215365395,v2.5,averaged
substance_2,16,0.2,0.00016582669923081994,0.23976566642522812,0.24249641597270966,0.011260989307936217,v2.5,averaged
substance_2,16,0.3,0.00029932490724604577,0.24030433595180511,0.24249641597270966,0.009039638842131324,v2.5,averaged
substance_2,16,0.5,0.0007424392097163945,0.23863543570041656,0.24249641597270966,0.01592180344936563,v2.5,averaged
substance_2,16,1.0,0.003258925164118409,0.23350196331739426,0.24249641597270966,0.037091074600985555,v2.5,averaged
substance_2,24,-0.3,0.0012148944078944623,0.2573748528957367,0.24249641597270966,-0.06135528586410714,v2.5,averaged
substance_2,24,-0.1,0.0002267613454023376,0.24831534922122955,0.24249641597270966,-0.02399595567290675,v2.5,averaged
substance_2,24,0.0,0.0,0.24249641597270966,0.24249641597270966,0.0,v2.5,averaged
substance_2,24,0.05,8.103728760033846e-05,0.2407471463084221,0.24249641597270966,0.007213589764907818,v2.5,averaged
substance_2,24,0.1,0.0001563928453833796,0.24042923003435135,0.24249641597270966,0.008524604085657687,v2.5,averaged
substance_2,24,0.2,0.0005535332020372152,0.23267675936222076,0.24249641597270966,0.04049402780284385,v2.5,averaged
substance_2,24,0.3,0.001180929597467184,0.22798269987106323,0.24249641597270966,0.05985126024823305,v2.5,averaged
substance_2,24,0.5,0.003166035865433514,0.21925686299800873,0.24249641597270966,0.095834624530353,v2.5,averaged
substance_2,24,1.0,0.013654687441885471,0.19445448368787766,0.24249641597270966,0.1981139889928872,v2.5,averaged
substance_2,28,-0.3,0.0016906457021832466,0.26019564270973206,0.24249641597270966,-0.07298758072784983,v2.5,averaged
substance_2,28,-0.1,0.00024273562303278595,0.2487407550215721,0.24249641597270966,-0.02575023232329005,v2.5,averaged
substance_2,28,0.0,0.0,0.24249641597270966,0.24249641597270966,0.0,v2.5,averaged
substance_2,28,0.05,0.00013482054782798514,0.24091128259897232,0.24249641597270966,0.0065367290785680095,v2.5,averaged
substance_2,28,0.1,0.0002193973632529378,0.2373289242386818,0.24249641597270966,0.02130955920853448,v2.5,averaged
substance_2,28,0.2,0.0007812667463440448,0.23163148760795593,0.24249641597270966,0.04480449049596037,v2.5,averaged
substance_2,28,0.3,0.0018683504313230515,0.22489391267299652,0.24249641597270966,0.07258871529752467,v2.5,averaged
substance_2,28,0.5,0.005119420122355223,0.2133864089846611,0.24249641597270966,0.1200430401054858,v2.5,averaged
substance_2,28,1.0,0.023008041083812714,0.18530776351690292,0.24249641597270966,0.23583298015523121,v2.5,averaged
substance_3,8,-0.3,0.00010332684905733913,0.19937047362327576,0.20006880909204483,0.00349047646126485,v2.5,averaged
substance_3,8,-0.1,3.26302251778543e-05,0.2003668248653412,0.20006880909204483,-0.0014895663879283118,v2.5,averaged
substance_3,8,0.0,0.0,0.20006880909204483,0.20006880909204483,0.0,v2.5,averaged
substance_3,8,0.05,5.9468045947141945e-05,0.2006959170103073,0.20006880909204483,-0.0031344611941683063,v2.5,averaged
substance_3,8,0.1,9.016538388095796e-05,0.20064843446016312,0.20006880909204483,-0.002897130096134177,v2.5,averaged
substance_3,8,0.2,8.654221892356873e-05,0.1995464190840721,0.20006880909204483,0.002611051719373126,v2.5,averaged
substance_3,8,0.3,0.00010116246994584799,0.19851543754339218,0.20006880909204483,0.007764186510142096,v2.5,averaged
substance_3,8,0.5,0.00015197554603219032,0.19920392334461212,0.20006880909204483,0.004322941448783275,v2.5,averaged
substance_3,8,1.0,0.0003485905472189188,0.19877950102090836,0.20006880909204483,0.0064443232155358505,v2.5,averaged
substance_3,16,-0.3,0.0002841385139618069,0.20442261546850204,0.20006880909204483,-0.02176154492154835,v2.5,averaged
substance_3,16,-0.1,9.869335917755961e-05,0.20263268798589706,0.20006880909204483,-0.012814985531666162,v2.5,averaged
substance_3,16,0.0,0.0,0.20006880909204483,0.20006880909204483,0.0,v2.5,averaged
substance_3,16,0.05,9.51093970797956e-05,0.19844525307416916,0.20006880909204483,0.008114988164540574,v2.5,averaged
substance_3,16,0.1,9.885958570521325e-05,0.1965009868144989,0.20006880909204483,0.01783297603328311,v2.5,averaged
substance_3,16,0.2,0.00017252529505640268,0.19561241567134857,0.20006880909204483,0.022274303730403195,v2.5,averaged
substance_3,16,0.3,0.00028816802660003304,0.19482509046792984,0.20006880909204483,0.02620957583499452,v2.5,averaged
substance_3,16,0.5,0.0005651770043186843,0.19389279931783676,0.20006880909204483,0.030869428384344994,v2.5,averaged
substance_3,16,1.0,0.0020541728008538485,0.18711047619581223,0.20006880909204483,0.06476938086971328,v2.5,averaged
substance_3,24,-0.3,0.0009187046380247921,0.2134600132703781,0.20006880909204483,-0.06693299289932018,v2.5,averaged
substance_3,24,-0.1,0.00014800592907704413,0.20265329629182816,0.20006880909204483,-0.012917991622543677,v2.5,averaged
substance_3,24,0.0,0.0,0.20006880909204483,0.20006880909204483,0.0,v2.5,averaged
substance_3,24,0.05,0.0001046943652909249,0.1972966268658638,0.20006880909204483,0.01385614398747005,v2.5,averaged
substance_3,24,0.1,0.00016980680084088817,0.19643134623765945,0.20006880909204483,0.01818105916106045,v2.5,averaged
substance_3,24,0.2,0.0005164467147551477,0.19160570204257965,0.20006880909204483,0.0423009817865792,v2.5,averaged
substance_3,24,0.3,0.00110182526987046,0.1865565925836563,0.20006880909204483,0.0675378464524773,v2.5,averaged
substance_3,24,0.5,0.0029095542849972844,0.1780802458524704,0.20006880909204483,0.10990500388023125,v2.5,averaged
substance_3,24,1.0,0.01120913214981556,0.16294237971305847,0.20006880909204483,0.18556830296273596,v2.5,averaged
substance_3,28,-0.3,0.0012571217957884073,0.21439246833324432,0.20006880909204483,-0.07159366473066607,v2.5,averaged
substance_3,28,-0.1,0.0002143156816600822,0.20558609068393707,0.20006880909204483,-0.02757692024524387,v2.5,averaged
substance_3,28,0.0,0.0,0.20006880909204483,0.20006880909204483,0.0,v2.5,averaged
substance_3,28,0.05,0.00013786670751869678,0.19671764224767685,0.20006880909204483,0.016750071435803985,v2.5,averaged
substance_3,28,0.1,0.00026219256687909365,0.19454766809940338,0.20006880909204483,0.02759621061222672,v2.5,averaged
substance_3,28,0.2,0.000814089784398675,0.1881653442978859,0.20006880909204483,0.05949685434815857,v2.5,averaged
substance_3,28,0.3,0.0017944106948561966,0.18245361745357513,0.20006880909204483,0.08804566648050345,v2.5,averaged
substance_3,28,0.5,0.004892589524388313,0.17089508473873138,0.20006880909204483,0.14581845358959283,v2.5,averaged
substance_3,28,1.0,0.023259876295924187,0.13754067569971085,0.20006880909204483,0.31253314135321775,v2.5,averaged
substance_4,8,-0.3,0.0001356527063762769,0.21573570370674133,0.21658644080162048,0.003927933307969042,v2.5,averaged
substance_4,8,-0.1,2.7289370336802676e-05,0.21617093682289124,0.21658644080162048,0.0019184210109894344,v2.5,averaged
substance_4,8,0.0,0.0,0.21658644080162048,0.21658644080162048,0.0,v2.5,averaged
substance_4,8,0.05,3.076002758461982e-05,0.21685265749692917,0.21658644080162048,-0.0012291475603152969,v2.5,averaged
substance_4,8,0.1,3.931942774215713e-05,0.21649660915136337,0.21658644080162048,0.00041476119153456483,v2.5,averaged
substance_4,8,0.2,0.00010389207454863936,0.21734867244958878,0.21658644080162048,-0.0035192953222147843,v2.5,averaged
substance_4,8,0.3,0.00013707900507142767,0.21743150800466537,0.21658644080162048,-0.0039017548832566097,v2.5,averaged
substance_4,8,0.5,0.0003982416965300217,0.21813613176345825,0.21658644080162048,-0.0071550691543852815,v2.5,averaged
substance_4,8,1.0,0.0012912907404825091,0.21887720376253128,0.21658644080162048,-0.010576668384374955,v2.5,averaged
substance_4,16,-0.3,0.000155223737237975,0.21522550284862518,0.21658644080162048,0.006283578731698322,v2.5,averaged
substance_4,16,-0.1,2.9918141080997884e-05,0.21655698865652084,0.21658644080162048,0.00013598332836826197,v2.5,averaged
substance_4,16,0.0,0.0,0.21658644080162048,0.21658644080162048,0.0,v2.5,averaged
substance_4,16,0.05,3.107833617832512e-05,0.21668874472379684,0.21658644080162048,-0.0004723468458954225,v2.5,averaged
substance_4,16,0.1,5.037256778450683e-05,0.217118538916111,0.21658644080162048,-0.0024567471191692804,v2.5,averaged
substance_4,16,0.2,8.62299493746832e-05,0.21757956594228745,0.21658644080162048,-0.004585352328572598,v2.5,averaged
substance_4,16,0.3,0.00014482536062132567,0.2173284962773323,0.21658644080162048,-0.0034261400342761924,v2.5,averaged
substance_4,16,0.5,0.00043920069583691657,0.2184450775384903,0.21658644080162048,-0.00858150090093685,v2.5,averaged
substance_4,16,1.0,0.0017822785302996635,0.22124097496271133,0.21658644080162048,-0.021490422686959016,v2.5,averaged
substance_4,24,-0.3,0.0007655083027202636,0.21928177773952484,0.21658644080162048,-0.012444624547725573,v2.5,averaged
substance_4,24,-0.1,0.00012458192941267043,0.2174389883875847,0.21658644080162048,-0.003936292515860135,v2.5,averaged
substance_4,24,0.0,0.0,0.21658644080162048,0.21658644080162048,0.0,v2.5,averaged
substance_4,24,0.05,3.8792582927271724e-05,0.21651171892881393,0.21658644080162048,0.00034499792567804186,v2.5,averaged
substance_4,24,0.1,8.757616160437465e-05,0.21545591205358505,0.21658644080162048,0.005219757727451295,v2.5,averaged
substance_4,24,0.2,0.00032342964550480247,0.21557318419218063,0.21658644080162048,0.004678301216316348,v2.5,averaged
substance_4,24,0.3,0.000806039257440716,0.21504534780979156,0.21658644080162048,0.007115371516910712,v2.5,averaged
substance_4,24,0.5,0.0023685392225161195,0.21467069536447525,0.21658644080162048,0.00884517714984723,v2.5,averaged
substance_4,24,1.0,0.01059738453477621,0.21672724932432175,0.21658644080162048,-0.0006501262137191458,v2.5,averaged
substance_4,28,-0.3,0.0008072280033957213,0.2203213945031166,0.21658644080162048,-0.017244633078933626,v2.5,averaged
substance_4,28,-0.1,0.00012113124830648303,0.21766149252653122,0.21658644080162048,-0.004963615085652641,v2.5,averaged
substance_4,28,0.0,0.0,0.21658644080162048,0.21658644080162048,0.0,v2.5,averaged
substance_4,28,0.05,4.432568675838411e-05,0.21644973009824753,0.21658644080162048,0.0006312061958586489,v2.5,averaged
substance_4,28,0.1,9.950891399057582e-05,0.21576400846242905,0.21658644080162048,0.00379724758460172,v2.5,averaged
substance_4,28,0.2,0.000401227647671476,0.21486787497997284,0.21658644080162048,0.007934780290432594,v2.5,averaged
substance_4,28,0.3,0.0009772665216587484,0.2147648110985756,0.21658644080162048,0.008410635939640327,v2.5,averaged
substance_4,28,0.5,0.0028341260040178895,0.21353349834680557,0.21658644080162048,0.014095722906362424,v2.5,averaged
substance_4,28,1.0,0.015332343988120556,0.2197103425860405,0.21658644080162048,-0.014423348815641283,v2.5,averaged
substance_5,8,-0.3,9.557363227941096e-05,0.14807920902967453,0.1480003148317337,-0.0005330677710417289,v2.5,averaged
substance_5,8,-0.1,3.27116358675994e-05,0.1476973220705986,0.1480003148317337,0.0020472440310656333,v2.5,averaged
substance_5,8,0.0,0.0,0.1480003148317337,0.1480003148317337,0.0,v2.5,averaged
substance_5,8,0.05,7.349389488808811e-05,0.14791864901781082,0.1480003148317337,0.0005517948662185655,v2.5,averaged
substance_5,8,0.1,8.419362711720169e-05,0.14723509550094604,0.1480003148317337,0.005170389885032752,v2.5,averaged
substance_5,8,0.2,6.703313556499779e-05,0.14776123315095901,0.1480003148317337,0.0016154133256169646,v2.5,averaged
substance_5,8,0.3,7.971603190526366e-05,0.1472964733839035,0.1480003148317337,0.004755675341842482,v2.5,averaged
substance_5,8,0.5,0.000131425513245631,0.14734771102666855,0.1480003148317337,0.004409475789339511,v2.5,averaged
substance_5,8,1.0,0.0004182980628684163,0.14790060371160507,0.1480003148317337,0.0006737223514828083,v2.5,averaged
substance_5,16,-0.3,0.00024027451581787318,0.15073458850383759,0.1480003148317337,-0.018474782808486353,v2.5,averaged
substance_5,16,-0.1,7.667260069865733e-05,0.14923562854528427,0.1480003148317337,-0.00834669652530831,v2.5,averaged
substance_5,16,0.0,0.0,0.1480003148317337,0.1480003148317337,0.0,v2.5,averaged
substance_5,16,0.05,8.289095421787351e-05,0.14701338857412338,0.1480003148317337,0.006668406474218579,v2.5,averaged
substance_5,16,0.1,0.00010968718561343849,0.1466006487607956,0.1480003148317337,0.009457183064302502,v2.5,averaged
substance_5,16,0.2,0.0001637731838854961,0.14596693962812424,0.1480003148317337,0.013738992419855836,v2.5,averaged
substance_5,16,0.3,0.00026652205269783735,0.1448415368795395,0.1480003148317337,0.02134304886976443,v2.5,averaged
substance_5,16,0.5,0.0006335305515676737,0.14274735748767853,0.1480003148317337,0.03549287952547554,v2.5,averaged
substance_5,16,1.0,0.0026637031696736813,0.13733412325382233,0.1480003148317337,0.07206870870537074,v2.5,averaged
substance_5,24,-0.3,0.0010558290523476899,0.15922288596630096,0.1480003148317337,-0.07582802203715959,v2.5,averaged
substance_5,24,-0.1,0.00014828088751528412,0.1519414559006691,0.1480003148317337,-0.026629274899963584,v2.5,averaged
substance_5,24,0.0,0.0,0.1480003148317337,0.1480003148317337,0.0,v2.5,averaged
substance_5,24,0.05,0.00012879849964519963,0.14493372291326523,0.1480003148317337,0.02072017158851981,v2.5,averaged
substance_5,24,0.1,0.00019458826864138246,0.14344331622123718,0.1480003148317337,0.030790465653248906,v2.5,averaged
substance_5,24,0.2,0.0006675036856904626,0.13983998447656631,0.1480003148317337,0.05513724997440127,v2.5,averaged
substance_5,24,0.3,0.0013637188822031021,0.13617024570703506,0.1480003148317337,0.07993272945499219,v2.5,averaged
substance_5,24,0.5,0.0035039205104112625,0.1283833160996437,0.1480003148317337,0.13254700677085174,v2.5,averaged
substance_5,24,1.0,0.015184611547738314,0.11277896910905838,0.1480003148317337,0.23798155944951602,v2.5,averaged
substance_5,28,-0.3,0.0015763674164190888,0.1595264971256256,0.1480003148317337,-0.07787944442548242,v2.5,averaged
substance_5,28,-0.1,0.00026122579583898187,0.1514219045639038,0.1480003148317337,-0.023118800362419634,v2.5,averaged
substance_5,28,0.0,0.0,0.1480003148317337,0.1480003148317337,0.0,v2.5,averaged
substance_5,28,0.05,0.0001545303239254281,0.1453327089548111,0.1480003148317337,0.018024325691168252,v2.5,averaged
substance_5,28,0.1,0.00030567991780117154,0.14306935667991638,0.1480003148317337,0.03331721393581822,v2.5,averaged
substance_5,28,0.2,0.0011135462555103004,0.13923896849155426,0.1480003148317337,0.059198160153513854,v2.5,averaged
substance_5,28,0.3,0.002510841004550457,0.13566719740629196,0.1480003148317337,0.08333169722958804,v2.5,averaged
substance_5,28,0.5,0.007336166454479098,0.1292649358510971,0.1480003148317337,0.12659012923004556,v2.5,averaged
substance_5,28,1.0,0.03586879000067711,0.12399592995643616,0.1480003148317337,0.16219144467759342,v2.5,averaged
neutral_1,8,-0.3,0.0002915295190177858,0.2086874395608902,0.2049248069524765,-0.01836104015111395,v2.5,averaged
neutral_1,8,-0.1,4.215423541609198e-05,0.20594458281993866,0.2049248069524765,-0.004976341725668437,v2.5,averaged
neutral_1,8,0.0,0.0,0.2049248069524765,0.2049248069524765,0.0,v2.5,averaged
neutral_1,8,0.05,2.5806366465985775e-05,0.20658011734485626,0.2049248069524765,-0.00807764768451698,v2.5,averaged
neutral_1,8,0.1,4.270872886991128e-05,0.20544329285621643,0.2049248069524765,-0.002530127569475616,v2.5,averaged
neutral_1,8,0.2,0.00011209023068659008,0.20483432710170746,0.2049248069524765,0.00044152707578261075,v2.5,averaged
neutral_1,8,0.3,0.00025989118148572743,0.20287508517503738,0.2049248069524765,0.010002311618204732,v2.5,averaged
neutral_1,8,0.5,0.000537391722900793,0.20471547544002533,0.2049248069524765,0.0010215040119555526,v2.5,averaged
neutral_1,8,1.0,0.0018486111657693982,0.20784690231084824,0.2049248069524765,-0.014259353964156174,v2.5,averaged
neutral_1,16,-0.3,0.0007852843264117837,0.20498160272836685,0.2049248069524765,-0.0002771542242004975,v2.5,averaged
neutral_1,16,-0.1,0.00010416416625957936,0.20647257566452026,0.2049248069524765,-0.007552861632816863,v2.5,averaged
neutral_1,16,0.0,0.0,0.2049248069524765,0.2049248069524765,0.0,v2.5,averaged
neutral_1,16,0.05,4.4449525375966914e-05,0.2048196643590927,0.2049248069524765,0.0005130788943876978,v2.5,averaged
neutral_1,16,0.1,0.00011940348849748261,0.20343150943517685,0.2049248069524765,0.007287050989614734,v2.5,averaged
neutral_1,16,0.2,0.0005332603759597987,0.2060016393661499,0.2049248069524765,-0.00525476846696811,v2.5,averaged
neutral_1,16,0.3,0.001192575495224446,0.2032240703701973,0.2049248069524765,0.00829932016319341,v2.5,averaged
neutral_1,16,0.5,0.0036443450953811407,0.203877255320549,0.2049248069524765,0.005111882975546366,v2.5,averaged
neutral_1,16,1.0,0.019826882518827915,0.21164511144161224,0.2049248069524765,-0.032794001805229116,v2.5,averaged
neutral_1,24,-0.3,0.0009218602790497243,0.21044893562793732,0.2049248069524765,-0.02695685679841533,v2.5,averaged
neutral_1,24,-0.1,0.00011345866369083524,0.20703987777233124,0.2049248069524765,-0.010321204403258196,v2.5,averaged
neutral_1,24,0.0,0.0,0.2049248069524765,0.2049248069524765,0.0,v2.5,averaged
neutral_1,24,0.05,3.817689139395952e-05,0.20332609862089157,0.2049248069524765,0.007801438758733012,v2.5,averaged
neutral_1,24,0.1,0.00011499316315166652,0.20304688811302185,0.2049248069524765,0.009163940995636284,v2.5,averaged
neutral_1,24,0.2,0.00041901617078110576,0.199616439640522,0.2049248069524765,0.025903976150557242,v2.5,averaged
neutral_1,24,0.3,0.0009451091755181551,0.19928673654794693,0.2049248069524765,0.02751287405549236,v2.5,averaged
neutral_1,24,0.5,0.0029002081137150526,0.19602923840284348,0.2049248069524765,0.0434089395126085,v2.5,averaged
neutral_1,24,1.0,0.013401010539382696,0.18864092230796814,0.2049248069524765,0.07946273019198065,v2.5,averaged
neutral_1,28,-0.3,0.002474661567248404,0.219061441719532,0.2049248069524765,-0.06898449717868416,v2.5,averaged
neutral_1,28,-0.1,0.00034121819771826267,0.20917841792106628,0.2049248069524765,-0.020756935345442217,v2.5,averaged
neutral_1,28,0.0,0.0,0.2049248069524765,0.2049248069524765,0.0,v2.5,averaged
neutral_1,28,0.05,8.678429003339261e-05,0.20271121710538864,0.2049248069524765,0.010801961363326828,v2.5,averaged
neutral_1,28,0.1,0.0003133494465146214,0.20044810324907303,0.2049248069524765,0.02184559190260285,v2.5,averaged
neutral_1,28,0.2,0.0013685351004824042,0.193464994430542,0.2049248069524765,0.05592203644038137,v2.5,averaged
neutral_1,28,0.3,0.0031399036524817348,0.19087868183851242,0.2049248069524765,0.06854282467237593,v2.5,averaged
neutral_1,28,0.5,0.009592334739863873,0.18545778095722198,0.2049248069524765,0.09499594648767465,v2.5,averaged
neutral_1,28,1.0,0.047250403091311455,0.18305693566799164,0.2049248069524765,0.10671168420110395,v2.5,averaged
neutral_2,8,-0.3,0.0003138153115287423,0.22891023755073547,0.22270064055919647,-0.02788315730007259,v2.5,averaged
neutral_2,8,-0.1,5.017104558646679e-05,0.22368767857551575,0.22270064055919647,-0.004432129219928797,v2.5,averaged
neutral_2,8,0.0,0.0,0.22270064055919647,0.22270064055919647,0.0,v2.5,averaged
neutral_2,8,0.05,3.0889001209288836e-05,0.22081048786640167,0.22270064055919647,0.008487414710836338,v2.5,averaged
neutral_2,8,0.1,9.604898514226079e-05,0.21902237832546234,0.22270064055919647,0.01651662170570365,v2.5,averaged
neutral_2,8,0.2,0.00026349863037467003,0.21749909967184067,0.22270064055919647,0.02335664986995479,v2.5,averaged
neutral_2,8,0.3,0.000476230401545763,0.21519192308187485,0.22270064055919647,0.03371664068171245,v2.5,averaged
neutral_2,8,0.5,0.0010224997531622648,0.21287597715854645,0.22270064055919647,0.04411600871906119,v2.5,averaged
neutral_2,8,1.0,0.0038128127343952656,0.20789725333452225,0.22270064055919647,0.06647213581201761,v2.5,averaged
neutral_2,16,-0.3,0.0003913932596333325,0.22708934545516968,0.22270064055919647,-0.01970674572355635,v2.5,averaged
neutral_2,16,-0.1,4.3264641135465354e-05,0.22344773262739182,0.22270064055919647,-0.0033546920490188582,v2.5,averaged
neutral_2,16,0.0,0.0,0.22270064055919647,0.22270064055919647,0.0,v2.5,averaged
neutral_2,16,0.05,6.057322025299072e-05,0.22127002477645874,0.22270064055919647,0.006423941031985749,v2.5,averaged
neutral_2,16,0.1,8.602274465374649e-05,0.22095192968845367,0.22270064055919647,0.00785229385219469,v2.5,averaged
neutral_2,16,0.2,0.00031247083097696304,0.2181418612599373,0.22270064055919647,0.020470436402033644,v2.5,averaged
neutral_2,16,0.3,0.0006581335328519344,0.21439767628908157,0.22270064055919647,0.03728307313919859,v2.5,averaged
neutral_2,16,0.5,0.0015234722523018718,0.21292541176080704,0.22270064055919647,0.043894030901051956,v2.5,averaged
neutral_2,16,1.0,0.005805801833048463,0.20656903833150864,0.22270064055919647,0.07243626325987089,v2.5,averaged
neutral_2,24,-0.3,0.0011347922263666987,0.2408451810479164,0.22270064055919647,-0.08147502604015594,v2.5,averaged
neutral_2,24,-0.1,0.00012730987509712577,0.22860243916511536,0.22270064055919647,-0.02650104010073611,v2.5,averaged
neutral_2,24,0.0,0.0,0.22270064055919647,0.22270064055919647,0.0,v2.5,averaged
neutral_2,24,0.05,8.164111204678193e-05,0.21772359311580658,0.22270064055919647,0.022348599585940276,v2.5,averaged
neutral_2,24,0.1,0.0002597426937427372,0.21400301158428192,0.22270064055919647,0.039055249024318,v2.5,averaged
neutral_2,24,0.2,0.0006602442008443177,0.20863027125597,0.22270064055919647,0.06318064136634757,v2.5,averaged
neutral_2,24,0.3,0.0013756008702330291,0.20458979159593582,0.22270064055919647,0.08132373987692493,v2.5,averaged
neutral_2,24,0.5,0.004009443800896406,0.19064393639564514,0.22270064055919647,0.14394527147770048,v2.5,averaged
neutral_2,24,1.0,0.016782598569989204,0.15963830053806305,0.22270064055919647,0.28317089642304244,v2.5,averaged
neutral_2,28,-0.3,0.0015579857281409204,0.24146436154842377,0.22270064055919647,-0.08425535257605007,v2.5,averaged
neutral_2,28,-0.1,0.00019713166693691164,0.22984300553798676,0.22270064055919647,-0.03207159602619893,v2.5,averaged
neutral_2,28,0.0,0.0,0.22270064055919647,0.22270064055919647,0.0,v2.5,averaged
neutral_2,28,0.05,8.25175957288593e-05,0.21887227147817612,0.22270064055919647,0.017190651411722047,v2.5,averaged
neutral_2,28,0.1,0.00023340633197221905,0.21510716527700424,0.22270064055919647,0.034097231436448404,v2.5,averaged
neutral_2,28,0.2,0.0009356882655993104,0.20777787268161774,0.22270064055919647,0.06700819467832687,v2.5,averaged
neutral_2,28,0.3,0.0022336773108690977,0.20074570924043655,0.22270064055919647,0.09858494912107825,v2.5,averaged
neutral_2,28,0.5,0.006197795271873474,0.18656089156866074,0.22270064055919647,0.16227950175531428,v2.5,averaged
neutral_2,28,1.0,0.024606767110526562,0.16316499561071396,0.22270064055919647,0.2673348617183579,v2.5,averaged
neutral_3,8,-0.3,4.69024816993624e-05,0.10522722452878952,0.10543850436806679,0.0020038205259411464,v2.5,averaged
neutral_3,8,-0.1,3.0117946153040975e-05,0.10500777512788773,0.10543850436806679,0.004085122818846746,v2.5,averaged
neutral_3,8,0.0,0.0,0.10543850436806679,0.10543850436806679,0.0,v2.5,averaged
neutral_3,8,0.05,3.816174285020679e-06,0.10499487444758415,0.10543850436806679,0.004207475467728597,v2.5,averaged
neutral_3,8,0.1,1.0671450581867248e-05,0.10480286926031113,0.10543850436806679,0.0060284913141102,v2.5,averaged
neutral_3,8,0.2,3.954891872126609e-05,0.10385492071509361,0.10543850436806679,0.015019026137218054,v2.5,averaged
neutral_3,8,0.3,8.267248631455004e-05,0.10418855026364326,0.10543850436806679,0.011854816339770514,v2.5,averaged
neutral_3,8,0.5,0.00012627270916709676,0.10387613251805305,0.10543850436806679,0.014817849128054537,v2.5,averaged
neutral_3,8,1.0,0.0005256223666947335,0.10270871222019196,0.10543850436806679,0.025889898232486497,v2.5,averaged
neutral_3,16,-0.3,0.00010792608372867107,0.10558998212218285,0.10543850436806679,-0.0014366455122246124,v2.5,averaged
neutral_3,16,-0.1,3.923385520465672e-05,0.10537046566605568,0.10543850436806679,0.0006452927459365089,v2.5,averaged
neutral_3,16,0.0,0.0,0.10543850436806679,0.10543850436806679,0.0,v2.5,averaged
neutral_3,16,0.05,1.925495598698035e-05,0.10450146347284317,0.10543850436806679,0.008887084474876246,v2.5,averaged
neutral_3,16,0.1,2.7978181606158614e-05,0.10447084531188011,0.10543850436806679,0.009177473276828291,v2.5,averaged
neutral_3,16,0.2,6.378864054568112e-05,0.10381533950567245,0.10543850436806679,0.015394422294991566,v2.5,averaged
neutral_3,16,0.3,0.00010073406156152487,0.10323945432901382,0.10543850436806679,0.020856233235028415,v2.5,averaged
neutral_3,16,0.5,0.00027924231835640967,0.10357160121202469,0.10543850436806679,0.017706085336008533,v2.5,averaged
neutral_3,16,1.0,0.0011247448856011033,0.1035374365746975,0.10543850436806679,0.018030109633697087,v2.5,averaged
neutral_3,24,-0.3,0.0006041646411176771,0.1099010482430458,0.10543850436806679,-0.04232366441201673,v2.5,averaged
neutral_3,24,-0.1,7.679720874875784e-05,0.106209896504879,0.10543850436806679,-0.007316038305317945,v2.5,averaged
neutral_3,24,0.0,0.0,0.10543850436806679,0.10543850436806679,0.0,v2.5,averaged
neutral_3,24,0.05,4.419551260070875e-05,0.1040261760354042,0.10543850436806679,0.013394806206017481,v2.5,averaged
neutral_3,24,0.1,9.400103590451181e-05,0.10305867344141006,0.10543850436806679,0.02257079556391622,v2.5,averaged
neutral_3,24,0.2,0.00033176958095282316,0.10118604078888893,0.10543850436806679,0.04033122059786882,v2.5,averaged
neutral_3,24,0.3,0.0006579231121577322,0.09956888481974602,0.10543850436806679,0.05566865333968498,v2.5,averaged
neutral_3,24,0.5,0.0017592977383174002,0.09737677499651909,0.10543850436806679,0.07645906417076685,v2.5,averaged
neutral_3,24,1.0,0.0069496603682637215,0.09040345624089241,0.10543850436806679,0.1425954229651223,v2.5,averaged
neutral_3,28,-0.3,0.0016981912776827812,0.10928545147180557,0.10543850436806679,-0.03648522071509841,v2.5,averaged
neutral_3,28,-0.1,0.00019471054838504642,0.10648711770772934,0.10543850436806679,-0.00994525999725899,v2.5,averaged
neutral_3,28,0.0,0.0,0.10543850436806679,0.10543850436806679,0.0,v2.5,averaged
neutral_3,28,0.05,5.375694308895618e-05,0.10423970222473145,0.10543850436806679,0.011369680844016343,v2.5,averaged
neutral_3,28,0.1,0.00023523333948105574,0.10308531671762466,0.10543850436806679,0.02231810536905541,v2.5,averaged
neutral_3,28,0.2,0.000864443660248071,0.10164271295070648,0.10543850436806679,0.03600004988794116,v2.5,averaged
neutral_3,28,0.3,0.001982451300136745,0.10149894282221794,0.10543850436806679,0.0373635947271838,v2.5,averaged
neutral_3,28,0.5,0.005260613979771733,0.09945197775959969,0.10543850436806679,0.05677742343128482,v2.5,averaged
neutral_3,28,1.0,0.02101856004446745,0.1004243791103363,0.10543850436806679,0.04755497327832987,v2.5,averaged
neutral_4,8,-0.3,0.00010352302342653275,0.11921628937125206,0.11615756154060364,-0.02633257611541048,v2.5,averaged
neutral_4,8,-0.1,4.5224325731396675e-05,0.11852363497018814,0.11615756154060364,-0.02036951704394575,v2.5,averaged
neutral_4,8,0.0,0.0,0.11615756154060364,0.11615756154060364,0.0,v2.5,averaged
neutral_4,8,0.05,4.4992309994995594e-05,0.11671795323491096,0.11615756154060364,-0.004824409938318468,v2.5,averaged
neutral_4,8,0.1,5.041551776230335e-05,0.1164332889020443,0.11615756154060364,-0.0023737357928633536,v2.5,averaged
neutral_4,8,0.2,6.844208110123873e-05,0.1144549548625946,0.11615756154060364,0.014657734334530395,v2.5,averaged
neutral_4,8,0.3,0.00010966463014483452,0.11553795635700226,0.11615756154060364,0.005334178639629865,v2.5,averaged
neutral_4,8,0.5,0.00025830164668150246,0.11330338567495346,0.11615756154060364,0.024571589036435488,v2.5,averaged
neutral_4,8,1.0,0.0009596872550901026,0.10979686304926872,0.11615756154060364,0.054759228817931854,v2.5,averaged
neutral_4,16,-0.3,0.00040381800499744713,0.12284396588802338,0.11615756154060364,-0.05756322927872812,v2.5,averaged
neutral_4,16,-0.1,8.95053381100297e-05,0.11894671618938446,0.11615756154060364,-0.02401182163079289,v2.5,averaged
neutral_4,16,0.0,0.0,0.11615756154060364,0.11615756154060364,0.0,v2.5,averaged
neutral_4,16,0.05,4.608751623891294e-05,0.1154477633535862,0.11615756154060364,0.006110649858720787,v2.5,averaged
neutral_4,16,0.1,7.184938294813037e-05,0.11610674113035202,0.11615756154060364,0.0004375127161553992,v2.5,averaged
neutral_4,16,0.2,0.0001947403361555189,0.11199093610048294,0.11615756154060364,0.03587046236903162,v2.5,averaged
neutral_4,16,0.3,0.0003638117341324687,0.11119681224226952,0.11615756154060364,0.04270707160635478,v2.5,averaged
neutral_4,16,0.5,0.0009648967534303665,0.10660827532410622,0.11615756154060364,0.08220976826514566,v2.5,averaged
neutral_4,16,1.0,0.004344135755673051,0.09580729156732559,0.11615756154060364,0.17519539583451463,v2.5,averaged
neutral_4,24,-0.3,0.0014413593453355134,0.12878887355327606,0.11615756154060364,-0.10874291647605797,v2.5,averaged
neutral_4,24,-0.1,0.00017358084005536512,0.12063274532556534,0.11615756154060364,-0.03852683997156199,v2.5,averaged
neutral_4,24,0.0,0.0,0.11615756154060364,0.11615756154060364,0.0,v2.5,averaged
neutral_4,24,0.05,7.929815910756588e-05,0.11573091521859169,0.11615756154060364,0.003672996543258276,v2.5,averaged
neutral_4,24,0.1,0.00017042760737240314,0.11316810548305511,0.11615756154060364,0.02573621568754729,v2.5,averaged
neutral_4,24,0.2,0.0006553413113579154,0.111196618527174,0.11615756154060364,0.04270873929886615,v2.5,averaged
neutral_4,24,0.3,0.0015175414737313986,0.10632075369358063,0.11615756154060364,0.08468504087514345,v2.5,averaged
neutral_4,24,0.5,0.0041821838822215796,0.10106473043560982,0.11615756154060364,0.12993412486296058,v2.5,averaged
neutral_4,24,1.0,0.017952028661966324,0.09015468135476112,0.11615756154060364,0.2238586953872395,v2.5,averaged
neutral_4,28,-0.3,0.0016173088806681335,0.12458104640245438,0.11615756154060364,-0.07251774873826233,v2.5,averaged
neutral_4,28,-0.1,0.00021653664589393884,0.12017285823822021,0.11615756154060364,-0.034567673807554954,v2.5,averaged
neutral_4,28,0.0,0.0,0.11615756154060364,0.11615756154060364,0.0,v2.5,averaged
neutral_4,28,0.05,6.629101699218154e-05,0.11567237973213196,0.11615756154060364,0.004176928320779885,v2.5,averaged
neutral_4,28,0.1,0.0002315507153980434,0.11387648805975914,0.11615756154060364,0.01963775281256342,v2.5,averaged
neutral_4,28,0.2,0.0008153682574629784,0.11222804337739944,0.11615756154060364,0.03382920673511732,v2.5,averaged
neutral_4,28,0.3,0.0019002025946974754,0.11042292043566704,0.11615756154060364,0.049369503189269505,v2.5,averaged
neutral_4,28,0.5,0.005564108490943909,0.10549822449684143,0.11615756154060364,0.09176619156245085,v2.5,averaged
neutral_4,28,1.0,0.024886764585971832,0.09704717993736267,0.11615756154060364,0.1645212016314651,v2.5,averaged
neutral_5,8,-0.3,7.343117613345385e-05,0.08482415974140167,0.08555636554956436,0.008558168681657112,v2.5,averaged
neutral_5,8,-0.1,0.00011465337593108416,0.08394122123718262,0.08555636554956436,0.018878131416721552,v2.5,averaged
neutral_5,8,0.0,0.0,0.08555636554956436,0.08555636554956436,0.0,v2.5,averaged
neutral_5,8,0.05,2.4100734663079493e-05,0.08564074710011482,0.08555636554956436,-0.0009862685261165874,v2.5,averaged
neutral_5,8,0.1,3.520916106936056e-05,0.08578290790319443,0.08555636554956436,-0.002647872571197824,v2.5,averaged
neutral_5,8,0.2,3.8327907532220706e-05,0.08579397201538086,0.08555636554956436,-0.0027771921386591397,v2.5,averaged
neutral_5,8,0.3,0.0001196877274196595,0.08383184298872948,0.08555636554956436,0.02015656637302852,v2.5,averaged
neutral_5,8,0.5,7.98481451056432e-05,0.08561154082417488,0.08555636554956436,-0.0006448997015722386,v2.5,averaged
neutral_5,8,1.0,0.00018460328283254057,0.08540717139840126,0.08555636554956436,0.00174381123140008,v2.5,averaged
neutral_5,16,-0.3,0.00024192672572098672,0.08533692359924316,0.08555636554956436,0.00256488162992467,v2.5,averaged
neutral_5,16,-0.1,0.00013891499838791788,0.08373720571398735,0.08555636554956436,0.021262705865212783,v2.5,averaged
neutral_5,16,0.0,0.0,0.08555636554956436,0.08555636554956436,0.0,v2.5,averaged
neutral_5,16,0.05,0.00012109390809200704,0.08345523476600647,0.08555636554956436,0.024558438990032464,v2.5,averaged
neutral_5,16,0.1,8.596998668508604e-05,0.08555293455719948,0.08555636554956436,4.010212849557975e-05,v2.5,averaged
neutral_5,16,0.2,0.0001542248937766999,0.08325295895338058,0.08555636554956436,0.026922679351653517,v2.5,averaged
neutral_5,16,0.3,0.0002103099541272968,0.08335308730602264,0.08555636554956436,0.025752359037099562,v2.5,averaged
neutral_5,16,0.5,0.0005530597700271755,0.08564646914601326,0.08555636554956436,-0.0010531489488844598,v2.5,averaged
neutral_5,16,1.0,0.0020579600241035223,0.08733352646231651,0.08555636554956436,-0.02077181401216266,v2.5,averaged
neutral_5,24,-0.3,0.0005561087746173143,0.09144195914268494,0.08555636554956436,-0.06879200110143696,v2.5,averaged
neutral_5,24,-0.1,0.00017706953804008663,0.08557954803109169,0.08555636554956436,-0.0002709615044820769,v2.5,averaged
neutral_5,24,0.0,0.0,0.08555636554956436,0.08555636554956436,0.0,v2.5,averaged
neutral_5,24,0.05,7.6893629739061e-05,0.08397586643695831,0.08555636554956436,0.018473191356994198,v2.5,averaged
neutral_5,24,0.1,0.00014595635002478957,0.08253146335482597,0.08555636554956436,0.0353556649503304,v2.5,averaged
neutral_5,24,0.2,0.0003290517197456211,0.08033532649278641,0.08555636554956436,0.06102455408479584,v2.5,averaged
neutral_5,24,0.3,0.0006386837339960039,0.07831988483667374,0.08555636554956436,0.08458144132710266,v2.5,averaged
neutral_5,24,0.5,0.0016290195053443313,0.07491187751293182,0.08555636554956436,0.12441491604112136,v2.5,averaged
neutral_5,24,1.0,0.007017105584964156,0.068044513463974,0.08555636554956436,0.20468204759639336,v2.5,averaged
neutral_5,28,-0.3,0.0009003137529361993,0.09012909606099129,0.08555636554956436,-0.053446993476807515,v2.5,averaged
neutral_5,28,-0.1,0.00018488799105398357,0.086106326431036,0.08555636554956436,-0.006428053341665519,v2.5,averaged
neutral_5,28,0.0,0.0,0.08555636554956436,0.08555636554956436,0.0,v2.5,averaged
neutral_5,28,0.05,0.0001101663219742477,0.08341268450021744,0.08555636554956436,0.025055775050484706,v2.5,averaged
neutral_5,28,0.1,0.00016692522331140935,0.08309232071042061,0.08555636554956436,0.028800251428589344,v2.5,averaged
neutral_5,28,0.2,0.0004829058307223022,0.07989056035876274,0.08555636554956436,0.06622307007091502,v2.5,averaged
neutral_5,28,0.3,0.001031249645166099,0.07751583680510521,0.08555636554956436,0.0939793163584202,v2.5,averaged
neutral_5,28,0.5,0.002814878593198955,0.07405456155538559,0.08555636554956436,0.13443539729975518,v2.5,averaged
neutral_5,28,1.0,0.01229108776897192,0.06462965533137321,0.08555636554956436,0.2445955959415775,v2.5,averaged
neutral_6,8,-0.3,3.92798610846512e-05,0.1768290102481842,0.1767537072300911,-0.0004260335993693337,v2.5,averaged
neutral_6,8,-0.1,3.0635244911536574e-05,0.17731985449790955,0.1767537072300911,-0.0032030291001560857,v2.5,averaged
neutral_6,8,0.0,0.0,0.1767537072300911,0.1767537072300911,0.0,v2.5,averaged
neutral_6,8,0.05,2.5851782993413508e-05,0.17739754915237427,0.1767537072300911,-0.003642593597457304,v2.5,averaged
neutral_6,8,0.1,1.2995740689802915e-05,0.1765487715601921,0.1767537072300911,0.0011594419891414755,v2.5,averaged
neutral_6,8,0.2,3.5938224755227566e-05,0.17665085196495056,0.1767537072300911,0.000581912915731043,v2.5,averaged
neutral_6,8,0.3,5.247438093647361e-05,0.17729806154966354,0.1767537072300911,-0.0030797335348889143,v2.5,averaged
neutral_6,8,0.5,0.00010051968274638057,0.17639800161123276,0.1767537072300911,0.002012436539140272,v2.5,averaged
neutral_6,8,1.0,0.0003445821348577738,0.17577962577342987,0.1767537072300911,0.005510953472637511,v2.5,averaged
neutral_6,16,-0.3,0.00016464816872030497,0.17995261400938034,0.1767537072300911,-0.018098102888020523,v2.5,averaged
neutral_6,16,-0.1,4.3203006498515606e-05,0.1778731718659401,0.1767537072300911,-0.006333471888042063,v2.5,averaged
neutral_6,16,0.0,0.0,0.1767537072300911,0.1767537072300911,0.0,v2.5,averaged
neutral_6,16,0.05,2.4992419639602304e-05,0.17643462866544724,0.1767537072300911,0.0018052156848314125,v2.5,averaged
neutral_6,16,0.1,3.671817830763757e-05,0.17601542174816132,0.1767537072300911,0.004176916532611719,v2.5,averaged
neutral_6,16,0.2,9.311328176409006e-05,0.17459652572870255,0.1767537072300911,0.012204448411259713,v2.5,averaged
neutral_6,16,0.3,0.00017020395898725837,0.17510705441236496,0.1767537072300911,0.009316086454597451,v2.5,averaged
neutral_6,16,0.5,0.0005131604557391256,0.1733163222670555,0.1767537072300911,0.019447314666848427,v2.5,averaged
neutral_6,16,1.0,0.0023298843298107386,0.17057707905769348,0.1767537072300911,0.034944829555156764,v2.5,averaged
neutral_6,24,-0.3,0.0012962940381839871,0.19034893810749054,0.1767537072300911,-0.07691624176064213,v2.5,averaged
neutral_6,24,-0.1,0.00019506827811710536,0.18161063641309738,0.1767537072300911,-0.027478513798206934,v2.5,averaged
neutral_6,24,0.0,0.0,0.1767537072300911,0.1767537072300911,0.0,v2.5,averaged
neutral_6,24,0.05,5.486625013872981e-05,0.1744159832596779,0.1767537072300911,0.01322588367196197,v2.5,averaged
neutral_6,24,0.1,0.00014821969671174884,0.17248687893152237,0.1767537072300911,0.024139964957081973,v2.5,averaged
neutral_6,24,0.2,0.0005413258913904428,0.1683998703956604,0.1767537072300911,0.04726258342947226,v2.5,averaged
neutral_6,24,0.3,0.001296455564443022,0.16436586529016495,0.1767537072300911,0.07008533022620078,v2.5,averaged
neutral_6,24,0.5,0.003470403258688748,0.15760286152362823,0.1767537072300911,0.10834763245747958,v2.5,averaged
neutral_6,24,1.0,0.01472148997709155,0.14227133989334106,0.1767537072300911,0.19508709535501978,v2.5,averaged
neutral_6,28,-0.3,0.0015850459458306432,0.18788589537143707,0.1767537072300911,-0.06298135589798141,v2.5,averaged
neutral_6,28,-0.1,0.0001921122893691063,0.17996180057525635,0.1767537072300911,-0.01815007671091776,v2.5,averaged
neutral_6,28,0.0,0.0,0.1767537072300911,0.1767537072300911,0.0,v2.5,averaged
neutral_6,28,0.05,5.167032759345602e-05,0.17533700168132782,0.1767537072300911,0.00801513909362627,v2.5,averaged
neutral_6,28,0.1,0.00017564178415341303,0.1738133281469345,0.1767537072300911,0.01663545918914682,v2.5,averaged
neutral_6,28,0.2,0.0007438533939421177,0.17086683213710785,0.1767537072300911,0.03330552544122846,v2.5,averaged
neutral_6,28,0.3,0.0017132149660028517,0.1682979017496109,0.1767537072300911,0.047839480217932606,v2.5,averaged
neutral_6,28,0.5,0.00494777737185359,0.16301877051591873,0.1767537072300911,0.0777066401005822,v2.5,averaged
neutral_6,28,1.0,0.020937081426382065,0.1551727056503296,0.1767537072300911,0.12209645793549437,v2.5,averaged
neutral_7,8,-0.3,6.994595605647191e-05,0.12690621614456177,0.12658918648958206,-0.0025043976011789636,v2.5,averaged
neutral_7,8,-0.1,3.714899139595218e-05,0.12666404992341995,0.12658918648958206,-0.0005913888532971312,v2.5,averaged
neutral_7,8,0.0,0.0,0.12658918648958206,0.12658918648958206,0.0,v2.5,averaged
neutral_7,8,0.05,0.00011660904419841245,0.12688139081001282,0.12658918648958206,-0.0023082881605752574,v2.5,averaged
neutral_7,8,0.1,6.702129758195952e-05,0.126359224319458,0.12658918648958206,0.0018166020060724475,v2.5,averaged
neutral_7,8,0.2,0.00010315697363694198,0.1267154961824417,0.12658918648958206,-0.0009977921208147158,v2.5,averaged
neutral_7,8,0.3,0.00010089368151966482,0.12650799751281738,0.12658918648958206,0.0006413579154437538,v2.5,averaged
neutral_7,8,0.5,0.0001190246402984485,0.12564921006560326,0.12658918648958206,0.007425408520625599,v2.5,averaged
neutral_7,8,1.0,0.00032685093174222857,0.12534242495894432,0.12658918648958206,0.00984887860654943,v2.5,averaged
neutral_7,16,-0.3,0.0002714884467422962,0.12854664027690887,0.12658918648958206,-0.015463041051203105,v2.5,averaged
neutral_7,16,-0.1,0.00012336266809143126,0.12685327976942062,0.12658918648958206,-0.0020862230587151784,v2.5,averaged
neutral_7,16,0.0,0.0,0.12658918648958206,0.12658918648958206,0.0,v2.5,averaged
neutral_7,16,0.05,0.00011859749429277144,0.1268145963549614,0.12658918648958206,-0.001780640761111804,v2.5,averaged
neutral_7,16,0.1,0.00012261389929335564,0.12680063396692276,0.12658918648958206,-0.001670343914865902,v2.5,averaged
neutral_7,16,0.2,0.00017964390281122178,0.1255592741072178,0.12658918648958206,0.008135863820003551,v2.5,averaged
neutral_7,16,0.3,0.0002696230076253414,0.12496453523635864,0.12658918648958206,0.012834044504718603,v2.5,averaged
neutral_7,16,0.5,0.0006166671810206026,0.12458332255482674,0.12658918648958206,0.015845460346017803,v2.5,averaged
neutral_7,16,1.0,0.0019344702595844865,0.12242511659860611,0.12658918648958206,0.03289435698616045,v2.5,averaged
neutral_7,24,-0.3,0.0008968935289885849,0.1373824179172516,0.12658918648958206,-0.08526187525944626,v2.5,averaged
neutral_7,24,-0.1,0.0001973327380255796,0.12977054715156555,0.12658918648958206,-0.02513137772826518,v2.5,averaged
neutral_7,24,0.0,0.0,0.12658918648958206,0.12658918648958206,0.0,v2.5,averaged
neutral_7,24,0.05,8.46121838549152e-05,0.12436290085315704,0.12658918648958206,0.0175866967642472,v2.5,averaged
neutral_7,24,0.1,0.0001892339569167234,0.12300429120659828,0.12658918648958206,0.028319127268258467,v2.5,averaged
neutral_7,24,0.2,0.0004766407946590334,0.11904925107955933,0.12658918648958206,0.05956223923315323,v2.5,averaged
neutral_7,24,0.3,0.0009730348247103393,0.11525945737957954,0.12658918648958206,0.08949997566288904,v2.5,averaged
neutral_7,24,0.5,0.0028263831045478582,0.10907955840229988,0.12658918648958206,0.13831851339627002,v2.5,averaged
neutral_7,24,1.0,0.01138335233554244,0.09188275411725044,0.12658918648958206,0.27416585361489676,v2.5,averaged
neutral_7,28,-0.3,0.0014015552587807178,0.13527561724185944,0.12658918648958206,-0.06861905817676017,v2.5,averaged
neutral_7,28,-0.1,0.0001967469579540193,0.12995605915784836,0.12658918648958206,-0.026596842602692454,v2.5,averaged
neutral_7,28,0.0,0.0,0.12658918648958206,0.12658918648958206,0.0,v2.5,averaged
neutral_7,28,0.05,9.956667781807482e-05,0.12492401525378227,0.12658918648958206,0.01315413489869317,v2.5,averaged
neutral_7,28,0.1,0.00022794504184275866,0.12304811179637909,0.12658918648958206,0.027972963500278065,v2.5,averaged
neutral_7,28,0.2,0.0008759076881688088,0.12094426155090332,0.12658918648958206,0.044592473458570675,v2.5,averaged
neutral_7,28,0.3,0.0017230911762453616,0.11776315048336983,0.12658918648958206,0.06972187949828236,v2.5,averaged
neutral_7,28,0.5,0.00523525639437139,0.11304444819688797,0.12658918648958206,0.10699759330398087,v2.5,averaged
neutral_7,28,1.0,0.02469399757683277,0.10480660945177078,0.12658918648958206,0.172072968014562,v2.5,averaged
sexual_liminal_1,8,-0.3,0.002055685152299702,0.20106477290391922,0.1821582093834877,-0.10379199260039149,v2.6,avg_init
sexual_liminal_1,8,-0.1,0.000385770428692922,0.18874447792768478,0.1821582093834877,-0.036156858186563376,v2.6,avg_init
sexual_liminal_1,8,0.0,0.0,0.1821582093834877,0.1821582093834877,0.0,v2.6,avg_init
sexual_liminal_1,8,0.05,0.00016677763778716326,0.17743028700351715,0.1821582093834877,0.0259550332426529,v2.6,avg_init
sexual_liminal_1,8,0.1,0.00043003616156056523,0.17486130446195602,0.1821582093834877,0.04005806241853148,v2.6,avg_init
sexual_liminal_1,8,0.2,0.0015078875003382564,0.16662158071994781,0.1821582093834877,0.08529194877421897,v2.6,avg_init
sexual_liminal_1,8,0.3,0.003528568078763783,0.1582261174917221,0.1821582093834877,0.1313808033838468,v2.6,avg_init
sexual_liminal_1,8,0.5,0.009688391815871,0.14468840509653091,0.1821582093834877,0.20569923482325006,v2.6,avg_init
sexual_liminal_1,8,1.0,0.021382207982242107,0.14460327476263046,0.1821582093834877,0.20616657765774857,v2.6,avg_init
sexual_liminal_2,8,-0.3,0.0009518748847767711,0.23689819127321243,0.2304369956254959,-0.02803888164822804,v2.6,avg_init
sexual_liminal_2,8,-0.1,0.00014174695388646796,0.23270535469055176,0.2304369956254959,-0.009843727821995924,v2.6,avg_init
sexual_liminal_2,8,0.0,0.0,0.2304369956254959,0.2304369956254959,0.0,v2.6,avg_init
sexual_liminal_2,8,0.05,5.7538458349881694e-05,0.22986812889575958,0.2304369956254959,0.0024686432323603328,v2.6,avg_init
sexual_liminal_2,8,0.1,0.00012473117385525256,0.22955173254013062,0.2304369956254959,0.003841670834851609,v2.6,avg_init
sexual_liminal_2,8,0.2,0.0004945485561620444,0.22827475517988205,0.2304369956254959,0.009383217480963492,v2.6,avg_init
sexual_liminal_2,8,0.3,0.0011901073739863932,0.22735685855150223,0.2304369956254959,0.013366504217922947,v2.6,avg_init
sexual_liminal_2,8,0.5,0.003236799966543913,0.22501230239868164,0.2304369956254959,0.02354089547162137,v2.6,avg_init
sexual_liminal_2,8,1.0,0.014901528134942055,0.22469370812177658,0.2304369956254959,0.024923461131446393,v2.6,avg_init
sexual_liminal_3,8,-0.3,0.0004005325317848474,0.22885991632938385,0.21872998028993607,-0.04631251749769334,v2.6,avg_init
sexual_liminal_3,8,-0.1,0.00010470586130395532,0.22107920795679092,0.21872998028993607,-0.010740309415933085,v2.6,avg_init
sexual_liminal_3,8,0.0,0.0,0.21872998028993607,0.21872998028993607,0.0,v2.6,avg_init
sexual_liminal_3,8,0.05,3.954223939217627e-05,0.2188626080751419,0.21872998028993607,-0.0006063539393641291,v2.6,avg_init
sexual_liminal_3,8,0.1,0.00013074663002043962,0.21610622853040695,0.21872998028993607,0.01199539156018401,v2.6,avg_init
sexual_liminal_3,8,0.2,0.00026634434470906854,0.21172095090150833,0.21872998028993607,0.03204420984785425,v2.6,avg_init
sexual_liminal_3,8,0.3,0.000447954167611897,0.2104312926530838,0.21872998028993607,0.03794033001718372,v2.6,avg_init
sexual_liminal_3,8,0.5,0.0009697532514110208,0.20438391715288162,0.21872998028993607,0.06558800543957492,v2.6,avg_init
sexual_liminal_3,8,1.0,0.004699393408372998,0.2058461382985115,0.21872998028993607,0.05890295410965826,v2.6,avg_init
sexual_liminal_4,8,-0.3,0.0006360885454341769,0.23075886070728302,0.2207585647702217,-0.04529969628797957,v2.6,avg_init
sexual_liminal_4,8,-0.1,9.867275366559625e-05,0.22336283326148987,0.2207585647702217,-0.011796908056449956,v2.6,avg_init
sexual_liminal_4,8,0.0,0.0,0.2207585647702217,0.2207585647702217,0.0,v2.6,avg_init
sexual_liminal_4,8,0.05,5.337304901331663e-05,0.21764184534549713,0.2207585647702217,0.014118226524840115,v2.6,avg_init
sexual_liminal_4,8,0.1,0.0001152668846771121,0.21637731045484543,0.2207585647702217,0.019846361657299888,v2.6,avg_init
sexual_liminal_4,8,0.2,0.0003694909391924739,0.2131076157093048,0.2207585647702217,0.03465754123234336,v2.6,avg_init
sexual_liminal_4,8,0.3,0.0008930349722504616,0.20787502825260162,0.2207585647702217,0.058360302038700136,v2.6,avg_init
sexual_liminal_4,8,0.5,0.002560696564614773,0.19683115929365158,0.2207585647702217,0.10838721252548075,v2.6,avg_init
sexual_liminal_4,8,1.0,0.012547712307423353,0.19893693178892136,0.2207585647702217,0.09884840936528815,v2.6,avg_init
sexual_liminal_5,8,-0.3,0.00033282238291576505,0.17105212062597275,0.16584184765815735,-0.03141711842571309,v2.6,avg_init
sexual_liminal_5,8,-0.1,9.540322935208678e-05,0.167121522128582,0.16584184765815735,-0.007716233800424064,v2.6,avg_init
sexual_liminal_5,8,0.0,0.0,0.16584184765815735,0.16584184765815735,0.0,v2.6,avg_init
sexual_liminal_5,8,0.05,6.32532246527262e-05,0.16540639102458954,0.16584184765815735,0.0026257343349514414,v2.6,avg_init
sexual_liminal_5,8,0.1,0.0001052935840561986,0.1640532985329628,0.16584184765815735,0.010784667141921916,v2.6,avg_init
sexual_liminal_5,8,0.2,0.00018130542594008148,0.1630713790655136,0.16584184765815735,0.01670548556812021,v2.6,avg_init
sexual_liminal_5,8,0.3,0.0003112503618467599,0.1624603420495987,0.16584184765815735,0.02038994172043239,v2.6,avg_init
sexual_liminal_5,8,0.5,0.0007694466621614993,0.16082843393087387,0.16584184765815735,0.0302300884733111,v2.6,avg_init
sexual_liminal_5,8,1.0,0.004283237969502807,0.16846711933612823,0.16584184765815735,-0.015829971234897513,v2.6,avg_init
sexual_explicit_1,8,-0.3,0.0002112622605636716,0.09687567129731178,0.09783230349421501,0.009778285522632062,v2.6,avg_init
sexual_explicit_1,8,-0.1,4.249141784384847e-05,0.0972479023039341,0.09783230349421501,0.0059734992370436306,v2.6,avg_init
sexual_explicit_1,8,0.0,0.0,0.09783230349421501,0.09783230349421501,0.0,v2.6,avg_init
sexual_explicit_1,8,0.05,1.2941392924403772e-05,0.09706803783774376,0.09783230349421501,0.007811996949621499,v2.6,avg_init
sexual_explicit_1,8,0.1,3.9002130506560206e-05,0.09588970243930817,0.09783230349421501,0.019856437858704966,v2.6,avg_init
sexual_explicit_1,8,0.2,9.346099977847189e-05,0.0954500325024128,0.09783230349421501,0.02435055607111493,v2.6,avg_init
sexual_explicit_1,8,0.3,0.00015656355390092358,0.09535399451851845,0.09783230349421501,0.025332215302925076,v2.6,avg_init
sexual_explicit_1,8,0.5,0.0004252789804013446,0.09546821191906929,0.09783230349421501,0.024164733842595397,v2.6,avg_init
sexual_explicit_1,8,1.0,0.002443337463773787,0.08995895832777023,0.09783230349421501,0.08047796980381171,v2.6,avg_init
sexual_explicit_2,8,-0.3,0.0010399778257124126,0.2655002400279045,0.24729682505130768,-0.0736095781772374,v2.6,avg_init
sexual_explicit_2,8,-0.1,0.00015800453547853976,0.2542458102107048,0.24729682505130768,-0.028099775069717902,v2.6,avg_init
sexual_explicit_2,8,0.0,0.0,0.24729682505130768,0.24729682505130768,0.0,v2.6,avg_init
sexual_explicit_2,8,0.05,5.132983278599568e-05,0.2438325434923172,0.24729682505130768,0.014008596989758077,v2.6,avg_init
sexual_explicit_2,8,0.1,0.0001664164155954495,0.24074562638998032,0.24729682505130768,0.026491236432041366,v2.6,avg_init
sexual_explicit_2,8,0.2,0.0006965076609048992,0.2332027554512024,0.24729682505130768,0.05699252142513812,v2.6,avg_init
sexual_explicit_2,8,0.3,0.0015476851258426905,0.22772745788097382,0.24729682505130768,0.07913311125718547,v2.6,avg_init
sexual_explicit_2,8,0.5,0.004606161033734679,0.21415521949529648,0.24729682505130768,0.13401549150149897,v2.6,avg_init
sexual_explicit_2,8,1.0,0.017944579012691975,0.19543534517288208,0.24729682505130768,0.2097134885078516,v2.6,avg_init
sexual_explicit_3,8,-0.3,0.00015174383588600904,0.1028406023979187,0.10023977607488632,-0.0259460508081081,v2.6,avg_init
sexual_explicit_3,8,-0.1,2.536593092372641e-05,0.10155021771788597,0.10023977607488632,-0.013073070335079907,v2.6,avg_init
sexual_explicit_3,8,0.0,0.0,0.10023977607488632,0.10023977607488632,0.0,v2.6,avg_init
sexual_explicit_3,8,0.05,9.343410056317225e-06,0.09989432245492935,0.10023977607488632,0.003446272861771873,v2.6,avg_init
sexual_explicit_3,8,0.1,2.1949561414658092e-05,0.09968633949756622,0.10023977607488632,0.0055211274305585235,v2.6,avg_init
sexual_explicit_3,8,0.2,7.19773379387334e-05,0.09949485212564468,0.10023977607488632,0.007431420723497291,v2.6,avg_init
sexual_explicit_3,8,0.3,0.00019154442998114973,0.0970134362578392,0.10023977607488632,0.03218622330757015,v2.6,avg_init
sexual_explicit_3,8,0.5,0.000578314735321328,0.09462948888540268,0.10023977607488632,0.05596867240896822,v2.6,avg_init
sexual_explicit_3,8,1.0,0.0027514748508110642,0.08913842961192131,0.10023977607488632,0.11074791761976312,v2.6,avg_init
sexual_explicit_4,8,-0.3,0.0005711395060643554,0.3604908585548401,0.3523520976305008,-0.023098375117023215,v2.6,avg_init
sexual_explicit_4,8,-0.1,0.00011440120579209179,0.3543107807636261,0.3523520976305008,-0.005558880297001402,v2.6,avg_init
sexual_explicit_4,8,0.0,0.0,0.3523520976305008,0.3523520976305008,0.0,v2.6,avg_init
sexual_explicit_4,8,0.05,8.083973079919815e-05,0.3503834307193756,0.3523520976305008,0.005587214960160829,v2.6,avg_init
sexual_explicit_4,8,0.1,0.00014368008123710752,0.3485881835222244,0.3523520976305008,0.010682252592188201,v2.6,avg_init
sexual_explicit_4,8,0.2,0.00039879830728750676,0.3446786105632782,0.3523520976305008,0.02177789523270984,v2.6,avg_init
sexual_explicit_4,8,0.3,0.0006746754224877805,0.3427254855632782,0.3523520976305008,0.027321001157534427,v2.6,avg_init
sexual_explicit_4,8,0.5,0.0014833599561825395,0.33775995671749115,0.3523520976305008,0.04141352076839885,v2.6,avg_init
sexual_explicit_4,8,1.0,0.004196541849523783,0.3334592133760452,0.3523520976305008,0.05361933242772367,v2.6,avg_init
sexual_explicit_5,8,-0.3,0.00019940140191465616,0.0943017341196537,0.08877043798565865,-0.06231011426223522,v2.6,avg_init
sexual_explicit_5,8,-0.1,2.652886905707419e-05,0.09055824764072895,0.08877043798565865,-0.02013969622814225,v2.6,avg_init
sexual_explicit_5,8,0.0,0.0,0.08877043798565865,0.08877043798565865,0.0,v2.6,avg_init
sexual_explicit_5,8,0.05,1.2731325114145875e-05,0.08715911395847797,0.08877043798565865,0.018151583609861088,v2.6,avg_init
sexual_explicit_5,8,0.1,3.5130506148561835e-05,0.0861610621213913,0.08877043798565865,0.02939464897862629,v2.6,avg_init
sexual_explicit_5,8,0.2,0.00012280800729058683,0.08416169136762619,0.08877043798565865,0.051917583405153685,v2.6,avg_init
sexual_explicit_5,8,0.3,0.00019327388145029545,0.08377396874129772,0.08877043798565865,0.056285283228726786,v2.6,avg_init
sexual_explicit_5,8,0.5,0.0005408786237239838,0.08096370846033096,0.08877043798565865,0.08794289746085181,v2.6,avg_init
sexual_explicit_5,8,1.0,0.0028186612762510777,0.0717494823038578,0.08877043798565865,0.19174126058216218,v2.6,avg_init
violence_liminal_1,8,-0.3,0.0007786613423377275,0.19184795022010803,0.1806851178407669,-0.06178058554428727,v2.6,avg_init
violence_liminal_1,8,-0.1,0.00011680572060868144,0.18396808952093124,0.1806851178407669,-0.01816957433681691,v2.6,avg_init
violence_liminal_1,8,0.0,0.0,0.1806851178407669,0.1806851178407669,0.0,v2.6,avg_init
violence_liminal_1,8,0.05,5.6382385082542896e-05,0.17905807495117188,0.1806851178407669,0.009004852801595438,v2.6,avg_init
violence_liminal_1,8,0.1,0.00013534794561564922,0.17662585526704788,0.1806851178407669,0.02246594861950029,v2.6,avg_init
violence_liminal_1,8,0.2,0.00046599400229752064,0.17313894629478455,0.1806851178407669,0.041764211885079575,v2.6,avg_init
violence_liminal_1,8,0.3,0.0011081499978899956,0.1708943247795105,0.1806851178407669,0.05418704749045674,v2.6,avg_init
violence_liminal_1,8,0.5,0.0032725122291594744,0.16319621354341507,0.1806851178407669,0.09679216808970595,v2.6,avg_init
violence_liminal_1,8,1.0,0.009080073330551386,0.15379418432712555,0.1806851178407669,0.1488276059201491,v2.6,avg_init
violence_liminal_2,8,-0.3,0.001085867639631033,0.19576457142829895,0.18387570977210999,-0.06465705378336084,v2.6,avg_init
violence_liminal_2,8,-0.1,0.00013581878738477826,0.18719154596328735,0.18387570977210999,-0.018033030003184847,v2.6,avg_init
violence_liminal_2,8,0.0,0.0,0.18387570977210999,0.18387570977210999,0.0,v2.6,avg_init
violence_liminal_2,8,0.05,6.06203539064154e-05,0.18210362643003464,0.18387570977210999,0.009637397697997275,v2.6,avg_init
violence_liminal_2,8,0.1,0.0001600086543476209,0.17971810698509216,0.18387570977210999,0.02261094079348833,v2.6,avg_init
violence_liminal_2,8,0.2,0.0005492335476446897,0.17606081813573837,0.18387570977210999,0.042500946133979055,v2.6,avg_init
violence_liminal_2,8,0.3,0.0012659167987294495,0.1719297245144844,0.18387570977210999,0.06496771798967398,v2.6,avg_init
violence_liminal_2,8,0.5,0.0035955593921244144,0.1647968515753746,0.18387570977210999,0.10375953528816365,v2.6,avg_init
violence_liminal_2,8,1.0,0.013694555964320898,0.15971431136131287,0.18387570977210999,0.13140070779735957,v2.6,avg_init
violence_liminal_3,8,-0.3,0.0006445414037443697,0.2431153804063797,0.22931861877441406,-0.06016415808581956,v2.6,avg_init
violence_liminal_3,8,-0.1,0.00010884719085879624,0.23464074730873108,0.22931861877441406,-0.023208444925933013,v2.6,avg_init
violence_liminal_3,8,0.0,0.0,0.22931861877441406,0.22931861877441406,0.0,v2.6,avg_init
violence_liminal_3,8,0.05,4.527557757683098e-05,0.2269725725054741,0.22931861877441406,0.010230509330111704,v2.6,avg_init
violence_liminal_3,8,0.1,0.00013868691166862845,0.22326426953077316,0.22931861877441406,0.026401472658426836,v2.6,avg_init
violence_liminal_3,8,0.2,0.00042800903611350805,0.2188722863793373,0.22931861877441406,0.045553790838732754,v2.6,avg_init
violence_liminal_3,8,0.3,0.000969544576946646,0.21304310858249664,0.22931861877441406,0.07097334825624434,v2.6,avg_init
violence_liminal_3,8,0.5,0.0032164494041353464,0.20102368295192719,0.22931861877441406,0.12338699741742841,v2.6,avg_init
violence_liminal_3,8,1.0,0.014634811785072088,0.17708781361579895,0.22931861877441406,0.22776521783429954,v2.6,avg_init
violence_liminal_4,8,-0.3,0.001286274113226682,0.17991364002227783,0.16509942710399628,-0.08972903890787017,v2.6,avg_init
violence_liminal_4,8,-0.1,0.00018803311104420573,0.16941000521183014,0.16509942710399628,-0.026108982832015674,v2.6,avg_init
violence_liminal_4,8,0.0,0.0,0.16509942710399628,0.16509942710399628,0.0,v2.6,avg_init
violence_liminal_4,8,0.05,4.525261465460062e-05,0.16208697855472565,0.16509942710399628,0.018246268942975107,v2.6,avg_init
violence_liminal_4,8,0.1,0.00016383182082790881,0.15922953933477402,0.16509942710399628,0.03555365316637236,v2.6,avg_init
violence_liminal_4,8,0.2,0.0008363080269191414,0.1535942107439041,0.16509942710399628,0.06968659166118739,v2.6,avg_init
violence_liminal_4,8,0.3,0.0017489417223259807,0.1487470120191574,0.16509942710399628,0.09904586207036603,v2.6,avg_init
violence_liminal_4,8,0.5,0.005048647057265043,0.13820942491292953,0.16509942710399628,0.16287156571493555,v2.6,avg_init
violence_liminal_4,8,1.0,0.016828407533466816,0.12141487747430801,0.16509942710399628,0.2645954040904777,v2.6,avg_init
violence_liminal_5,8,-0.3,0.0018945015035569668,0.3622153401374817,0.34525178372859955,-0.04913387043415566,v2.6,avg_init
violence_liminal_5,8,-0.1,0.00022167920542415231,0.3514709174633026,0.34525178372859955,-0.01801332832386433,v2.6,avg_init
violence_liminal_5,8,0.0,0.0,0.34525178372859955,0.34525178372859955,0.0,v2.6,avg_init
violence_liminal_5,8,0.05,8.677095684106462e-05,0.34279562532901764,0.34525178372859955,0.007114107776812186,v2.6,avg_init
violence_liminal_5,8,0.1,0.00025054876459762454,0.3397817760705948,0.34525178372859955,0.015843531925977542,v2.6,avg_init
violence_liminal_5,8,0.2,0.0008670275856275111,0.33554159104824066,0.34525178372859955,0.02812496021162345,v2.6,avg_init
violence_liminal_5,8,0.3,0.0019174488843418658,0.33186008036136627,0.34525178372859955,0.038788223546906905,v2.6,avg_init
violence_liminal_5,8,0.5,0.004910473013296723,0.32106876373291016,0.34525178372859955,0.07004459103591344,v2.6,avg_init
violence_liminal_5,8,1.0,0.014130598865449429,0.3021199107170105,0.34525178372859955,0.12492874778452924,v2.6,avg_init
violence_explicit_1,8,-0.3,0.00044575260835699737,0.11951114609837532,0.12018328160047531,0.0055925873644752655,v2.6,avg_init
violence_explicit_1,8,-0.1,6.176711758598685e-05,0.11995420604944229,0.12018328160047531,0.0019060517235212028,v2.6,avg_init
violence_explicit_1,8,0.0,0.0,0.12018328160047531,0.12018328160047531,0.0,v2.6,avg_init
violence_explicit_1,8,0.05,2.0803941879421473e-05,0.11979512870311737,0.12018328160047531,0.0032296746451663336,v2.6,avg_init
violence_explicit_1,8,0.1,4.586705472320318e-05,0.12013832852244377,0.12018328160047531,0.0003740376983628822,v2.6,avg_init
violence_explicit_1,8,0.2,0.00015548814553767443,0.12077457457780838,0.12018328160047531,-0.004919927043585823,v2.6,avg_init
violence_explicit_1,8,0.3,0.0003020081203430891,0.11961902678012848,0.12018328160047531,0.004694952682541834,v2.6,avg_init
violence_explicit_1,8,0.5,0.0006422874284908175,0.11758213117718697,0.12018328160047531,0.021643196862732847,v2.6,avg_init
violence_explicit_1,8,1.0,0.0076216659508645535,0.09562431648373604,0.12018328160047531,0.20434593555516747,v2.6,avg_init
violence_explicit_2,8,-0.3,9.68766980804503e-05,0.1541801393032074,0.15278314054012299,-0.009143670945273836,v2.6,avg_init
violence_explicit_2,8,-0.1,3.70037741959095e-05,0.15264684706926346,0.15278314054012299,0.0008920714051151149,v2.6,avg_init
violence_explicit_2,8,0.0,0.0,0.15278314054012299,0.15278314054012299,0.0,v2.6,avg_init
violence_explicit_2,8,0.05,6.475405825767666e-06,0.15263082832098007,0.15278314054012299,0.0009969177135936312,v2.6,avg_init
violence_explicit_2,8,0.1,1.1690812243614346e-05,0.1530938670039177,0.15278314054012299,-0.002033774555858846,v2.6,avg_init
violence_explicit_2,8,0.2,5.4943026043474674e-05,0.15325386822223663,0.15278314054012299,-0.0030810184975221646,v2.6,avg_init
violence_explicit_2,8,0.3,9.388721082359552e-05,0.1530313491821289,0.15278314054012299,-0.0016245813584433904,v2.6,avg_init
violence_explicit_2,8,0.5,0.0002742302604019642,0.15501383692026138,0.15278314054012299,-0.014600409261469431,v2.6,avg_init
violence_explicit_2,8,1.0,0.0034874288830906153,0.16643676161766052,0.15278314054012299,-0.0893660192431501,v2.6,avg_init
violence_explicit_3,8,-0.3,0.0001988671428989619,0.09656470641493797,0.09560281783342361,-0.010061299481677763,v2.6,avg_init
violence_explicit_3,8,-0.1,2.4374123313464224e-05,0.0952196791768074,0.09560281783342361,0.0040076084084026044,v2.6,avg_init
violence_explicit_3,8,0.0,0.0,0.09560281783342361,0.09560281783342361,0.0,v2.6,avg_init
violence_explicit_3,8,0.05,1.5622859791619703e-05,0.09530114382505417,0.09560281783342361,0.0031554928526801,v2.6,avg_init
violence_explicit_3,8,0.1,3.896831185556948e-05,0.09583385288715363,0.09560281783342361,-0.002416613432174789,v2.6,avg_init
violence_explicit_3,8,0.2,0.0001360173337161541,0.09644508734345436,0.09560281783342361,-0.008810090843747927,v2.6,avg_init
violence_explicit_3,8,0.3,0.0003069992526434362,0.09848372265696526,0.09560281783342361,-0.03013409948398457,v2.6,avg_init
violence_explicit_3,8,0.5,0.000951254740357399,0.1014472059905529,0.09560281783342361,-0.06113196545432824,v2.6,avg_init
violence_explicit_3,8,1.0,0.006867991061881185,0.11261320114135742,0.09560281783342361,-0.17792763532945596,v2.6,avg_init
violence_explicit_4,8,-0.3,0.0005660890019498765,0.09235511720180511,0.0846061110496521,-0.091589201489304,v2.6,avg_init
violence_explicit_4,8,-0.1,5.3644689614884555e-05,0.08588830009102821,0.0846061110496521,-0.015154804132572008,v2.6,avg_init
violence_explicit_4,8,0.0,0.0,0.0846061110496521,0.0846061110496521,0.0,v2.6,avg_init
violence_explicit_4,8,0.05,3.455439582467079e-05,0.0828845463693142,0.0846061110496521,0.020347994476753402,v2.6,avg_init
violence_explicit_4,8,0.1,8.679224993102252e-05,0.08189509809017181,0.0846061110496521,0.03204275584643402,v2.6,avg_init
violence_explicit_4,8,0.2,0.0003272678004577756,0.07920916751027107,0.0846061110496521,0.0637890510794636,v2.6,avg_init
violence_explicit_4,8,0.3,0.000648397603072226,0.07737573236227036,0.0846061110496521,0.08545929599740745,v2.6,avg_init
violence_explicit_4,8,0.5,0.0013684369041584432,0.07551399990916252,0.0846061110496521,0.10746400026770839,v2.6,avg_init
violence_explicit_4,8,1.0,0.004904415225610137,0.07000711187720299,0.0846061110496521,0.17255253776977783,v2.6,avg_init
violence_explicit_5,8,-0.3,0.00040239606460090727,0.1743118092417717,0.16131335496902466,-0.0805789097576143,v2.6,avg_init
violence_explicit_5,8,-0.1,3.4830120057449676e-05,0.16455008834600449,0.16131335496902466,-0.02006488165596298,v2.6,avg_init
violence_explicit_5,8,0.0,0.0,0.16131335496902466,0.16131335496902466,0.0,v2.6,avg_init
violence_explicit_5,8,0.05,1.7764295989763923e-05,0.1594507247209549,0.16131335496902466,0.011546658665845894,v2.6,avg_init
violence_explicit_5,8,0.1,7.995227497303858e-05,0.15634604543447495,0.16131335496902466,0.03079292186008737,v2.6,avg_init
violence_explicit_5,8,0.2,0.0002255473009427078,0.15379437059164047,0.16131335496902466,0.046611047044604455,v2.6,avg_init
violence_explicit_5,8,0.3,0.00040575767343398184,0.15204299986362457,0.16131335496902466,0.05746799517733777,v2.6,avg_init
violence_explicit_5,8,0.5,0.0012105269124731421,0.14953218027949333,0.16131335496902466,0.0730328539245467,v2.6,avg_init
violence_explicit_5,8,1.0,0.005621562944725156,0.16682633757591248,0.16131335496902466,-0.034175611857718904,v2.6,avg_init
death_1,8,-0.3,0.0002796899789245799,0.020752166397869587,0.018382973037660122,-0.12887977126201713,v2.6,avg_init
death_1,8,-0.1,2.600831794552505e-05,0.01900230348110199,0.018382973037660122,-0.033690439635258224,v2.6,avg_init
death_1,8,0.0,0.0,0.018382973037660122,0.018382973037660122,0.0,v2.6,avg_init
death_1,8,0.05,3.14921044264338e-06,0.018152893986552954,0.018382973037660122,0.012515878178998506,v2.6,avg_init
death_1,8,0.1,2.0443956600502133e-05,0.017908341716974974,0.018382973037660122,0.02581907288406499,v2.6,avg_init
death_1,8,0.2,7.526484841946512e-05,0.017543735913932323,0.018382973037660122,0.04565295950815477,v2.6,avg_init
death_1,8,0.3,0.000152275781147182,0.017433410976082087,0.018382973037660122,0.051654433677986854,v2.6,avg_init
death_1,8,0.5,0.00033683120273053646,0.018019051291048527,0.018382973037660122,0.01979667520950229,v2.6,avg_init
death_1,8,1.0,0.002661249367520213,0.030021282844245434,0.018382973037660122,-0.6331026968675082,v2.6,avg_init
death_2,8,-0.3,0.0022634888300672174,0.23201777040958405,0.21047846972942352,-0.10233493576730175,v2.6,avg_init
death_2,8,-0.1,0.000402131030568853,0.21839091181755066,0.21047846972942352,-0.03759264355303809,v2.6,avg_init
death_2,8,0.0,0.0,0.21047846972942352,0.21047846972942352,0.0,v2.6,avg_init
death_2,8,0.05,0.00015339086530730128,0.20648323744535446,0.21047846972942352,0.01898166728979479,v2.6,avg_init
death_2,8,0.1,0.0004824123461730778,0.20252549648284912,0.21047846972942352,0.037785210320077825,v2.6,avg_init
death_2,8,0.2,0.0016956815961748362,0.1941627860069275,0.21047846972942352,0.0775171149023952,v2.6,avg_init
death_2,8,0.3,0.003998015075922012,0.18712545186281204,0.21047846972942352,0.1109520508042105,v2.6,avg_init
death_2,8,0.5,0.011111216153949499,0.17217102646827698,0.21047846972942352,0.18200171879998905,v2.6,avg_init
death_2,8,1.0,0.023180361837148666,0.1580079272389412,0.21047846972942352,0.24929173305913335,v2.6,avg_init
death_3,8,-0.3,0.0010843807831406593,0.1253540851175785,0.11655199527740479,-0.07552071347405005,v2.6,avg_init
death_3,8,-0.1,0.00021956965792924166,0.12072953209280968,0.11655199527740479,-0.03584268811067506,v2.6,avg_init
death_3,8,0.0,0.0,0.11655199527740479,0.11655199527740479,0.0,v2.6,avg_init
death_3,8,0.05,8.606254414189607e-05,0.1140858419239521,0.11655199527740479,0.021159254696438305,v2.6,avg_init
death_3,8,0.1,0.0002595548430690542,0.11236702650785446,0.11655199527740479,0.03590645324938197,v2.6,avg_init
death_3,8,0.2,0.0013693486689589918,0.10614103078842163,0.11655199527740479,0.08932463544878895,v2.6,avg_init
death_3,8,0.3,0.0036304404493421316,0.10085930675268173,0.11655199527740479,0.13464109719763243,v2.6,avg_init
death_3,8,0.5,0.015503348782658577,0.09038329496979713,0.11655199527740479,0.22452382943186572,v2.6,avg_init
death_3,8,1.0,0.051811154931783676,0.08301621302962303,0.11655199527740479,0.28773237358968773,v2.6,avg_init
death_4,8,-0.3,0.005199236096814275,0.23164164274930954,0.18689978122711182,-0.2393895874486312,v2.6,avg_init
death_4,8,-0.1,0.000643364037387073,0.20260029286146164,0.18689978122711182,-0.08400497598909065,v2.6,avg_init
death_4,8,0.0,0.0,0.18689978122711182,0.18689978122711182,0.0,v2.6,avg_init
death_4,8,0.05,0.00020620071154553443,0.17789727449417114,0.18689978122711182,0.048167561640969775,v2.6,avg_init
death_4,8,0.1,0.0007254246447701007,0.17052486538887024,0.18689978122711182,0.08761334941501911,v2.6,avg_init
death_4,8,0.2,0.003179820254445076,0.15403779596090317,0.18689978122711182,0.17582677224365667,v2.6,avg_init
death_4,8,0.3,0.007407225901260972,0.13747067749500275,0.18689978122711182,0.26446849433197117,v2.6,avg_init
death_4,8,0.5,0.02360490709543228,0.10316962003707886,0.18689978122711182,0.4479949662877776,v2.6,avg_init
death_4,8,1.0,0.09475617483258247,0.046551404520869255,0.18689978122711182,0.7509285232158609,v2.6,avg_init
death_5,8,-0.3,0.003115844796411693,0.28671614825725555,0.252194419503212,-0.13688537923260394,v2.6,avg_init
death_5,8,-0.1,0.00045629142550751567,0.26440420746803284,0.252194419503212,-0.04841418770832618,v2.6,avg_init
death_5,8,0.0,0.0,0.252194419503212,0.252194419503212,0.0,v2.6,avg_init
death_5,8,0.05,0.0001361589238513261,0.24553875625133514,0.252194419503212,0.026391001295697044,v2.6,avg_init
death_5,8,0.1,0.0004706322215497494,0.23934685438871384,0.252194419503212,0.05094309834375423,v2.6,avg_init
death_5,8,0.2,0.0019897554302588105,0.2256116345524788,0.252194419503212,0.10540592057150822,v2.6,avg_init
death_5,8,0.3,0.005112013081088662,0.21042311936616898,0.252194419503212,0.1656313419596146,v2.6,avg_init
death_5,8,0.5,0.017080286517739296,0.17881521582603455,0.252194419503212,0.2909628366151967,v2.6,avg_init
death_5,8,1.0,0.09147787466645241,0.1138165034353733,0.252194419503212,0.548695392786343,v2.6,avg_init
power_1,8,-0.3,0.0023519870592281222,0.20472992956638336,0.17924155294895172,-0.1422012708442153,v2.6,avg_init
power_1,8,-0.1,0.00029548142629209906,0.18818114697933197,0.17924155294895172,-0.049874562473391754,v2.6,avg_init
power_1,8,0.0,0.0,0.17924155294895172,0.17924155294895172,0.0,v2.6,avg_init
power_1,8,0.05,0.00012029311619699001,0.1747066229581833,0.17924155294895172,0.025300662241305106,v2.6,avg_init
power_1,8,0.1,0.00034801695437636226,0.1699657291173935,0.17924155294895172,0.051750409873987185,v2.6,avg_init
power_1,8,0.2,0.0015544143388979137,0.1599210798740387,0.17924155294895172,0.10779014551617686,v2.6,avg_init
power_1,8,0.3,0.00404327129945159,0.14733140170574188,0.17924155294895172,0.17802875905844165,v2.6,avg_init
power_1,8,0.5,0.013393171597272158,0.12300389260053635,0.17924155294895172,0.31375347637404116,v2.6,avg_init
power_1,8,1.0,0.10942981019616127,0.045175377279520035,0.17924155294895172,0.747963702967994,v2.6,avg_init
power_2,8,-0.3,0.001808468485251069,0.11556857079267502,0.09640064463019371,-0.19883607870063671,v2.6,avg_init
power_2,8,-0.1,0.0002627866924740374,0.10363522544503212,0.09640064463019371,-0.07504701698408002,v2.6,avg_init
power_2,8,0.0,0.0,0.09640064463019371,0.09640064463019371,0.0,v2.6,avg_init
power_2,8,0.05,6.830195343354717e-05,0.09330740943551064,0.09640064463019371,0.032087287450713174,v2.6,avg_init
power_2,8,0.1,0.00024736170598771423,0.09057316929101944,0.09640064463019371,0.0604505847603953,v2.6,avg_init
power_2,8,0.2,0.0011707486119121313,0.08283587172627449,0.09640064463019371,0.1407124709171352,v2.6,avg_init
power_2,8,0.3,0.00282626342959702,0.07519266195595264,0.09640064463019371,0.21999834913550464,v2.6,avg_init
power_2,8,0.5,0.008963439147919416,0.05958455242216587,0.09640064463019371,0.3819071163814256,v2.6,avg_init
power_2,8,1.0,0.03966338746249676,0.03376002050936222,0.09640064463019371,0.6497946602030479,v2.6,avg_init
power_3,8,-0.3,0.0025542951188981533,0.2872026562690735,0.24881026148796082,-0.15430390431453472,v2.6,avg_init
power_3,8,-0.1,0.00033874018117785454,0.2619415447115898,0.24881026148796082,-0.05277629284700696,v2.6,avg_init
power_3,8,0.0,0.0,0.24881026148796082,0.24881026148796082,0.0,v2.6,avg_init
power_3,8,0.05,0.00017666351050138474,0.23921480774879456,0.24881026148796082,0.03856534566453384,v2.6,avg_init
power_3,8,0.1,0.0005434355698525906,0.2315398007631302,0.24881026148796082,0.06941217223738295,v2.6,avg_init
power_3,8,0.2,0.0025570476427674294,0.21112114936113358,0.24881026148796082,0.15147732212262838,v2.6,avg_init
power_3,8,0.3,0.006543077528476715,0.18963313102722168,0.24881026148796082,0.2378403933456842,v2.6,avg_init
power_3,8,0.5,0.024063408374786377,0.1420930251479149,0.24881026148796082,0.42891010885903375,v2.6,avg_init
power_3,8,1.0,0.19677425175905228,0.045600851997733116,0.24881026148796082,0.8167243918115508,v2.6,avg_init
power_4,8,-0.3,0.0016610759194009006,0.1373479887843132,0.12174111604690552,-0.12819722082549767,v2.6,avg_init
power_4,8,-0.1,0.0002505037118680775,0.12705254554748535,0.12174111604690552,-0.04362888786507755,v2.6,avg_init
power_4,8,0.0,0.0,0.12174111604690552,0.12174111604690552,0.0,v2.6,avg_init
power_4,8,0.05,0.00011225916387047619,0.12012597918510437,0.12174111604690552,0.013266979260965974,v2.6,avg_init
power_4,8,0.1,0.0002611359232105315,0.11622791737318039,0.12174111604690552,0.04528625046940553,v2.6,avg_init
power_4,8,0.2,0.000762860756367445,0.1109955757856369,0.12174111604690552,0.08826549821613658,v2.6,avg_init
power_4,8,0.3,0.0016535798786208034,0.10550909116864204,0.12174111604690552,0.13333231537001397,v2.6,avg_init
power_4,8,0.5,0.004759656731039286,0.09447957575321198,0.12174111604690552,0.22393042859234155,v2.6,avg_init
power_4,8,1.0,0.02357025071978569,0.06753668189048767,0.12174111604690552,0.44524344704983215,v2.6,avg_init
power_5,8,-0.3,0.013787673320621252,0.38226228952407837,0.3084346354007721,-0.23936239854313543,v2.6,avg_init
power_5,8,-0.1,0.002109925262629986,0.33885903656482697,0.3084346354007721,-0.09864132516934157,v2.6,avg_init
power_5,8,0.0,0.0,0.3084346354007721,0.3084346354007721,0.0,v2.6,avg_init
power_5,8,0.05,0.0005909563042223454,0.29271312057971954,0.3084346354007721,0.050971950023136724,v2.6,avg_init
power_5,8,0.1,0.0026180963031947613,0.27465932071208954,0.3084346354007721,0.10950558339466569,v2.6,avg_init
power_5,8,0.2,0.012790095992386341,0.23352812975645065,0.3084346354007721,0.24286022724714376,v2.6,avg_init
power_5,8,0.3,0.03237517364323139,0.18995704501867294,0.3084346354007721,0.38412544112678004,v2.6,avg_init
power_5,8,0.5,0.10361716151237488,0.11077328026294708,0.3084346354007721,0.6408533039131253,v2.6,avg_init
power_5,8,1.0,0.2678527534008026,0.04280144348740578,0.3084346354007721,0.8612301000768261,v2.6,avg_init
profanity_1,8,-0.3,0.0019124231184832752,0.18890180438756943,0.16568520665168762,-0.14012474743559328,v2.6,avg_init
profanity_1,8,-0.1,0.000268594769295305,0.17430488020181656,0.16568520665168762,-0.0520244005142214,v2.6,avg_init
profanity_1,8,0.0,0.0,0.16568520665168762,0.16568520665168762,0.0,v2.6,avg_init
profanity_1,8,0.05,8.284136129077524e-05,0.16188982874155045,0.16568520665168762,0.022907162243615536,v2.6,avg_init
profanity_1,8,0.1,0.0001986560528166592,0.15885988622903824,0.16568520665168762,0.0411945071052598,v2.6,avg_init
profanity_1,8,0.2,0.0009135687723755836,0.1505977213382721,0.16568520665168762,0.09106114914129451,v2.6,avg_init
profanity_1,8,0.3,0.0018809887114912271,0.14440765231847763,0.16568520665168762,0.12842156981426117,v2.6,avg_init
profanity_1,8,0.5,0.005844207713380456,0.12914764881134033,0.16568520665168762,0.22052395973503244,v2.6,avg_init
profanity_1,8,1.0,0.02574863377958536,0.1012931801378727,0.16568520665168762,0.3886407713464927,v2.6,avg_init
profanity_2,8,-0.3,0.012131556868553162,0.37181608378887177,0.30333317816257477,-0.22576793623806238,v2.6,avg_init
profanity_2,8,-0.1,0.0017859607469290495,0.3303542882204056,0.30333317816257477,-0.08908062817760261,v2.6,avg_init
profanity_2,8,0.0,0.0,0.30333317816257477,0.30333317816257477,0.0,v2.6,avg_init
profanity_2,8,0.05,0.0005526611348614097,0.28768301010131836,0.30333317816257477,0.05159398703450939,v2.6,avg_init
profanity_2,8,0.1,0.002187425969168544,0.2728510648012161,0.30333317816257477,0.10049053501500392,v2.6,avg_init
profanity_2,8,0.2,0.008683983236551285,0.24152999371290207,0.30333317816257477,0.20374686614910487,v2.6,avg_init
profanity_2,8,0.3,0.020175619050860405,0.20945721864700317,0.30333317816257477,0.3094813435319553,v2.6,avg_init
profanity_2,8,0.5,0.05620997026562691,0.1539895012974739,0.30333317816257477,0.49234204372150303,v2.6,avg_init
profanity_2,8,1.0,0.18010114878416061,0.07484481483697891,0.30333317816257477,0.7532587259648036,v2.6,avg_init
profanity_3,8,-0.3,0.0023050925228744745,0.12445340305566788,0.10571766272187233,-0.17722431475889258,v2.6,avg_init
profanity_3,8,-0.1,0.0002718455216381699,0.11221615225076675,0.10571766272187233,-0.061470234600163244,v2.6,avg_init
profanity_3,8,0.0,0.0,0.10571766272187233,0.10571766272187233,0.0,v2.6,avg_init
profanity_3,8,0.05,7.633792120032012e-05,0.10302101448178291,0.10571766272187233,0.025508019858364657,v2.6,avg_init
profanity_3,8,0.1,0.000298310536891222,0.09930720925331116,0.10571766272187233,0.06063748765829354,v2.6,avg_init
profanity_3,8,0.2,0.0010853827698156238,0.09364297240972519,0.10571766272187233,0.11421639488865622,v2.6,avg_init
profanity_3,8,0.3,0.00235298415645957,0.08816638961434364,0.10571766272187233,0.16602025296097883,v2.6,avg_init
profanity_3,8,0.5,0.007139813853427768,0.07577427104115486,0.10571766272187233,0.283239251699067,v2.6,avg_init
profanity_3,8,1.0,0.04587072879076004,0.05202973634004593,0.10571766272187233,0.5078425402108204,v2.6,avg_init
profanity_4,8,-0.3,0.006875006482005119,0.4263065308332443,0.36428962647914886,-0.17024065426591325,v2.6,avg_init
profanity_4,8,-0.1,0.0012738612713292241,0.39043720066547394,0.36428962647914886,-0.07177688379172582,v2.6,avg_init
profanity_4,8,0.0,0.0,0.36428962647914886,0.36428962647914886,0.0,v2.6,avg_init
profanity_4,8,0.05,0.00034635984047781676,0.3506345748901367,0.36428962647914886,0.03748405278785431,v2.6,avg_init
profanity_4,8,0.1,0.0017593359807506204,0.33221057057380676,0.36428962647914886,0.08805920776659347,v2.6,avg_init
profanity_4,8,0.2,0.008191118715330958,0.29634642601013184,0.36428962647914886,0.18650874340201928,v2.6,avg_init
profanity_4,8,0.3,0.021656823344528675,0.25560712069272995,0.36428962647914886,0.298340929542334,v2.6,avg_init
profanity_4,8,0.5,0.06984784081578255,0.1825311854481697,0.36428962647914886,0.4989393817981326,v2.6,avg_init
profanity_4,8,1.0,0.2196413353085518,0.09949935972690582,0.36428962647914886,0.7268674359778923,v2.6,avg_init
profanity_5,8,-0.3,0.002500412636436522,0.23070309311151505,0.2031307891011238,-0.1357367050677139,v2.6,avg_init
profanity_5,8,-0.1,0.0004140585515415296,0.2137625589966774,0.2031307891011238,-0.05233952933772544,v2.6,avg_init
profanity_5,8,0.0,0.0,0.2031307891011238,0.2031307891011238,0.0,v2.6,avg_init
profanity_5,8,0.05,0.00012952388351550326,0.19872986525297165,0.2031307891011238,0.021665469167065885,v2.6,avg_init
profanity_5,8,0.1,0.0004923658852931112,0.19298261404037476,0.2031307891011238,0.04995882261697426,v2.6,avg_init
profanity_5,8,0.2,0.0021529928781092167,0.18212521076202393,0.2031307891011238,0.10340913079721636,v2.6,avg_init
profanity_5,8,0.3,0.0057006110437214375,0.1692735031247139,0.2031307891011238,0.1666772729345076,v2.6,avg_init
profanity_5,8,0.5,0.020995701663196087,0.13806753233075142,0.2031307891011238,0.32030228927029963,v2.6,avg_init
profanity_5,8,1.0,0.08658286184072495,0.06815281324088573,0.2031307891011238,0.6644880200462497,v2.6,avg_init
substance_1,8,-0.3,0.003236247575841844,0.20092174410820007,0.16761835664510727,-0.19868580106416955,v2.6,avg_init
substance_1,8,-0.1,0.00037314934888854623,0.17848865687847137,0.16761835664510727,-0.0648514903196398,v2.6,avg_init
substance_1,8,0.0,0.0,0.16761835664510727,0.16761835664510727,0.0,v2.6,avg_init
substance_1,8,0.05,0.00013494935410562903,0.16157666593790054,0.16761835664510727,0.036044326099668164,v2.6,avg_init
substance_1,8,0.1,0.000421549950260669,0.1564735472202301,0.16761835664510727,0.06648919395191123,v2.6,avg_init
substance_1,8,0.2,0.0015568170929327607,0.14709578454494476,0.16761835664510727,0.12243630417886903,v2.6,avg_init
substance_1,8,0.3,0.0038048583082854748,0.13485189527273178,0.16761835664510727,0.19548253561363102,v2.6,avg_init
substance_1,8,0.5,0.011389157734811306,0.11138477921485901,0.16761835664510727,0.3354857937744237,v2.6,avg_init
substance_1,8,1.0,0.06125121936202049,0.053746799007058144,0.16761835664510727,0.6793501613856384,v2.6,avg_init
substance_2,8,-0.3,0.0035244417376816273,0.2763323485851288,0.24249641597270966,-0.13953168122792792,v2.6,avg_init
substance_2,8,-0.1,0.0005551731737796217,0.2555321604013443,0.24249641597270966,-0.05375644162139565,v2.6,avg_init
substance_2,8,0.0,0.0,0.24249641597270966,0.24249641597270966,0.0,v2.6,avg_init
substance_2,8,0.05,0.00016136640624608845,0.23801212012767792,0.24249641597270966,0.018492214934576177,v2.6,avg_init
substance_2,8,0.1,0.0005042213015258312,0.23115462809801102,0.24249641597270966,0.0467709505280896,v2.6,avg_init
substance_2,8,0.2,0.0021254109451547265,0.21599391847848892,0.24249641597270966,0.10929026471551358,v2.6,avg_init
substance_2,8,0.3,0.005531938746571541,0.19879263639450073,0.24249641597270966,0.18022443508248515,v2.6,avg_init
substance_2,8,0.5,0.019014724530279636,0.16237691044807434,0.24249641597270966,0.33039459656860204,v2.6,avg_init
substance_2,8,1.0,0.12600219622254372,0.06309982761740685,0.24249641597270966,0.7397906795269582,v2.6,avg_init
substance_3,8,-0.3,0.004839423578232527,0.2382519468665123,0.20006880909204483,-0.1908500277866937,v2.6,avg_init
substance_3,8,-0.1,0.000650089408736676,0.21313823759555817,0.20006880909204483,-0.06532466786214806,v2.6,avg_init
substance_3,8,0.0,0.0,0.20006880909204483,0.20006880909204483,0.0,v2.6,avg_init
substance_3,8,0.05,0.00025018505402840674,0.19294977188110352,0.20006880909204483,0.035582943904394856,v2.6,avg_init
substance_3,8,0.1,0.0006720449891872704,0.18673669546842575,0.20006880909204483,0.06663764173997472,v2.6,avg_init
substance_3,8,0.2,0.0026839348720386624,0.17292945086956024,0.20006880909204483,0.13565012130400944,v2.6,avg_init
substance_3,8,0.3,0.005989175057038665,0.1614704728126526,0.20006880909204483,0.19292530632115906,v2.6,avg_init
substance_3,8,0.5,0.01756648626178503,0.1379564106464386,0.20006880909204483,0.31045518153222196,v2.6,avg_init
substance_3,8,1.0,0.06984877958893776,0.10188928246498108,0.20006880909204483,0.4907288001194364,v2.6,avg_init
substance_4,8,-0.3,0.005232243333011866,0.24206943064928055,0.21658644080162048,-0.11765736466855224,v2.6,avg_init
substance_4,8,-0.1,0.0008459875534754246,0.2259770706295967,0.21658644080162048,-0.043357422529406865,v2.6,avg_init
substance_4,8,0.0,0.0,0.21658644080162048,0.21658644080162048,0.0,v2.6,avg_init
substance_4,8,0.05,0.0003293371992185712,0.20984940975904465,0.21658644080162048,0.031105506963598574,v2.6,avg_init
substance_4,8,0.1,0.0013175827916711569,0.20285212248563766,0.21658644080162048,0.06341264146153354,v2.6,avg_init
substance_4,8,0.2,0.00737866829149425,0.18306557834148407,0.21658644080162048,0.15476897970191683,v2.6,avg_init
substance_4,8,0.3,0.020459731109440327,0.16135253012180328,0.21658644080162048,0.25502016873903927,v2.6,avg_init
substance_4,8,0.5,0.05749717727303505,0.1262105330824852,0.21658644080162048,0.41727407950673107,v2.6,avg_init
substance_4,8,1.0,0.11094293370842934,0.08094324916601181,0.21658644080162048,0.6262773936058595,v2.6,avg_init
substance_5,8,-0.3,0.0026268850779160857,0.1705222725868225,0.1480003148317337,-0.15217506652397828,v2.6,avg_init
substance_5,8,-0.1,0.0004423460195539519,0.156435027718544,0.1480003148317337,-0.05699118205525439,v2.6,avg_init
substance_5,8,0.0,0.0,0.1480003148317337,0.1480003148317337,0.0,v2.6,avg_init
substance_5,8,0.05,0.00017254790145670995,0.14355076849460602,0.1480003148317337,0.030064438323570575,v2.6,avg_init
substance_5,8,0.1,0.0005441194225568324,0.13858354836702347,0.1480003148317337,0.06362666508795241,v2.6,avg_init
substance_5,8,0.2,0.002206734148785472,0.12902751937508583,0.1480003148317337,0.1281942911960603,v2.6,avg_init
substance_5,8,0.3,0.005049813771620393,0.12008703500032425,0.1480003148317337,0.18860284090033833,v2.6,avg_init
substance_5,8,0.5,0.01485931035131216,0.10293940082192421,0.1480003148317337,0.3044649875308758,v2.6,avg_init
substance_5,8,1.0,0.04961615800857544,0.08135495334863663,0.1480003148317337,0.4503055385988085,v2.6,avg_init
neutral_1,8,-0.3,0.03109754528850317,0.3310902416706085,0.2049248069524765,-0.6156669687501068,v2.6,avg_init
neutral_1,8,-0.1,0.00363545841537416,0.2449376881122589,0.2049248069524765,-0.19525640528753396,v2.6,avg_init
neutral_1,8,0.0,0.0,0.2049248069524765,0.2049248069524765,0.0,v2.6,avg_init
neutral_1,8,0.05,0.0009032371453940868,0.18624071776866913,0.2049248069524765,0.09117534114910912,v2.6,avg_init
neutral_1,8,0.1,0.00352491345256567,0.16785842180252075,0.2049248069524765,0.18087798008052633,v2.6,avg_init
neutral_1,8,0.2,0.012758312281221151,0.13679120689630508,0.2049248069524765,0.3324809771418844,v2.6,avg_init
neutral_1,8,0.3,0.025769174098968506,0.11051902920007706,0.2049248069524765,0.4606849661412286,v2.6,avg_init
neutral_1,8,0.5,0.06367024593055248,0.06639378890395164,0.2049248069524765,0.6760090206192126,v2.6,avg_init
neutral_1,8,1.0,0.1641215905547142,0.019566593691706657,0.2049248069524765,0.9045181792156365,v2.6,avg_init
neutral_2,8,-0.3,0.00848389696329832,0.29144467413425446,0.22270064055919647,-0.3086835915803529,v2.6,avg_init
neutral_2,8,-0.1,0.0010029257973656058,0.245880126953125,0.22270064055919647,-0.10408360899064026,v2.6,avg_init
neutral_2,8,0.0,0.0,0.22270064055919647,0.22270064055919647,0.0,v2.6,avg_init
neutral_2,8,0.05,0.00039018160896375775,0.2088460773229599,0.22270064055919647,0.06221160029647003,v2.6,avg_init
neutral_2,8,0.1,0.0013885622611269355,0.19662301987409592,0.22270064055919647,0.11709719657572702,v2.6,avg_init
neutral_2,8,0.2,0.0062069217674434185,0.16869592666625977,0.22270064055919647,0.24249914035869877,v2.6,avg_init
neutral_2,8,0.3,0.013732023071497679,0.14489728212356567,0.22270064055919647,0.34936297551847295,v2.6,avg_init
neutral_2,8,0.5,0.04101761057972908,0.09796127676963806,0.22270064055919647,0.5601212617814685,v2.6,avg_init
neutral_2,8,1.0,0.14801816642284393,0.03579019010066986,0.22270064055919647,0.8392901340076909,v2.6,avg_init
neutral_3,8,-0.3,0.0009455520485062152,0.11621705442667007,0.10543850436806679,-0.10222593845771288,v2.6,avg_init
neutral_3,8,-0.1,0.0001245086605194956,0.10851563513278961,0.10543850436806679,-0.029184127593285238,v2.6,avg_init
neutral_3,8,0.0,0.0,0.10543850436806679,0.10543850436806679,0.0,v2.6,avg_init
neutral_3,8,0.05,7.104860560502857e-05,0.10232611745595932,0.10543850436806679,0.029518503992077567,v2.6,avg_init
neutral_3,8,0.1,0.00015758891822770238,0.10100357607007027,0.10543850436806679,0.04206175272095085,v2.6,avg_init
neutral_3,8,0.2,0.0007168577867560089,0.09551866352558136,0.10543850436806679,0.0940817673954958,v2.6,avg_init
neutral_3,8,0.3,0.0017678980948403478,0.09037625044584274,0.10543850436806679,0.14285344820184886,v2.6,avg_init
neutral_3,8,0.5,0.00567207601852715,0.07981932535767555,0.10543850436806679,0.24297745082725478,v2.6,avg_init
neutral_3,8,1.0,0.033439259976148605,0.05419670604169369,0.10543850436806679,0.48598753020525814,v2.6,avg_init
neutral_4,8,-0.3,0.005041282158344984,0.14380352571606636,0.11615756154060364,-0.23800399912664227,v2.6,avg_init
neutral_4,8,-0.1,0.0006319409585557878,0.12646229937672615,0.11615756154060364,-0.08871344834938209,v2.6,avg_init
neutral_4,8,0.0,0.0,0.11615756154060364,0.11615756154060364,0.0,v2.6,avg_init
neutral_4,8,0.05,0.0001439207117073238,0.11177081614732742,0.11615756154060364,0.03776547419810288,v2.6,avg_init
neutral_4,8,0.1,0.0005158477579243481,0.10665688663721085,0.11615756154060364,0.08179127365782182,v2.6,avg_init
neutral_4,8,0.2,0.0019709902117028832,0.09691467136144638,0.11615756154060364,0.1656619674512604,v2.6,avg_init
neutral_4,8,0.3,0.004256190732121468,0.08823816478252411,0.11615756154060364,0.24035797917744786,v2.6,avg_init
neutral_4,8,0.5,0.01334913307800889,0.06845053844153881,0.11615756154060364,0.41070957814819936,v2.6,avg_init
neutral_4,8,1.0,0.07438290864229202,0.031327408738434315,0.11615756154060364,0.7303024588073536,v2.6,avg_init
neutral_5,8,-0.3,0.001083505165297538,0.09334287792444229,0.08555636554956436,-0.09101032196566439,v2.6,avg_init
neutral_5,8,-0.1,0.00016984224930638447,0.08836724236607552,0.08555636554956436,-0.0328540933039373,v2.6,avg_init
neutral_5,8,0.0,0.0,0.08555636554956436,0.08555636554956436,0.0,v2.6,avg_init
neutral_5,8,0.05,0.00014136050594970584,0.08217179030179977,0.08555636554956436,0.03955959589942891,v2.6,avg_init
neutral_5,8,0.1,0.0002708932152017951,0.08035821467638016,0.08555636554956436,0.060757032393724354,v2.6,avg_init
neutral_5,8,0.2,0.0005890131869819015,0.07916833460330963,0.08555636554956436,0.07466458989020551,v2.6,avg_init
neutral_5,8,0.3,0.0012193029979243875,0.07538049295544624,0.08555636554956436,0.1189376445429189,v2.6,avg_init
neutral_5,8,0.5,0.003139557782560587,0.07055848836898804,0.08555636554956436,0.17529820352043568,v2.6,avg_init
neutral_5,8,1.0,0.014294360764324665,0.05692167393863201,0.08555636554956436,0.334688032000889,v2.6,avg_init
neutral_6,8,-0.3,0.0013446516823023558,0.1937929168343544,0.1767537072300911,-0.09640086123954575,v2.6,avg_init
neutral_6,8,-0.1,0.00022001875913701952,0.18335317820310593,0.1767537072300911,-0.037337100739979937,v2.6,avg_init
neutral_6,8,0.0,0.0,0.1767537072300911,0.1767537072300911,0.0,v2.6,avg_init
neutral_6,8,0.05,8.060951950028539e-05,0.17342509329319,0.1767537072300911,0.018831932801092723,v2.6,avg_init
neutral_6,8,0.1,0.0002533982624299824,0.16984429955482483,0.1767537072300911,0.039090595515894146,v2.6,avg_init
neutral_6,8,0.2,0.0011105590965598822,0.1616298109292984,0.1767537072300911,0.0855648039172666,v2.6,avg_init
neutral_6,8,0.3,0.0026765535585582256,0.15357287228107452,0.1767537072300911,0.13114765914833493,v2.6,avg_init
neutral_6,8,0.5,0.008901221677660942,0.13556068390607834,0.1767537072300911,0.23305323531567732,v2.6,avg_init
neutral_6,8,1.0,0.051145365461707115,0.08433984965085983,0.1767537072300911,0.5228397131095559,v2.6,avg_init
neutral_7,8,-0.3,0.0017536126542836428,0.1407085359096527,0.12658918648958206,-0.11153677349236012,v2.6,avg_init
neutral_7,8,-0.1,0.0002845713315764442,0.13147540390491486,0.12658918648958206,-0.038599011106963045,v2.6,avg_init
neutral_7,8,0.0,0.0,0.12658918648958206,0.12658918648958206,0.0,v2.6,avg_init
neutral_7,8,0.05,0.00013690579362446442,0.12389837577939034,0.12658918648958206,0.021256244587788492,v2.6,avg_init
neutral_7,8,0.1,0.00031768466578796506,0.12132145091891289,0.12658918648958206,0.04161284005962622,v2.6,avg_init
neutral_7,8,0.2,0.001039281371049583,0.11547839269042015,0.12658918648958206,0.08777048109141848,v2.6,avg_init
neutral_7,8,0.3,0.0023049910087138414,0.11133662983775139,0.12658918648958206,0.12048862209163431,v2.6,avg_init
neutral_7,8,0.5,0.00728938402608037,0.10080701112747192,0.12658918648958206,0.20366807052853556,v2.6,avg_init
neutral_7,8,1.0,0.036733875051140785,0.07846110686659813,0.12658918648958206,0.3801910807519467,v2.6,avg_init
sexual_liminal_1,8,-0.3,0.0025485317455604672,0.20383649319410324,0.1821582093834877,-0.11900799795949595,v2.6,rand_init
sexual_liminal_1,8,-0.1,0.00041666076867841184,0.18970787525177002,0.1821582093834877,-0.04144565262160883,v2.6,rand_init
sexual_liminal_1,8,0.0,0.0,0.1821582093834877,0.1821582093834877,0.0,v2.6,rand_init
sexual_liminal_1,8,0.05,0.00016391903045587242,0.17798303812742233,0.1821582093834877,0.02292057695448471,v2.6,rand_init
sexual_liminal_1,8,0.1,0.0004943099338561296,0.1724395826458931,0.1821582093834877,0.05335266947609543,v2.6,rand_init
sexual_liminal_1,8,0.2,0.0018268699059262872,0.16398132592439651,0.1821582093834877,0.0997862436209196,v2.6,rand_init
sexual_liminal_1,8,0.3,0.003967036958783865,0.15651386976242065,0.1821582093834877,0.14078058687478326,v2.6,rand_init
sexual_liminal_1,8,0.5,0.01045463141053915,0.14380273967981339,0.1821582093834877,0.210561301812792,v2.6,rand_init
sexual_liminal_1,8,1.0,0.02952896896749735,0.14005322754383087,0.1821582093834877,0.2311451236930833,v2.6,rand_init
sexual_liminal_2,8,-0.3,0.0010300081339664757,0.2363842874765396,0.2304369956254959,-0.02580875451400688,v2.6,rand_init
sexual_liminal_2,8,-0.1,0.00015233585145324469,0.23300820589065552,0.2304369956254959,-0.011157975125393122,v2.6,rand_init
sexual_liminal_2,8,0.0,0.0,0.2304369956254959,0.2304369956254959,0.0,v2.6,rand_init
sexual_liminal_2,8,0.05,6.0507532907649875e-05,0.23001977801322937,0.2304369956254959,0.0018105496087294887,v2.6,rand_init
sexual_liminal_2,8,0.1,0.0001518429780844599,0.22963672131299973,0.2304369956254959,0.0034728551738141206,v2.6,rand_init
sexual_liminal_2,8,0.2,0.0004990497836843133,0.22806993126869202,0.2304369956254959,0.010272067427275546,v2.6,rand_init
sexual_liminal_2,8,0.3,0.0010914434678852558,0.22713514417409897,0.2304369956254959,0.01432865170991502,v2.6,rand_init
sexual_liminal_2,8,0.5,0.003183541586622596,0.22486692667007446,0.2304369956254959,0.024171765216353856,v2.6,rand_init
sexual_liminal_2,8,1.0,0.013100665993988514,0.22455677390098572,0.2304369956254959,0.02551769826953774,v2.6,rand_init
sexual_liminal_3,8,-0.3,0.0004132704489165917,0.2295595407485962,0.21872998028993607,-0.04951109328636648,v2.6,rand_init
sexual_liminal_3,8,-0.1,0.00010306073818355799,0.22235410660505295,0.21872998028993607,-0.01656895095182172,v2.6,rand_init
sexual_liminal_3,8,0.0,0.0,0.21872998028993607,0.21872998028993607,0.0,v2.6,rand_init
sexual_liminal_3,8,0.05,5.7702825870364904e-05,0.21792275458574295,0.21872998028993607,0.0036905123985431837,v2.6,rand_init
sexual_liminal_3,8,0.1,9.409579797647893e-05,0.21692003309726715,0.21872998028993607,0.00827480160821919,v2.6,rand_init
sexual_liminal_3,8,0.2,0.0002570413635112345,0.21097954362630844,0.21872998028993607,0.03543381046052345,v2.6,rand_init
sexual_liminal_3,8,0.3,0.00044119299855083227,0.20896407216787338,0.21872998028993607,0.04464823756266767,v2.6,rand_init
sexual_liminal_3,8,0.5,0.0009134106512647122,0.20516588538885117,0.21872998028993607,0.06201296632087245,v2.6,rand_init
sexual_liminal_3,8,1.0,0.004131765104830265,0.1995050460100174,0.21872998028993607,0.08789345774381357,v2.6,rand_init
sexual_liminal_4,8,-0.3,0.0008391628507524729,0.2315196841955185,0.2207585647702217,-0.04874610159065665,v2.6,rand_init
sexual_liminal_4,8,-0.1,0.00011095876106992364,0.22355447709560394,0.2207585647702217,-0.012665023113791214,v2.6,rand_init
sexual_liminal_4,8,0.0,0.0,0.2207585647702217,0.2207585647702217,0.0,v2.6,rand_init
sexual_liminal_4,8,0.05,4.543314571492374e-05,0.21889030933380127,0.2207585647702217,0.008462889937543438,v2.6,rand_init
sexual_liminal_4,8,0.1,0.00013016618322581053,0.21627715975046158,0.2207585647702217,0.020300027880796552,v2.6,rand_init
sexual_liminal_4,8,0.2,0.00044997280929237604,0.21336936205625534,0.2207585647702217,0.03347187331851645,v2.6,rand_init
sexual_liminal_4,8,0.3,0.0009291034657508135,0.21039029955863953,0.2207585647702217,0.04696653659790765,v2.6,rand_init
sexual_liminal_4,8,0.5,0.0025815446861088276,0.20453493297100067,0.2207585647702217,0.0734903844664307,v2.6,rand_init
sexual_liminal_4,8,1.0,0.011211978737264872,0.22005131840705872,0.2207585647702217,0.0032037097355617316,v2.6,rand_init
sexual_liminal_5,8,-0.3,0.0004537692875601351,0.17277774959802628,0.16584184765815735,-0.04182238703807499,v2.6,rand_init
sexual_liminal_5,8,-0.1,9.979586320696399e-05,0.16643405705690384,0.16584184765815735,-0.003570928611258518,v2.6,rand_init
sexual_liminal_5,8,0.0,0.0,0.16584184765815735,0.16584184765815735,0.0,v2.6,rand_init
sexual_liminal_5,8,0.05,6.512133404612541e-05,0.16488714516162872,0.16584184765815735,0.005756704414536629,v2.6,rand_init
sexual_liminal_5,8,0.1,9.899554424919188e-05,0.1644674465060234,0.16584184765815735,0.008287420645282097,v2.6,rand_init
sexual_liminal_5,8,0.2,0.00020822571241296828,0.16361349076032639,0.16584184765815735,0.01343663815434678,v2.6,rand_init
sexual_liminal_5,8,0.3,0.00035973507328890264,0.16144324094057083,0.16584184765815735,0.02652289985729763,v2.6,rand_init
sexual_liminal_5,8,0.5,0.0009182996582239866,0.16166576743125916,0.16584184765815735,0.025181100463293003,v2.6,rand_init
sexual_liminal_5,8,1.0,0.003987311269156635,0.16918477416038513,0.16584184765815735,-0.02015731583694372,v2.6,rand_init
sexual_explicit_1,8,-0.3,0.00015701476513640955,0.09909015521407127,0.09783230349421501,-0.012857222767228834,v2.6,rand_init
sexual_explicit_1,8,-0.1,4.420503682922572e-05,0.0967552438378334,0.09783230349421501,0.011009243551597407,v2.6,rand_init
sexual_explicit_1,8,0.0,0.0,0.09783230349421501,0.09783230349421501,0.0,v2.6,rand_init
sexual_explicit_1,8,0.05,2.3337153834290802e-05,0.0963810421526432,0.09783230349421501,0.01483417327138396,v2.6,rand_init
sexual_explicit_1,8,0.1,4.18134150095284e-05,0.09571349993348122,0.09783230349421501,0.021657504577300316,v2.6,rand_init
sexual_explicit_1,8,0.2,6.845434836577624e-05,0.09598720818758011,0.09783230349421501,0.0188597757666414,v2.6,rand_init
sexual_explicit_1,8,0.3,0.00016929040430113673,0.09425130486488342,0.09783230349421501,0.03660343773407461,v2.6,rand_init
sexual_explicit_1,8,0.5,0.00045502145076170564,0.09262318164110184,0.09783230349421501,0.0532454175876703,v2.6,rand_init
sexual_explicit_1,8,1.0,0.00199420063290745,0.08974924683570862,0.09783230349421501,0.08262155106042615,v2.6,rand_init
sexual_explicit_2,8,-0.3,0.001021368254441768,0.2656615078449249,0.24729682505130768,-0.07426170064984479,v2.6,rand_init
sexual_explicit_2,8,-0.1,0.00014223100151866674,0.2523533031344414,0.24729682505130768,-0.020446999600923343,v2.6,rand_init
sexual_explicit_2,8,0.0,0.0,0.24729682505130768,0.24729682505130768,0.0,v2.6,rand_init
sexual_explicit_2,8,0.05,6.22761799604632e-05,0.24344437569379807,0.24729682505130768,0.015578240265358562,v2.6,rand_init
sexual_explicit_2,8,0.1,0.00016276846872642636,0.2402280792593956,0.24729682505130768,0.02858405396205753,v2.6,rand_init
sexual_explicit_2,8,0.2,0.0005254435818642378,0.23614510893821716,0.24729682505130768,0.04509445728135338,v2.6,rand_init
sexual_explicit_2,8,0.3,0.0012288145953789353,0.23089072108268738,0.24729682505130768,0.06634174929345113,v2.6,rand_init
sexual_explicit_2,8,0.5,0.0035142562119290233,0.22346646338701248,0.24729682505130768,0.09636339511981609,v2.6,rand_init
sexual_explicit_2,8,1.0,0.014459571335464716,0.21549299359321594,0.24729682505130768,0.12860590285173806,v2.6,rand_init
sexual_explicit_3,8,-0.3,0.00017664434562902898,0.10309107229113579,0.10023977607488632,-0.028444758437203038,v2.6,rand_init
sexual_explicit_3,8,-0.1,4.774374247062951e-05,0.10234023630619049,0.10023977607488632,-0.02095435877405566,v2.6,rand_init
sexual_explicit_3,8,0.0,0.0,0.10023977607488632,0.10023977607488632,0.0,v2.6,rand_init
sexual_explicit_3,8,0.05,1.163459091912955e-05,0.10022736340761185,0.10023977607488632,0.00012382975861001467,v2.6,rand_init
sexual_explicit_3,8,0.1,2.4810047762002796e-05,0.09943331778049469,0.10023977607488632,0.00804529225792713,v2.6,rand_init
sexual_explicit_3,8,0.2,7.61992996558547e-05,0.0995016023516655,0.10023977607488632,0.007364079930399648,v2.6,rand_init
sexual_explicit_3,8,0.3,0.0001746133784763515,0.0976685918867588,0.10023977607488632,0.025650338506409454,v2.6,rand_init
sexual_explicit_3,8,0.5,0.0004937485791742802,0.09570728242397308,0.10023977607488632,0.04521651811679168,v2.6,rand_init
sexual_explicit_3,8,1.0,0.002105456660501659,0.09492373839020729,0.10023977607488632,0.05303321588335921,v2.6,rand_init
sexual_explicit_4,8,-0.3,0.0007861058693379164,0.3600146621465683,0.3523520976305008,-0.021746896265402587,v2.6,rand_init
sexual_explicit_4,8,-0.1,0.0001569219894008711,0.3553897887468338,0.3523520976305008,-0.008621180735863043,v2.6,rand_init
sexual_explicit_4,8,0.0,0.0,0.3523520976305008,0.3523520976305008,0.0,v2.6,rand_init
sexual_explicit_4,8,0.05,0.00011371789150871336,0.3502260595560074,0.3523520976305008,0.006033845374529057,v2.6,rand_init
sexual_explicit_4,8,0.1,0.00018254773749504238,0.3487808406352997,0.3523520976305008,0.010135478174295309,v2.6,rand_init
sexual_explicit_4,8,0.2,0.0004239410627633333,0.3463587164878845,0.3523520976305008,0.017009636618940522,v2.6,rand_init
sexual_explicit_4,8,0.3,0.0008246568031609058,0.34355488419532776,0.3523520976305008,0.0249671095882005,v2.6,rand_init
sexual_explicit_4,8,0.5,0.001890478772111237,0.3410741090774536,0.3523520976305008,0.03200772360627184,v2.6,rand_init
sexual_explicit_4,8,1.0,0.005082938587293029,0.33791975677013397,0.3523520976305008,0.04095999699567989,v2.6,rand_init
sexual_explicit_5,8,-0.3,0.00018173112766817212,0.09395858272910118,0.08877043798565865,-0.05844450991985315,v2.6,rand_init
sexual_explicit_5,8,-0.1,1.747247006278485e-05,0.08979539945721626,0.08877043798565865,-0.011546202709095626,v2.6,rand_init
sexual_explicit_5,8,0.0,0.0,0.08877043798565865,0.08877043798565865,0.0,v2.6,rand_init
sexual_explicit_5,8,0.05,7.27859151083976e-06,0.08785495348274708,0.08877043798565865,0.010312943404193513,v2.6,rand_init
sexual_explicit_5,8,0.1,3.026978811249137e-05,0.08647829107940197,0.08877043798565865,0.02582106113554362,v2.6,rand_init
sexual_explicit_5,8,0.2,9.3044713139534e-05,0.08527883514761925,0.08877043798565865,0.03933294593638803,v2.6,rand_init
sexual_explicit_5,8,0.3,0.00020842836238443851,0.0836048498749733,0.08877043798565865,0.058190409193653835,v2.6,rand_init
sexual_explicit_5,8,0.5,0.0006168396212160587,0.0800376646220684,0.08877043798565865,0.09837479189863936,v2.6,rand_init
sexual_explicit_5,8,1.0,0.0028781236615031958,0.07334266602993011,0.08877043798565865,0.17379402767192578,v2.6,rand_init
violence_liminal_1,8,-0.3,0.0010769147193059325,0.19171860069036484,0.1806851178407669,-0.06106470184955383,v2.6,rand_init
violence_liminal_1,8,-0.1,0.00014616333646699786,0.18466195464134216,0.1806851178407669,-0.02200976399218412,v2.6,rand_init
violence_liminal_1,8,0.0,0.0,0.1806851178407669,0.1806851178407669,0.0,v2.6,rand_init
violence_liminal_1,8,0.05,7.974001346156001e-05,0.17985627055168152,0.1806851178407669,0.004587247134630257,v2.6,rand_init
violence_liminal_1,8,0.1,0.00017767073586583138,0.17761177569627762,0.1806851178407669,0.01700938174220715,v2.6,rand_init
violence_liminal_1,8,0.2,0.0006654144963249564,0.17406203597784042,0.1806851178407669,0.036655381151884533,v2.6,rand_init
violence_liminal_1,8,0.3,0.001351742073893547,0.17062468826770782,0.1806851178407669,0.05567934810173507,v2.6,rand_init
violence_liminal_1,8,0.5,0.0038030974101275206,0.16511686146259308,0.1806851178407669,0.08616236115192247,v2.6,rand_init
violence_liminal_1,8,1.0,0.011449433863162994,0.16113171726465225,0.1806851178407669,0.10821810235277128,v2.6,rand_init
violence_liminal_2,8,-0.3,0.0014037252985872328,0.19813738018274307,0.18387570977210999,-0.07756147034487901,v2.6,rand_init
violence_liminal_2,8,-0.1,0.000165964724146761,0.1882995143532753,0.18387570977210999,-0.02405866760023955,v2.6,rand_init
violence_liminal_2,8,0.0,0.0,0.18387570977210999,0.18387570977210999,0.0,v2.6,rand_init
violence_liminal_2,8,0.05,8.477954543195665e-05,0.18035458773374557,0.18387570977210999,0.01914946809846925,v2.6,rand_init
violence_liminal_2,8,0.1,0.0002076959062833339,0.17850302904844284,0.18387570977210999,0.02921908897225133,v2.6,rand_init
violence_liminal_2,8,0.2,0.0007152405742090195,0.1741221770644188,0.18387570977210999,0.053044160752822804,v2.6,rand_init
violence_liminal_2,8,0.3,0.0015190058620646596,0.16993774473667145,0.18387570977210999,0.07580101282933364,v2.6,rand_init
violence_liminal_2,8,0.5,0.004343426087871194,0.1618756502866745,0.18387570977210999,0.11964636064601299,v2.6,rand_init
violence_liminal_2,8,1.0,0.019991356879472733,0.1551925465464592,0.18387570977210999,0.155992127841137,v2.6,rand_init
violence_liminal_3,8,-0.3,0.0005236637662164867,0.24126183986663818,0.22931861877441406,-0.052081340608339084,v2.6,rand_init
violence_liminal_3,8,-0.1,9.998306632041931e-05,0.23444736003875732,0.22931861877441406,-0.02236513237238936,v2.6,rand_init
violence_liminal_3,8,0.0,0.0,0.22931861877441406,0.22931861877441406,0.0,v2.6,rand_init
violence_liminal_3,8,0.05,4.391736365505494e-05,0.226869635283947,0.22931861877441406,0.010679392295120146,v2.6,rand_init
violence_liminal_3,8,0.1,9.47508160606958e-05,0.22571805119514465,0.22931861877441406,0.015701156750867095,v2.6,rand_init
violence_liminal_3,8,0.2,0.00035415281308814883,0.2202630266547203,0.22931861877441406,0.0394891272592303,v2.6,rand_init
violence_liminal_3,8,0.3,0.0008192914538085461,0.21501578390598297,0.22931861877441406,0.06237101437673107,v2.6,rand_init
violence_liminal_3,8,0.5,0.002540249493904412,0.20473986119031906,0.22931861877441406,0.10718169207304394,v2.6,rand_init
violence_liminal_3,8,1.0,0.011888728477060795,0.18605823069810867,0.22931861877441406,0.18864751718595346,v2.6,rand_init
violence_liminal_4,8,-0.3,0.0017532763886265457,0.1833743453025818,0.16509942710399628,-0.11069037924083239,v2.6,rand_init
violence_liminal_4,8,-0.1,0.00026265816995874047,0.17045385390520096,0.16509942710399628,-0.032431528655953015,v2.6,rand_init
violence_liminal_4,8,0.0,0.0,0.16509942710399628,0.16509942710399628,0.0,v2.6,rand_init
violence_liminal_4,8,0.05,5.983266601106152e-05,0.16134858131408691,0.16509942710399628,0.022718708693923582,v2.6,rand_init
violence_liminal_4,8,0.1,0.00019547814736142755,0.1584622636437416,0.16509942710399628,0.04020100842672164,v2.6,rand_init
violence_liminal_4,8,0.2,0.00097241549519822,0.1507142037153244,0.16509942710399628,0.08713066811316438,v2.6,rand_init
violence_liminal_4,8,0.3,0.0023394485469907522,0.14269041270017624,0.16509942710399628,0.13573041891722967,v2.6,rand_init
violence_liminal_4,8,0.5,0.00680440803989768,0.1280897818505764,0.16509942710399628,0.22416580058819627,v2.6,rand_init
violence_liminal_4,8,1.0,0.023977655917406082,0.1046510674059391,0.16509942710399628,0.36613306756043856,v2.6,rand_init
violence_liminal_5,8,-0.3,0.0021745131816715,0.3619028776884079,0.34525178372859955,-0.048228842672389145,v2.6,rand_init
violence_liminal_5,8,-0.1,0.0002666738291736692,0.35150139033794403,0.34525178372859955,-0.01810159108187914,v2.6,rand_init
violence_liminal_5,8,0.0,0.0,0.34525178372859955,0.34525178372859955,0.0,v2.6,rand_init
violence_liminal_5,8,0.05,8.550921484129503e-05,0.3432277590036392,0.34525178372859955,0.00586245986364375,v2.6,rand_init
violence_liminal_5,8,0.1,0.00027908015181310475,0.34031009674072266,0.34525178372859955,0.014313284451446959,v2.6,rand_init
violence_liminal_5,8,0.2,0.0011222765897400677,0.33542050421237946,0.34525178372859955,0.02847568058894782,v2.6,rand_init
violence_liminal_5,8,0.3,0.002272944780997932,0.3333072066307068,0.34525178372859955,0.03459671364734302,v2.6,rand_init
violence_liminal_5,8,0.5,0.005568215856328607,0.3251289278268814,0.34525178372859955,0.058284582006784366,v2.6,rand_init
violence_liminal_5,8,1.0,0.015050037298351526,0.3017037808895111,0.34525178372859955,0.1261340415646376,v2.6,rand_init
violence_explicit_1,8,-0.3,0.0005962992436252534,0.11942951753735542,0.12018328160047531,0.006271787998147883,v2.6,rand_init
violence_explicit_1,8,-0.1,7.601076504215598e-05,0.12002049759030342,0.12018328160047531,0.0013544646809781108,v2.6,rand_init
violence_explicit_1,8,0.0,0.0,0.12018328160047531,0.12018328160047531,0.0,v2.6,rand_init
violence_explicit_1,8,0.05,2.442387631163001e-05,0.12112022191286087,0.12018328160047531,-0.007795928850571955,v2.6,rand_init
violence_explicit_1,8,0.1,7.008848479017615e-05,0.12049567699432373,0.12018328160047531,-0.0025993248785377127,v2.6,rand_init
violence_explicit_1,8,0.2,0.00020582356955856085,0.12193378806114197,0.12018328160047531,-0.01456530756487293,v2.6,rand_init
violence_explicit_1,8,0.3,0.00043130037374794483,0.1221545860171318,0.12018328160047531,-0.016402484525340984,v2.6,rand_init
violence_explicit_1,8,0.5,0.0008248070953413844,0.12170038372278214,0.12018328160047531,-0.012623237625929692,v2.6,rand_init
violence_explicit_1,8,1.0,0.003231041133403778,0.11876817792654037,0.12018328160047531,0.011774546801269404,v2.6,rand_init
violence_explicit_2,8,-0.3,0.0002640308812260628,0.15348199009895325,0.15278314054012299,-0.004574127461705983,v2.6,rand_init
violence_explicit_2,8,-0.1,6.014376413077116e-05,0.15359201282262802,0.15278314054012299,-0.005294250920916331,v2.6,rand_init
violence_explicit_2,8,0.0,0.0,0.15278314054012299,0.15278314054012299,0.0,v2.6,rand_init
violence_explicit_2,8,0.05,6.064281478757039e-06,0.15261943638324738,0.15278314054012299,0.001071480506925562,v2.6,rand_init
violence_explicit_2,8,0.1,4.5172637328505516e-05,0.1542769894003868,0.15278314054012299,-0.009777576602907432,v2.6,rand_init
violence_explicit_2,8,0.2,9.107723599299788e-05,0.15247026085853577,0.15278314054012299,0.0020478678503473534,v2.6,rand_init
violence_explicit_2,8,0.3,0.00024330650921911,0.15072306245565414,0.15278314054012299,0.013483674161861048,v2.6,rand_init
violence_explicit_2,8,0.5,0.0007749646902084351,0.15438742190599442,0.15278314054012299,-0.010500382176985835,v2.6,rand_init
violence_explicit_2,8,1.0,0.0047199842520058155,0.1655338779091835,0.15278314054012299,-0.08345644240577706,v2.6,rand_init
violence_explicit_3,8,-0.3,0.00019745600002352148,0.09850126132369041,0.09560281783342361,-0.03031755293360692,v2.6,rand_init
violence_explicit_3,8,-0.1,2.5607936549931765e-05,0.0962425135076046,0.09560281783342361,-0.006691180120815865,v2.6,rand_init
violence_explicit_3,8,0.0,0.0,0.09560281783342361,0.09560281783342361,0.0,v2.6,rand_init
violence_explicit_3,8,0.05,1.756710116751492e-05,0.09582427516579628,0.09560281783342361,-0.002316431015229364,v2.6,rand_init
violence_explicit_3,8,0.1,4.4832268031314015e-05,0.09489203616976738,0.09560281783342361,0.007434735500105092,v2.6,rand_init
violence_explicit_3,8,0.2,0.00016996951308101416,0.09472201019525528,0.09560281783342361,0.009213197457244787,v2.6,rand_init
violence_explicit_3,8,0.3,0.0003261964302510023,0.0946814976632595,0.09560281783342361,0.00963695622203728,v2.6,rand_init
violence_explicit_3,8,0.5,0.0010903506772592664,0.0947413444519043,0.09560281783342361,0.009010962239840369,v2.6,rand_init
violence_explicit_3,8,1.0,0.0072296434082090855,0.10456135123968124,0.09560281783342361,-0.09370574643382158,v2.6,rand_init
violence_explicit_4,8,-0.3,0.0004409359535202384,0.0914386436343193,0.0846061110496521,-0.0807569630597659,v2.6,rand_init
violence_explicit_4,8,-0.1,8.582955342717469e-05,0.08748536184430122,0.0846061110496521,-0.03403123910233153,v2.6,rand_init
violence_explicit_4,8,0.0,0.0,0.0846061110496521,0.0846061110496521,0.0,v2.6,rand_init
violence_explicit_4,8,0.05,2.397445496171713e-05,0.08326725289225578,0.0846061110496521,0.015824603456960594,v2.6,rand_init
violence_explicit_4,8,0.1,6.309976743068546e-05,0.08238598331809044,0.0846061110496521,0.026240749090319877,v2.6,rand_init
violence_explicit_4,8,0.2,0.00020312576089054346,0.08044564351439476,0.0846061110496521,0.04917455114815193,v2.6,rand_init
violence_explicit_4,8,0.3,0.0006186685059219599,0.0773230753839016,0.0846061110496521,0.08608167395232677,v2.6,rand_init
violence_explicit_4,8,0.5,0.0014512536581605673,0.0740087442100048,0.0846061110496521,0.1252553356746075,v2.6,rand_init
violence_explicit_4,8,1.0,0.004414020571857691,0.06865974515676498,0.0846061110496521,0.18847770799356092,v2.6,rand_init
violence_explicit_5,8,-0.3,0.0002918085810961202,0.16986749321222305,0.16131335496902466,-0.05302808465449719,v2.6,rand_init
violence_explicit_5,8,-0.1,2.6241939849569462e-05,0.16306999325752258,0.16131335496902466,-0.010889602344674029,v2.6,rand_init
violence_explicit_5,8,0.0,0.0,0.16131335496902466,0.16131335496902466,0.0,v2.6,rand_init
violence_explicit_5,8,0.05,2.7552152459975332e-05,0.1589461863040924,0.16131335496902466,0.014674350213513283,v2.6,rand_init
violence_explicit_5,8,0.1,5.3675081289839e-05,0.1593012511730194,0.16131335496902466,0.012473262343292114,v2.6,rand_init
violence_explicit_5,8,0.2,0.0001944217219715938,0.15558570623397827,0.16131335496902466,0.03550635182156002,v2.6,rand_init
violence_explicit_5,8,0.3,0.00038091823807917535,0.15478504449129105,0.16131335496902466,0.04046974584954343,v2.6,rand_init
violence_explicit_5,8,0.5,0.0010436997981742024,0.15369169414043427,0.16131335496902466,0.04724755014892538,v2.6,rand_init
violence_explicit_5,8,1.0,0.003792381612583995,0.15485583245754242,0.16131335496902466,0.040030923123024816,v2.6,rand_init
death_1,8,-0.3,6.955729622859508e-05,0.01987248007208109,0.018382973037660122,-0.0810264493871313,v2.6,rand_init
death_1,8,-0.1,7.031569111859426e-06,0.018819755874574184,0.018382973037660122,-0.02376018481990106,v2.6,rand_init
death_1,8,0.0,0.0,0.018382973037660122,0.018382973037660122,0.0,v2.6,rand_init
death_1,8,0.05,1.785134372767061e-06,0.01821382064372301,0.018382973037660122,0.009201579830997864,v2.6,rand_init
death_1,8,0.1,6.662805390078574e-06,0.017990533728152514,0.018382973037660122,0.021347978300552416,v2.6,rand_init
death_1,8,0.2,2.4463573936372995e-05,0.017705296631902456,0.018382973037660122,0.036864352918831444,v2.6,rand_init
death_1,8,0.3,5.586084444075823e-05,0.017396243754774332,0.018382973037660122,0.053676262314280465,v2.6,rand_init
death_1,8,0.5,0.00015780882677063346,0.017162869684398174,0.018382973037660122,0.06637138349506325,v2.6,rand_init
death_1,8,1.0,0.0008348030387423933,0.018705199472606182,0.018382973037660122,-0.017528526766912713,v2.6,rand_init
death_2,8,-0.3,0.002290756325237453,0.23270554095506668,0.21047846972942352,-0.10560258849381,v2.6,rand_init
death_2,8,-0.1,0.00034911191323772073,0.21803373843431473,0.21047846972942352,-0.0358956843168032,v2.6,rand_init
death_2,8,0.0,0.0,0.21047846972942352,0.21047846972942352,0.0,v2.6,rand_init
death_2,8,0.05,0.00015654903836548328,0.20643934607505798,0.21047846972942352,0.019190198691381385,v2.6,rand_init
death_2,8,0.1,0.00045056972885504365,0.20221316814422607,0.21047846972942352,0.039269107171972246,v2.6,rand_init
death_2,8,0.2,0.0019203544943593442,0.19269047677516937,0.21047846972942352,0.08451217351171907,v2.6,rand_init
death_2,8,0.3,0.0043062614277005196,0.1853630542755127,0.21047846972942352,0.1193253423316763,v2.6,rand_init
death_2,8,0.5,0.011679759249091148,0.17023929953575134,0.21047846972942352,0.1911795075543872,v2.6,rand_init
death_2,8,1.0,0.03209307976067066,0.14753931015729904,0.21047846972942352,0.29902896791788103,v2.6,rand_init
death_3,8,-0.3,0.0012639404740184546,0.12729492783546448,0.11655199527740479,-0.09217287556931561,v2.6,rand_init
death_3,8,-0.1,0.0002276549203088507,0.12138784304261208,0.11655199527740479,-0.041490905013659485,v2.6,rand_init
death_3,8,0.0,0.0,0.11655199527740479,0.11655199527740479,0.0,v2.6,rand_init
death_3,8,0.05,9.237171616405249e-05,0.11413394287228584,0.11655199527740479,0.02074655521223595,v2.6,rand_init
death_3,8,0.1,0.0002347388508496806,0.11239485070109367,0.11655199527740479,0.03566772551955643,v2.6,rand_init
death_3,8,0.2,0.0013181135873310268,0.1057732030749321,0.11655199527740479,0.09248054635888593,v2.6,rand_init
death_3,8,0.3,0.0036930914502590895,0.1003672331571579,0.11655199527740479,0.13886302059201663,v2.6,rand_init
death_3,8,0.5,0.014818246010690928,0.09045492485165596,0.11655199527740479,0.22390925495213812,v2.6,rand_init
death_3,8,1.0,0.07315889373421669,0.08860579505562782,0.11655199527740479,0.23977453286202746,v2.6,rand_init
death_4,8,-0.3,0.005803738720715046,0.2344866693019867,0.18689978122711182,-0.25461179120937294,v2.6,rand_init
death_4,8,-0.1,0.0006574502913281322,0.20274677872657776,0.18689978122711182,-0.08478874290499792,v2.6,rand_init
death_4,8,0.0,0.0,0.18689978122711182,0.18689978122711182,0.0,v2.6,rand_init
death_4,8,0.05,0.0002311007701791823,0.17801032215356827,0.18689978122711182,0.04756270454239589,v2.6,rand_init
death_4,8,0.1,0.0008965681190602481,0.16920875012874603,0.18689978122711182,0.09465517285367218,v2.6,rand_init
death_4,8,0.2,0.003603493794798851,0.1511760801076889,0.18689978122711182,0.19113827145689996,v2.6,rand_init
death_4,8,0.3,0.00824258616194129,0.1347600817680359,0.18689978122711182,0.27897143119562146,v2.6,rand_init
death_4,8,0.5,0.024505119770765305,0.10184559971094131,0.18689978122711182,0.45507908547424497,v2.6,rand_init
death_4,8,1.0,0.09393014013767242,0.047089628875255585,0.18689978122711182,0.748048774770718,v2.6,rand_init
death_5,8,-0.3,0.003854752518236637,0.29240380227565765,0.252194419503212,-0.1594380353524578,v2.6,rand_init
death_5,8,-0.1,0.0005831460293848068,0.26594285666942596,0.252194419503212,-0.054515231515814284,v2.6,rand_init
death_5,8,0.0,0.0,0.252194419503212,0.252194419503212,0.0,v2.6,rand_init
death_5,8,0.05,0.00014059719978831708,0.2457936629652977,0.252194419503212,0.025380246519819426,v2.6,rand_init
death_5,8,0.1,0.00062753283418715,0.2365737110376358,0.252194419503212,0.06193915193027189,v2.6,rand_init
death_5,8,0.2,0.00244980794377625,0.2220425233244896,0.252194419503212,0.11955814184198617,v2.6,rand_init
death_5,8,0.3,0.0060895460192114115,0.20580315589904785,0.252194419503212,0.1839503970609202,v2.6,rand_init
death_5,8,0.5,0.019369475543498993,0.17491205036640167,0.252194419503212,0.30643964798684226,v2.6,rand_init
death_5,8,1.0,0.09636789187788963,0.11595992371439934,0.252194419503212,0.5401963138485606,v2.6,rand_init
power_1,8,-0.3,0.0024550098460167646,0.20579753816127777,0.17924155294895172,-0.1481575269540832,v2.6,rand_init
power_1,8,-0.1,0.0003305914287921041,0.18880098313093185,0.17924155294895172,-0.0533326677029108,v2.6,rand_init
power_1,8,0.0,0.0,0.17924155294895172,0.17924155294895172,0.0,v2.6,rand_init
power_1,8,0.05,0.00013799997395835817,0.17393343895673752,0.17924155294895172,0.02961430485779133,v2.6,rand_init
power_1,8,0.1,0.00042834304622374475,0.16899077594280243,0.17924155294895172,0.05718973551333116,v2.6,rand_init
power_1,8,0.2,0.0017340375343337655,0.1577569544315338,0.17924155294895172,0.1198639387125638,v2.6,rand_init
power_1,8,0.3,0.0042646522633731365,0.14717046916484833,0.17924155294895172,0.17892661191814874,v2.6,rand_init
power_1,8,0.5,0.015226074494421482,0.11968641728162766,0.17924155294895172,0.3322618817316622,v2.6,rand_init
power_1,8,1.0,0.09656572714447975,0.05722665414214134,0.17924155294895172,0.6807288644813316,v2.6,rand_init
power_2,8,-0.3,0.0025265986332669854,0.11842513456940651,0.09640064463019371,-0.22846828487197163,v2.6,rand_init
power_2,8,-0.1,0.0003572411951608956,0.10457857698202133,0.09640064463019371,-0.08483275587211381,v2.6,rand_init
power_2,8,0.0,0.0,0.09640064463019371,0.09640064463019371,0.0,v2.6,rand_init
power_2,8,0.05,0.00012303643597988412,0.09272991120815277,0.09640064463019371,0.03807789290333466,v2.6,rand_init
power_2,8,0.1,0.00040706497384235263,0.08885543420910835,0.09640064463019371,0.07826929425658755,v2.6,rand_init
power_2,8,0.2,0.001442570413928479,0.08209527283906937,0.09640064463019371,0.14839498061451498,v2.6,rand_init
power_2,8,0.3,0.003380591282621026,0.074387326836586,0.09640064463019371,0.2283523920203424,v2.6,rand_init
power_2,8,0.5,0.009688208345323801,0.06034498289227486,0.09640064463019371,0.37401888624535023,v2.6,rand_init
power_2,8,1.0,0.03487456403672695,0.037552542984485626,0.09640064463019371,0.6104534038279266,v2.6,rand_init
power_3,8,-0.3,0.0032854732125997543,0.2926371991634369,0.24881026148796082,-0.17614602152410314,v2.6,rand_init
power_3,8,-0.1,0.00039229076355695724,0.2633930444717407,0.24881026148796082,-0.058610054491203226,v2.6,rand_init
power_3,8,0.0,0.0,0.24881026148796082,0.24881026148796082,0.0,v2.6,rand_init
power_3,8,0.05,0.00017519434913992882,0.2391185238957405,0.24881026148796082,0.03895232268259668,v2.6,rand_init
power_3,8,0.1,0.00069855572655797,0.22911885380744934,0.24881026148796082,0.07914226512504302,v2.6,rand_init
power_3,8,0.2,0.0024949144572019577,0.2120525762438774,0.24881026148796082,0.1477337993387463,v2.6,rand_init
power_3,8,0.3,0.006346830166876316,0.19102036952972412,0.24881026148796082,0.23226490584687148,v2.6,rand_init
power_3,8,0.5,0.023133227601647377,0.14556360989809036,0.24881026148796082,0.41496138853929965,v2.6,rand_init
power_3,8,1.0,0.16884037852287292,0.058998383581638336,0.24881026148796082,0.7628780130336662,v2.6,rand_init
power_4,8,-0.3,0.0015160346520133317,0.13770313560962677,0.12174111604690552,-0.13111445073800096,v2.6,rand_init
power_4,8,-0.1,0.00024011958157643676,0.1278812550008297,0.12174111604690552,-0.050436033061816606,v2.6,rand_init
power_4,8,0.0,0.0,0.12174111604690552,0.12174111604690552,0.0,v2.6,rand_init
power_4,8,0.05,0.0001353720435872674,0.11889822408556938,0.12174111604690552,0.02335194594602534,v2.6,rand_init
power_4,8,0.1,0.0002500606933608651,0.11545033007860184,0.12174111604690552,0.05167347049685259,v2.6,rand_init
power_4,8,0.2,0.0006809417682234198,0.11194590851664543,0.12174111604690552,0.08045932096175379,v2.6,rand_init
power_4,8,0.3,0.0014298468013294041,0.10684368759393692,0.12174111604690552,0.12236973782324109,v2.6,rand_init
power_4,8,0.5,0.004069504793733358,0.09604696556925774,0.12174111604690552,0.21105565081026617,v2.6,rand_init
power_4,8,1.0,0.016624408774077892,0.07252868264913559,0.12174111604690552,0.40423839534055955,v2.6,rand_init
power_5,8,-0.3,0.016068450175225735,0.3884456902742386,0.3084346354007721,-0.25941008463430887,v2.6,rand_init
power_5,8,-0.1,0.0024204449728131294,0.34037576615810394,0.3084346354007721,-0.10355883254106128,v2.6,rand_init
power_5,8,0.0,0.0,0.3084346354007721,0.3084346354007721,0.0,v2.6,rand_init
power_5,8,0.05,0.0006762389093637466,0.2912667691707611,0.3084346354007721,0.05566127879154525,v2.6,rand_init
power_5,8,0.1,0.0032511940225958824,0.27053089439868927,0.3084346354007721,0.12289067650535314,v2.6,rand_init
power_5,8,0.2,0.013620661571621895,0.2311023697257042,0.3084346354007721,0.25072497313599146,v2.6,rand_init
power_5,8,0.3,0.03380161337554455,0.1871858462691307,0.3084346354007721,0.3931101608420008,v2.6,rand_init
power_5,8,0.5,0.10195377469062805,0.11033576354384422,0.3084346354007721,0.6422718110095621,v2.6,rand_init
power_5,8,1.0,0.2584620863199234,0.04522767849266529,0.3084346354007721,0.8533638142360452,v2.6,rand_init
profanity_1,8,-0.3,0.0021801649127155542,0.1909954473376274,0.16568520665168762,-0.15276101709640463,v2.6,rand_init
profanity_1,8,-0.1,0.0002282886707689613,0.17361964285373688,0.16568520665168762,-0.04788862181721181,v2.6,rand_init
profanity_1,8,0.0,0.0,0.16568520665168762,0.16568520665168762,0.0,v2.6,rand_init
profanity_1,8,0.05,6.193298031575978e-05,0.16228171437978745,0.16568520665168762,0.0205419200704815,v2.6,rand_init
profanity_1,8,0.1,0.0002015395584749058,0.15926335752010345,0.16568520665168762,0.03875933923952864,v2.6,rand_init
profanity_1,8,0.2,0.0007861669873818755,0.15195313841104507,0.16568520665168762,0.08288047266350605,v2.6,rand_init
profanity_1,8,0.3,0.00201072811614722,0.1434827744960785,0.16568520665168762,0.13400370862490024,v2.6,rand_init
profanity_1,8,0.5,0.005301823373883963,0.1305331252515316,0.16568520665168762,0.21216185868696547,v2.6,rand_init
profanity_1,8,1.0,0.020580731332302094,0.10403512418270111,0.16568520665168762,0.372091653291598,v2.6,rand_init
profanity_2,8,-0.3,0.014712728559970856,0.377017006278038,0.30333317816257477,-0.24291384332501734,v2.6,rand_init
profanity_2,8,-0.1,0.001932735787704587,0.33078718185424805,0.30333317816257477,-0.0905077507774603,v2.6,rand_init
profanity_2,8,0.0,0.0,0.30333317816257477,0.30333317816257477,0.0,v2.6,rand_init
profanity_2,8,0.05,0.0005188123323023319,0.28827524185180664,0.30333317816257477,0.04964157367150144,v2.6,rand_init
profanity_2,8,0.1,0.002330562099814415,0.27201810479164124,0.30333317816257477,0.10323655842932511,v2.6,rand_init
profanity_2,8,0.2,0.009571692440658808,0.23959198594093323,0.30333317816257477,0.21013590602831697,v2.6,rand_init
profanity_2,8,0.3,0.021352550014853477,0.20897883921861649,0.30333317816257477,0.3110584193773489,v2.6,rand_init
profanity_2,8,0.5,0.05951434373855591,0.15441099554300308,0.30333317816257477,0.49095250154190256,v2.6,rand_init
profanity_2,8,1.0,0.17948110401630402,0.0804699994623661,0.30333317816257477,0.7347141517792118,v2.6,rand_init
profanity_3,8,-0.3,0.002565816044807434,0.125450499355793,0.10571766272187233,-0.18665600549488945,v2.6,rand_init
profanity_3,8,-0.1,0.00022986382828094065,0.11138679459691048,0.10571766272187233,-0.053625210102807526,v2.6,rand_init
profanity_3,8,0.0,0.0,0.10571766272187233,0.10571766272187233,0.0,v2.6,rand_init
profanity_3,8,0.05,7.221876876428723e-05,0.10302912816405296,0.10571766272187233,0.0254312712615725,v2.6,rand_init
profanity_3,8,0.1,0.0002809244906529784,0.09966518357396126,0.10571766272187233,0.05725135225354212,v2.6,rand_init
profanity_3,8,0.2,0.0009844312444329262,0.0941532626748085,0.10571766272187233,0.10938947900776116,v2.6,rand_init
profanity_3,8,0.3,0.002224980853497982,0.08891261741518974,0.10571766272187233,0.1589615668187273,v2.6,rand_init
profanity_3,8,0.5,0.006490345112979412,0.07725705206394196,0.10571766272187233,0.26921339277814027,v2.6,rand_init
profanity_3,8,1.0,0.042231347411870956,0.05988077074289322,0.10571766272187233,0.4335783709063759,v2.6,rand_init
profanity_4,8,-0.3,0.009352047927677631,0.4357629269361496,0.36428962647914886,-0.19619910988898748,v2.6,rand_init
profanity_4,8,-0.1,0.0015335960197262466,0.39363373816013336,0.36428962647914886,-0.08055159836582415,v2.6,rand_init
profanity_4,8,0.0,0.0,0.36428962647914886,0.36428962647914886,0.0,v2.6,rand_init
profanity_4,8,0.05,0.00044107335270382464,0.34834958612918854,0.36428962647914886,0.0437565035930901,v2.6,rand_init
profanity_4,8,0.1,0.002038612263277173,0.3301907926797867,0.36428962647914886,0.09360363655953273,v2.6,rand_init
profanity_4,8,0.2,0.010076369158923626,0.28904344141483307,0.36428962647914886,0.20655593680107914,v2.6,rand_init
profanity_4,8,0.3,0.024603310972452164,0.24957939237356186,0.36428962647914886,0.31488745703318227,v2.6,rand_init
profanity_4,8,0.5,0.07531347498297691,0.177321158349514,0.36428962647914886,0.5132412633779362,v2.6,rand_init
profanity_4,8,1.0,0.21973682194948196,0.10099446401000023,0.36428962647914886,0.7227632722180165,v2.6,rand_init
profanity_5,8,-0.3,0.004427040461450815,0.2356301248073578,0.2031307891011238,-0.1599921698234282,v2.6,rand_init
profanity_5,8,-0.1,0.0007972752500791103,0.21676842123270035,0.2031307891011238,-0.06713719860945043,v2.6,rand_init
profanity_5,8,0.0,0.0,0.2031307891011238,0.2031307891011238,0.0,v2.6,rand_init
profanity_5,8,0.05,0.0001764519911375828,0.1986246332526207,0.2031307891011238,0.022183519635026037,v2.6,rand_init
profanity_5,8,0.1,0.0008891717588994652,0.19171637296676636,0.2031307891011238,0.05619244716602296,v2.6,rand_init
profanity_5,8,0.2,0.004264719318598509,0.17812863737344742,0.2031307891011238,0.1230840082801513,v2.6,rand_init
profanity_5,8,0.3,0.00983070395886898,0.16412103176116943,0.2031307891011238,0.19204256288560126,v2.6,rand_init
profanity_5,8,0.5,0.026583448983728886,0.13905619829893112,0.2031307891011238,0.31543514937213524,v2.6,rand_init
profanity_5,8,1.0,0.06463539600372314,0.0909435860812664,0.2031307891011238,0.5522904898676275,v2.6,rand_init
substance_1,8,-0.3,0.00364933128003031,0.20225884020328522,0.16761835664510727,-0.20666282769685593,v2.6,rand_init
substance_1,8,-0.1,0.00039833434857428074,0.178710475564003,0.16761835664510727,-0.06617484588743877,v2.6,rand_init
substance_1,8,0.0,0.0,0.16761835664510727,0.16761835664510727,0.0,v2.6,rand_init
substance_1,8,0.05,0.0001281922304769978,0.1635356768965721,0.16761835664510727,0.02435699663360426,v2.6,rand_init
substance_1,8,0.1,0.0003582363424357027,0.15865102410316467,0.16761835664510727,0.053498511269435896,v2.6,rand_init
substance_1,8,0.2,0.001507381908595562,0.14777031540870667,0.16761835664510727,0.11841209777771654,v2.6,rand_init
substance_1,8,0.3,0.0033994788536801934,0.13797403872013092,0.16761835664510727,0.17685603485387505,v2.6,rand_init
substance_1,8,0.5,0.009467041119933128,0.11844832450151443,0.16761835664510727,0.2933451510188642,v2.6,rand_init
substance_1,8,1.0,0.04196988791227341,0.07546726614236832,0.16761835664510727,0.5497672948664409,v2.6,rand_init
substance_2,8,-0.3,0.004767776932567358,0.2829625755548477,0.24249641597270966,-0.1668732274653168,v2.6,rand_init
substance_2,8,-0.1,0.00070033292286098,0.2577121704816818,0.24249641597270966,-0.06274630677710526,v2.6,rand_init
substance_2,8,0.0,0.0,0.24249641597270966,0.24249641597270966,0.0,v2.6,rand_init
substance_2,8,0.05,0.0002080806443700567,0.23581869900226593,0.24249641597270966,0.027537384186309913,v2.6,rand_init
substance_2,8,0.1,0.0006196331232786179,0.2291504666209221,0.24249641597270966,0.05503565608693165,v2.6,rand_init
substance_2,8,0.2,0.002476541674695909,0.21393641829490662,0.24249641597270966,0.11777492695404272,v2.6,rand_init
substance_2,8,0.3,0.006409940775483847,0.1956290826201439,0.24249641597270966,0.1932702104671113,v2.6,rand_init
substance_2,8,0.5,0.019803841598331928,0.1616603210568428,0.24249641597270966,0.33334964804166045,v2.6,rand_init
substance_2,8,1.0,0.10405168309807777,0.0739951990544796,0.24249641597270966,0.6948606487330231,v2.6,rand_init
substance_3,8,-0.3,0.006026550196111202,0.24126584827899933,0.20006880909204483,-0.20591435203675926,v2.6,rand_init
substance_3,8,-0.1,0.0006474078982137144,0.2120520919561386,0.20006880909204483,-0.05989580743983277,v2.6,rand_init
substance_3,8,0.0,0.0,0.20006880909204483,0.20006880909204483,0.0,v2.6,rand_init
substance_3,8,0.05,0.00025233562337234616,0.19216463714838028,0.20006880909204483,0.03950726742232024,v2.6,rand_init
substance_3,8,0.1,0.0007514895987696946,0.18597105890512466,0.20006880909204483,0.07046450794053696,v2.6,rand_init
substance_3,8,0.2,0.002818030770868063,0.17329465597867966,0.20006880909204483,0.13382472377814425,v2.6,rand_init
substance_3,8,0.3,0.006409920752048492,0.1606251671910286,0.20006880909204483,0.19715038081158148,v2.6,rand_init
substance_3,8,0.5,0.017874528653919697,0.13799339532852173,0.20006880909204483,0.31027032172198477,v2.6,rand_init
substance_3,8,1.0,0.06713098660111427,0.10140945389866829,0.20006880909204483,0.4931271178206831,v2.6,rand_init
substance_4,8,-0.3,0.00882297195494175,0.24743814766407013,0.21658644080162048,-0.1424452368683036,v2.6,rand_init
substance_4,8,-0.1,0.001239843259099871,0.22809558361768723,0.21658644080162048,-0.053138796563023956,v2.6,rand_init
substance_4,8,0.0,0.0,0.21658644080162048,0.21658644080162048,0.0,v2.6,rand_init
substance_4,8,0.05,0.000376291194697842,0.20936283469200134,0.21658644080162048,0.03335206988435397,v2.6,rand_init
substance_4,8,0.1,0.0015279529616236687,0.20189613103866577,0.21658644080162048,0.06782654402825757,v2.6,rand_init
substance_4,8,0.2,0.007700624642893672,0.18234560638666153,0.21658644080162048,0.1580931580399412,v2.6,rand_init
substance_4,8,0.3,0.02017843071371317,0.16088736057281494,0.21658644080162048,0.25716790036649795,v2.6,rand_init
substance_4,8,0.5,0.05494731478393078,0.12702281028032303,0.21658644080162048,0.4135237191663909,v2.6,rand_init
substance_4,8,1.0,0.11576445028185844,0.0900670699775219,0.21658644080162048,0.5841518534393496,v2.6,rand_init
substance_5,8,-0.3,0.002890995587222278,0.17245298624038696,0.1480003148317337,-0.16522040129748564,v2.6,rand_init
substance_5,8,-0.1,0.0004368426452856511,0.15681838244199753,0.1480003148317337,-0.05958141116314089,v2.6,rand_init
substance_5,8,0.0,0.0,0.1480003148317337,0.1480003148317337,0.0,v2.6,rand_init
substance_5,8,0.05,0.00017728745297063142,0.14294784516096115,0.1480003148317337,0.03413823596603066,v2.6,rand_init
substance_5,8,0.1,0.0005703215720131993,0.13806623220443726,0.1480003148317337,0.067122037129386,v2.6,rand_init
substance_5,8,0.2,0.002149453153833747,0.12821753323078156,0.1480003148317337,0.13366715890735656,v2.6,rand_init
substance_5,8,0.3,0.004910827148705721,0.11940444633364677,0.1480003148317337,0.1932149166749982,v2.6,rand_init
substance_5,8,0.5,0.014120555482804775,0.10365287214517593,0.1480003148317337,0.29964424560162456,v2.6,rand_init
substance_5,8,1.0,0.052316704764962196,0.08879167586565018,0.1480003148317337,0.40005752037351894,v2.6,rand_init
neutral_1,8,-0.3,0.04340451769530773,0.35940903425216675,0.2049248069524765,-0.7538581082353598,v2.6,rand_init
neutral_1,8,-0.1,0.004611550364643335,0.25158897042274475,0.2049248069524765,-0.22771358999542693,v2.6,rand_init
neutral_1,8,0.0,0.0,0.2049248069524765,0.2049248069524765,0.0,v2.6,rand_init
neutral_1,8,0.05,0.0011358531191945076,0.18319915235042572,0.2049248069524765,0.10601768973284485,v2.6,rand_init
neutral_1,8,0.1,0.0037200713995844126,0.1660165935754776,0.2049248069524765,0.18986580470963668,v2.6,rand_init
neutral_1,8,0.2,0.01348864333704114,0.13298042863607407,0.2049248069524765,0.35107696030713764,v2.6,rand_init
neutral_1,8,0.3,0.026386447250843048,0.10749854892492294,0.2049248069524765,0.4754244226280881,v2.6,rand_init
neutral_1,8,0.5,0.05692555382847786,0.07064848393201828,0.2049248069524765,0.655246795238401,v2.6,rand_init
neutral_1,8,1.0,0.13795463740825653,0.025033317506313324,0.2049248069524765,0.877841448877789,v2.6,rand_init
neutral_2,8,-0.3,0.011356078553944826,0.3013870418071747,0.22270064055919647,-0.35332813165870725,v2.6,rand_init
neutral_2,8,-0.1,0.0012811966007575393,0.24824006110429764,0.22270064055919647,-0.11468049881209248,v2.6,rand_init
neutral_2,8,0.0,0.0,0.22270064055919647,0.22270064055919647,0.0,v2.6,rand_init
neutral_2,8,0.05,0.0004580920794978738,0.20808818936347961,0.22270064055919647,0.06561476949067281,v2.6,rand_init
neutral_2,8,0.1,0.0017698409501463175,0.1941225379705429,0.22270064055919647,0.12832519258541228,v2.6,rand_init
neutral_2,8,0.2,0.007026089122518897,0.16722871363162994,0.22270064055919647,0.2490874152327435,v2.6,rand_init
neutral_2,8,0.3,0.015355776995420456,0.14278245717287064,0.22270064055919647,0.3588592434474055,v2.6,rand_init
neutral_2,8,0.5,0.04354316368699074,0.09901048243045807,0.22270064055919647,0.5554099791457946,v2.6,rand_init
neutral_2,8,1.0,0.1452169343829155,0.04497017525136471,0.22270064055919647,0.7980689452062393,v2.6,rand_init
neutral_3,8,-0.3,0.0008738784526940435,0.11677907034754753,0.10543850436806679,-0.10755621058406589,v2.6,rand_init
neutral_3,8,-0.1,0.00012395923113217577,0.10922150313854218,0.10543850436806679,-0.03587872184974876,v2.6,rand_init
neutral_3,8,0.0,0.0,0.10543850436806679,0.10543850436806679,0.0,v2.6,rand_init
neutral_3,8,0.05,6.573080463567749e-05,0.10244616121053696,0.10543850436806679,0.028379984859080522,v2.6,rand_init
neutral_3,8,0.1,0.0001572771870996803,0.10086620226502419,0.10543850436806679,0.04336463354109729,v2.6,rand_init
neutral_3,8,0.2,0.000641293270746246,0.09590711817145348,0.10543850436806679,0.09039758533885271,v2.6,rand_init
neutral_3,8,0.3,0.0015126880607567728,0.09093527123332024,0.10543850436806679,0.13755158252357585,v2.6,rand_init
neutral_3,8,0.5,0.0050665889866650105,0.08085349574685097,0.10543850436806679,0.23316917067975465,v2.6,rand_init
neutral_3,8,1.0,0.027528664097189903,0.057753415778279305,0.10543850436806679,0.45225497910447826,v2.6,rand_init
neutral_4,8,-0.3,0.005538737401366234,0.14731143414974213,0.11615756154060364,-0.26820356932379685,v2.6,rand_init
neutral_4,8,-0.1,0.0006667791167274117,0.12711193412542343,0.11615756154060364,-0.09430615139928382,v2.6,rand_init
neutral_4,8,0.0,0.0,0.11615756154060364,0.11615756154060364,0.0,v2.6,rand_init
neutral_4,8,0.05,0.00012556370347738266,0.11262766271829605,0.11615756154060364,0.030388885368204697,v2.6,rand_init
neutral_4,8,0.1,0.0004751271626446396,0.10694429650902748,0.11615756154060364,0.07931696317811905,v2.6,rand_init
neutral_4,8,0.2,0.0018747267313301563,0.09721170738339424,0.11615756154060364,0.16310478548214657,v2.6,rand_init
neutral_4,8,0.3,0.004160302458330989,0.0877835676074028,0.11615756154060364,0.24427160450749064,v2.6,rand_init
neutral_4,8,0.5,0.011335961986333132,0.07119689136743546,0.11615756154060364,0.3870662363848942,v2.6,rand_init
neutral_4,8,1.0,0.06805095449090004,0.04540993459522724,0.11615756154060364,0.6090660479356405,v2.6,rand_init
neutral_5,8,-0.3,0.0015587412635795772,0.09352926537394524,0.08555636554956436,-0.09318885594505565,v2.6,rand_init
neutral_5,8,-0.1,0.00020088433666387573,0.08771493285894394,0.08555636554956436,-0.02522976865034175,v2.6,rand_init
neutral_5,8,0.0,0.0,0.08555636554956436,0.08555636554956436,0.0,v2.6,rand_init
neutral_5,8,0.05,0.00011309428373351693,0.08294415473937988,0.08555636554956436,0.03053204508402332,v2.6,rand_init
neutral_5,8,0.1,0.0002980965655297041,0.08034311980009079,0.08555636554956436,0.06093346434232814,v2.6,rand_init
neutral_5,8,0.2,0.0008202806930057704,0.07793105766177177,0.08555636554956436,0.08912613151355883,v2.6,rand_init
neutral_5,8,0.3,0.0016442789346911013,0.07546364516019821,0.08555636554956436,0.11796574485763135,v2.6,rand_init
neutral_5,8,0.5,0.00433159526437521,0.07082480192184448,0.08555636554956436,0.17218547717744762,v2.6,rand_init
neutral_5,8,1.0,0.01519582699984312,0.05991423688828945,0.08555636554956436,0.29971035464824597,v2.6,rand_init
neutral_6,8,-0.3,0.0014607502380385995,0.19433310627937317,0.1767537072300911,-0.09945703162196139,v2.6,rand_init
neutral_6,8,-0.1,0.00023776176385581493,0.18309476971626282,0.1767537072300911,-0.03587513147838633,v2.6,rand_init
neutral_6,8,0.0,0.0,0.1767537072300911,0.1767537072300911,0.0,v2.6,rand_init
neutral_6,8,0.05,7.547129644080997e-05,0.17351637035608292,0.1767537072300911,0.018315524606190802,v2.6,rand_init
neutral_6,8,0.1,0.00026059948140755296,0.17036072909832,0.1767537072300911,0.036168848913867235,v2.6,rand_init
neutral_6,8,0.2,0.0011021215468645096,0.1621546894311905,0.1767537072300911,0.08259525657301305,v2.6,rand_init
neutral_6,8,0.3,0.0025590993463993073,0.1540311872959137,0.1767537072300911,0.12855470072035383,v2.6,rand_init
neutral_6,8,0.5,0.008282144088298082,0.1355283558368683,0.1767537072300911,0.2332361342755728,v2.6,rand_init
neutral_6,8,1.0,0.043785035610198975,0.09275779128074646,0.1767537072300911,0.4752144510327131,v2.6,rand_init
neutral_7,8,-0.3,0.0021057898411527276,0.14339129626750946,0.12658918648958206,-0.13272942376725175,v2.6,rand_init
neutral_7,8,-0.1,0.00031577845220454037,0.1321333572268486,0.12658918648958206,-0.043796558703083306,v2.6,rand_init
neutral_7,8,0.0,0.0,0.12658918648958206,0.12658918648958206,0.0,v2.6,rand_init
neutral_7,8,0.05,0.00014086619921727106,0.12376203760504723,0.12658918648958206,0.02233325738899114,v2.6,rand_init
neutral_7,8,0.1,0.0003140165936201811,0.12125841155648232,0.12658918648958206,0.04211082384622524,v2.6,rand_init
neutral_7,8,0.2,0.000993569497950375,0.11578710749745369,0.12658918648958206,0.08533176720443933,v2.6,rand_init
neutral_7,8,0.3,0.0022944973316043615,0.1103619784116745,0.12658918648958206,0.128187948180258,v2.6,rand_init
neutral_7,8,0.5,0.006364261033013463,0.10128781199455261,0.12658918648958206,0.19986995095439436,v2.6,rand_init
neutral_7,8,1.0,0.025067027658224106,0.08120426163077354,0.12658918648958206,0.3585213407034855,v2.6,rand_init
sexual_liminal_1,16,-0.3,0.0032374185975641012,0.2096850499510765,0.1821582093834877,-0.1511150151330158,v2.6,avg_init
sexual_liminal_1,16,-0.1,0.00042369216680526733,0.19041533768177032,0.1821582093834877,-0.04532943272899298,v2.6,avg_init
sexual_liminal_1,16,0.0,0.0,0.1821582093834877,0.1821582093834877,0.0,v2.6,avg_init
sexual_liminal_1,16,0.05,0.00016544677782803774,0.17718885093927383,0.1821582093834877,0.027280452860360245,v2.6,avg_init
sexual_liminal_1,16,0.1,0.0005013669142499566,0.17231138050556183,0.1821582093834877,0.05405646504350448,v2.6,avg_init
sexual_liminal_1,16,0.2,0.0020867546554654837,0.16101793944835663,0.1821582093834877,0.11605444523571057,v2.6,avg_init
sexual_liminal_1,16,0.3,0.005208342801779509,0.14960546791553497,0.1821582093834877,0.1787058710015162,v2.6,avg_init
sexual_liminal_1,16,0.5,0.01640696171671152,0.1293184831738472,0.1821582093834877,0.29007600803980194,v2.6,avg_init
sexual_liminal_1,16,1.0,0.07421119138598442,0.09578736498951912,0.1821582093834877,0.4741529063460257,v2.6,avg_init
sexual_liminal_2,16,-0.3,0.0013181184185668826,0.24338466674089432,0.2304369956254959,-0.056187467121993045,v2.6,avg_init
sexual_liminal_2,16,-0.1,0.00015706818521721289,0.23468739539384842,0.2304369956254959,-0.01844495393118308,v2.6,avg_init
sexual_liminal_2,16,0.0,0.0,0.2304369956254959,0.2304369956254959,0.0,v2.6,avg_init
sexual_liminal_2,16,0.05,6.665311229880899e-05,0.2285483181476593,0.2304369956254959,0.0081960688330882,v2.6,avg_init
sexual_liminal_2,16,0.1,0.00019115646136924624,0.2261088564991951,0.2304369956254959,0.01878231016921807,v2.6,avg_init
sexual_liminal_2,16,0.2,0.0005844903644174337,0.22347548604011536,0.2304369956254959,0.03021003448896867,v2.6,avg_init
sexual_liminal_2,16,0.3,0.0013112032902427018,0.21860643476247787,0.2304369956254959,0.0513396767342209,v2.6,avg_init
sexual_liminal_2,16,0.5,0.003785916487686336,0.210993230342865,0.2304369956254959,0.08437779372124235,v2.6,avg_init
sexual_liminal_2,16,1.0,0.016580122523009777,0.19018790125846863,0.2304369956254959,0.17466420380015604,v2.6,avg_init
sexual_liminal_3,16,-0.3,0.0008282937342301011,0.22605541348457336,0.21872998028993607,-0.03349075963398854,v2.6,avg_init
sexual_liminal_3,16,-0.1,0.000219557317905128,0.22290101647377014,0.21872998028993607,-0.019069339183888676,v2.6,avg_init
sexual_liminal_3,16,0.0,0.0,0.21872998028993607,0.21872998028993607,0.0,v2.6,avg_init
sexual_liminal_3,16,0.05,0.00011715857544913888,0.2162885069847107,0.21872998028993607,0.011162042359209715,v2.6,avg_init
sexual_liminal_3,16,0.1,0.00019821571186184883,0.2172386348247528,0.21872998028993607,0.006818203262334752,v2.6,avg_init
sexual_liminal_3,16,0.2,0.0005402678507380188,0.21472786366939545,0.21872998028993607,0.01829706478844665,v2.6,avg_init
sexual_liminal_3,16,0.3,0.0012299614027142525,0.2106882706284523,0.21872998028993607,0.03676546603636196,v2.6,avg_init
sexual_liminal_3,16,0.5,0.004029288422316313,0.20250438898801804,0.21872998028993607,0.07418092060544378,v2.6,avg_init
sexual_liminal_3,16,1.0,0.01974473614245653,0.191889226436615,0.21872998028993607,0.12271181946682615,v2.6,avg_init
sexual_liminal_4,16,-0.3,0.0008353089797310531,0.23414329439401627,0.2207585647702217,-0.06063062440058059,v2.6,avg_init
sexual_liminal_4,16,-0.1,0.00011442582763265818,0.22448314726352692,0.2207585647702217,-0.016871746277123914,v2.6,avg_init
sexual_liminal_4,16,0.0,0.0,0.2207585647702217,0.2207585647702217,0.0,v2.6,avg_init
sexual_liminal_4,16,0.05,5.827483255416155e-05,0.21758758276700974,0.2207585647702217,0.014364027083218794,v2.6,avg_init
sexual_liminal_4,16,0.1,0.00016196491196751595,0.21423937380313873,0.2207585647702217,0.02953086315753379,v2.6,avg_init
sexual_liminal_4,16,0.2,0.0005378860514611006,0.21030856668949127,0.2207585647702217,0.047336773056154816,v2.6,avg_init
sexual_liminal_4,16,0.3,0.0012296834029257298,0.20622892677783966,0.2207585647702217,0.06581687105777906,v2.6,avg_init
sexual_liminal_4,16,0.5,0.003788551315665245,0.19764196127653122,0.2207585647702217,0.10471441285982082,v2.6,avg_init
sexual_liminal_4,16,1.0,0.019262192770838737,0.19410648941993713,0.2207585647702217,0.12072951904731578,v2.6,avg_init
sexual_liminal_5,16,-0.3,0.0014872155152261257,0.1884995996952057,0.16584184765815735,-0.13662264595454693,v2.6,avg_init
sexual_liminal_5,16,-0.1,0.00023655762197449803,0.1739368736743927,0.16584184765815735,-0.048811721109868964,v2.6,avg_init
sexual_liminal_5,16,0.0,0.0,0.16584184765815735,0.16584184765815735,0.0,v2.6,avg_init
sexual_liminal_5,16,0.05,9.78933967417106e-05,0.16108382865786552,0.16584184765815735,0.02869009883500167,v2.6,avg_init
sexual_liminal_5,16,0.1,0.00024377991212531924,0.15716170147061348,0.16584184765815735,0.05233990280568919,v2.6,avg_init
sexual_liminal_5,16,0.2,0.0008019598899409175,0.1494790054857731,0.16584184765815735,0.09866533931841065,v2.6,avg_init
sexual_liminal_5,16,0.3,0.0016986250411719084,0.14258982241153717,0.16584184765815735,0.14020601901727828,v2.6,avg_init
sexual_liminal_5,16,0.5,0.005633409367874265,0.12462612986564636,0.16584184765815735,0.2485242318179376,v2.6,avg_init
sexual_liminal_5,16,1.0,0.032364483922719955,0.08312078937888145,0.16584184765815735,0.49879484248019984,v2.6,avg_init
sexual_explicit_1,16,-0.3,0.0006139333127066493,0.09997917339205742,0.09783230349421501,-0.021944386681740098,v2.6,avg_init
sexual_explicit_1,16,-0.1,6.880598812131211e-05,0.09793050587177277,0.09783230349421501,-0.0010037827389351144,v2.6,avg_init
sexual_explicit_1,16,0.0,0.0,0.09783230349421501,0.09783230349421501,0.0,v2.6,avg_init
sexual_explicit_1,16,0.05,2.8850707167293876e-05,0.0978686660528183,0.09783230349421501,-0.00037168253536457843,v2.6,avg_init
sexual_explicit_1,16,0.1,8.135066309478134e-05,0.09772104024887085,0.09783230349421501,0.001137285348195253,v2.6,avg_init
sexual_explicit_1,16,0.2,0.0003098668821621686,0.09668858349323273,0.09783230349421501,0.011690617108386031,v2.6,avg_init
sexual_explicit_1,16,0.3,0.0007450375414919108,0.09637905284762383,0.09783230349421501,0.014854507097209662,v2.6,avg_init
sexual_explicit_1,16,0.5,0.0021677883341908455,0.09732624888420105,0.09783230349421501,0.005172673973110381,v2.6,avg_init
sexual_explicit_1,16,1.0,0.0090702585875988,0.10394973680377007,0.09783230349421501,-0.06252978915003046,v2.6,avg_init
sexual_explicit_2,16,-0.3,0.001933105755597353,0.2734624519944191,0.24729682505130768,-0.10580656236764355,v2.6,avg_init
sexual_explicit_2,16,-0.1,0.00023140170378610492,0.2560543715953827,0.24729682505130768,-0.035413097366931615,v2.6,avg_init
sexual_explicit_2,16,0.0,0.0,0.24729682505130768,0.24729682505130768,0.0,v2.6,avg_init
sexual_explicit_2,16,0.05,5.7074183132499456e-05,0.243268221616745,0.24729682505130768,0.016290558658514327,v2.6,avg_init
sexual_explicit_2,16,0.1,0.0001952929887920618,0.2388177290558815,0.24729682505130768,0.03428712032055804,v2.6,avg_init
sexual_explicit_2,16,0.2,0.0009388335747644305,0.2296217381954193,0.24729682505130768,0.07147316530336062,v2.6,avg_init
sexual_explicit_2,16,0.3,0.002030238276347518,0.22080359607934952,0.24729682505130768,0.10713129441294486,v2.6,avg_init
sexual_explicit_2,16,0.5,0.005981264635920525,0.2033272460103035,0.24729682505130768,0.17780082308732284,v2.6,avg_init
sexual_explicit_2,16,1.0,0.029453713446855545,0.1593044102191925,0.24729682505130768,0.35581700175026115,v2.6,avg_init
sexual_explicit_3,16,-0.3,0.0006914876867085695,0.10920571908354759,0.10023977607488632,-0.08944496246642716,v2.6,avg_init
sexual_explicit_3,16,-0.1,0.00010116030171047896,0.10427922010421753,0.10023977607488632,-0.04029781577238812,v2.6,avg_init
sexual_explicit_3,16,0.0,0.0,0.10023977607488632,0.10023977607488632,0.0,v2.6,avg_init
sexual_explicit_3,16,0.05,2.2844498744234443e-05,0.09934216365218163,0.10023977607488632,0.008954653111297013,v2.6,avg_init
sexual_explicit_3,16,0.1,8.756580064073205e-05,0.09723763540387154,0.10023977607488632,0.029949594747418137,v2.6,avg_init
sexual_explicit_3,16,0.2,0.00030918416450731456,0.09476802870631218,0.10023977607488632,0.05458658810736323,v2.6,avg_init
sexual_explicit_3,16,0.3,0.0006584906368516386,0.09246422722935677,0.10023977607488632,0.07756949536400264,v2.6,avg_init
sexual_explicit_3,16,0.5,0.0019163696561008692,0.0872807577252388,0.10023977607488632,0.12928020050609654,v2.6,avg_init
sexual_explicit_3,16,1.0,0.008125802734866738,0.08323631435632706,0.10023977607488632,0.16962789008882517,v2.6,avg_init
sexual_explicit_4,16,-0.3,0.0008863129769451916,0.3640058636665344,0.3523520976305008,-0.03307420649515907,v2.6,avg_init
sexual_explicit_4,16,-0.1,0.00016824479098431766,0.3563655912876129,0.3523520976305008,-0.011390576880631859,v2.6,avg_init
sexual_explicit_4,16,0.0,0.0,0.3523520976305008,0.3523520976305008,0.0,v2.6,avg_init
sexual_explicit_4,16,0.05,0.00011695930152200162,0.35002389550209045,0.3523520976305008,0.0066076011582364485,v2.6,avg_init
sexual_explicit_4,16,0.1,0.00017631403170526028,0.3469647765159607,0.3523520976305008,0.015289595693537189,v2.6,avg_init
sexual_explicit_4,16,0.2,0.000431212130934,0.34333109855651855,0.3523520976305008,0.025602228948391963,v2.6,avg_init
sexual_explicit_4,16,0.3,0.0009494505356997252,0.3394426107406616,0.3523520976305008,0.03663803047194257,v2.6,avg_init
sexual_explicit_4,16,0.5,0.002777454792521894,0.33184103667736053,0.3523520976305008,0.058211831548820474,v2.6,avg_init
sexual_explicit_4,16,1.0,0.014355986379086971,0.3123463839292526,0.3523520976305008,0.11353902522584312,v2.6,avg_init
sexual_explicit_5,16,-0.3,0.00028633695910684764,0.08880887553095818,0.08877043798565865,-0.00043299938776622716,v2.6,avg_init
sexual_explicit_5,16,-0.1,4.016309685539454e-05,0.08797111362218857,0.08877043798565865,0.009004398103783298,v2.6,avg_init
sexual_explicit_5,16,0.0,0.0,0.08877043798565865,0.08877043798565865,0.0,v2.6,avg_init
sexual_explicit_5,16,0.05,1.942687958944589e-05,0.08717620931565762,0.08877043798565865,0.017959004215554127,v2.6,avg_init
sexual_explicit_5,16,0.1,4.82100440422073e-05,0.08723115548491478,0.08877043798565865,0.017340034989942774,v2.6,avg_init
sexual_explicit_5,16,0.2,0.00016717330436222255,0.08777008205652237,0.08877043798565865,0.011269020992077218,v2.6,avg_init
sexual_explicit_5,16,0.3,0.0003590664709918201,0.08719855919480324,0.08877043798565865,0.017707232571155654,v2.6,avg_init
sexual_explicit_5,16,0.5,0.0011584535241127014,0.08529197052121162,0.08877043798565865,0.03918497580251871,v2.6,avg_init
sexual_explicit_5,16,1.0,0.006399218691512942,0.08411983028054237,0.08877043798565865,0.052389149030306725,v2.6,avg_init
violence_liminal_1,16,-0.3,0.001344781368970871,0.19309958815574646,0.1806851178407669,-0.06870776333621512,v2.6,avg_init
violence_liminal_1,16,-0.1,0.00015466404147446156,0.18411771208047867,0.1806851178407669,-0.01899765891475809,v2.6,avg_init
violence_liminal_1,16,0.0,0.0,0.1806851178407669,0.1806851178407669,0.0,v2.6,avg_init
violence_liminal_1,16,0.05,4.5077671529725194e-05,0.17839928716421127,0.1806851178407669,0.012650907301452888,v2.6,avg_init
violence_liminal_1,16,0.1,0.00015114014968276024,0.17668882012367249,0.1806851178407669,0.022117470242437202,v2.6,avg_init
violence_liminal_1,16,0.2,0.0006637799087911844,0.17306098341941833,0.1806851178407669,0.042195696648727445,v2.6,avg_init
violence_liminal_1,16,0.3,0.0014528133906424046,0.17137736082077026,0.1806851178407669,0.051513689291219474,v2.6,avg_init
violence_liminal_1,16,0.5,0.0048905364237725735,0.1661859154701233,0.1806851178407669,0.0802456923066646,v2.6,avg_init
violence_liminal_1,16,1.0,0.02586582489311695,0.16027091443538666,0.1806851178407669,0.11298220710889291,v2.6,avg_init
violence_liminal_2,16,-0.3,0.0029949950985610485,0.20840517431497574,0.18387570977210999,-0.13340241934764974,v2.6,avg_init
violence_liminal_2,16,-0.1,0.00037484048516489565,0.19176027923822403,0.18387570977210999,-0.04287988596147877,v2.6,avg_init
violence_liminal_2,16,0.0,0.0,0.18387570977210999,0.18387570977210999,0.0,v2.6,avg_init
violence_liminal_2,16,0.05,0.0001479874481447041,0.17928238958120346,0.18387570977210999,0.024980570824712778,v2.6,avg_init
violence_liminal_2,16,0.1,0.00043174975144211203,0.17571664601564407,0.18387570977210999,0.04437271114590399,v2.6,avg_init
violence_liminal_2,16,0.2,0.00182048644637689,0.16691237688064575,0.18387570977210999,0.09225434350457751,v2.6,avg_init
violence_liminal_2,16,0.3,0.003957626409828663,0.1592702493071556,0.18387570977210999,0.13381571984385346,v2.6,avg_init
violence_liminal_2,16,0.5,0.01090967794880271,0.14521430432796478,0.18387570977210999,0.2102583614337151,v2.6,avg_init
violence_liminal_2,16,1.0,0.04068933241069317,0.12308976799249649,0.18387570977210999,0.3305816839807159,v2.6,avg_init
violence_liminal_3,16,-0.3,0.000926973472815007,0.245888814330101,0.22931861877441406,-0.07225839595688228,v2.6,avg_init
violence_liminal_3,16,-0.1,0.0001432912249583751,0.23569024354219437,0.22931861877441406,-0.027785030285954304,v2.6,avg_init
violence_liminal_3,16,0.0,0.0,0.22931861877441406,0.22931861877441406,0.0,v2.6,avg_init
violence_liminal_3,16,0.05,4.765987250721082e-05,0.22644061595201492,0.22931861877441406,0.012550236163903883,v2.6,avg_init
violence_liminal_3,16,0.1,0.0001614134234841913,0.22318274527788162,0.22931861877441406,0.026756979129411374,v2.6,avg_init
violence_liminal_3,16,0.2,0.0005061792326159775,0.21766670793294907,0.22931861877441406,0.05081101091458799,v2.6,avg_init
violence_liminal_3,16,0.3,0.0011520920088514686,0.21210070699453354,0.22931861877441406,0.0750829211858204,v2.6,avg_init
violence_liminal_3,16,0.5,0.0036765275290235877,0.19844716042280197,0.22931861877441406,0.13462255492643205,v2.6,avg_init
violence_liminal_3,16,1.0,0.02520789671689272,0.16042912751436234,0.22931861877441406,0.3004094984883015,v2.6,avg_init
violence_liminal_4,16,-0.3,0.002886196132749319,0.19222703576087952,0.16509942710399628,-0.16431073767321758,v2.6,avg_init
violence_liminal_4,16,-0.1,0.00034569069975987077,0.17460492253303528,0.16509942710399628,-0.057574369552787615,v2.6,avg_init
violence_liminal_4,16,0.0,0.0,0.16509942710399628,0.16509942710399628,0.0,v2.6,avg_init
violence_liminal_4,16,0.05,8.453959890175611e-05,0.16082879155874252,0.16509942710399628,0.025867052479616882,v2.6,avg_init
violence_liminal_4,16,0.1,0.0003047132631763816,0.155381441116333,0.16509942710399628,0.05886141556107218,v2.6,avg_init
violence_liminal_4,16,0.2,0.001368947618175298,0.14640998095273972,0.16509942710399628,0.11320115689731657,v2.6,avg_init
violence_liminal_4,16,0.3,0.00282858544960618,0.13748560845851898,0.16509942710399628,0.16725569028221599,v2.6,avg_init
violence_liminal_4,16,0.5,0.009382039774209261,0.11674472317099571,0.16509942710399628,0.29288232419208754,v2.6,avg_init
violence_liminal_4,16,1.0,0.04579007066786289,0.06789222359657288,0.16509942710399628,0.5887797747849997,v2.6,avg_init
violence_liminal_5,16,-0.3,0.002176505629904568,0.3622700124979019,0.34525178372859955,-0.0492922254753079,v2.6,avg_init
violence_liminal_5,16,-0.1,0.00026415151660330594,0.3510177433490753,0.34525178372859955,-0.01670073810540645,v2.6,avg_init
violence_liminal_5,16,0.0,0.0,0.34525178372859955,0.34525178372859955,0.0,v2.6,avg_init
violence_liminal_5,16,0.05,9.206678078044206e-05,0.3427407741546631,0.34525178372859955,0.007272980741238842,v2.6,avg_init
violence_liminal_5,16,0.1,0.00030920575954951346,0.3406052738428116,0.34525178372859955,0.013458322606207182,v2.6,avg_init
violence_liminal_5,16,0.2,0.0012078976724296808,0.3358038514852524,0.34525178372859955,0.02736533940914881,v2.6,avg_init
violence_liminal_5,16,0.3,0.0028950609266757965,0.33048219978809357,0.34525178372859955,0.04277916765845377,v2.6,avg_init
violence_liminal_5,16,0.5,0.008423909079283476,0.3224833458662033,0.34525178372859955,0.065947343172293,v2.6,avg_init
violence_liminal_5,16,1.0,0.03937181271612644,0.3021630346775055,0.34525178372859955,0.1248038419548496,v2.6,avg_init
violence_explicit_1,16,-0.3,0.0006453191163018346,0.1298052966594696,0.12018328160047531,-0.08006117765181942,v2.6,avg_init
violence_explicit_1,16,-0.1,8.275509026134387e-05,0.12327907234430313,0.12018328160047531,-0.025758913407932574,v2.6,avg_init
violence_explicit_1,16,0.0,0.0,0.12018328160047531,0.12018328160047531,0.0,v2.6,avg_init
violence_explicit_1,16,0.05,4.651345079764724e-05,0.11913792788982391,0.12018328160047531,0.008697996066761282,v2.6,avg_init
violence_explicit_1,16,0.1,7.153631304390728e-05,0.11786745116114616,0.12018328160047531,0.0192691563126696,v2.6,avg_init
violence_explicit_1,16,0.2,0.0003441523003857583,0.11495021730661392,0.12018328160047531,0.0435423648295579,v2.6,avg_init
violence_explicit_1,16,0.3,0.0007354390108957887,0.1120203249156475,0.12018328160047531,0.06792090027932406,v2.6,avg_init
violence_explicit_1,16,0.5,0.0020461538806557655,0.10828729718923569,0.12018328160047531,0.09898202356285615,v2.6,avg_init
violence_explicit_1,16,1.0,0.00919222878292203,0.09843304753303528,0.12018328160047531,0.18097553817630166,v2.6,avg_init
violence_explicit_2,16,-0.3,0.0011237914441153407,0.16579637676477432,0.15278314054012299,-0.08517455642452826,v2.6,avg_init
violence_explicit_2,16,-0.1,0.00015658640768378973,0.15801775455474854,0.15278314054012299,-0.0342617254503344,v2.6,avg_init
violence_explicit_2,16,0.0,0.0,0.15278314054012299,0.15278314054012299,0.0,v2.6,avg_init
violence_explicit_2,16,0.05,3.0299881473183632e-05,0.15133589506149292,0.15278314054012299,0.00947254699382226,v2.6,avg_init
violence_explicit_2,16,0.1,9.235524339601398e-05,0.15030933171510696,0.15278314054012299,0.01619163486409919,v2.6,avg_init
violence_explicit_2,16,0.2,0.0004019302286906168,0.14518176764249802,0.15278314054012299,0.04975269437944786,v2.6,avg_init
violence_explicit_2,16,0.3,0.0008456132491119206,0.1422053650021553,0.15278314054012299,0.06923391874635415,v2.6,avg_init
violence_explicit_2,16,0.5,0.002137144678272307,0.13436754420399666,0.15278314054012299,0.12053421778753222,v2.6,avg_init
violence_explicit_2,16,1.0,0.008437431883066893,0.11432840302586555,0.15278314054012299,0.2516949015337113,v2.6,avg_init
violence_explicit_3,16,-0.3,0.0005124189192429185,0.09842219203710556,0.09560281783342361,-0.02949049272370157,v2.6,avg_init
violence_explicit_3,16,-0.1,5.577458068728447e-05,0.09567715600132942,0.09560281783342361,-0.0007775729794422252,v2.6,avg_init
violence_explicit_3,16,0.0,0.0,0.09560281783342361,0.09560281783342361,0.0,v2.6,avg_init
violence_explicit_3,16,0.05,3.3864358556456864e-05,0.09437684714794159,0.09560281783342361,0.012823583166953628,v2.6,avg_init
violence_explicit_3,16,0.1,7.382506737485528e-05,0.09505379945039749,0.09560281783342361,0.0057427008478214666,v2.6,avg_init
violence_explicit_3,16,0.2,0.0002468000166118145,0.09570102393627167,0.09560281783342361,-0.0010272302121802025,v2.6,avg_init
violence_explicit_3,16,0.3,0.0004911122377961874,0.09505894780158997,0.09560281783342361,0.005688849389160021,v2.6,avg_init
violence_explicit_3,16,0.5,0.001397372456267476,0.09573175758123398,0.09560281783342361,-0.0013487023785745075,v2.6,avg_init
violence_explicit_3,16,1.0,0.005447334377095103,0.10041026026010513,0.09560281783342361,-0.050285572492830784,v2.6,avg_init
violence_explicit_4,16,-0.3,0.0010162885300815105,0.09695752710103989,0.0846061110496521,-0.1459872803294222,v2.6,avg_init
violence_explicit_4,16,-0.1,8.687828085385263e-05,0.08774101361632347,0.0846061110496521,-0.037052909391280454,v2.6,avg_init
violence_explicit_4,16,0.0,0.0,0.0846061110496521,0.0846061110496521,0.0,v2.6,avg_init
violence_explicit_4,16,0.05,5.299955955706537e-05,0.08245282247662544,0.0846061110496521,0.025450745180368523,v2.6,avg_init
violence_explicit_4,16,0.1,0.00019103602971881628,0.07979872822761536,0.0846061110496521,0.05682075162650454,v2.6,avg_init
violence_explicit_4,16,0.2,0.0005554136587306857,0.07633138447999954,0.0846061110496521,0.09780294197420841,v2.6,avg_init
violence_explicit_4,16,0.3,0.0012909872457385063,0.07265310361981392,0.0846061110496521,0.14127829871323852,v2.6,avg_init
violence_explicit_4,16,0.5,0.0037250325549393892,0.06543544679880142,0.0846061110496521,0.22658722890123323,v2.6,avg_init
violence_explicit_4,16,1.0,0.015632268972694874,0.05249181017279625,0.0846061110496521,0.37957424680599244,v2.6,avg_init
violence_explicit_5,16,-0.3,0.006172072142362595,0.2118542492389679,0.16131335496902466,-0.31330880372333764,v2.6,avg_init
violence_explicit_5,16,-0.1,0.0006369348266161978,0.17665856331586838,0.16131335496902466,-0.09512670757973078,v2.6,avg_init
violence_explicit_5,16,0.0,0.0,0.16131335496902466,0.16131335496902466,0.0,v2.6,avg_init
violence_explicit_5,16,0.05,0.0001424858783138916,0.15393102169036865,0.16131335496902466,0.04576393120131659,v2.6,avg_init
violence_explicit_5,16,0.1,0.0006626703834626824,0.14552532136440277,0.16131335496902466,0.09787183217194571,v2.6,avg_init
violence_explicit_5,16,0.2,0.0024196289014071226,0.13188280910253525,0.16131335496902466,0.18244333131711665,v2.6,avg_init
violence_explicit_5,16,0.3,0.005358257098123431,0.11886436492204666,0.16131335496902466,0.2631461608068907,v2.6,avg_init
violence_explicit_5,16,0.5,0.014086827635765076,0.09594155102968216,0.16131335496902466,0.4052473147799522,v2.6,avg_init
violence_explicit_5,16,1.0,0.046800216659903526,0.056086739525198936,0.16131335496902466,0.6523118650903473,v2.6,avg_init
death_1,16,-0.3,0.00011836789781227708,0.020323229022324085,0.018382973037660122,-0.1055463651439337,v2.6,avg_init
death_1,16,-0.1,1.2987977243028581e-05,0.019038109108805656,0.018382973037660122,-0.03563820007805025,v2.6,avg_init
death_1,16,0.0,0.0,0.018382973037660122,0.018382973037660122,0.0,v2.6,avg_init
death_1,16,0.05,2.832653990481049e-06,0.018124873749911785,0.018382973037660122,0.0140401276343921,v2.6,avg_init
death_1,16,0.1,1.0476505849510431e-05,0.017861524131149054,0.018382973037660122,0.028365863641469008,v2.6,avg_init
death_1,16,0.2,3.9150676457211375e-05,0.01748969964683056,0.018382973037660122,0.048592433280490926,v2.6,avg_init
death_1,16,0.3,8.340075146406889e-05,0.017079402692615986,0.018382973037660122,0.07091183468384508,v2.6,avg_init
death_1,16,0.5,0.00021090294467285275,0.01650178339332342,0.018382973037660122,0.10233326461844976,v2.6,avg_init
death_1,16,1.0,0.000743180833524093,0.01643282873556018,0.018382973037660122,0.10608427146712322,v2.6,avg_init
death_2,16,-0.3,0.0026355627924203873,0.23200539499521255,0.21047846972942352,-0.10227613918640965,v2.6,avg_init
death_2,16,-0.1,0.00036696603638119996,0.21697130799293518,0.21047846972942352,-0.030847992537471405,v2.6,avg_init
death_2,16,0.0,0.0,0.21047846972942352,0.21047846972942352,0.0,v2.6,avg_init
death_2,16,0.05,0.00015154029824770987,0.2068655863404274,0.21047846972942352,0.017165097188518122,v2.6,avg_init
death_2,16,0.1,0.00044990396418143064,0.20194286853075027,0.21047846972942352,0.04055332219797124,v2.6,avg_init
death_2,16,0.2,0.0015963289770297706,0.19512902200222015,0.21047846972942352,0.07292645061005788,v2.6,avg_init
death_2,16,0.3,0.003468323848210275,0.18852530419826508,0.21047846972942352,0.10430124068927292,v2.6,avg_init
death_2,16,0.5,0.010983822401612997,0.17271197587251663,0.21047846972942352,0.1794316250277611,v2.6,avg_init
death_2,16,1.0,0.05392204970121384,0.14694274961948395,0.21047846972942352,0.30186327462194434,v2.6,avg_init
death_3,16,-0.3,0.001511145441327244,0.13186361640691757,0.11655199527740479,-0.13137159164945808,v2.6,avg_init
death_3,16,-0.1,0.00024457884137518704,0.1223842166364193,0.11655199527740479,-0.0500396526471578,v2.6,avg_init
death_3,16,0.0,0.0,0.11655199527740479,0.11655199527740479,0.0,v2.6,avg_init
death_3,16,0.05,8.738704491406679e-05,0.11389104276895523,0.11655199527740479,0.022830604505021432,v2.6,avg_init
death_3,16,0.1,0.00035259543801657856,0.11006834730505943,0.11655199527740479,0.05562880289534002,v2.6,avg_init
death_3,16,0.2,0.0019041535560972989,0.1025816835463047,0.11655199527740479,0.1198633425180703,v2.6,avg_init
death_3,16,0.3,0.00491396919824183,0.09760274365544319,0.11655199527740479,0.1625819581797856,v2.6,avg_init
death_3,16,0.5,0.0197937348857522,0.0955892838537693,0.11655199527740479,0.1798571648107975,v2.6,avg_init
death_3,16,1.0,0.09286078810691833,0.13288874179124832,0.11655199527740479,-0.14016702566919195,v2.6,avg_init
death_4,16,-0.3,0.0040158533956855536,0.2292213886976242,0.18689978122711182,-0.22644011241021822,v2.6,avg_init
death_4,16,-0.1,0.000602153071667999,0.20242417603731155,0.18689978122711182,-0.08306266978095188,v2.6,avg_init
death_4,16,0.0,0.0,0.18689978122711182,0.18689978122711182,0.0,v2.6,avg_init
death_4,16,0.05,0.00014647311763837934,0.17910854518413544,0.18689978122711182,0.04168670499142445,v2.6,avg_init
death_4,16,0.1,0.0005938742542639375,0.17080514132976532,0.18689978122711182,0.08611374390957177,v2.6,avg_init
death_4,16,0.2,0.0027584106428548694,0.15307413041591644,0.18689978122711182,0.18098282720883463,v2.6,avg_init
death_4,16,0.3,0.006543062627315521,0.13663411140441895,0.18689978122711182,0.2689445086166923,v2.6,avg_init
death_4,16,0.5,0.021480475552380085,0.09996877983212471,0.18689978122711182,0.46512093713663927,v2.6,avg_init
death_4,16,1.0,0.12032071128487587,0.032318465411663055,0.18689978122711182,0.8270813095688369,v2.6,avg_init
death_5,16,-0.3,0.006252477876842022,0.3060293346643448,0.252194419503212,-0.21346592548391882,v2.6,avg_init
death_5,16,-0.1,0.0009154047875199467,0.27193720638751984,0.252194419503212,-0.07828399582829157,v2.6,avg_init
death_5,16,0.0,0.0,0.252194419503212,0.252194419503212,0.0,v2.6,avg_init
death_5,16,0.05,0.00024873217626009136,0.242749385535717,0.252194419503212,0.03745139954365514,v2.6,avg_init
death_5,16,0.1,0.0009047877974808216,0.23323659598827362,0.252194419503212,0.07517146316037697,v2.6,avg_init
death_5,16,0.2,0.0038076426135376096,0.21389880776405334,0.252194419503212,0.15184956040897207,v2.6,avg_init
death_5,16,0.3,0.008828022982925177,0.19493244588375092,0.252194419503212,0.22705487985126396,v2.6,avg_init
death_5,16,0.5,0.02683303225785494,0.15701495110988617,0.252194419503212,0.3774051328368651,v2.6,avg_init
death_5,16,1.0,0.11092560738325119,0.08984701335430145,0.252194419503212,0.6437390901381259,v2.6,avg_init
power_1,16,-0.3,0.004485345212742686,0.21527159959077835,0.17924155294895172,-0.20101391696872903,v2.6,avg_init
power_1,16,-0.1,0.0005676362779922783,0.19181273132562637,0.17924155294895172,-0.07013540203066052,v2.6,avg_init
power_1,16,0.0,0.0,0.17924155294895172,0.17924155294895172,0.0,v2.6,avg_init
power_1,16,0.05,0.0001685161842033267,0.1728147566318512,0.17924155294895172,0.035855504548830186,v2.6,avg_init
power_1,16,0.1,0.0006953789852559566,0.16531846672296524,0.17924155294895172,0.07767778172482023,v2.6,avg_init
power_1,16,0.2,0.00278223748318851,0.15162478387355804,0.17924155294895172,0.15407570745193763,v2.6,avg_init
power_1,16,0.3,0.006772455759346485,0.13665610551834106,0.17924155294895172,0.23758691402734644,v2.6,avg_init
power_1,16,0.5,0.020907276310026646,0.10767372697591782,0.17924155294895172,0.39928144336830496,v2.6,avg_init
power_1,16,1.0,0.08686170727014542,0.053172796964645386,0.17924155294895172,0.7033455909646739,v2.6,avg_init
power_2,16,-0.3,0.002224283991381526,0.11933235451579094,0.09640064463019371,-0.2378792172351799,v2.6,avg_init
power_2,16,-0.1,0.0003291270404588431,0.10515390336513519,0.09640064463019371,-0.09080083197078402,v2.6,avg_init
power_2,16,0.0,0.0,0.09640064463019371,0.09640064463019371,0.0,v2.6,avg_init
power_2,16,0.05,7.421640475513414e-05,0.09307239949703217,0.09640064463019371,0.03452513358109955,v2.6,avg_init
power_2,16,0.1,0.00025442420155741274,0.09000469744205475,0.09640064463019371,0.06634755620851608,v2.6,avg_init
power_2,16,0.2,0.0010017197928391397,0.08354174345731735,0.09640064463019371,0.1333901990199847,v2.6,avg_init
power_2,16,0.3,0.0022862255573272705,0.0769597552716732,0.09640064463019371,0.20166762818960873,v2.6,avg_init
power_2,16,0.5,0.006987210363149643,0.06320658698678017,0.09640064463019371,0.34433439496956236,v2.6,avg_init
power_2,16,1.0,0.03143742401152849,0.035809654742479324,0.09640064463019371,0.6285330364765698,v2.6,avg_init
power_3,16,-0.3,0.005776757374405861,0.3078190088272095,0.24881026148796082,-0.23716364022270808,v2.6,avg_init
power_3,16,-0.1,0.0007213857024908066,0.26898254454135895,0.24881026148796082,-0.08107496424288035,v2.6,avg_init
power_3,16,0.0,0.0,0.24881026148796082,0.24881026148796082,0.0,v2.6,avg_init
power_3,16,0.05,0.00022285874001681805,0.23792586475610733,0.24881026148796082,0.04374577104160211,v2.6,avg_init
power_3,16,0.1,0.0009724688716232777,0.22543741762638092,0.24881026148796082,0.09393842408991977,v2.6,avg_init
power_3,16,0.2,0.003907441161572933,0.20271649956703186,0.24881026148796082,0.1852566756904409,v2.6,avg_init
power_3,16,0.3,0.00965268537402153,0.17811273783445358,0.24881026148796082,0.28414231483345825,v2.6,avg_init
power_3,16,0.5,0.03189219906926155,0.12774592638015747,0.24881026148796082,0.4865729185918696,v2.6,avg_init
power_3,16,1.0,0.15842920541763306,0.04366381838917732,0.24881026148796082,0.8245095755775729,v2.6,avg_init
power_4,16,-0.3,0.0019187284633517265,0.13808239996433258,0.12174111604690552,-0.1342297856964852,v2.6,avg_init
power_4,16,-0.1,0.00027379707898944616,0.12721891701221466,0.12174111604690552,-0.044995488321288316,v2.6,avg_init
power_4,16,0.0,0.0,0.12174111604690552,0.12174111604690552,0.0,v2.6,avg_init
power_4,16,0.05,0.0001097360800486058,0.11984968185424805,0.12174111604690552,0.015536527461508746,v2.6,avg_init
power_4,16,0.1,0.00037823698949068785,0.11628226935863495,0.12174111604690552,0.04483979501360358,v2.6,avg_init
power_4,16,0.2,0.0015709474682807922,0.10941590368747711,0.12174111604690552,0.10124116452718929,v2.6,avg_init
power_4,16,0.3,0.0032944821286946535,0.10553789883852005,0.12174111604690552,0.133095684798409,v2.6,avg_init
power_4,16,0.5,0.01112022390589118,0.0925898402929306,0.12174111604690552,0.23945300240835024,v2.6,avg_init
power_4,16,1.0,0.04380153305828571,0.07297221198678017,0.12174111604690552,0.4005951780607566,v2.6,avg_init
power_5,16,-0.3,0.007258641067892313,0.36671382188796997,0.3084346354007721,-0.1889514983019705,v2.6,avg_init
power_5,16,-0.1,0.0010669722687453032,0.33165231347084045,0.3084346354007721,-0.07527584585271982,v2.6,avg_init
power_5,16,0.0,0.0,0.3084346354007721,0.3084346354007721,0.0,v2.6,avg_init
power_5,16,0.05,0.0003727627918124199,0.2952251732349396,0.3084346354007721,0.04282742808267457,v2.6,avg_init
power_5,16,0.1,0.0014747087843716145,0.2814881503582001,0.3084346354007721,0.08736530191415905,v2.6,avg_init
power_5,16,0.2,0.006647076457738876,0.24979642033576965,0.3084346354007721,0.19011553287071487,v2.6,avg_init
power_5,16,0.3,0.01759694330394268,0.2129940539598465,0.3084346354007721,0.30943535675528966,v2.6,avg_init
power_5,16,0.5,0.062257252633571625,0.1347956731915474,0.3084346354007721,0.5629684292219733,v2.6,avg_init
power_5,16,1.0,0.28172633051872253,0.03688360936939716,0.3084346354007721,0.8804167718665203,v2.6,avg_init
profanity_1,16,-0.3,0.0016611268511041999,0.18739750981330872,0.16568520665168762,-0.13104551456585903,v2.6,avg_init
profanity_1,16,-0.1,0.00023851475270930678,0.17378002405166626,0.16568520665168762,-0.04885660925055307,v2.6,avg_init
profanity_1,16,0.0,0.0,0.16568520665168762,0.16568520665168762,0.0,v2.6,avg_init
profanity_1,16,0.05,6.867484626127407e-05,0.16289600729942322,0.16568520665168762,0.016834329440938017,v2.6,avg_init
profanity_1,16,0.1,0.0002161179727409035,0.15890643745660782,0.16568520665168762,0.04091354522272165,v2.6,avg_init
profanity_1,16,0.2,0.0008859456575009972,0.15095555037260056,0.16568520665168762,0.08890145702659227,v2.6,avg_init
profanity_1,16,0.3,0.002029147814027965,0.14266812056303024,0.16568520665168762,0.13892058653760886,v2.6,avg_init
profanity_1,16,0.5,0.006475318223237991,0.12459243088960648,0.16568520665168762,0.24801716817403377,v2.6,avg_init
profanity_1,16,1.0,0.032559044659137726,0.08192849904298782,0.16568520665168762,0.5055171146617674,v2.6,avg_init
profanity_2,16,-0.3,0.006792918313294649,0.3577639311552048,0.30333317816257477,-0.1794421346268203,v2.6,avg_init
profanity_2,16,-0.1,0.0008639313746243715,0.3228950500488281,0.30333317816257477,-0.06448972052694135,v2.6,avg_init
profanity_2,16,0.0,0.0,0.30333317816257477,0.30333317816257477,0.0,v2.6,avg_init
profanity_2,16,0.05,0.0002673798007890582,0.2916777580976486,0.30333317816257477,0.03842448140862222,v2.6,avg_init
profanity_2,16,0.1,0.0011211058590561152,0.27957941591739655,0.30333317816257477,0.07830914636198198,v2.6,avg_init
profanity_2,16,0.2,0.004667466506361961,0.2555455192923546,0.30333317816257477,0.15754181313000934,v2.6,avg_init
profanity_2,16,0.3,0.011702741961926222,0.22774983942508698,0.30333317816257477,0.2491759694581714,v2.6,avg_init
profanity_2,16,0.5,0.0365330558270216,0.1722489893436432,0.30333317816257477,0.4321458984901268,v2.6,avg_init
profanity_2,16,1.0,0.1844700500369072,0.0626218356192112,0.30333317816257477,0.7935542824608248,v2.6,avg_init
profanity_3,16,-0.3,0.002199281007051468,0.1214689202606678,0.10571766272187233,-0.14899362257217813,v2.6,avg_init
profanity_3,16,-0.1,0.0002714326255954802,0.1116659864783287,0.10571766272187233,-0.056266130023187734,v2.6,avg_init
profanity_3,16,0.0,0.0,0.10571766272187233,0.10571766272187233,0.0,v2.6,avg_init
profanity_3,16,0.05,0.00011622387683019042,0.10295043513178825,0.10571766272187233,0.026175641031378514,v2.6,avg_init
profanity_3,16,0.1,0.0003325244761072099,0.09986859560012817,0.10571766272187233,0.05532724590338507,v2.6,avg_init
profanity_3,16,0.2,0.0012238927884027362,0.09449438750743866,0.10571766272187233,0.1061627255604436,v2.6,avg_init
profanity_3,16,0.3,0.0027483979938551784,0.08914998546242714,0.10571766272187233,0.15671626512432763,v2.6,avg_init
profanity_3,16,0.5,0.008834077045321465,0.07436934113502502,0.10571766272187233,0.2965287046623433,v2.6,avg_init
profanity_3,16,1.0,0.04341469518840313,0.04722832143306732,0.10571766272187233,0.5532598790296933,v2.6,avg_init
profanity_4,16,-0.3,0.007175070932134986,0.4245402663946152,0.36428962647914886,-0.16539213728863872,v2.6,avg_init
profanity_4,16,-0.1,0.00099998275982216,0.38713137805461884,0.36428962647914886,-0.0627021740811974,v2.6,avg_init
profanity_4,16,0.0,0.0,0.36428962647914886,0.36428962647914886,0.0,v2.6,avg_init
profanity_4,16,0.05,0.0003104776842519641,0.3516180217266083,0.36428962647914886,0.034784423797656186,v2.6,avg_init
profanity_4,16,0.1,0.0013559414655901492,0.33735500276088715,0.36428962647914886,0.07393738871618238,v2.6,avg_init
profanity_4,16,0.2,0.005936948116868734,0.30806536972522736,0.36428962647914886,0.15433943946559142,v2.6,avg_init
profanity_4,16,0.3,0.014200611039996147,0.27790530771017075,0.36428962647914886,0.23713087743914268,v2.6,avg_init
profanity_4,16,0.5,0.04839795641601086,0.2109081745147705,0.36428962647914886,0.4210426013137038,v2.6,avg_init
profanity_4,16,1.0,0.2369411662220955,0.09517896175384521,0.36428962647914886,0.7387272246158976,v2.6,avg_init
profanity_5,16,-0.3,0.0024306693812832236,0.23394500464200974,0.2031307891011238,-0.15169643005495245,v2.6,avg_init
profanity_5,16,-0.1,0.00030699645867571235,0.21375110745429993,0.2031307891011238,-0.05228315412041768,v2.6,avg_init
profanity_5,16,0.0,0.0,0.2031307891011238,0.2031307891011238,0.0,v2.6,avg_init
profanity_5,16,0.05,7.67813908169046e-05,0.19870315492153168,0.2031307891011238,0.021796962435802585,v2.6,avg_init
profanity_5,16,0.1,0.000237754313275218,0.19549933820962906,0.2031307891011238,0.03756914904562112,v2.6,avg_init
profanity_5,16,0.2,0.0011752363643608987,0.18440910428762436,0.2031307891011238,0.09216566772740349,v2.6,avg_init
profanity_5,16,0.3,0.0030544425826519728,0.17214154452085495,0.2031307891011238,0.15255808692222234,v2.6,avg_init
profanity_5,16,0.5,0.010402432642877102,0.14796984195709229,0.2031307891011238,0.2715538466035839,v2.6,avg_init
profanity_5,16,1.0,0.07165498286485672,0.08113234862685204,0.2031307891011238,0.6005905900042449,v2.6,avg_init
substance_1,16,-0.3,0.005411625606939197,0.21030594408512115,0.16761835664510727,-0.2546713158057914,v2.6,avg_init
substance_1,16,-0.1,0.0006429086206480861,0.18185314536094666,0.16761835664510727,-0.08492380548735617,v2.6,avg_init
substance_1,16,0.0,0.0,0.16761835664510727,0.16761835664510727,0.0,v2.6,avg_init
substance_1,16,0.05,0.00019817205611616373,0.16053257882595062,0.16761835664510727,0.042273280570093684,v2.6,avg_init
substance_1,16,0.1,0.0007468891562893987,0.1537163406610489,0.16761835664510727,0.08293850543763923,v2.6,avg_init
substance_1,16,0.2,0.003065821249037981,0.14009802788496017,0.16761835664510727,0.16418445635053544,v2.6,avg_init
substance_1,16,0.3,0.006831227568909526,0.12744850665330887,0.16761835664510727,0.23965066115550027,v2.6,avg_init
substance_1,16,0.5,0.019526511430740356,0.10432716831564903,0.16761835664510727,0.37759103236802727,v2.6,avg_init
substance_1,16,1.0,0.07088479027152061,0.06776812672615051,0.16761835664510727,0.5956998500490391,v2.6,avg_init
substance_2,16,-0.3,0.005837957374751568,0.2876637130975723,0.24249641597270966,-0.18625964818360763,v2.6,avg_init
substance_2,16,-0.1,0.0008309628465212882,0.2596140056848526,0.24249641597270966,-0.07058904208328318,v2.6,avg_init
substance_2,16,0.0,0.0,0.24249641597270966,0.24249641597270966,0.0,v2.6,avg_init
substance_2,16,0.05,0.00020862050587311387,0.23537969589233398,0.24249641597270966,0.029347733045162125,v2.6,avg_init
substance_2,16,0.1,0.0007309878128580749,0.22804773598909378,0.24249641597270966,0.0595830661070138,v2.6,avg_init
substance_2,16,0.2,0.002799518988467753,0.212404265999794,0.24249641597270966,0.12409317412881762,v2.6,avg_init
substance_2,16,0.3,0.006944798631593585,0.19373426586389542,0.24249641597270966,0.2010840032963699,v2.6,avg_init
substance_2,16,0.5,0.020618380047380924,0.15939829498529434,0.24249641597270966,0.3426777284690554,v2.6,avg_init
substance_2,16,1.0,0.08623844757676125,0.08739275112748146,0.24249641597270966,0.6396121947743897,v2.6,avg_init
substance_3,16,-0.3,0.0037334098014980555,0.23692192137241364,0.20006880909204483,-0.18420218747547973,v2.6,avg_init
substance_3,16,-0.1,0.0005009357701055706,0.21189993619918823,0.20006880909204483,-0.05913529030754766,v2.6,avg_init
substance_3,16,0.0,0.0,0.20006880909204483,0.20006880909204483,0.0,v2.6,avg_init
substance_3,16,0.05,0.00018540379824116826,0.19349391758441925,0.20006880909204483,0.03286315112017634,v2.6,avg_init
substance_3,16,0.1,0.0006116694712545723,0.18585894256830215,0.20006880909204483,0.07102489682539771,v2.6,avg_init
substance_3,16,0.2,0.002125257276929915,0.17351728677749634,0.20006880909204483,0.13271195262792335,v2.6,avg_init
substance_3,16,0.3,0.005167893134057522,0.15923882275819778,0.20006880909204483,0.20407971896840033,v2.6,avg_init
substance_3,16,0.5,0.016182711347937584,0.1309770680963993,0.20006880909204483,0.34533989235602824,v2.6,avg_init
substance_3,16,1.0,0.08584984019398689,0.07409533858299255,0.20006880909204483,0.6296507240721175,v2.6,avg_init
substance_4,16,-0.3,0.002075618365779519,0.23505105078220367,0.21658644080162048,-0.08525284367868444,v2.6,avg_init
substance_4,16,-0.1,0.00035040876537095755,0.22362975776195526,0.21658644080162048,-0.032519657898557056,v2.6,avg_init
substance_4,16,0.0,0.0,0.21658644080162048,0.21658644080162048,0.0,v2.6,avg_init
substance_4,16,0.05,7.779684165143408e-05,0.21284876763820648,0.21658644080162048,0.017257189090786502,v2.6,avg_init
substance_4,16,0.1,0.0003306324506411329,0.2089976966381073,0.21658644080162048,0.03503794667582166,v2.6,avg_init
substance_4,16,0.2,0.0013726826291531324,0.20097438246011734,0.21658644080162048,0.07208234404573279,v2.6,avg_init
substance_4,16,0.3,0.0034853622782975435,0.19166308641433716,0.21658644080162048,0.11507347502936043,v2.6,avg_init
substance_4,16,0.5,0.012150656431913376,0.17106304317712784,0.21658644080162048,0.21018581521540958,v2.6,avg_init
substance_4,16,1.0,0.07393502816557884,0.11546875908970833,0.21658644080162048,0.4668698619251497,v2.6,avg_init
substance_5,16,-0.3,0.002691518748179078,0.17299236357212067,0.1480003148317337,-0.16886483497552843,v2.6,avg_init
substance_5,16,-0.1,0.00038726895581930876,0.15617595613002777,0.1480003148317337,-0.05524070207275718,v2.6,avg_init
substance_5,16,0.0,0.0,0.1480003148317337,0.1480003148317337,0.0,v2.6,avg_init
substance_5,16,0.05,0.00015831299970159307,0.14308719336986542,0.1480003148317337,0.03319669601685761,v2.6,avg_init
substance_5,16,0.1,0.0004930219729430974,0.13857869803905487,0.1480003148317337,0.06365943750451188,v2.6,avg_init
substance_5,16,0.2,0.0017892787582240999,0.12883903831243515,0.1480003148317337,0.12946780918056575,v2.6,avg_init
substance_5,16,0.3,0.004045536275953054,0.11958867311477661,0.1480003148317337,0.19197014377475613,v2.6,avg_init
substance_5,16,0.5,0.01247013034299016,0.10009832680225372,0.1480003148317337,0.32366139277434164,v2.6,avg_init
substance_5,16,1.0,0.06335565447807312,0.06815501302480698,0.1480003148317337,0.5394941348449522,v2.6,avg_init
neutral_1,16,-0.3,0.01086787087842822,0.28448833525180817,0.2049248069524765,-0.38825718312270024,v2.6,avg_init
neutral_1,16,-0.1,0.0015462108422070742,0.23383373767137527,0.2049248069524765,-0.14107091839595076,v2.6,avg_init
neutral_1,16,0.0,0.0,0.2049248069524765,0.2049248069524765,0.0,v2.6,avg_init
neutral_1,16,0.05,0.00047180091496557,0.18970680981874466,0.2049248069524765,0.07426137108554652,v2.6,avg_init
neutral_1,16,0.1,0.0016746174078434706,0.17699707299470901,0.2049248069524765,0.13628283648569753,v2.6,avg_init
neutral_1,16,0.2,0.006220468319952488,0.15299170464277267,0.2049248069524765,0.2534251615605888,v2.6,avg_init
neutral_1,16,0.3,0.014440353959798813,0.12862877547740936,0.2049248069524765,0.37231232572423856,v2.6,avg_init
neutral_1,16,0.5,0.03787148371338844,0.08981005102396011,0.2049248069524765,0.5617414389230695,v2.6,avg_init
neutral_1,16,1.0,0.12628108263015747,0.03047353494912386,0.2049248069524765,0.8512940653583688,v2.6,avg_init
neutral_2,16,-0.3,0.00732978293672204,0.28655409812927246,0.22270064055919647,-0.28672327753409843,v2.6,avg_init
neutral_2,16,-0.1,0.0008338384795933962,0.24361693859100342,0.22270064055919647,-0.09392113996298608,v2.6,avg_init
neutral_2,16,0.0,0.0,0.22270064055919647,0.22270064055919647,0.0,v2.6,avg_init
neutral_2,16,0.05,0.0003144813817925751,0.2107454314827919,0.22270064055919647,0.05368286793601178,v2.6,avg_init
neutral_2,16,0.1,0.0012356963707134128,0.19825275242328644,0.22270064055919647,0.10977915498815773,v2.6,avg_init
neutral_2,16,0.2,0.005381722701713443,0.17259489744901657,0.22270064055919647,0.2249914638070437,v2.6,avg_init
neutral_2,16,0.3,0.012289374135434628,0.14891163632273674,0.22270064055919647,0.33133718902279374,v2.6,avg_init
neutral_2,16,0.5,0.03927350789308548,0.10087945312261581,0.22270064055919647,0.5470176786680555,v2.6,avg_init
neutral_2,16,1.0,0.15538817644119263,0.0367080420255661,0.22270064055919647,0.8351686733662148,v2.6,avg_init
neutral_3,16,-0.3,0.0010643823188729584,0.11928864195942879,0.10543850436806679,-0.13135749292320828,v2.6,avg_init
neutral_3,16,-0.1,0.000127500417875126,0.10960425436496735,0.10543850436806679,-0.03950881152826938,v2.6,avg_init
neutral_3,16,0.0,0.0,0.10543850436806679,0.10543850436806679,0.0,v2.6,avg_init
neutral_3,16,0.05,5.968048935756087e-05,0.10229316726326942,0.10543850436806679,0.029831010252360554,v2.6,avg_init
neutral_3,16,0.1,0.00018519462901167572,0.09956536814570427,0.10543850436806679,0.05570200618419681,v2.6,avg_init
neutral_3,16,0.2,0.0007166735013015568,0.09412332996726036,0.10543850436806679,0.1073153917406415,v2.6,avg_init
neutral_3,16,0.3,0.0016712272772565484,0.08859921246767044,0.10543850436806679,0.15970723410124843,v2.6,avg_init
neutral_3,16,0.5,0.005114065483212471,0.0771651491522789,0.10543850436806679,0.26815019223993075,v2.6,avg_init
neutral_3,16,1.0,0.028888680040836334,0.04857318662106991,0.10543850436806679,0.5393221203943706,v2.6,avg_init
neutral_4,16,-0.3,0.0029732719995081425,0.13714472204446793,0.11615756154060364,-0.18067838395977423,v2.6,avg_init
neutral_4,16,-0.1,0.0004697117838077247,0.12411600723862648,0.11615756154060364,-0.06851422836765488,v2.6,avg_init
neutral_4,16,0.0,0.0,0.11615756154060364,0.11615756154060364,0.0,v2.6,avg_init
neutral_4,16,0.05,0.00011923420242965221,0.11263374984264374,0.11615756154060364,0.030336481338135945,v2.6,avg_init
neutral_4,16,0.1,0.0004041158827021718,0.10873743146657944,0.11615756154060364,0.06387987123361268,v2.6,avg_init
neutral_4,16,0.2,0.0017436305060982704,0.10020892322063446,0.11615756154060364,0.13730176588111506,v2.6,avg_init
neutral_4,16,0.3,0.004209110047668219,0.09126587212085724,0.11615756154060364,0.2142924583609251,v2.6,avg_init
neutral_4,16,0.5,0.013811059761792421,0.07025425508618355,0.11615756154060364,0.3951813885002595,v2.6,avg_init
neutral_4,16,1.0,0.0769224725663662,0.030766080133616924,0.11615756154060364,0.7351349346046453,v2.6,avg_init
neutral_5,16,-0.3,0.0016476541641168296,0.09749307483434677,0.08555636554956436,-0.13951865776564873,v2.6,avg_init
neutral_5,16,-0.1,0.00023135310038924217,0.08944549039006233,0.08555636554956436,-0.04545687296925826,v2.6,avg_init
neutral_5,16,0.0,0.0,0.08555636554956436,0.08555636554956436,0.0,v2.6,avg_init
neutral_5,16,0.05,0.00012452699593268335,0.08250688761472702,0.08555636554956436,0.035642911141085386,v2.6,avg_init
neutral_5,16,0.1,0.00030179403256624937,0.08049935474991798,0.08555636554956436,0.059107358840725405,v2.6,avg_init
neutral_5,16,0.2,0.0009363252611365169,0.07676780968904495,0.08555636554956436,0.1027224076673528,v2.6,avg_init
neutral_5,16,0.3,0.0020430029835551977,0.07354094088077545,0.08555636554956436,0.14043869899812605,v2.6,avg_init
neutral_5,16,0.5,0.006030558375641704,0.06523893401026726,0.08555636554956436,0.2374742242589401,v2.6,avg_init
neutral_5,16,1.0,0.029473080299794674,0.05046068876981735,0.08555636554956436,0.4102053255104139,v2.6,avg_init
neutral_6,16,-0.3,0.0017962149577215314,0.19811584800481796,0.1767537072300911,-0.12085823324157192,v2.6,avg_init
neutral_6,16,-0.1,0.00021807433222420514,0.18379344791173935,0.1767537072300911,-0.03982796622468684,v2.6,avg_init
neutral_6,16,0.0,0.0,0.1767537072300911,0.1767537072300911,0.0,v2.6,avg_init
neutral_6,16,0.05,6.865704199299216e-05,0.17333786189556122,0.1767537072300911,0.019325452280801455,v2.6,avg_init
neutral_6,16,0.1,0.00023865693947300315,0.16956433653831482,0.1767537072300911,0.040674511468194736,v2.6,avg_init
neutral_6,16,0.2,0.0009236476616933942,0.16211926192045212,0.1767537072300911,0.08279569090219095,v2.6,avg_init
neutral_6,16,0.3,0.0021794248605147004,0.15459877997636795,0.1767537072300911,0.12534349406817658,v2.6,avg_init
neutral_6,16,0.5,0.006985710002481937,0.1382884681224823,0.1767537072300911,0.21762055071091801,v2.6,avg_init
neutral_6,16,1.0,0.04204769618809223,0.09653996303677559,0.1767537072300911,0.453816474066348,v2.6,avg_init
neutral_7,16,-0.3,0.002737162751145661,0.14706195145845413,0.12658918648958206,-0.16172601733685146,v2.6,avg_init
neutral_7,16,-0.1,0.0003840686258627102,0.1333536133170128,0.12658918648958206,-0.053436055756527184,v2.6,avg_init
neutral_7,16,0.0,0.0,0.12658918648958206,0.12658918648958206,0.0,v2.6,avg_init
neutral_7,16,0.05,0.00014162027218844742,0.1229911595582962,0.12658918648958206,0.028422861628721863,v2.6,avg_init
neutral_7,16,0.1,0.0003867842460749671,0.11919517442584038,0.12658918648958206,0.05840950770585915,v2.6,avg_init
neutral_7,16,0.2,0.00145041843643412,0.1131710335612297,0.12658918648958206,0.10599762349730112,v2.6,avg_init
neutral_7,16,0.3,0.003403809736482799,0.10635420680046082,0.12658918648958206,0.15984761613731144,v2.6,avg_init
neutral_7,16,0.5,0.009832202922552824,0.09278472885489464,0.12658918648958206,0.26704064203358663,v2.6,avg_init
neutral_7,16,1.0,0.049060264602303505,0.0655946247279644,0.12658918648958206,0.48183074283866534,v2.6,avg_init
sexual_liminal_1,16,-0.3,0.0030239205807447433,0.2067173719406128,0.1821582093834877,-0.13482325413850568,v2.6,rand_init
sexual_liminal_1,16,-0.1,0.0004514369647949934,0.19094809889793396,0.1821582093834877,-0.04825414975364292,v2.6,rand_init
sexual_liminal_1,16,0.0,0.0,0.1821582093834877,0.1821582093834877,0.0,v2.6,rand_init
sexual_liminal_1,16,0.05,0.00018129154341295362,0.1766047552227974,0.1821582093834877,0.030486982604220295,v2.6,rand_init
sexual_liminal_1,16,0.1,0.0005123981973156333,0.17257681488990784,0.1821582093834877,0.05259930104719398,v2.6,rand_init
sexual_liminal_1,16,0.2,0.001880347146652639,0.16426393389701843,0.1821582093834877,0.09823480120403155,v2.6,rand_init
sexual_liminal_1,16,0.3,0.004243985749781132,0.15533363074064255,0.1821582093834877,0.14725978441286078,v2.6,rand_init
sexual_liminal_1,16,0.5,0.012761186342686415,0.13901497796177864,0.1821582093834877,0.23684483706623388,v2.6,rand_init
sexual_liminal_1,16,1.0,0.05361634120345116,0.11085274070501328,0.1821582093834877,0.3914480106046658,v2.6,rand_init
sexual_liminal_2,16,-0.3,0.0010888621909543872,0.243348129093647,0.2304369956254959,-0.05602890904346865,v2.6,rand_init
sexual_liminal_2,16,-0.1,0.0001380777102895081,0.234974704682827,0.2304369956254959,-0.01969175585289147,v2.6,rand_init
sexual_liminal_2,16,0.0,0.0,0.2304369956254959,0.2304369956254959,0.0,v2.6,rand_init
sexual_liminal_2,16,0.05,5.559193959925324e-05,0.2291555553674698,0.2304369956254959,0.0055609137523590525,v2.6,rand_init
sexual_liminal_2,16,0.1,0.00013373563706409186,0.22684292495250702,0.2304369956254959,0.015596760681735072,v2.6,rand_init
sexual_liminal_2,16,0.2,0.0004437623138073832,0.22297552973031998,0.2304369956254959,0.03237963537461771,v2.6,rand_init
sexual_liminal_2,16,0.3,0.000997310969978571,0.22035866975784302,0.2304369956254959,0.04373571110097311,v2.6,rand_init
sexual_liminal_2,16,0.5,0.002667766180820763,0.2134619802236557,0.2304369956254959,0.07366445372959057,v2.6,rand_init
sexual_liminal_2,16,1.0,0.011335175950080156,0.19584092497825623,0.2304369956254959,0.15013244966734812,v2.6,rand_init
sexual_liminal_3,16,-0.3,0.0010110121802426875,0.22762151807546616,0.21872998028993607,-0.04065075017948601,v2.6,rand_init
sexual_liminal_3,16,-0.1,0.0001726256450638175,0.22227023541927338,0.21872998028993607,-0.016185504724338884,v2.6,rand_init
sexual_liminal_3,16,0.0,0.0,0.21872998028993607,0.21872998028993607,0.0,v2.6,rand_init
sexual_liminal_3,16,0.05,8.281356713268906e-05,0.2182822823524475,0.21872998028993607,0.0020468064638195136,v2.6,rand_init
sexual_liminal_3,16,0.1,0.0002621077001094818,0.2167704701423645,0.21872998028993607,0.008958580552031085,v2.6,rand_init
sexual_liminal_3,16,0.2,0.000616404227912426,0.21442799270153046,0.21872998028993607,0.019668028967511166,v2.6,rand_init
sexual_liminal_3,16,0.3,0.001472620409913361,0.20914670825004578,0.21872998028993607,0.043813253341801826,v2.6,rand_init
sexual_liminal_3,16,0.5,0.004616942489519715,0.2061377614736557,0.21872998028993607,0.05756969757684261,v2.6,rand_init
sexual_liminal_3,16,1.0,0.02373887598514557,0.20650795102119446,0.21872998028993607,0.055877247611602114,v2.6,rand_init
sexual_liminal_4,16,-0.3,0.000864936038851738,0.23604382574558258,0.2207585647702217,-0.06923971892674087,v2.6,rand_init
sexual_liminal_4,16,-0.1,9.575308649800718e-05,0.2234104871749878,0.2207585647702217,-0.012012772449061522,v2.6,rand_init
sexual_liminal_4,16,0.0,0.0,0.2207585647702217,0.2207585647702217,0.0,v2.6,rand_init
sexual_liminal_4,16,0.05,5.0849252147600055e-05,0.2179509401321411,0.2207585647702217,0.012718077964508127,v2.6,rand_init
sexual_liminal_4,16,0.1,0.00013968569692224264,0.21477731317281723,0.2207585647702217,0.027094086264014775,v2.6,rand_init
sexual_liminal_4,16,0.2,0.0005127602489665151,0.21028579026460648,0.2207585647702217,0.04743994651585049,v2.6,rand_init
sexual_liminal_4,16,0.3,0.0012228775303810835,0.2047770619392395,0.2207585647702217,0.07239358005256413,v2.6,rand_init
sexual_liminal_4,16,0.5,0.003279352094978094,0.1981414034962654,0.2207585647702217,0.10245202172562387,v2.6,rand_init
sexual_liminal_4,16,1.0,0.01575552672147751,0.1863604038953781,0.2207585647702217,0.15581801281706645,v2.6,rand_init
sexual_liminal_5,16,-0.3,0.0014920957619324327,0.18867138773202896,0.16584184765815735,-0.1376585005307536,v2.6,rand_init
sexual_liminal_5,16,-0.1,0.0002198851725552231,0.17342910915613174,0.16584184765815735,-0.04574998171519224,v2.6,rand_init
sexual_liminal_5,16,0.0,0.0,0.16584184765815735,0.16584184765815735,0.0,v2.6,rand_init
sexual_liminal_5,16,0.05,9.185067028738558e-05,0.16176258772611618,0.16584184765815735,0.024597289463691763,v2.6,rand_init
sexual_liminal_5,16,0.1,0.00023462140234187245,0.15758994221687317,0.16584184765815735,0.049757679125075095,v2.6,rand_init
sexual_liminal_5,16,0.2,0.0007207693415693939,0.15133754909038544,0.16584184765815735,0.0874586165831256,v2.6,rand_init
sexual_liminal_5,16,0.3,0.0015358806122094393,0.144026979804039,0.16584184765815735,0.13154018821042318,v2.6,rand_init
sexual_liminal_5,16,0.5,0.004642259795218706,0.1283893920481205,0.16584184765815735,0.2258323585928443,v2.6,rand_init
sexual_liminal_5,16,1.0,0.022820286452770233,0.09391462430357933,0.16584184765815735,0.4337097323158055,v2.6,rand_init
sexual_explicit_1,16,-0.3,0.0004189183237031102,0.10015146806836128,0.09783230349421501,-0.02370550923686885,v2.6,rand_init
sexual_explicit_1,16,-0.1,6.581503112101927e-05,0.09854941070079803,0.09783230349421501,-0.007329963426910691,v2.6,rand_init
sexual_explicit_1,16,0.0,0.0,0.09783230349421501,0.09783230349421501,0.0,v2.6,rand_init
sexual_explicit_1,16,0.05,2.2107276890892535e-05,0.09716076776385307,0.09783230349421501,0.0068641512708698255,v2.6,rand_init
sexual_explicit_1,16,0.1,5.693361163139343e-05,0.09687602892518044,0.09783230349421501,0.009774630003382497,v2.6,rand_init
sexual_explicit_1,16,0.2,0.00024181979824788868,0.09465023130178452,0.09783230349421501,0.03252578216783639,v2.6,rand_init
sexual_explicit_1,16,0.3,0.0004611126205418259,0.09544610604643822,0.09783230349421501,0.024390690626209105,v2.6,rand_init
sexual_explicit_1,16,0.5,0.0012298428919166327,0.09467780217528343,0.09783230349421501,0.03224396448069027,v2.6,rand_init
sexual_explicit_1,16,1.0,0.005173682933673263,0.09524896368384361,0.09783230349421501,0.026405795612531563,v2.6,rand_init
sexual_explicit_2,16,-0.3,0.001402677909936756,0.2717551067471504,0.24729682505130768,-0.09890253015083507,v2.6,rand_init
sexual_explicit_2,16,-0.1,0.00018429395277053118,0.2557840570807457,0.24729682505130768,-0.034320020193049944,v2.6,rand_init
sexual_explicit_2,16,0.0,0.0,0.24729682505130768,0.24729682505130768,0.0,v2.6,rand_init
sexual_explicit_2,16,0.05,6.12305011600256e-05,0.24250106513500214,0.24729682505130768,0.019392727404852636,v2.6,rand_init
sexual_explicit_2,16,0.1,0.00023353641154244542,0.23849959671497345,0.24729682505130768,0.035573559565550555,v2.6,rand_init
sexual_explicit_2,16,0.2,0.0006663702661171556,0.23024792224168777,0.24729682505130768,0.06894105011693012,v2.6,rand_init
sexual_explicit_2,16,0.3,0.0017347121611237526,0.22065013647079468,0.24729682505130768,0.1077518426489483,v2.6,rand_init
sexual_explicit_2,16,0.5,0.00481080450117588,0.20423347502946854,0.24729682505130768,0.17413628344360918,v2.6,rand_init
sexual_explicit_2,16,1.0,0.02165639027953148,0.16123291850090027,0.24729682505130768,0.34801864735849874,v2.6,rand_init
sexual_explicit_3,16,-0.3,0.0005192052340134978,0.10784954950213432,0.10023977607488632,-0.07591570657104176,v2.6,rand_init
sexual_explicit_3,16,-0.1,6.622789078392088e-05,0.10285833477973938,0.10023977607488632,-0.026122950463265262,v2.6,rand_init
sexual_explicit_3,16,0.0,0.0,0.10023977607488632,0.10023977607488632,0.0,v2.6,rand_init
sexual_explicit_3,16,0.05,1.937324122991413e-05,0.09998228400945663,0.10023977607488632,0.0025687613790888997,v2.6,rand_init
sexual_explicit_3,16,0.1,6.139132892712951e-05,0.0982373096048832,0.10023977607488632,0.01997676519655373,v2.6,rand_init
sexual_explicit_3,16,0.2,0.0001958562934305519,0.09660879522562027,0.10023977607488632,0.03622295451411871,v2.6,rand_init
sexual_explicit_3,16,0.3,0.0004605306312441826,0.09496976807713509,0.10023977607488632,0.05257402005581258,v2.6,rand_init
sexual_explicit_3,16,0.5,0.0013284055748954415,0.09082728996872902,0.10023977607488632,0.09389971201776727,v2.6,rand_init
sexual_explicit_3,16,1.0,0.00567001779563725,0.08611845225095749,0.10023977607488632,0.14087545260854523,v2.6,rand_init
sexual_explicit_4,16,-0.3,0.0008489780011586845,0.36321334540843964,0.3523520976305008,-0.030824984017346905,v2.6,rand_init
sexual_explicit_4,16,-0.1,0.00015995983994798735,0.35549603402614594,0.3523520976305008,-0.008922712300529786,v2.6,rand_init
sexual_explicit_4,16,0.0,0.0,0.3523520976305008,0.3523520976305008,0.0,v2.6,rand_init
sexual_explicit_4,16,0.05,0.00010421713523101062,0.35006849467754364,0.3523520976305008,0.006481025565943663,v2.6,rand_init
sexual_explicit_4,16,0.1,0.00014753087452845648,0.34803231060504913,0.3523520976305008,0.012259858972037874,v2.6,rand_init
sexual_explicit_4,16,0.2,0.0004237644898239523,0.34439271688461304,0.3523520976305008,0.022589281572078162,v2.6,rand_init
sexual_explicit_4,16,0.3,0.0008537507965229452,0.3412417620420456,0.3523520976305008,0.03153191271790361,v2.6,rand_init
sexual_explicit_4,16,0.5,0.0022285979939624667,0.3345085084438324,0.3523520976305008,0.050641359329667845,v2.6,rand_init
sexual_explicit_4,16,1.0,0.009840396232903004,0.3221672773361206,0.3523520976305008,0.08566663998133464,v2.6,rand_init
sexual_explicit_5,16,-0.3,0.0001789519446901977,0.08999989181756973,0.08877043798565865,-0.013849811489154894,v2.6,rand_init
sexual_explicit_5,16,-0.1,2.4298176867887378e-05,0.08883451297879219,0.08877043798565865,-0.0007218055310698883,v2.6,rand_init
sexual_explicit_5,16,0.0,0.0,0.08877043798565865,0.08877043798565865,0.0,v2.6,rand_init
sexual_explicit_5,16,0.05,8.877410436980426e-06,0.08785401284694672,0.08877043798565865,0.010323539677251371,v2.6,rand_init
sexual_explicit_5,16,0.1,3.101504989899695e-05,0.08786266855895519,0.08877043798565865,0.010226032982400157,v2.6,rand_init
sexual_explicit_5,16,0.2,9.440134454052895e-05,0.08821162581443787,0.08877043798565865,0.0062950255051243366,v2.6,rand_init
sexual_explicit_5,16,0.3,0.0002375920012127608,0.08871915750205517,0.08877043798565865,0.0005776752347641015,v2.6,rand_init
sexual_explicit_5,16,0.5,0.0006441992591135204,0.08754613250494003,0.08877043798565865,0.013791815254042184,v2.6,rand_init
sexual_explicit_5,16,1.0,0.0030067393090575933,0.08720816671848297,0.08877043798565865,0.01759900370693302,v2.6,rand_init
violence_liminal_1,16,-0.3,0.001354149542748928,0.18895819038152695,0.1806851178407669,-0.04578723826082281,v2.6,rand_init
violence_liminal_1,16,-0.1,0.0001861391356214881,0.18301351368427277,0.1806851178407669,-0.012886483797507961,v2.6,rand_init
violence_liminal_1,16,0.0,0.0,0.1806851178407669,0.1806851178407669,0.0,v2.6,rand_init
violence_liminal_1,16,0.05,5.047069862484932e-05,0.18114595115184784,0.1806851178407669,-0.0025504774083665986,v2.6,rand_init
violence_liminal_1,16,0.1,0.00016837409930303693,0.17938140034675598,0.1806851178407669,0.007215411593332538,v2.6,rand_init
violence_liminal_1,16,0.2,0.0007863624487072229,0.17690767347812653,0.1806851178407669,0.020906228513901982,v2.6,rand_init
violence_liminal_1,16,0.3,0.0017950127366930246,0.17613820731639862,0.1806851178407669,0.02516483138570029,v2.6,rand_init
violence_liminal_1,16,0.5,0.0055184876546263695,0.17370668053627014,0.1806851178407669,0.03862209233328602,v2.6,rand_init
violence_liminal_1,16,1.0,0.030834635719656944,0.1776622161269188,0.1806851178407669,0.01673021967704124,v2.6,rand_init
violence_liminal_2,16,-0.3,0.00280835188459605,0.20789339393377304,0.18387570977210999,-0.13061912414331317,v2.6,rand_init
violence_liminal_2,16,-0.1,0.000311182186123915,0.19129793345928192,0.18387570977210999,-0.04036543867795706,v2.6,rand_init
violence_liminal_2,16,0.0,0.0,0.18387570977210999,0.18387570977210999,0.0,v2.6,rand_init
violence_liminal_2,16,0.05,0.00011169297795277089,0.17986443638801575,0.18387570977210999,0.021815134740013727,v2.6,rand_init
violence_liminal_2,16,0.1,0.00041865414823405445,0.17546886950731277,0.18387570977210999,0.045720232842154054,v2.6,rand_init
violence_liminal_2,16,0.2,0.001545323058962822,0.16764995455741882,0.18387570977210999,0.08824305959063801,v2.6,rand_init
violence_liminal_2,16,0.3,0.0031732466304674745,0.16110879182815552,0.18387570977210999,0.12381688680996038,v2.6,rand_init
violence_liminal_2,16,0.5,0.008696356788277626,0.14804240316152573,0.18387570977210999,0.19487786970337181,v2.6,rand_init
violence_liminal_2,16,1.0,0.0325964130461216,0.12394294142723083,0.18387570977210999,0.32594173759632533,v2.6,rand_init
violence_liminal_3,16,-0.3,0.0009507529903203249,0.24639461189508438,0.22931861877441406,-0.07446405011478097,v2.6,rand_init
violence_liminal_3,16,-0.1,0.00013527851115213707,0.235354483127594,0.22931861877441406,-0.026320864766404113,v2.6,rand_init
violence_liminal_3,16,0.0,0.0,0.22931861877441406,0.22931861877441406,0.0,v2.6,rand_init
violence_liminal_3,16,0.05,4.432778951013461e-05,0.2265983149409294,0.22931861877441406,0.01186255110040007,v2.6,rand_init
violence_liminal_3,16,0.1,0.00014275584544520825,0.22344549000263214,0.22931861877441406,0.02561121640785501,v2.6,rand_init
violence_liminal_3,16,0.2,0.0004900425847154111,0.21812854707241058,0.22931861877441406,0.04879704823711417,v2.6,rand_init
violence_liminal_3,16,0.3,0.0011748509132303298,0.2118108570575714,0.22931861877441406,0.07634688282361161,v2.6,rand_init
violence_liminal_3,16,0.5,0.0033799108350649476,0.201027050614357,0.22931861877441406,0.12337231190062298,v2.6,rand_init
violence_liminal_3,16,1.0,0.018878351897001266,0.17115399986505508,0.22931861877441406,0.25364106595538516,v2.6,rand_init
violence_liminal_4,16,-0.3,0.0033329016296193004,0.1939401999115944,0.16509942710399628,-0.1746872979118897,v2.6,rand_init
violence_liminal_4,16,-0.1,0.00045171091915108263,0.17499364912509918,0.16509942710399628,-0.05992886949795729,v2.6,rand_init
violence_liminal_4,16,0.0,0.0,0.16509942710399628,0.16509942710399628,0.0,v2.6,rand_init
violence_liminal_4,16,0.05,7.886016101110727e-05,0.16068751364946365,0.16509942710399628,0.02672276658933259,v2.6,rand_init
violence_liminal_4,16,0.1,0.00041981457616202533,0.1550808921456337,0.16509942710399628,0.06068182751507609,v2.6,rand_init
violence_liminal_4,16,0.2,0.0014282214106060565,0.14629478007555008,0.16509942710399628,0.11389892356562288,v2.6,rand_init
violence_liminal_4,16,0.3,0.003576727816835046,0.1353764832019806,0.16509942710399628,0.18003056959908878,v2.6,rand_init
violence_liminal_4,16,0.5,0.009719708934426308,0.11775786429643631,0.16509942710399628,0.2867457727623699,v2.6,rand_init
violence_liminal_4,16,1.0,0.04023047722876072,0.07621606439352036,0.16509942710399628,0.5383626355922375,v2.6,rand_init
violence_liminal_5,16,-0.3,0.0025541968643665314,0.365558460354805,0.34525178372859955,-0.058817007132882494,v2.6,rand_init
violence_liminal_5,16,-0.1,0.0003441088629188016,0.3533773422241211,0.34525178372859955,-0.023535167314034794,v2.6,rand_init
violence_liminal_5,16,0.0,0.0,0.34525178372859955,0.34525178372859955,0.0,v2.6,rand_init
violence_liminal_5,16,0.05,0.00010314377141185105,0.3438256084918976,0.34525178372859955,0.0041308265559116516,v2.6,rand_init
violence_liminal_5,16,0.1,0.00033896445529535413,0.34015078842639923,0.34525178372859955,0.014774710928677433,v2.6,rand_init
violence_liminal_5,16,0.2,0.0012777279480360448,0.3333009332418442,0.34525178372859955,0.0346148841222204,v2.6,rand_init
violence_liminal_5,16,0.3,0.0027534443652257323,0.32789346575737,0.34525178372859955,0.05027727238297146,v2.6,rand_init
violence_liminal_5,16,0.5,0.007767158094793558,0.3189298063516617,0.34525178372859955,0.07623994608418713,v2.6,rand_init
violence_liminal_5,16,1.0,0.03179477248340845,0.30050937831401825,0.34525178372859955,0.12959355323636226,v2.6,rand_init
violence_explicit_1,16,-0.3,0.0005749763222411275,0.12950895726680756,0.12018328160047531,-0.07759544873581953,v2.6,rand_init
violence_explicit_1,16,-0.1,8.742907084524632e-05,0.1231493204832077,0.12018328160047531,-0.02467929684756304,v2.6,rand_init
violence_explicit_1,16,0.0,0.0,0.12018328160047531,0.12018328160047531,0.0,v2.6,rand_init
violence_explicit_1,16,0.05,5.309066909831017e-05,0.11840098723769188,0.12018328160047531,0.014829802773303398,v2.6,rand_init
violence_explicit_1,16,0.1,0.00010095885954797268,0.11714526638388634,0.12018328160047531,0.025278184919997716,v2.6,rand_init
violence_explicit_1,16,0.2,0.00026853481540456414,0.11462882161140442,0.12018328160047531,0.04621657783930011,v2.6,rand_init
violence_explicit_1,16,0.3,0.0006815039087086916,0.11176282912492752,0.12018328160047531,0.07006342615556013,v2.6,rand_init
violence_explicit_1,16,0.5,0.001965951407328248,0.10590269789099693,0.12018328160047531,0.11882337975219592,v2.6,rand_init
violence_explicit_1,16,1.0,0.008839322254061699,0.09472490847110748,0.12018328160047531,0.2118295722195286,v2.6,rand_init
violence_explicit_2,16,-0.3,0.0010160331148654222,0.16604884713888168,0.15278314054012299,-0.08682703177759943,v2.6,rand_init
violence_explicit_2,16,-0.1,0.0001117348438128829,0.1578589528799057,0.15278314054012299,-0.03322233279037575,v2.6,rand_init
violence_explicit_2,16,0.0,0.0,0.15278314054012299,0.15278314054012299,0.0,v2.6,rand_init
violence_explicit_2,16,0.05,4.7125737182796e-05,0.14927216619253159,0.15278314054012299,0.022980116360871435,v2.6,rand_init
violence_explicit_2,16,0.1,0.0001021332573145628,0.14811255782842636,0.15278314054012299,0.030570013780218536,v2.6,rand_init
violence_explicit_2,16,0.2,0.00033393726334907115,0.1459137424826622,0.15278314054012299,0.04496175450495328,v2.6,rand_init
violence_explicit_2,16,0.3,0.0007577298674732447,0.14146745204925537,0.15278314054012299,0.07406372490357309,v2.6,rand_init
violence_explicit_2,16,0.5,0.0019247494637966156,0.1340109333395958,0.15278314054012299,0.12286831606002592,v2.6,rand_init
violence_explicit_2,16,1.0,0.006318865576758981,0.11801940202713013,0.15278314054012299,0.2275364833455784,v2.6,rand_init
violence_explicit_3,16,-0.3,0.0008188316132873297,0.09727729856967926,0.09560281783342361,-0.01751497261485772,v2.6,rand_init
violence_explicit_3,16,-0.1,9.369599865749478e-05,0.09550945460796356,0.09560281783342361,0.0009765739920210997,v2.6,rand_init
violence_explicit_3,16,0.0,0.0,0.09560281783342361,0.09560281783342361,0.0,v2.6,rand_init
violence_explicit_3,16,0.05,2.876340295188129e-05,0.09544824063777924,0.09560281783342361,0.0016168686148321568,v2.6,rand_init
violence_explicit_3,16,0.1,9.571143891662359e-05,0.09619124233722687,0.09560281783342361,-0.006154886614623765,v2.6,rand_init
violence_explicit_3,16,0.2,0.0003741000546142459,0.09636886417865753,0.09560281783342361,-0.008012800904766852,v2.6,rand_init
violence_explicit_3,16,0.3,0.0008555534295737743,0.09611358121037483,0.09560281783342361,-0.005342555674887756,v2.6,rand_init
violence_explicit_3,16,0.5,0.0023768178652971983,0.09754784405231476,0.09560281783342361,-0.020344862870884387,v2.6,rand_init
violence_explicit_3,16,1.0,0.009066385217010975,0.10545845329761505,0.09560281783342361,-0.10308938258874015,v2.6,rand_init
violence_explicit_4,16,-0.3,0.0012132639531046152,0.09847023338079453,0.0846061110496521,-0.1638666777037666,v2.6,rand_init
violence_explicit_4,16,-0.1,0.00017278516315855086,0.08940160274505615,0.0846061110496521,-0.056680204726461916,v2.6,rand_init
violence_explicit_4,16,0.0,0.0,0.0846061110496521,0.0846061110496521,0.0,v2.6,rand_init
violence_explicit_4,16,0.05,7.63429852668196e-05,0.081509780138731,0.0846061110496521,0.03659701258581639,v2.6,rand_init
violence_explicit_4,16,0.1,0.00011388963321223855,0.08080638200044632,0.0846061110496521,0.04491081083937145,v2.6,rand_init
violence_explicit_4,16,0.2,0.0007063833763822913,0.07515022158622742,0.0846061110496521,0.11176366985920652,v2.6,rand_init
violence_explicit_4,16,0.3,0.0012534639099612832,0.07220818102359772,0.0846061110496521,0.1465370511921829,v2.6,rand_init
violence_explicit_4,16,0.5,0.0036317496560513973,0.06482988595962524,0.0846061110496521,0.23374464142928095,v2.6,rand_init
violence_explicit_4,16,1.0,0.0139231001958251,0.052200788632035255,0.0846061110496521,0.38301396926989584,v2.6,rand_init
violence_explicit_5,16,-0.3,0.0028126825345680118,0.19379384070634842,0.16131335496902466,-0.2013502585917989,v2.6,rand_init
violence_explicit_5,16,-0.1,0.00026032235473394394,0.1707436442375183,0.16131335496902466,-0.058459445408623814,v2.6,rand_init
violence_explicit_5,16,0.0,0.0,0.16131335496902466,0.16131335496902466,0.0,v2.6,rand_init
violence_explicit_5,16,0.05,9.882223093882203e-05,0.15491098165512085,0.16131335496902466,0.03968904691823681,v2.6,rand_init
violence_explicit_5,16,0.1,0.0002753087755991146,0.15118318796157837,0.16131335496902466,0.0627980678313428,v2.6,rand_init
violence_explicit_5,16,0.2,0.0010943271918222308,0.14123467355966568,0.16131335496902466,0.12447005031427485,v2.6,rand_init
violence_explicit_5,16,0.3,0.002298701205290854,0.1329084224998951,0.16131335496902466,0.17608543616605005,v2.6,rand_init
violence_explicit_5,16,0.5,0.005889171501621604,0.11722537502646446,0.16131335496902466,0.2733064472623854,v2.6,rand_init
violence_explicit_5,16,1.0,0.020714955404400826,0.08543986454606056,0.16131335496902466,0.4703484744802022,v2.6,rand_init
death_1,16,-0.3,8.897605584934354e-05,0.02003502193838358,0.018382973037660122,-0.08986842864530135,v2.6,rand_init
death_1,16,-0.1,8.313916623592377e-06,0.018840265460312366,0.018382973037660122,-0.024875868648418096,v2.6,rand_init
death_1,16,0.0,0.0,0.018382973037660122,0.018382973037660122,0.0,v2.6,rand_init
death_1,16,0.05,2.057837264146656e-06,0.018182833213359118,0.018382973037660122,0.010887239180027607,v2.6,rand_init
death_1,16,0.1,8.859671652317047e-06,0.017998695839196444,0.018382973037660122,0.020903974437455362,v2.6,rand_init
death_1,16,0.2,2.843397669494152e-05,0.01767859049141407,0.018382973037660122,0.03831711795491537,v2.6,rand_init
death_1,16,0.3,6.21783547103405e-05,0.01742882002145052,0.018382973037660122,0.051904173185419185,v2.6,rand_init
death_1,16,0.5,0.0001604511635378003,0.01704798685386777,0.018382973037660122,0.07262079866284113,v2.6,rand_init
death_1,16,1.0,0.0006281499518081546,0.017473437823355198,0.018382973037660122,0.0494770466366682,v2.6,rand_init
death_2,16,-0.3,0.002839469467289746,0.2327829673886299,0.21047846972942352,-0.10597044765614032,v2.6,rand_init
death_2,16,-0.1,0.00037669905577786267,0.2172134667634964,0.21047846972942352,-0.03199850817392828,v2.6,rand_init
death_2,16,0.0,0.0,0.21047846972942352,0.21047846972942352,0.0,v2.6,rand_init
death_2,16,0.05,0.00015060240548336878,0.20652353763580322,0.21047846972942352,0.01879019787014076,v2.6,rand_init
death_2,16,0.1,0.0004369812231743708,0.2036837339401245,0.21047846972942352,0.032282331765495303,v2.6,rand_init
death_2,16,0.2,0.0014185585314407945,0.19743622094392776,0.21047846972942352,0.061964764387834846,v2.6,rand_init
death_2,16,0.3,0.003274222370237112,0.18902254104614258,0.21047846972942352,0.10193882875936525,v2.6,rand_init
death_2,16,0.5,0.009252554271370173,0.17854014039039612,0.21047846972942352,0.15174155047822754,v2.6,rand_init
death_2,16,1.0,0.04106656275689602,0.1578131765127182,0.21047846972942352,0.2502170092950987,v2.6,rand_init
death_3,16,-0.3,0.0012460023281164467,0.13073576241731644,0.11655199527740479,-0.12169476040416934,v2.6,rand_init
death_3,16,-0.1,0.00019921688362956047,0.12154528871178627,0.11655199527740479,-0.04284176707997983,v2.6,rand_init
death_3,16,0.0,0.0,0.11655199527740479,0.11655199527740479,0.0,v2.6,rand_init
death_3,16,0.05,7.410190301015973e-05,0.11414163932204247,0.11655199527740479,0.02068052073776553,v2.6,rand_init
death_3,16,0.1,0.00021891650976613164,0.11175674200057983,0.11655199527740479,0.04114260991767489,v2.6,rand_init
death_3,16,0.2,0.0009329161257483065,0.10628039017319679,0.11655199527740479,0.08812895120122655,v2.6,rand_init
death_3,16,0.3,0.002354906057007611,0.10123337432742119,0.11655199527740479,0.13143164914100208,v2.6,rand_init
death_3,16,0.5,0.007897846400737762,0.09423285722732544,0.11655199527740479,0.19149511766793595,v2.6,rand_init
death_3,16,1.0,0.04490108601748943,0.09730659052729607,0.11655199527740479,0.16512291106044846,v2.6,rand_init
death_4,16,-0.3,0.005104465642943978,0.23442832380533218,0.18689978122711182,-0.2542996159019893,v2.6,rand_init
death_4,16,-0.1,0.000654575735097751,0.2028471678495407,0.18689978122711182,-0.08532587099741107,v2.6,rand_init
death_4,16,0.0,0.0,0.18689978122711182,0.18689978122711182,0.0,v2.6,rand_init
death_4,16,0.05,0.0001690804783720523,0.17858026921749115,0.18689978122711182,0.044513224975427805,v2.6,rand_init
death_4,16,0.1,0.0007995149935595691,0.16865752637386322,0.18689978122711182,0.09760447408486513,v2.6,rand_init
death_4,16,0.2,0.002871949691325426,0.1527101695537567,0.18689978122711182,0.18293018562611102,v2.6,rand_init
death_4,16,0.3,0.006637962069362402,0.13681501895189285,0.18689978122711182,0.26797656983000057,v2.6,rand_init
death_4,16,0.5,0.019366199150681496,0.10527759790420532,0.18689978122711182,0.4367163128121753,v2.6,rand_init
death_4,16,1.0,0.08563493937253952,0.044719645753502846,0.18689978122711182,0.7607292771565011,v2.6,rand_init
death_5,16,-0.3,0.006542357616126537,0.3063129037618637,0.252194419503212,-0.21459033219393847,v2.6,rand_init
death_5,16,-0.1,0.0008868503791745752,0.27154208719730377,0.252194419503212,-0.07671727127112495,v2.6,rand_init
death_5,16,0.0,0.0,0.252194419503212,0.252194419503212,0.0,v2.6,rand_init
death_5,16,0.05,0.0002546726609580219,0.2426059991121292,0.252194419503212,0.03801995464439944,v2.6,rand_init
death_5,16,0.1,0.000885739631485194,0.2337908148765564,0.252194419503212,0.07297387730826133,v2.6,rand_init
death_5,16,0.2,0.003411352401599288,0.21536271274089813,0.252194419503212,0.14604489201175505,v2.6,rand_init
death_5,16,0.3,0.008382141124457121,0.19655278325080872,0.252194419503212,0.22062992655432093,v2.6,rand_init
death_5,16,0.5,0.024474669247865677,0.16248732805252075,0.252194419503212,0.35570609225771826,v2.6,rand_init
death_5,16,1.0,0.10256928205490112,0.10096434876322746,0.252194419503212,0.5996566896202017,v2.6,rand_init
power_1,16,-0.3,0.005105463555082679,0.21591197699308395,0.17924155294895172,-0.2045866231396468,v2.6,rand_init
power_1,16,-0.1,0.0006837040418758988,0.1923949122428894,0.17924155294895172,-0.0733834263179129,v2.6,rand_init
power_1,16,0.0,0.0,0.17924155294895172,0.17924155294895172,0.0,v2.6,rand_init
power_1,16,0.05,0.0001971918682102114,0.1732330545783043,0.17924155294895172,0.03352179375704617,v2.6,rand_init
power_1,16,0.1,0.0007309912471100688,0.16589722782373428,0.17924155294895172,0.07444883681083662,v2.6,rand_init
power_1,16,0.2,0.002914906945079565,0.15207383036613464,0.17924155294895172,0.15157044856978275,v2.6,rand_init
power_1,16,0.3,0.006986937951296568,0.13828925788402557,0.17924155294895172,0.22847545332632455,v2.6,rand_init
power_1,16,0.5,0.021179944276809692,0.11163445934653282,0.17924155294895172,0.3771842660929941,v2.6,rand_init
power_1,16,1.0,0.0842541977763176,0.06797104142606258,0.17924155294895172,0.6207852458998676,v2.6,rand_init
power_2,16,-0.3,0.0020124026341363788,0.1173895075917244,0.09640064463019371,-0.21772533826974794,v2.6,rand_init
power_2,16,-0.1,0.00024973382824100554,0.10341526195406914,0.09640064463019371,-0.07276525329041601,v2.6,rand_init
power_2,16,0.0,0.0,0.09640064463019371,0.09640064463019371,0.0,v2.6,rand_init
power_2,16,0.05,6.69353612465784e-05,0.09347036853432655,0.09640064463019371,0.030396851671564064,v2.6,rand_init
power_2,16,0.1,0.00023079750826582313,0.09005139395594597,0.09640064463019371,0.06586315577664809,v2.6,rand_init
power_2,16,0.2,0.0008663889893796295,0.0846502035856247,0.09640064463019371,0.12189172686184147,v2.6,rand_init
power_2,16,0.3,0.001963648945093155,0.07837515138089657,0.09640064463019371,0.18698519411820785,v2.6,rand_init
power_2,16,0.5,0.005242915358394384,0.0687636137008667,0.09640064463019371,0.28668927511166037,v2.6,rand_init
power_2,16,1.0,0.022097203880548477,0.045017531141638756,0.09640064463019371,0.5330162851676742,v2.6,rand_init
power_3,16,-0.3,0.006309256888926029,0.31097425520420074,0.24881026148796082,-0.24984497562311295,v2.6,rand_init
power_3,16,-0.1,0.0007578041404485703,0.2696787640452385,0.24881026148796082,-0.08387315873741584,v2.6,rand_init
power_3,16,0.0,0.0,0.24881026148796082,0.24881026148796082,0.0,v2.6,rand_init
power_3,16,0.05,0.0002614313270896673,0.23737509548664093,0.24881026148796082,0.04595938259513142,v2.6,rand_init
power_3,16,0.1,0.00101827597245574,0.22523869574069977,0.24881026148796082,0.09473711255434537,v2.6,rand_init
power_3,16,0.2,0.004327832721173763,0.20086423307657242,0.24881026148796082,0.1927011696569772,v2.6,rand_init
power_3,16,0.3,0.00994548574090004,0.17791856825351715,0.24881026148796082,0.2849227070077007,v2.6,rand_init
power_3,16,0.5,0.03069472312927246,0.13191640377044678,0.24881026148796082,0.469811240977174,v2.6,rand_init
power_3,16,1.0,0.14193332940340042,0.05340410768985748,0.24881026148796082,0.78536211742038,v2.6,rand_init
power_4,16,-0.3,0.0018559106392785907,0.13789964467287064,0.12174111604690552,-0.13272860600143846,v2.6,rand_init
power_4,16,-0.1,0.0003048391081392765,0.12727704644203186,0.12174111604690552,-0.045472972278268006,v2.6,rand_init
power_4,16,0.0,0.0,0.12174111604690552,0.12174111604690552,0.0,v2.6,rand_init
power_4,16,0.05,9.816331294132397e-05,0.12003909051418304,0.12174111604690552,0.013980695988253479,v2.6,rand_init
power_4,16,0.1,0.00034778722329065204,0.11656295880675316,0.12174111604690552,0.04253416929541924,v2.6,rand_init
power_4,16,0.2,0.001129335374571383,0.11106109619140625,0.12174111604690552,0.08772730366119177,v2.6,rand_init
power_4,16,0.3,0.0028130861464887857,0.10484811663627625,0.12174111604690552,0.13876166047402247,v2.6,rand_init
power_4,16,0.5,0.007667632307857275,0.09531275928020477,0.12174111604690552,0.21708653267576575,v2.6,rand_init
power_4,16,1.0,0.03203278221189976,0.0749889612197876,0.12174111604690552,0.3840292938427214,v2.6,rand_init
power_5,16,-0.3,0.008838596753776073,0.3727561682462692,0.3084346354007721,-0.20854186094217134,v2.6,rand_init
power_5,16,-0.1,0.0014081327244639397,0.3350944072008133,0.3084346354007721,-0.08643572653700247,v2.6,rand_init
power_5,16,0.0,0.0,0.3084346354007721,0.3084346354007721,0.0,v2.6,rand_init
power_5,16,0.05,0.0004633909557014704,0.2936108708381653,0.3084346354007721,0.04806128385466564,v2.6,rand_init
power_5,16,0.1,0.0017636828124523163,0.2785834074020386,0.3084346354007721,0.09678299572272614,v2.6,rand_init
power_5,16,0.2,0.007685876451432705,0.24557310342788696,0.3084346354007721,0.20380827818252142,v2.6,rand_init
power_5,16,0.3,0.01969084143638611,0.207889124751091,0.3084346354007721,0.32598644610400135,v2.6,rand_init
power_5,16,0.5,0.0650247260928154,0.13232213258743286,0.3084346354007721,0.5709880882362746,v2.6,rand_init
power_5,16,1.0,0.27335599064826965,0.03744765371084213,0.3084346354007721,0.8785880396921584,v2.6,rand_init
profanity_1,16,-0.3,0.001579781819600612,0.1876084953546524,0.16568520665168762,-0.13231892663207465,v2.6,rand_init
profanity_1,16,-0.1,0.00017554023361299187,0.1727977842092514,0.16568520665168762,-0.04292825956704889,v2.6,rand_init
profanity_1,16,0.0,0.0,0.16568520665168762,0.16568520665168762,0.0,v2.6,rand_init
profanity_1,16,0.05,5.1751703722402453e-05,0.1626031994819641,0.16568520665168762,0.018601583279566247,v2.6,rand_init
profanity_1,16,0.1,0.00019483116921037436,0.15844624489545822,0.16568520665168762,0.04369105668828682,v2.6,rand_init
profanity_1,16,0.2,0.000648748129606247,0.1526114121079445,0.16568520665168762,0.07890743421183986,v2.6,rand_init
profanity_1,16,0.3,0.0016674499493092299,0.1442166194319725,0.16568520665168762,0.12957455679702015,v2.6,rand_init
profanity_1,16,0.5,0.0050711240619421005,0.1281651332974434,0.16568520665168762,0.2264539732453058,v2.6,rand_init
profanity_1,16,1.0,0.022533338516950607,0.09277734160423279,0.16568520665168762,0.440038471272367,v2.6,rand_init
profanity_2,16,-0.3,0.006593630649149418,0.35755981504917145,0.30333317816257477,-0.17876922404292125,v2.6,rand_init
profanity_2,16,-0.1,0.0008617722196504474,0.32366877794265747,0.30333317816257477,-0.06704047313012233,v2.6,rand_init
profanity_2,16,0.0,0.0,0.30333317816257477,0.30333317816257477,0.0,v2.6,rand_init
profanity_2,16,0.05,0.00024857278913259506,0.2931577265262604,0.30333317816257477,0.03354546211512922,v2.6,rand_init
profanity_2,16,0.1,0.0011550295166671276,0.27916401624679565,0.30333317816257477,0.07967859652604631,v2.6,rand_init
profanity_2,16,0.2,0.004535369109362364,0.25628698617219925,0.30333317816257477,0.1550974155723928,v2.6,rand_init
profanity_2,16,0.3,0.011324688792228699,0.2288351133465767,0.30333317816257477,0.24559814151312526,v2.6,rand_init
profanity_2,16,0.5,0.03478262200951576,0.1767956167459488,0.30333317816257477,0.4171570092764688,v2.6,rand_init
profanity_2,16,1.0,0.16576863825321198,0.07818013057112694,0.30333317816257477,0.7422631739636953,v2.6,rand_init
profanity_3,16,-0.3,0.0017773087602108717,0.11962195485830307,0.10571766272187233,-0.13152288632232528,v2.6,rand_init
profanity_3,16,-0.1,0.00020873945322819054,0.11077383905649185,0.10571766272187233,-0.047827167234311456,v2.6,rand_init
profanity_3,16,0.0,0.0,0.10571766272187233,0.10571766272187233,0.0,v2.6,rand_init
profanity_3,16,0.05,8.198348223231733e-05,0.10333013534545898,0.10571766272187233,0.022583996987282813,v2.6,rand_init
profanity_3,16,0.1,0.00023831252474337816,0.10115091502666473,0.10571766272187233,0.043197584751963725,v2.6,rand_init
profanity_3,16,0.2,0.0008265379583463073,0.09622154757380486,0.10571766272187233,0.08982524682796253,v2.6,rand_init
profanity_3,16,0.3,0.0019843567861244082,0.0921124704182148,0.10571766272187233,0.12869365395875992,v2.6,rand_init
profanity_3,16,0.5,0.005396014777943492,0.08208464831113815,0.10571766272187233,0.22354840054409048,v2.6,rand_init
profanity_3,16,1.0,0.023095525801181793,0.061677753925323486,0.10571766272187233,0.4165804243365783,v2.6,rand_init
profanity_4,16,-0.3,0.007591010304167867,0.4264666438102722,0.36428962647914886,-0.1706801753650326,v2.6,rand_init
profanity_4,16,-0.1,0.0009862689184956253,0.3865518718957901,0.36428962647914886,-0.06111138994487804,v2.6,rand_init
profanity_4,16,0.0,0.0,0.36428962647914886,0.36428962647914886,0.0,v2.6,rand_init
profanity_4,16,0.05,0.00029017424094490707,0.35237108170986176,0.36428962647914886,0.03271722251462272,v2.6,rand_init
profanity_4,16,0.1,0.0012428936315700412,0.33857637643814087,0.36428962647914886,0.07058463423602254,v2.6,rand_init
profanity_4,16,0.2,0.005520931677892804,0.30990074574947357,0.36428962647914886,0.14930120644758021,v2.6,rand_init
profanity_4,16,0.3,0.014360159635543823,0.2770036980509758,0.36428962647914886,0.23960585776704546,v2.6,rand_init
profanity_4,16,0.5,0.04488837905228138,0.2159113809466362,0.36428962647914886,0.40730845664364673,v2.6,rand_init
profanity_4,16,1.0,0.1966043934226036,0.10848119854927063,0.36428962647914886,0.7022116726250511,v2.6,rand_init
profanity_5,16,-0.3,0.0019332182710058987,0.22987095266580582,0.2031307891011238,-0.13164013039584097,v2.6,rand_init
profanity_5,16,-0.1,0.00028264420689083636,0.2130376398563385,0.2031307891011238,-0.04877079835633781,v2.6,rand_init
profanity_5,16,0.0,0.0,0.2031307891011238,0.2031307891011238,0.0,v2.6,rand_init
profanity_5,16,0.05,7.920601638033986e-05,0.1995111033320427,0.2031307891011238,0.01781948361988168,v2.6,rand_init
profanity_5,16,0.1,0.00024393323110416532,0.19513460993766785,0.2031307891011238,0.039364683211441945,v2.6,rand_init
profanity_5,16,0.2,0.0009341473050881177,0.18711689114570618,0.2031307891011238,0.07883540464880238,v2.6,rand_init
profanity_5,16,0.3,0.0024479099083691835,0.1763925701379776,0.2031307891011238,0.13163055724573208,v2.6,rand_init
profanity_5,16,0.5,0.0076531723607331514,0.1563011333346367,0.2031307891011238,0.23053942720211704,v2.6,rand_init
profanity_5,16,1.0,0.037125177681446075,0.10937607660889626,0.2031307891011238,0.4615485072799772,v2.6,rand_init
substance_1,16,-0.3,0.005156869068741798,0.20871250331401825,0.16761835664510727,-0.24516495383568424,v2.6,rand_init
substance_1,16,-0.1,0.000565047434065491,0.18043766915798187,0.16761835664510727,-0.0764791683288991,v2.6,rand_init
substance_1,16,0.0,0.0,0.16761835664510727,0.16761835664510727,0.0,v2.6,rand_init
substance_1,16,0.05,0.00017529132310301065,0.1615990251302719,0.16761835664510727,0.03591093264074821,v2.6,rand_init
substance_1,16,0.1,0.0006373110227286816,0.15529772639274597,0.16761835664510727,0.07350406303318768,v2.6,rand_init
substance_1,16,0.2,0.002525382675230503,0.14263582974672318,0.16761835664510727,0.1490440987396074,v2.6,rand_init
substance_1,16,0.3,0.005507217720150948,0.1316758170723915,0.16761835664510727,0.21443080753270774,v2.6,rand_init
substance_1,16,0.5,0.015398443676531315,0.11161250621080399,0.16761835664510727,0.33412718961851295,v2.6,rand_init
substance_1,16,1.0,0.05390124395489693,0.07732253894209862,0.16761835664510727,0.5386988603771421,v2.6,rand_init
substance_2,16,-0.3,0.00514080049470067,0.284781813621521,0.24249641597270966,-0.17437535098898163,v2.6,rand_init
substance_2,16,-0.1,0.0007919091149233282,0.2592250406742096,0.24249641597270966,-0.06898503895159656,v2.6,rand_init
substance_2,16,0.0,0.0,0.24249641597270966,0.24249641597270966,0.0,v2.6,rand_init
substance_2,16,0.05,0.00020279688760638237,0.23592814058065414,0.24249641597270966,0.027086072038255193,v2.6,rand_init
substance_2,16,0.1,0.0006771194748580456,0.2275489941239357,0.24249641597270966,0.06163976398915573,v2.6,rand_init
substance_2,16,0.2,0.0024383229902014136,0.21347500383853912,0.24249641597270966,0.11967769510225082,v2.6,rand_init
substance_2,16,0.3,0.005709149409085512,0.19809943437576294,0.24249641597270966,0.183083042356977,v2.6,rand_init
substance_2,16,0.5,0.016866344027221203,0.16615360230207443,0.24249641597270966,0.3148203793627481,v2.6,rand_init
substance_2,16,1.0,0.06855841353535652,0.09982224926352501,0.24249641597270966,0.588355774813765,v2.6,rand_init
substance_3,16,-0.3,0.0039830857422202826,0.23725029081106186,0.20006880909204483,-0.18584346999292178,v2.6,rand_init
substance_3,16,-0.1,0.0005792329902760684,0.21242673695087433,0.20006880909204483,-0.061768388160615466,v2.6,rand_init
substance_3,16,0.0,0.0,0.20006880909204483,0.20006880909204483,0.0,v2.6,rand_init
substance_3,16,0.05,0.00016336677072104067,0.1942511647939682,0.20006880909204483,0.029078217261742836,v2.6,rand_init
substance_3,16,0.1,0.0005723918729927391,0.185956671833992,0.20006880909204483,0.07053641855567958,v2.6,rand_init
substance_3,16,0.2,0.002106879837810993,0.17361688613891602,0.20006880909204483,0.1322141270954394,v2.6,rand_init
substance_3,16,0.3,0.004658256191760302,0.1617932766675949,0.20006880909204483,0.19131184215147026,v2.6,rand_init
substance_3,16,0.5,0.013763288967311382,0.13570481538772583,0.20006880909204483,0.3217092859022684,v2.6,rand_init
substance_3,16,1.0,0.059787120670080185,0.08481111377477646,0.20006880909204483,0.5760902753424311,v2.6,rand_init
substance_4,16,-0.3,0.0025660067331045866,0.2380378693342209,0.21658644080162048,-0.09904326629684339,v2.6,rand_init
substance_4,16,-0.1,0.0003764550929190591,0.22399592399597168,0.21658644080162048,-0.03421028189450611,v2.6,rand_init
substance_4,16,0.0,0.0,0.21658644080162048,0.21658644080162048,0.0,v2.6,rand_init
substance_4,16,0.05,9.614605733077042e-05,0.21256238967180252,0.21658644080162048,0.018579423138975443,v2.6,rand_init
substance_4,16,0.1,0.00038245598261710256,0.20838101208209991,0.21658644080162048,0.03788523736366407,v2.6,rand_init
substance_4,16,0.2,0.0015806861338205636,0.19960159063339233,0.21658644080162048,0.07842065322909665,v2.6,rand_init
substance_4,16,0.3,0.0037150586722418666,0.19106850773096085,0.21658644080162048,0.11781870082085358,v2.6,rand_init
substance_4,16,0.5,0.01193980174139142,0.17334066331386566,0.21658644080162048,0.1996698284883181,v2.6,rand_init
substance_4,16,1.0,0.05974512919783592,0.1315247118473053,0.21658644080162048,0.3927380155446867,v2.6,rand_init
substance_5,16,-0.3,0.002463359967805445,0.17170386016368866,0.1480003148317337,-0.16015874938444744,v2.6,rand_init
substance_5,16,-0.1,0.00033043950679712,0.1552068367600441,0.1480003148317337,-0.048692612150884405,v2.6,rand_init
substance_5,16,0.0,0.0,0.1480003148317337,0.1480003148317337,0.0,v2.6,rand_init
substance_5,16,0.05,0.0001346925928373821,0.14442530274391174,0.1480003148317337,0.024155435695434203,v2.6,rand_init
substance_5,16,0.1,0.0003937130677513778,0.13963809609413147,0.1480003148317337,0.05650135776474197,v2.6,rand_init
substance_5,16,0.2,0.0014223343459889293,0.13117723912000656,0.1480003148317337,0.1136691886828338,v2.6,rand_init
substance_5,16,0.3,0.0032569721806794405,0.1231640875339508,0.1480003148317337,0.16781198963002206,v2.6,rand_init
substance_5,16,0.5,0.009808658622205257,0.10687458515167236,0.1480003148317337,0.2778759607830463,v2.6,rand_init
substance_5,16,1.0,0.0475790910422802,0.07953371480107307,0.1480003148317337,0.4626111782836577,v2.6,rand_init
neutral_1,16,-0.3,0.013326409738510847,0.29386869072914124,0.2049248069524765,-0.43403180463793944,v2.6,rand_init
neutral_1,16,-0.1,0.001566778402775526,0.2336796447634697,0.2049248069524765,-0.14031896986323206,v2.6,rand_init
neutral_1,16,0.0,0.0,0.2049248069524765,0.2049248069524765,0.0,v2.6,rand_init
neutral_1,16,0.05,0.0006117939483374357,0.18783055990934372,0.2049248069524765,0.08341716797174809,v2.6,rand_init
neutral_1,16,0.1,0.0016510661225765944,0.17738162726163864,0.2049248069524765,0.1344062736983586,v2.6,rand_init
neutral_1,16,0.2,0.006539820693433285,0.1518845111131668,0.2049248069524765,0.25882808737553237,v2.6,rand_init
neutral_1,16,0.3,0.015067948028445244,0.1270071119070053,0.2049248069524765,0.38022578234533044,v2.6,rand_init
neutral_1,16,0.5,0.037218108773231506,0.09110795706510544,0.2049248069524765,0.5554078668170516,v2.6,rand_init
neutral_1,16,1.0,0.11067206412553787,0.03732889238744974,0.2049248069524765,0.8178410269474765,v2.6,rand_init
neutral_2,16,-0.3,0.007780596148222685,0.28881262242794037,0.22270064055919647,-0.29686480336445437,v2.6,rand_init
neutral_2,16,-0.1,0.0007978406501933932,0.24299361556768417,0.22270064055919647,-0.0911222121208654,v2.6,rand_init
neutral_2,16,0.0,0.0,0.22270064055919647,0.22270064055919647,0.0,v2.6,rand_init
neutral_2,16,0.05,0.00031979044433683157,0.2105570286512375,0.22270064055919647,0.054528859357865514,v2.6,rand_init
neutral_2,16,0.1,0.0012955295387655497,0.19765322655439377,0.22270064055919647,0.11247122568623598,v2.6,rand_init
neutral_2,16,0.2,0.004819982452318072,0.1753750890493393,0.22270064055919647,0.2125074781600257,v2.6,rand_init
neutral_2,16,0.3,0.01175270276144147,0.1505957692861557,0.22270064055919647,0.3237748714686541,v2.6,rand_init
neutral_2,16,0.5,0.03455065190792084,0.1077653020620346,0.22270064055919647,0.5160979250376727,v2.6,rand_init
neutral_2,16,1.0,0.14023799449205399,0.042682889848947525,0.22270064055919647,0.8083396179653022,v2.6,rand_init
neutral_3,16,-0.3,0.0010734800016507506,0.12033771723508835,0.10543850436806679,-0.14130713401444978,v2.6,rand_init
neutral_3,16,-0.1,0.0001452621363569051,0.11063798144459724,0.10543850436806679,-0.04931288723880244,v2.6,rand_init
neutral_3,16,0.0,0.0,0.10543850436806679,0.10543850436806679,0.0,v2.6,rand_init
neutral_3,16,0.05,7.71840859670192e-05,0.10165074095129967,0.10543850436806679,0.03592391071429392,v2.6,rand_init
neutral_3,16,0.1,0.00017884417320601642,0.09986287355422974,0.10543850436806679,0.0528804050024603,v2.6,rand_init
neutral_3,16,0.2,0.0006997219752520323,0.09333772584795952,0.10543850436806679,0.11476621934872706,v2.6,rand_init
neutral_3,16,0.3,0.0014831092557869852,0.08858650177717209,0.10543850436806679,0.15982778484857296,v2.6,rand_init
neutral_3,16,0.5,0.004640649538487196,0.07665281370282173,0.10543850436806679,0.273009284774748,v2.6,rand_init
neutral_3,16,1.0,0.02214209083467722,0.04918905347585678,0.10543850436806679,0.5334811151707286,v2.6,rand_init
neutral_4,16,-0.3,0.002915436285547912,0.1387101113796234,0.11615756154060364,-0.19415481471807913,v2.6,rand_init
neutral_4,16,-0.1,0.00043272064067423344,0.12427729740738869,0.11615756154060364,-0.06990277480942765,v2.6,rand_init
neutral_4,16,0.0,0.0,0.11615756154060364,0.11615756154060364,0.0,v2.6,rand_init
neutral_4,16,0.05,9.405249147675931e-05,0.11344731599092484,0.11615756154060364,0.023332493500489146,v2.6,rand_init
neutral_4,16,0.1,0.0003416345571167767,0.10907065868377686,0.11615756154060364,0.06101111940396157,v2.6,rand_init
neutral_4,16,0.2,0.0015031429938971996,0.1010943166911602,0.11615756154060364,0.12967941690285897,v2.6,rand_init
neutral_4,16,0.3,0.0034928584937006235,0.0930854044854641,0.11615756154060364,0.198628111240735,v2.6,rand_init
neutral_4,16,0.5,0.01015805872157216,0.07668478786945343,0.11615756154060364,0.3398209565319795,v2.6,rand_init
neutral_4,16,1.0,0.04477687180042267,0.0454747062176466,0.11615756154060364,0.6085084292876567,v2.6,rand_init
neutral_5,16,-0.3,0.001547451363876462,0.09689143672585487,0.08555636554956436,-0.13248659060586088,v2.6,rand_init
neutral_5,16,-0.1,0.00023111122573027387,0.08976038172841072,0.08555636554956436,-0.049137386234702735,v2.6,rand_init
neutral_5,16,0.0,0.0,0.08555636554956436,0.08555636554956436,0.0,v2.6,rand_init
neutral_5,16,0.05,0.00018145766807720065,0.08151701465249062,0.08555636554956436,0.04721274531856635,v2.6,rand_init
neutral_5,16,0.1,0.0003129508113488555,0.07953808456659317,0.08555636554956436,0.07034287798825081,v2.6,rand_init
neutral_5,16,0.2,0.0008513112552464008,0.07618272304534912,0.08555636554956436,0.10956101797925157,v2.6,rand_init
neutral_5,16,0.3,0.0018404285074211657,0.07250222936272621,0.08555636554956436,0.15257936803399685,v2.6,rand_init
neutral_5,16,0.5,0.005123419687151909,0.06538911536335945,0.08555636554956436,0.23571887441293488,v2.6,rand_init
neutral_5,16,1.0,0.02327218186110258,0.050398560240864754,0.08555636554956436,0.410931496246554,v2.6,rand_init
neutral_6,16,-0.3,0.0017397666233591735,0.1962030604481697,0.1767537072300911,-0.11003646555916478,v2.6,rand_init
neutral_6,16,-0.1,0.00020814730669371784,0.18294189870357513,0.1767537072300911,-0.035010249971325874,v2.6,rand_init
neutral_6,16,0.0,0.0,0.1767537072300911,0.1767537072300911,0.0,v2.6,rand_init
neutral_6,16,0.05,5.481313564814627e-05,0.17444852739572525,0.1767537072300911,0.013041762294496327,v2.6,rand_init
neutral_6,16,0.1,0.0002135871909558773,0.17031586915254593,0.1767537072300911,0.036422648092832584,v2.6,rand_init
neutral_6,16,0.2,0.0008530203485861421,0.1641939952969551,0.1767537072300911,0.07105770017477621,v2.6,rand_init
neutral_6,16,0.3,0.001970894751138985,0.15739785879850388,0.1767537072300911,0.1095074538175911,v2.6,rand_init
neutral_6,16,0.5,0.005778118036687374,0.14460467547178268,0.1767537072300911,0.18188603940543127,v2.6,rand_init
neutral_6,16,1.0,0.0287762014195323,0.11468467488884926,0.1767537072300911,0.3511611344051912,v2.6,rand_init
neutral_7,16,-0.3,0.00265494454652071,0.1464693546295166,0.12658918648958206,-0.15704475785987157,v2.6,rand_init
neutral_7,16,-0.1,0.00032612017821520567,0.13338183611631393,0.12658918648958206,-0.05365900370400823,v2.6,rand_init
neutral_7,16,0.0,0.0,0.12658918648958206,0.12658918648958206,0.0,v2.6,rand_init
neutral_7,16,0.05,0.00016756512923166156,0.122700996696949,0.12658918648958206,0.030715023142620826,v2.6,rand_init
neutral_7,16,0.1,0.0003737806109711528,0.11971130222082138,0.12658918648958206,0.05433232063093092,v2.6,rand_init
neutral_7,16,0.2,0.0013642205740325153,0.11361582949757576,0.12658918648958206,0.10248392735404752,v2.6,rand_init
neutral_7,16,0.3,0.0030312740709632635,0.10692134127020836,0.12658918648958206,0.15536749832097477,v2.6,rand_init
neutral_7,16,0.5,0.0085600889287889,0.09582065045833588,0.12658918648958206,0.243058170168258,v2.6,rand_init
neutral_7,16,1.0,0.037683580070734024,0.07266271114349365,0.12658918648958206,0.425995907245414,v2.6,rand_init
sexual_liminal_1,24,-0.3,0.0028102732030674815,0.21159178763628006,0.1821582093834877,-0.16158249662428037,v2.6,avg_init
sexual_liminal_1,24,-0.1,0.00048532045911997557,0.19259309768676758,0.1821582093834877,-0.05728475449224404,v2.6,avg_init
sexual_liminal_1,24,0.0,0.0,0.1821582093834877,0.1821582093834877,0.0,v2.6,avg_init
sexual_liminal_1,24,0.05,0.00019199340022169054,0.17522776126861572,0.1821582093834877,0.03804631225969995,v2.6,avg_init
sexual_liminal_1,24,0.1,0.00046486168866977096,0.17084674537181854,0.1821582093834877,0.06209692140668639,v2.6,avg_init
sexual_liminal_1,24,0.2,0.0016754282405599952,0.15920021384954453,0.1821582093834877,0.12603327410630705,v2.6,avg_init
sexual_liminal_1,24,0.3,0.003691974561661482,0.14859405159950256,0.1821582093834877,0.18425827689887067,v2.6,avg_init
sexual_liminal_1,24,0.5,0.010926362592726946,0.12660731002688408,0.1821582093834877,0.3049596257265318,v2.6,avg_init
sexual_liminal_1,24,1.0,0.05106300860643387,0.07826941460371017,0.1821582093834877,0.5703217830883819,v2.6,avg_init
sexual_liminal_2,24,-0.3,0.0024879947304725647,0.25168342888355255,0.2304369956254959,-0.09220061735480248,v2.6,avg_init
sexual_liminal_2,24,-0.1,0.0003218263736926019,0.23786553740501404,0.2304369956254959,-0.032236758508997945,v2.6,avg_init
sexual_liminal_2,24,0.0,0.0,0.2304369956254959,0.2304369956254959,0.0,v2.6,avg_init
sexual_liminal_2,24,0.05,8.933304343372583e-05,0.22805331647396088,0.2304369956254959,0.01034416867423913,v2.6,avg_init
sexual_liminal_2,24,0.1,0.00029519357485696673,0.22468291223049164,0.2304369956254959,0.02497031077577385,v2.6,avg_init
sexual_liminal_2,24,0.2,0.0011123584699817002,0.2187339961528778,0.2304369956254959,0.050786113752488385,v2.6,avg_init
sexual_liminal_2,24,0.3,0.002492065541446209,0.21196318417787552,0.2304369956254959,0.08016860052126291,v2.6,avg_init
sexual_liminal_2,24,0.5,0.006728646578267217,0.20111573487520218,0.2304369956254959,0.12724198504109285,v2.6,avg_init
sexual_liminal_2,24,1.0,0.02650477271527052,0.17571348696947098,0.2304369956254959,0.23747709653774984,v2.6,avg_init
sexual_liminal_3,24,-0.3,0.0010283279116265476,0.23224398493766785,0.21872998028993607,-0.061783961347312254,v2.6,avg_init
sexual_liminal_3,24,-0.1,0.0001665465533733368,0.22243349254131317,0.21872998028993607,-0.016931891304831373,v2.6,avg_init
sexual_liminal_3,24,0.0,0.0,0.21872998028993607,0.21872998028993607,0.0,v2.6,avg_init
sexual_liminal_3,24,0.05,0.0001373356208205223,0.21672233194112778,0.21872998028993607,0.00917866104201657,v2.6,avg_init
sexual_liminal_3,24,0.1,0.00019045977387577295,0.21524818241596222,0.21872998028993607,0.015918247097899303,v2.6,avg_init
sexual_liminal_3,24,0.2,0.0004953413153998554,0.21013425290584564,0.21872998028993607,0.039298350288773466,v2.6,avg_init
sexual_liminal_3,24,0.3,0.0010046030511148274,0.206152081489563,0.21872998028993607,0.057504228655351805,v2.6,avg_init
sexual_liminal_3,24,0.5,0.002949451678432524,0.19602394104003906,0.21872998028993607,0.103808536990673,v2.6,avg_init
sexual_liminal_3,24,1.0,0.014415132347494364,0.16767574846744537,0.21872998028993607,0.23341213561495364,v2.6,avg_init
sexual_liminal_4,24,-0.3,0.0015337298391386867,0.22967324405908585,0.2207585647702217,-0.04038203137505922,v2.6,avg_init
sexual_liminal_4,24,-0.1,0.00021110172383487225,0.22445673495531082,0.2207585647702217,-0.016752102863770567,v2.6,avg_init
sexual_liminal_4,24,0.0,0.0,0.2207585647702217,0.2207585647702217,0.0,v2.6,avg_init
sexual_liminal_4,24,0.05,5.843513645231724e-05,0.2194214165210724,0.2207585647702217,0.006057061706942622,v2.6,avg_init
sexual_liminal_4,24,0.1,0.00020468351431190968,0.21961596608161926,0.2207585647702217,0.005175784186637245,v2.6,avg_init
sexual_liminal_4,24,0.2,0.0006903748726472259,0.21601440757513046,0.2207585647702217,0.021490252031803346,v2.6,avg_init
sexual_liminal_4,24,0.3,0.0015534902340732515,0.21248118579387665,0.2207585647702217,0.03749516574797738,v2.6,avg_init
sexual_liminal_4,24,0.5,0.004392839502543211,0.2097625657916069,0.2207585647702217,0.049810067346923004,v2.6,avg_init
sexual_liminal_4,24,1.0,0.01853958610445261,0.2065267190337181,0.2207585647702217,0.06446792110338699,v2.6,avg_init
sexual_liminal_5,24,-0.3,0.0025232620537281036,0.1935228854417801,0.16584184765815735,-0.16691226113616675,v2.6,avg_init
sexual_liminal_5,24,-0.1,0.00031896354630589485,0.1747373268008232,0.16584184765815735,-0.05363832632280925,v2.6,avg_init
sexual_liminal_5,24,0.0,0.0,0.16584184765815735,0.16584184765815735,0.0,v2.6,avg_init
sexual_liminal_5,24,0.05,0.00011145466123707592,0.1612543687224388,0.16584184765815735,0.027661769333241566,v2.6,avg_init
sexual_liminal_5,24,0.1,0.0003471262753009796,0.1559603288769722,0.16584184765815735,0.05958398872613563,v2.6,avg_init
sexual_liminal_5,24,0.2,0.00108171789906919,0.1489170640707016,0.16584184765815735,0.1020537567957038,v2.6,avg_init
sexual_liminal_5,24,0.3,0.0023042787797749043,0.14165370166301727,0.16584184765815735,0.14585067844274177,v2.6,avg_init
sexual_liminal_5,24,0.5,0.006494989851489663,0.12526678293943405,0.16584184765815735,0.2446611955406993,v2.6,avg_init
sexual_liminal_5,24,1.0,0.02493838593363762,0.0922083705663681,0.16584184765815735,0.44399817133952074,v2.6,avg_init
sexual_explicit_1,24,-0.3,0.0030252018477767706,0.1119813323020935,0.09783230349421501,-0.1446253262217745,v2.6,avg_init
sexual_explicit_1,24,-0.1,0.000273690588073805,0.10059008374810219,0.09783230349421501,-0.028188851283157703,v2.6,avg_init
sexual_explicit_1,24,0.0,0.0,0.09783230349421501,0.09783230349421501,0.0,v2.6,avg_init
sexual_explicit_1,24,0.05,0.0001787325891200453,0.09375865384936333,0.09783230349421501,0.04163910589197735,v2.6,avg_init
sexual_explicit_1,24,0.1,0.0004604674759320915,0.09230221435427666,0.09783230349421501,0.05652620803582896,v2.6,avg_init
sexual_explicit_1,24,0.2,0.0015972810797393322,0.0888565443456173,0.09783230349421501,0.09174637443887304,v2.6,avg_init
sexual_explicit_1,24,0.3,0.0032977319788187742,0.08568623661994934,0.09783230349421501,0.12415190525472895,v2.6,avg_init
sexual_explicit_1,24,0.5,0.008460060693323612,0.0806821882724762,0.09783230349421501,0.1753011491010526,v2.6,avg_init
sexual_explicit_1,24,1.0,0.02895534783601761,0.07486101984977722,0.09783230349421501,0.23480264517942298,v2.6,avg_init
sexual_explicit_2,24,-0.3,0.0028979034395888448,0.2759719640016556,0.24729682505130768,-0.11595433521800594,v2.6,avg_init
sexual_explicit_2,24,-0.1,0.00042830518214032054,0.2582160085439682,0.24729682505130768,-0.044154159643558205,v2.6,avg_init
sexual_explicit_2,24,0.0,0.0,0.24729682505130768,0.24729682505130768,0.0,v2.6,avg_init
sexual_explicit_2,24,0.05,0.0001350262900814414,0.2418205291032791,0.24729682505130768,0.02214462699588794,v2.6,avg_init
sexual_explicit_2,24,0.1,0.00037436652928590775,0.23684099316596985,0.24729682505130768,0.04228049382829123,v2.6,avg_init
sexual_explicit_2,24,0.2,0.001655502594076097,0.2274034097790718,0.24729682505130768,0.08044347220433785,v2.6,avg_init
sexual_explicit_2,24,0.3,0.0034520705230534077,0.2184259071946144,0.24729682505130768,0.11674601099590867,v2.6,avg_init
sexual_explicit_2,24,0.5,0.010912940371781588,0.19898195564746857,0.24729682505130768,0.19537197614168733,v2.6,avg_init
sexual_explicit_2,24,1.0,0.05045339651405811,0.1630174145102501,0.24729682505130768,0.3408026387866961,v2.6,avg_init
sexual_explicit_3,24,-0.3,0.003909016959369183,0.12736953049898148,0.10023977607488632,-0.2706485936663234,v2.6,avg_init
sexual_explicit_3,24,-0.1,0.00039525353349745274,0.10808058083057404,0.10023977607488632,-0.07822049352773962,v2.6,avg_init
sexual_explicit_3,24,0.0,0.0,0.10023977607488632,0.10023977607488632,0.0,v2.6,avg_init
sexual_explicit_3,24,0.05,8.017280197236687e-05,0.09744510427117348,0.10023977607488632,0.02787986878207932,v2.6,avg_init
sexual_explicit_3,24,0.1,0.0003664958640001714,0.09340328723192215,0.10023977607488632,0.06820135789067229,v2.6,avg_init
sexual_explicit_3,24,0.2,0.0014433441683650017,0.08657695353031158,0.10023977607488632,0.13630140728135332,v2.6,avg_init
sexual_explicit_3,24,0.3,0.0029704069020226598,0.08144393935799599,0.10023977607488632,0.18750876600969751,v2.6,avg_init
sexual_explicit_3,24,0.5,0.007611246546730399,0.07179253548383713,0.10023977607488632,0.28379194073415587,v2.6,avg_init
sexual_explicit_3,24,1.0,0.023669635877013206,0.05702188238501549,0.10023977607488632,0.431145153971453,v2.6,avg_init
sexual_explicit_4,24,-0.3,0.0022760232677683234,0.37450936436653137,0.3523520976305008,-0.06288387917947383,v2.6,avg_init
sexual_explicit_4,24,-0.1,0.00033166394860018045,0.3591472953557968,0.3523520976305008,-0.019285248394978777,v2.6,avg_init
sexual_explicit_4,24,0.0,0.0,0.3523520976305008,0.3523520976305008,0.0,v2.6,avg_init
sexual_explicit_4,24,0.05,0.00012931227684020996,0.34769462049007416,0.3523520976305008,0.013218247235498986,v2.6,avg_init
sexual_explicit_4,24,0.1,0.00032540253596380353,0.3435640037059784,0.3523520976305008,0.024941227776478753,v2.6,avg_init
sexual_explicit_4,24,0.2,0.0011180127039551735,0.33627796173095703,0.3523520976305008,0.045619526625892665,v2.6,avg_init
sexual_explicit_4,24,0.3,0.002574376994743943,0.3278708755970001,0.3523520976305008,0.06947942753323201,v2.6,avg_init
sexual_explicit_4,24,0.5,0.007563033141195774,0.3110789507627487,0.3523520976305008,0.11713608956866142,v2.6,avg_init
sexual_explicit_4,24,1.0,0.0342867411673069,0.26952169835567474,0.3523520976305008,0.23507849061164768,v2.6,avg_init
sexual_explicit_5,24,-0.3,0.002424687845632434,0.1084510013461113,0.08877043798565865,-0.22170177152479698,v2.6,avg_init
sexual_explicit_5,24,-0.1,0.0002789643476717174,0.09531506896018982,0.08877043798565865,-0.07372534283979194,v2.6,avg_init
sexual_explicit_5,24,0.0,0.0,0.08877043798565865,0.08877043798565865,0.0,v2.6,avg_init
sexual_explicit_5,24,0.05,9.527237853035331e-05,0.08492510206997395,0.08877043798565865,0.04331775310499127,v2.6,avg_init
sexual_explicit_5,24,0.1,0.0002941475831903517,0.08197761699557304,0.08877043798565865,0.07652120620586574,v2.6,avg_init
sexual_explicit_5,24,0.2,0.0011309115216135979,0.07598128169775009,0.08877043798565865,0.1440699919715921,v2.6,avg_init
sexual_explicit_5,24,0.3,0.0024888874031603336,0.07043826207518578,0.08877043798565865,0.20651217146675038,v2.6,avg_init
sexual_explicit_5,24,0.5,0.006516228895634413,0.06053902208805084,0.08877043798565865,0.3180272232313278,v2.6,avg_init
sexual_explicit_5,24,1.0,0.02272640261799097,0.0410641822963953,0.08877043798565865,0.5374115163988551,v2.6,avg_init
violence_liminal_1,24,-0.3,0.0022027279483154416,0.20534299314022064,0.1806851178407669,-0.13646876729042,v2.6,avg_init
violence_liminal_1,24,-0.1,0.00029057590290904045,0.18930962681770325,0.1806851178407669,-0.04773225974558068,v2.6,avg_init
violence_liminal_1,24,0.0,0.0,0.1806851178407669,0.1806851178407669,0.0,v2.6,avg_init
violence_liminal_1,24,0.05,0.00010047125397250056,0.17584145814180374,0.1806851178407669,0.026807186761400884,v2.6,avg_init
violence_liminal_1,24,0.1,0.00026065693236887455,0.17286579310894012,0.1806851178407669,0.04327597549410655,v2.6,avg_init
violence_liminal_1,24,0.2,0.0010202524717897177,0.16464967280626297,0.1806851178407669,0.08874801215579668,v2.6,avg_init
violence_liminal_1,24,0.3,0.002299776766449213,0.156817726790905,0.1806851178407669,0.13209384001894178,v2.6,avg_init
violence_liminal_1,24,0.5,0.006986707681789994,0.13899140805006027,0.1806851178407669,0.23075342501339938,v2.6,avg_init
violence_liminal_1,24,1.0,0.030275294557213783,0.09956824034452438,0.1806851178407669,0.4489405572833548,v2.6,avg_init
violence_liminal_2,24,-0.3,0.002127076033502817,0.20483900606632233,0.18387570977210999,-0.11400796940603856,v2.6,avg_init
violence_liminal_2,24,-0.1,0.0002765661774901673,0.19111742079257965,0.18387570977210999,-0.03938372844050377,v2.6,avg_init
violence_liminal_2,24,0.0,0.0,0.18387570977210999,0.18387570977210999,0.0,v2.6,avg_init
violence_liminal_2,24,0.05,8.460161916445941e-05,0.18002445250749588,0.18387570977210999,0.02094489407756597,v2.6,avg_init
violence_liminal_2,24,0.1,0.00027230160776525736,0.17653805762529373,0.18387570977210999,0.03990550005713272,v2.6,avg_init
violence_liminal_2,24,0.2,0.0010575770866125822,0.1693304404616356,0.18387570977210999,0.07910381054953569,v2.6,avg_init
violence_liminal_2,24,0.3,0.0023767781676724553,0.162573903799057,0.18387570977210999,0.11584893947903067,v2.6,avg_init
violence_liminal_2,24,0.5,0.00688622472807765,0.1486262008547783,0.18387570977210999,0.19170291149939747,v2.6,avg_init
violence_liminal_2,24,1.0,0.029621261171996593,0.11839588731527328,0.18387570977210999,0.35610914860908177,v2.6,avg_init
violence_liminal_3,24,-0.3,0.0015447658370248973,0.24844759702682495,0.22931861877441406,-0.08341659458200601,v2.6,avg_init
violence_liminal_3,24,-0.1,0.00020334028522484004,0.23580841720104218,0.22931861877441406,-0.02830035546748289,v2.6,avg_init
violence_liminal_3,24,0.0,0.0,0.22931861877441406,0.22931861877441406,0.0,v2.6,avg_init
violence_liminal_3,24,0.05,7.030609413050115e-05,0.2267458215355873,0.22931861877441406,0.01121931246828968,v2.6,avg_init
violence_liminal_3,24,0.1,0.00018446618923917413,0.22351255267858505,0.22931861877441406,0.025318773184922108,v2.6,avg_init
violence_liminal_3,24,0.2,0.0007879318436607718,0.21684959530830383,0.22931861877441406,0.05437423063487179,v2.6,avg_init
violence_liminal_3,24,0.3,0.0017692337278276682,0.20928450673818588,0.22931861877441406,0.0873636521242795,v2.6,avg_init
violence_liminal_3,24,0.5,0.0052061257883906364,0.1967766135931015,0.22931861877441406,0.14190738351396084,v2.6,avg_init
violence_liminal_3,24,1.0,0.024195348843932152,0.16149671375751495,0.22931861877441406,0.29575402721057314,v2.6,avg_init
violence_liminal_4,24,-0.3,0.0028407115023583174,0.18718783557415009,0.16509942710399628,-0.13378852281686174,v2.6,avg_init
violence_liminal_4,24,-0.1,0.000385397084755823,0.17211372405290604,0.16509942710399628,-0.04248528945222473,v2.6,avg_init
violence_liminal_4,24,0.0,0.0,0.16509942710399628,0.16509942710399628,0.0,v2.6,avg_init
violence_liminal_4,24,0.05,7.98687688075006e-05,0.16194947063922882,0.16509942710399628,0.019079148365447055,v2.6,avg_init
violence_liminal_4,24,0.1,0.0002849289739970118,0.1565672904253006,0.16509942710399628,0.05167877822690008,v2.6,avg_init
violence_liminal_4,24,0.2,0.0012226509279571474,0.15166544169187546,0.16509942710399628,0.08136906134543241,v2.6,avg_init
violence_liminal_4,24,0.3,0.0028501817723736167,0.14286921173334122,0.16509942710399628,0.13464744100324605,v2.6,avg_init
violence_liminal_4,24,0.5,0.007713499711826444,0.13014577329158783,0.16509942710399628,0.21171275046515522,v2.6,avg_init
violence_liminal_4,24,1.0,0.03130115754902363,0.09951167553663254,0.16509942710399628,0.39726213905060953,v2.6,avg_init
violence_liminal_5,24,-0.3,0.0027751335874199867,0.36982522904872894,0.34525178372859955,-0.0711754333453247,v2.6,avg_init
violence_liminal_5,24,-0.1,0.0003619261842686683,0.354101225733757,0.34525178372859955,-0.025631850209683397,v2.6,avg_init
violence_liminal_5,24,0.0,0.0,0.34525178372859955,0.34525178372859955,0.0,v2.6,avg_init
violence_liminal_5,24,0.05,9.461891022510827e-05,0.3416418582201004,0.34525178372859955,0.010455921384426177,v2.6,avg_init
violence_liminal_5,24,0.1,0.0003361124254297465,0.33826427161693573,0.34525178372859955,0.020238887794296414,v2.6,avg_init
violence_liminal_5,24,0.2,0.0013579681981354952,0.3287758082151413,0.34525178372859955,0.047721623145645854,v2.6,avg_init
violence_liminal_5,24,0.3,0.003063803887926042,0.3216480016708374,0.34525178372859955,0.06836686490899332,v2.6,avg_init
violence_liminal_5,24,0.5,0.009011227171868086,0.3026468753814697,0.34525178372859955,0.12340242789482964,v2.6,avg_init
violence_liminal_5,24,1.0,0.038940632715821266,0.26027026772499084,0.34525178372859955,0.24614359724905052,v2.6,avg_init
violence_explicit_1,24,-0.3,0.0016680440166965127,0.134039044380188,0.12018328160047531,-0.11528860416520595,v2.6,avg_init
violence_explicit_1,24,-0.1,0.00025133241433650255,0.1254112757742405,0.12018328160047531,-0.04350017826226927,v2.6,avg_init
violence_explicit_1,24,0.0,0.0,0.12018328160047531,0.12018328160047531,0.0,v2.6,avg_init
violence_explicit_1,24,0.05,6.962876068428159e-05,0.11837536096572876,0.12018328160047531,0.01504302936873211,v2.6,avg_init
violence_explicit_1,24,0.1,0.00018437259132042527,0.11592420190572739,0.12018328160047531,0.03543820436611444,v2.6,avg_init
violence_explicit_1,24,0.2,0.0007549227448180318,0.11165997758507729,0.12018328160047531,0.07091921523437847,v2.6,avg_init
violence_explicit_1,24,0.3,0.0017878836952149868,0.10733272135257721,0.12018328160047531,0.10692469099501839,v2.6,avg_init
violence_explicit_1,24,0.5,0.004875611746683717,0.09985268861055374,0.12018328160047531,0.16916323734199953,v2.6,avg_init
violence_explicit_1,24,1.0,0.020946108736097813,0.0852314680814743,0.12018328160047531,0.29082092828178174,v2.6,avg_init
violence_explicit_2,24,-0.3,0.0019306531175971031,0.15571682155132294,0.15278314054012299,-0.019201601700480332,v2.6,avg_init
violence_explicit_2,24,-0.1,0.0002418144140392542,0.15312453359365463,0.15278314054012299,-0.002234494279439112,v2.6,avg_init
violence_explicit_2,24,0.0,0.0,0.15278314054012299,0.15278314054012299,0.0,v2.6,avg_init
violence_explicit_2,24,0.05,5.070149200037122e-05,0.15298406779766083,0.15278314054012299,-0.0013151140683947094,v2.6,avg_init
violence_explicit_2,24,0.1,0.00014259584713727236,0.15282326936721802,0.15278314054012299,-0.00026265219416990156,v2.6,avg_init
violence_explicit_2,24,0.2,0.0006619063206017017,0.1518070176243782,0.15278314054012299,0.006388943912881788,v2.6,avg_init
violence_explicit_2,24,0.3,0.0013291067443788052,0.1499207317829132,0.15278314054012299,0.018735108776338247,v2.6,avg_init
violence_explicit_2,24,0.5,0.0035724882036447525,0.1482068970799446,0.15278314054012299,0.029952542171867384,v2.6,avg_init
violence_explicit_2,24,1.0,0.012034622021019459,0.14039090275764465,0.15278314054012299,0.08110998202202786,v2.6,avg_init
violence_explicit_3,24,-0.3,0.0025860874447971582,0.11870774626731873,0.09560281783342361,-0.24167622835294106,v2.6,avg_init
violence_explicit_3,24,-0.1,0.00030197988962754607,0.10332383960485458,0.09560281783342361,-0.0807614455975965,v2.6,avg_init
violence_explicit_3,24,0.0,0.0,0.09560281783342361,0.09560281783342361,0.0,v2.6,avg_init
violence_explicit_3,24,0.05,6.878786371089518e-05,0.09226637333631516,0.09560281783342361,0.03489901838376576,v2.6,avg_init
violence_explicit_3,24,0.1,0.0002854510676115751,0.08839225769042969,0.09560281783342361,0.07542204619488789,v2.6,avg_init
violence_explicit_3,24,0.2,0.0011708949459716678,0.08077691867947578,0.09560281783342361,0.15507805616964315,v2.6,avg_init
violence_explicit_3,24,0.3,0.0025214729830622673,0.07410447485744953,0.09560281783342361,0.22487143646155236,v2.6,avg_init
violence_explicit_3,24,0.5,0.0065913875587284565,0.06198039650917053,0.09560281783342361,0.3516886017192098,v2.6,avg_init
violence_explicit_3,24,1.0,0.023784201592206955,0.0374097004532814,0.09560281783342361,0.608696675463444,v2.6,avg_init
violence_explicit_4,24,-0.3,0.002362063736654818,0.10333920270204544,0.0846061110496521,-0.22141534955317357,v2.6,avg_init
violence_explicit_4,24,-0.1,0.0002593510434962809,0.08987855911254883,0.0846061110496521,-0.06231757963443716,v2.6,avg_init
violence_explicit_4,24,0.0,0.0,0.0846061110496521,0.0846061110496521,0.0,v2.6,avg_init
violence_explicit_4,24,0.05,8.676617289893329e-05,0.08144144341349602,0.0846061110496521,0.037404716951224236,v2.6,avg_init
violence_explicit_4,24,0.1,0.00034728593891486526,0.07820412516593933,0.0846061110496521,0.07566812614700713,v2.6,avg_init
violence_explicit_4,24,0.2,0.0011833885218948126,0.07324643433094025,0.0846061110496521,0.13426543990475218,v2.6,avg_init
violence_explicit_4,24,0.3,0.0024645478697493672,0.06927133351564407,0.0846061110496521,0.18124905333384997,v2.6,avg_init
violence_explicit_4,24,0.5,0.007298328448086977,0.060117313638329506,0.0846061110496521,0.2894447825045528,v2.6,avg_init
violence_explicit_4,24,1.0,0.025965983048081398,0.05060497671365738,0.0846061110496521,0.40187563184461644,v2.6,avg_init
violence_explicit_5,24,-0.3,0.0027920663123950362,0.18493054807186127,0.16131335496902466,-0.14640569038671086,v2.6,avg_init
violence_explicit_5,24,-0.1,0.0002813675964716822,0.16879766434431076,0.16131335496902466,-0.04639609272724653,v2.6,avg_init
violence_explicit_5,24,0.0,0.0,0.16131335496902466,0.16131335496902466,0.0,v2.6,avg_init
violence_explicit_5,24,0.05,7.909419946372509e-05,0.15725785493850708,0.16131335496902466,0.025140510104053777,v2.6,avg_init
violence_explicit_5,24,0.1,0.00028958337497897446,0.15368477255105972,0.16131335496902466,0.04729045787578948,v2.6,avg_init
violence_explicit_5,24,0.2,0.0010720835416577756,0.14747754484415054,0.16131335496902466,0.08576977478108284,v2.6,avg_init
violence_explicit_5,24,0.3,0.0022457714658230543,0.14194054529070854,0.16131335496902466,0.12009427044670962,v2.6,avg_init
violence_explicit_5,24,0.5,0.005623104982078075,0.13220678642392159,0.16131335496902466,0.18043495872175064,v2.6,avg_init
violence_explicit_5,24,1.0,0.01818977016955614,0.11386536806821823,0.16131335496902466,0.294135515995668,v2.6,avg_init
death_1,24,-0.3,0.0009858307894319296,0.023195176385343075,0.018382973037660122,-0.26177503159170573,v2.6,avg_init
death_1,24,-0.1,8.662452455610037e-05,0.019666867330670357,0.018382973037660122,-0.06984149355928422,v2.6,avg_init
death_1,24,0.0,0.0,0.018382973037660122,0.018382973037660122,0.0,v2.6,avg_init
death_1,24,0.05,2.043499262072146e-05,0.017858619801700115,0.018382973037660122,0.0285238538339688,v2.6,avg_init
death_1,24,0.1,7.942103547975421e-05,0.0173648027703166,0.018382973037660122,0.055386594173731055,v2.6,avg_init
death_1,24,0.2,0.00033092929515987635,0.016622959170490503,0.018382973037660122,0.09574152470136256,v2.6,avg_init
death_1,24,0.3,0.0007471477147191763,0.01592961885035038,0.018382973037660122,0.13345796581889657,v2.6,avg_init
death_1,24,0.5,0.0021423737052828074,0.01553301839157939,0.018382973037660122,0.15503230300355644,v2.6,avg_init
death_1,24,1.0,0.00764192920178175,0.018627424258738756,0.018382973037660122,-0.01329769785212878,v2.6,avg_init
death_2,24,-0.3,0.0022768828785046935,0.23363219946622849,0.21047846972942352,-0.11000521700186146,v2.6,avg_init
death_2,24,-0.1,0.0003752636257559061,0.2194168046116829,0.21047846972942352,-0.04246674205561201,v2.6,avg_init
death_2,24,0.0,0.0,0.21047846972942352,0.21047846972942352,0.0,v2.6,avg_init
death_2,24,0.05,0.0001714059617370367,0.20576892793178558,0.21047846972942352,0.02237540877075075,v2.6,avg_init
death_2,24,0.1,0.00034997600596398115,0.20267166942358017,0.21047846972942352,0.03709073101813802,v2.6,avg_init
death_2,24,0.2,0.0011260100291110575,0.19621749967336655,0.21047846972942352,0.06775500636426085,v2.6,avg_init
death_2,24,0.3,0.002703370410017669,0.1866837739944458,0.21047846972942352,0.11305049759040213,v2.6,avg_init
death_2,24,0.5,0.007766183465719223,0.17248735576868057,0.21047846972942352,0.18049881305951,v2.6,avg_init
death_2,24,1.0,0.03679846599698067,0.13998088985681534,0.21047846972942352,0.3349396257167537,v2.6,avg_init
death_3,24,-0.3,0.001067381352186203,0.13038306683301926,0.11655199527740479,-0.11866868106972525,v2.6,avg_init
death_3,24,-0.1,0.00012488721404224634,0.12055836617946625,0.11655199527740479,-0.03437410824693237,v2.6,avg_init
death_3,24,0.0,0.0,0.11655199527740479,0.11655199527740479,0.0,v2.6,avg_init
death_3,24,0.05,4.2713028960861266e-05,0.11469017714262009,0.11655199527740479,0.015974142101586465,v2.6,avg_init
death_3,24,0.1,0.00012215242895763367,0.11279060691595078,0.11655199527740479,0.03227219193031874,v2.6,avg_init
death_3,24,0.2,0.0004952962626703084,0.1079467236995697,0.11655199527740479,0.073832040003723,v2.6,avg_init
death_3,24,0.3,0.001188849681057036,0.10325475037097931,0.11655199527740479,0.11408852224946278,v2.6,avg_init
death_3,24,0.5,0.003567021689377725,0.09501507878303528,0.11655199527740479,0.1847837649034631,v2.6,avg_init
death_3,24,1.0,0.019717748276889324,0.07708517834544182,0.11655199527740479,0.3386198309006054,v2.6,avg_init
death_4,24,-0.3,0.005371721228584647,0.23263642936944962,0.18689978122711182,-0.2447121545142997,v2.6,avg_init
death_4,24,-0.1,0.0006796698435209692,0.2025548443198204,0.18689978122711182,-0.0837618053371892,v2.6,avg_init
death_4,24,0.0,0.0,0.18689978122711182,0.18689978122711182,0.0,v2.6,avg_init
death_4,24,0.05,0.00021322051179595292,0.178362637758255,0.18689978122711182,0.0456776536216641,v2.6,avg_init
death_4,24,0.1,0.00068598025245592,0.17096686363220215,0.18689978122711182,0.08524845502921556,v2.6,avg_init
death_4,24,0.2,0.0032064933329820633,0.15224982053041458,0.18689978122711182,0.18539326514562493,v2.6,avg_init
death_4,24,0.3,0.007215324556455016,0.13670247793197632,0.18689978122711182,0.2685787161737664,v2.6,avg_init
death_4,24,0.5,0.021806497126817703,0.10315072908997536,0.18689978122711182,0.44809604156448185,v2.6,avg_init
death_4,24,1.0,0.09816017746925354,0.04116298072040081,0.18689978122711182,0.7797590748895448,v2.6,avg_init
death_5,24,-0.3,0.0025971581926569343,0.2840149402618408,0.252194419503212,-0.12617456334406946,v2.6,avg_init
death_5,24,-0.1,0.0004033452569274232,0.2638850659132004,0.252194419503212,-0.04635569031629389,v2.6,avg_init
death_5,24,0.0,0.0,0.252194419503212,0.252194419503212,0.0,v2.6,avg_init
death_5,24,0.05,9.641979704611003e-05,0.24703454226255417,0.252194419503212,0.020459918386862203,v2.6,avg_init
death_5,24,0.1,0.00034309593320358545,0.24150006473064423,0.252194419503212,0.04240519989948289,v2.6,avg_init
death_5,24,0.2,0.0014270113315433264,0.22988681495189667,0.252194419503212,0.08845399749628954,v2.6,avg_init
death_5,24,0.3,0.0031908940291032195,0.21836573630571365,0.252194419503212,0.1341373185978347,v2.6,avg_init
death_5,24,0.5,0.009655925445258617,0.1952161267399788,0.252194419503212,0.22593002999619308,v2.6,avg_init
death_5,24,1.0,0.04345342330634594,0.1414409726858139,0.252194419503212,0.4391589910497108,v2.6,avg_init
power_1,24,-0.3,0.00257475720718503,0.20099414885044098,0.17924155294895172,-0.12135911312754823,v2.6,avg_init
power_1,24,-0.1,0.0003258964279666543,0.18628749251365662,0.17924155294895172,-0.03930974402298104,v2.6,avg_init
power_1,24,0.0,0.0,0.17924155294895172,0.17924155294895172,0.0,v2.6,avg_init
power_1,24,0.05,9.910980588756502e-05,0.17559020966291428,0.17924155294895172,0.020371075936155014,v2.6,avg_init
power_1,24,0.1,0.0003404217422939837,0.1716364026069641,0.17924155294895172,0.04242961644141506,v2.6,avg_init
power_1,24,0.2,0.0013007796369493008,0.16417918354272842,0.17924155294895172,0.084033914895354,v2.6,avg_init
power_1,24,0.3,0.002994865644723177,0.15611954033374786,0.17924155294895172,0.12899917588746312,v2.6,avg_init
power_1,24,0.5,0.0086404699832201,0.14204301685094833,0.17924155294895172,0.2075329938063948,v2.6,avg_init
power_1,24,1.0,0.03858509473502636,0.10389890521764755,0.17924155294895172,0.42034141353797505,v2.6,avg_init
power_2,24,-0.3,0.0021012191427871585,0.11741708219051361,0.09640064463019371,-0.2180113799128821,v2.6,avg_init
power_2,24,-0.1,0.00021973032562527806,0.10261216759681702,0.09640064463019371,-0.06443445467041815,v2.6,avg_init
power_2,24,0.0,0.0,0.09640064463019371,0.09640064463019371,0.0,v2.6,avg_init
power_2,24,0.05,6.220817158464342e-05,0.09399616345763206,0.09640064463019371,0.02494258396077713,v2.6,avg_init
power_2,24,0.1,0.0002582271845312789,0.09017486870288849,0.09640064463019371,0.06458230597096279,v2.6,avg_init
power_2,24,0.2,0.0010456620366312563,0.08370809257030487,0.09640064463019371,0.1316645973538791,v2.6,avg_init
power_2,24,0.3,0.0023834453895688057,0.07731999084353447,0.09640064463019371,0.19793076965258152,v2.6,avg_init
power_2,24,0.5,0.006739909294992685,0.06559961289167404,0.09640064463019371,0.3195106407916328,v2.6,avg_init
power_2,24,1.0,0.02798460703343153,0.0387209989130497,0.09640064463019371,0.5983325727583167,v2.6,avg_init
power_3,24,-0.3,0.0042487857863307,0.2965891659259796,0.24881026148796082,-0.19202947721000918,v2.6,avg_init
power_3,24,-0.1,0.0004894910380244255,0.26395002752542496,0.24881026148796082,-0.060848640031660066,v2.6,avg_init
power_3,24,0.0,0.0,0.24881026148796082,0.24881026148796082,0.0,v2.6,avg_init
power_3,24,0.05,0.00024492968805134296,0.2375909686088562,0.24881026148796082,0.0450917611356133,v2.6,avg_init
power_3,24,0.1,0.0006573875434696674,0.23088456690311432,0.24881026148796082,0.07204564023061351,v2.6,avg_init
power_3,24,0.2,0.002598157152533531,0.21281155943870544,0.24881026148796082,0.14468334960934576,v2.6,avg_init
power_3,24,0.3,0.006174136884510517,0.19425976276397705,0.24881026148796082,0.21924537355394927,v2.6,avg_init
power_3,24,0.5,0.019446879625320435,0.1550656259059906,0.24881026148796082,0.37677158096836066,v2.6,avg_init
power_3,24,1.0,0.09164228662848473,0.0761890672147274,0.24881026148796082,0.6937864750469146,v2.6,avg_init
power_4,24,-0.3,0.0015081403544172645,0.1350782848894596,0.12174111604690552,-0.10955352863214617,v2.6,avg_init
power_4,24,-0.1,0.0002344665990676731,0.12608593702316284,0.12174111604690552,-0.03568901877475242,v2.6,avg_init
power_4,24,0.0,0.0,0.12174111604690552,0.12174111604690552,0.0,v2.6,avg_init
power_4,24,0.05,0.0001654928200878203,0.1200944297015667,0.12174111604690552,0.013526131506009615,v2.6,avg_init
power_4,24,0.1,0.0002859106316464022,0.11780113726854324,0.12174111604690552,0.032363583531173176,v2.6,avg_init
power_4,24,0.2,0.0009199740597978234,0.11374644935131073,0.12174111604690552,0.06566940533479691,v2.6,avg_init
power_4,24,0.3,0.0018881990108639002,0.11046252772212029,0.12174111604690552,0.09264403589367225,v2.6,avg_init
power_4,24,0.5,0.005168447969481349,0.10321914032101631,0.12174111604690552,0.15214231910567413,v2.6,avg_init
power_4,24,1.0,0.027154307812452316,0.08845698088407516,0.12174111604690552,0.2734009367057744,v2.6,avg_init
power_5,24,-0.3,0.0022596175549551845,0.33573171496391296,0.3084346354007721,-0.08850199176779139,v2.6,avg_init
power_5,24,-0.1,0.0002949486952275038,0.3187815845012665,0.3084346354007721,-0.033546651098537696,v2.6,avg_init
power_5,24,0.0,0.0,0.3084346354007721,0.3084346354007721,0.0,v2.6,avg_init
power_5,24,0.05,9.73893329501152e-05,0.3026990741491318,0.3084346354007721,0.01859571070605504,v2.6,avg_init
power_5,24,0.1,0.00031722214771434665,0.2984309494495392,0.3084346354007721,0.03243373085592147,v2.6,avg_init
power_5,24,0.2,0.001307257974985987,0.28690099716186523,0.3084346354007721,0.0698158889027706,v2.6,avg_init
power_5,24,0.3,0.0031635802006348968,0.273013174533844,0.3084346354007721,0.11484268237548081,v2.6,avg_init
power_5,24,0.5,0.00979843270033598,0.24607295542955399,0.3084346354007721,0.20218766900217588,v2.6,avg_init
power_5,24,1.0,0.0581541433930397,0.1533399447798729,0.3084346354007721,0.5028445992110229,v2.6,avg_init
profanity_1,24,-0.3,0.002217246452346444,0.1905786320567131,0.16568520665168762,-0.15024531102138639,v2.6,avg_init
profanity_1,24,-0.1,0.00024665441014803946,0.17313873767852783,0.16568520665168762,-0.044986098502501945,v2.6,avg_init
profanity_1,24,0.0,0.0,0.16568520665168762,0.16568520665168762,0.0,v2.6,avg_init
profanity_1,24,0.05,5.989464989397675e-05,0.1630643531680107,0.16568520665168762,0.015818270904454434,v2.6,avg_init
profanity_1,24,0.1,0.000261070323176682,0.15894655883312225,0.16568520665168762,0.04067139097536763,v2.6,avg_init
profanity_1,24,0.2,0.0010377385187894106,0.15023921430110931,0.16568520665168762,0.09322493337048314,v2.6,avg_init
profanity_1,24,0.3,0.0023196208057925105,0.14295722544193268,0.16568520665168762,0.13717568193963708,v2.6,avg_init
profanity_1,24,0.5,0.006318701198324561,0.12907369434833527,0.16568520665168762,0.22097031499208647,v2.6,avg_init
profanity_1,24,1.0,0.027586761862039566,0.09468309581279755,0.16568520665168762,0.4285362119754876,v2.6,avg_init
profanity_2,24,-0.3,0.0023375111632049084,0.33110311627388,0.30333317816257477,-0.09154929335300616,v2.6,avg_init
profanity_2,24,-0.1,0.00028194181504659355,0.3124561458826065,0.30333317816257477,-0.030075733143646366,v2.6,avg_init
profanity_2,24,0.0,0.0,0.30333317816257477,0.30333317816257477,0.0,v2.6,avg_init
profanity_2,24,0.05,8.340951171703637e-05,0.2974983900785446,0.30333317816257477,0.019235574952183213,v2.6,avg_init
profanity_2,24,0.1,0.00032831079442985356,0.2921731472015381,0.30333317816257477,0.03679132968123698,v2.6,avg_init
profanity_2,24,0.2,0.001370105892419815,0.28062643110752106,0.30333317816257477,0.0748574461672761,v2.6,avg_init
profanity_2,24,0.3,0.0029637671541422606,0.26762935519218445,0.30333317816257477,0.11770497110360431,v2.6,avg_init
profanity_2,24,0.5,0.008957081474363804,0.240420900285244,0.30333317816257477,0.20740321997883215,v2.6,avg_init
profanity_2,24,1.0,0.04595144838094711,0.15633421391248703,0.30333317816257477,0.48461221795956005,v2.6,avg_init
profanity_3,24,-0.3,0.0013586760614998639,0.11985950171947479,0.10571766272187233,-0.1337698794458554,v2.6,avg_init
profanity_3,24,-0.1,0.0001896220783237368,0.11044600233435631,0.10571766272187233,-0.04472610811424716,v2.6,avg_init
profanity_3,24,0.0,0.0,0.10571766272187233,0.10571766272187233,0.0,v2.6,avg_init
profanity_3,24,0.05,6.188945553731173e-05,0.1031050905585289,0.10571766272187233,0.02471273102411206,v2.6,avg_init
profanity_3,24,0.1,0.00018103030743077397,0.10092992708086967,0.10571766272187233,0.04528794449039689,v2.6,avg_init
profanity_3,24,0.2,0.0006530588725581765,0.09691476449370384,0.10571766272187233,0.08326799894666251,v2.6,avg_init
profanity_3,24,0.3,0.0014842775417491794,0.09243066608905792,0.10571766272187233,0.12568379105931,v2.6,avg_init
profanity_3,24,0.5,0.004324468318372965,0.08316518738865852,0.10571766272187233,0.2133274114520112,v2.6,avg_init
profanity_3,24,1.0,0.01878981851041317,0.06216487102210522,0.10571766272187233,0.41197270709955175,v2.6,avg_init
profanity_4,24,-0.3,0.0020089162280783057,0.39170117676258087,0.36428962647914886,-0.07524658483515996,v2.6,avg_init
profanity_4,24,-0.1,0.0002564496826380491,0.3739408254623413,0.36428962647914886,-0.026493202884943685,v2.6,avg_init
profanity_4,24,0.0,0.0,0.36428962647914886,0.36428962647914886,0.0,v2.6,avg_init
profanity_4,24,0.05,0.00011175360123161227,0.35863542556762695,0.36428962647914886,0.0155211691482122,v2.6,avg_init
profanity_4,24,0.1,0.00030946804326958954,0.35397346317768097,0.36428962647914886,0.02831857552786607,v2.6,avg_init
profanity_4,24,0.2,0.001336312445346266,0.34131230413913727,0.36428962647914886,0.0630743251244536,v2.6,avg_init
profanity_4,24,0.3,0.0032474705949425697,0.32805895805358887,0.36428962647914886,0.09945566876479191,v2.6,avg_init
profanity_4,24,0.5,0.009696674533188343,0.3010929673910141,0.36428962647914886,0.17347916189359844,v2.6,avg_init
profanity_4,24,1.0,0.05881731025874615,0.20951182395219803,0.36428962647914886,0.4248756793402954,v2.6,avg_init
profanity_5,24,-0.3,0.002325463923625648,0.2329690158367157,0.2031307891011238,-0.14689169902617588,v2.6,avg_init
profanity_5,24,-0.1,0.00032076271600089967,0.21437255293130875,0.2031307891011238,-0.05534249081555279,v2.6,avg_init
profanity_5,24,0.0,0.0,0.2031307891011238,0.2031307891011238,0.0,v2.6,avg_init
profanity_5,24,0.05,5.703970236936584e-05,0.2004217728972435,0.2031307891011238,0.013336315070049233,v2.6,avg_init
profanity_5,24,0.1,0.00021293031750246882,0.19554580003023148,0.2031307891011238,0.03734042044761776,v2.6,avg_init
profanity_5,24,0.2,0.000988901883829385,0.18617544323205948,0.2031307891011238,0.08347009305725445,v2.6,avg_init
profanity_5,24,0.3,0.002222876762971282,0.17677145451307297,0.2031307891011238,0.1297653334814176,v2.6,avg_init
profanity_5,24,0.5,0.006480822339653969,0.15815216302871704,0.2031307891011238,0.22142692533929573,v2.6,avg_init
profanity_5,24,1.0,0.028879900462925434,0.11022404581308365,0.2031307891011238,0.4573740086333675,v2.6,avg_init
substance_1,24,-0.3,0.004761956166476011,0.20929273962974548,0.16761835664510727,-0.2486266052164799,v2.6,avg_init
substance_1,24,-0.1,0.0006156950257718563,0.1820940598845482,0.16761835664510727,-0.08636108555872457,v2.6,avg_init
substance_1,24,0.0,0.0,0.16761835664510727,0.16761835664510727,0.0,v2.6,avg_init
substance_1,24,0.05,0.00017660364392213523,0.16049254685640335,0.16761835664510727,0.04251210864566079,v2.6,avg_init
substance_1,24,0.1,0.0006165990489535034,0.1542612910270691,0.16761835664510727,0.07968736769277988,v2.6,avg_init
substance_1,24,0.2,0.002511172089725733,0.14031852036714554,0.16761835664510727,0.16286901282395197,v2.6,avg_init
substance_1,24,0.3,0.005779555067420006,0.12730126827955246,0.16761835664510727,0.24052907552910108,v2.6,avg_init
substance_1,24,0.5,0.017153531312942505,0.10109709575772285,0.16761835664510727,0.3968614310437827,v2.6,avg_init
substance_1,24,1.0,0.07384442538022995,0.05146034061908722,0.16761835664510727,0.6929910204999654,v2.6,avg_init
substance_2,24,-0.3,0.003324393881484866,0.27465182542800903,0.24249641597270966,-0.13260158640413935,v2.6,avg_init
substance_2,24,-0.1,0.0004531719605438411,0.25427447259426117,0.24249641597270966,-0.04857002349625244,v2.6,avg_init
substance_2,24,0.0,0.0,0.24249641597270966,0.24249641597270966,0.0,v2.6,avg_init
substance_2,24,0.05,0.00010749575449153781,0.23916523158550262,0.24249641597270966,0.013737045860430036,v2.6,avg_init
substance_2,24,0.1,0.000418062845710665,0.23152752965688705,0.24249641597270966,0.04523318941364078,v2.6,avg_init
substance_2,24,0.2,0.001534514594823122,0.2202197089791298,0.24249641597270966,0.09186406695630037,v2.6,avg_init
substance_2,24,0.3,0.0036429265746846795,0.20680729299783707,0.24249641597270966,0.14717381628802717,v2.6,avg_init
substance_2,24,0.5,0.0111914137378335,0.17869313806295395,0.24249641597270966,0.2631101892942454,v2.6,avg_init
substance_2,24,1.0,0.05815158598124981,0.09909392893314362,0.24249641597270966,0.5913592020085956,v2.6,avg_init
substance_3,24,-0.3,0.00302433711476624,0.2287912517786026,0.20006880909204483,-0.14356282129586503,v2.6,avg_init
substance_3,24,-0.1,0.00036238307075109333,0.20877064764499664,0.20006880909204483,-0.04349422877280383,v2.6,avg_init
substance_3,24,0.0,0.0,0.20006880909204483,0.20006880909204483,0.0,v2.6,avg_init
substance_3,24,0.05,0.0001630262704566121,0.1947944238781929,0.20006880909204483,0.026362856048317677,v2.6,avg_init
substance_3,24,0.1,0.00039949643542058766,0.1902557834982872,0.20006880909204483,0.049048253139963416,v2.6,avg_init
substance_3,24,0.2,0.001456179830711335,0.18006916344165802,0.20006880909204483,0.09996383614792077,v2.6,avg_init
substance_3,24,0.3,0.0033552246168255806,0.16951770335435867,0.20006880909204483,0.152702991917299,v2.6,avg_init
substance_3,24,0.5,0.00915053952485323,0.15052185952663422,0.20006880909204483,0.24764954512532614,v2.6,avg_init
substance_3,24,1.0,0.037664830684661865,0.10852367803454399,0.20006880909204483,0.45756823101488076,v2.6,avg_init
substance_4,24,-0.3,0.0017544631264172494,0.2227153480052948,0.21658644080162048,-0.028297741913068365,v2.6,avg_init
substance_4,24,-0.1,0.00023038513609208167,0.21860749274492264,0.21658644080162048,-0.009331387208829525,v2.6,avg_init
substance_4,24,0.0,0.0,0.21658644080162048,0.21658644080162048,0.0,v2.6,avg_init
substance_4,24,0.05,5.2283459808677435e-05,0.2149498388171196,0.21658644080162048,0.007556345533190184,v2.6,avg_init
substance_4,24,0.1,0.00017433147877454758,0.21502021700143814,0.21658644080162048,0.0072314028264442685,v2.6,avg_init
substance_4,24,0.2,0.0007225618464872241,0.2126883715391159,0.21658644080162048,0.017997752989878824,v2.6,avg_init
substance_4,24,0.3,0.0017117526731453836,0.21166937798261642,0.21658644080162048,0.022702542231199867,v2.6,avg_init
substance_4,24,0.5,0.005145828705281019,0.20868895202875137,0.21658644080162048,0.03646344962149644,v2.6,avg_init
substance_4,24,1.0,0.023371038027107716,0.20669154077768326,0.21658644080162048,0.04568568552728714,v2.6,avg_init
substance_5,24,-0.3,0.002349014743231237,0.16927671432495117,0.1480003148317337,-0.14375915022483085,v2.6,avg_init
substance_5,24,-0.1,0.00032497377833351493,0.15482525527477264,0.1480003148317337,-0.04611436435657879,v2.6,avg_init
substance_5,24,0.0,0.0,0.1480003148317337,0.1480003148317337,0.0,v2.6,avg_init
substance_5,24,0.05,0.000145628975587897,0.14354364573955536,0.1480003148317337,0.0301125649445089,v2.6,avg_init
substance_5,24,0.1,0.0004158482770435512,0.14006325602531433,0.1480003148317337,0.053628661637938196,v2.6,avg_init
substance_5,24,0.2,0.0013656027731485665,0.1326702982187271,0.1480003148317337,0.10358097298938708,v2.6,avg_init
substance_5,24,0.3,0.003136913408525288,0.12491706013679504,0.1480003148317337,0.1559676053472099,v2.6,avg_init
substance_5,24,0.5,0.009265461005270481,0.11053843051195145,0.1480003148317337,0.253120301550533,v2.6,avg_init
substance_5,24,1.0,0.04872411675751209,0.07969216257333755,0.1480003148317337,0.4615405875052217,v2.6,avg_init
neutral_1,24,-0.3,0.00520747248083353,0.25806550681591034,0.2049248069524765,-0.25931804281634646,v2.6,avg_init
neutral_1,24,-0.1,0.0005419255467131734,0.2212139219045639,0.2049248069524765,-0.07948825324922698,v2.6,avg_init
neutral_1,24,0.0,0.0,0.2049248069524765,0.2049248069524765,0.0,v2.6,avg_init
neutral_1,24,0.05,0.0001724165049381554,0.1962040513753891,0.2049248069524765,0.04255588040695242,v2.6,avg_init
neutral_1,24,0.1,0.0007784536574035883,0.18528849631547928,0.2049248069524765,0.09582202823082821,v2.6,avg_init
neutral_1,24,0.2,0.003159124404191971,0.1664341762661934,0.2049248069524765,0.18782806854227932,v2.6,avg_init
neutral_1,24,0.3,0.0067619564943015575,0.14951829612255096,0.2049248069524765,0.27037483481819113,v2.6,avg_init
neutral_1,24,0.5,0.02008077409118414,0.11448198556900024,0.2049248069524765,0.4413463783545278,v2.6,avg_init
neutral_1,24,1.0,0.10211954265832901,0.03891933895647526,0.2049248069524765,0.8100799042572677,v2.6,avg_init
neutral_2,24,-0.3,0.004581102402880788,0.2714778333902359,0.22270064055919647,-0.21902583085778718,v2.6,avg_init
neutral_2,24,-0.1,0.0005969180492684245,0.24027849733829498,0.22270064055919647,-0.07893042756842052,v2.6,avg_init
neutral_2,24,0.0,0.0,0.22270064055919647,0.22270064055919647,0.0,v2.6,avg_init
neutral_2,24,0.05,0.0002998379059135914,0.21102531999349594,0.22270064055919647,0.05242607536459731,v2.6,avg_init
neutral_2,24,0.1,0.0008589777862653136,0.2024933397769928,0.22270064055919647,0.09073750632896062,v2.6,avg_init
neutral_2,24,0.2,0.002958628931082785,0.18558545410633087,0.22270064055919647,0.1666595406266914,v2.6,avg_init
neutral_2,24,0.3,0.006780348950996995,0.16740558296442032,0.22270064055919647,0.24829321305916077,v2.6,avg_init
neutral_2,24,0.5,0.020565408281981945,0.1304343417286873,0.22270064055919647,0.41430639175006645,v2.6,avg_init
neutral_2,24,1.0,0.09316238015890121,0.058375563472509384,0.22270064055919647,0.7378742902313634,v2.6,avg_init
neutral_3,24,-0.3,0.001511219481471926,0.11694281920790672,0.10543850436806679,-0.10910923773805108,v2.6,avg_init
neutral_3,24,-0.1,0.00016322235751431435,0.10906940326094627,0.10543850436806679,-0.03443617599320902,v2.6,avg_init
neutral_3,24,0.0,0.0,0.10543850436806679,0.10543850436806679,0.0,v2.6,avg_init
neutral_3,24,0.05,7.29716703062877e-05,0.10311095044016838,0.10543850436806679,0.02207498998443051,v2.6,avg_init
neutral_3,24,0.1,0.0002250502584502101,0.10086152702569962,0.10543850436806679,0.043408974451968424,v2.6,avg_init
neutral_3,24,0.2,0.000780257978476584,0.09715266525745392,0.10543850436806679,0.07858456604893124,v2.6,avg_init
neutral_3,24,0.3,0.0017847546259872615,0.09367237985134125,0.10543850436806679,0.11159229341543127,v2.6,avg_init
neutral_3,24,0.5,0.004868353251367807,0.08657927066087723,0.10543850436806679,0.178864768807374,v2.6,avg_init
neutral_3,24,1.0,0.019604653120040894,0.07324616611003876,0.10543850436806679,0.3053186162964754,v2.6,avg_init
neutral_4,24,-0.3,0.0019750542705878615,0.13351436704397202,0.11615756154060364,-0.14942467174038596,v2.6,avg_init
neutral_4,24,-0.1,0.00031553657026961446,0.12270648032426834,0.11615756154060364,-0.056379616589794596,v2.6,avg_init
neutral_4,24,0.0,0.0,0.11615756154060364,0.11615756154060364,0.0,v2.6,avg_init
neutral_4,24,0.05,9.892755770124495e-05,0.11302048712968826,0.11615756154060364,0.02700706152322929,v2.6,avg_init
neutral_4,24,0.1,0.0002648750087246299,0.11006920784711838,0.11615756154060364,0.05241461350199777,v2.6,avg_init
neutral_4,24,0.2,0.0008590598008595407,0.10582713410258293,0.11615756154060364,0.08893461003319734,v2.6,avg_init
neutral_4,24,0.3,0.0022469013929367065,0.09860501438379288,0.11615756154060364,0.15110981088110353,v2.6,avg_init
neutral_4,24,0.5,0.006379864644259214,0.0872914269566536,0.11615756154060364,0.24850844147464043,v2.6,avg_init
neutral_4,24,1.0,0.026642875745892525,0.061537111178040504,0.11615756154060364,0.47022724683722117,v2.6,avg_init
neutral_5,24,-0.3,0.0009800550469662994,0.0963088907301426,0.08555636554956436,-0.1256776758983421,v2.6,avg_init
neutral_5,24,-0.1,0.00018719094805419445,0.08712421357631683,0.08555636554956436,-0.018325322922280857,v2.6,avg_init
neutral_5,24,0.0,0.0,0.08555636554956436,0.08555636554956436,0.0,v2.6,avg_init
neutral_5,24,0.05,0.00018960318993777037,0.08125755935907364,0.08555636554956436,0.05024531094650515,v2.6,avg_init
neutral_5,24,0.1,0.0002492204075679183,0.08011023327708244,0.08555636554956436,0.06365548884059216,v2.6,avg_init
neutral_5,24,0.2,0.0007181576220318675,0.07595637068152428,0.08555636554956436,0.11220666991141218,v2.6,avg_init
neutral_5,24,0.3,0.0011644380283541977,0.07430313900113106,0.08555636554956436,0.13152997414218237,v2.6,avg_init
neutral_5,24,0.5,0.0035955903586000204,0.06557695381343365,0.08555636554956436,0.23352338084717117,v2.6,avg_init
neutral_5,24,1.0,0.014514910988509655,0.05320389196276665,0.08555636554956436,0.378142215123144,v2.6,avg_init
neutral_6,24,-0.3,0.0027453750371932983,0.20152582228183746,0.1767537072300911,-0.14015046948632875,v2.6,avg_init
neutral_6,24,-0.1,0.00033447513123974204,0.18504636734724045,0.1767537072300911,-0.046916470647794056,v2.6,avg_init
neutral_6,24,0.0,0.0,0.1767537072300911,0.1767537072300911,0.0,v2.6,avg_init
neutral_6,24,0.05,9.300484089180827e-05,0.1724243089556694,0.1767537072300911,0.024493960224471274,v2.6,avg_init
neutral_6,24,0.1,0.00027975672855973244,0.1697569414973259,0.1767537072300911,0.039584831585212976,v2.6,avg_init
neutral_6,24,0.2,0.001227120403200388,0.1610686331987381,0.1767537072300911,0.08873971741330879,v2.6,avg_init
neutral_6,24,0.3,0.0028297919780015945,0.15356751531362534,0.1767537072300911,0.13117796667360915,v2.6,avg_init
neutral_6,24,0.5,0.00832179095596075,0.13811787962913513,0.1767537072300911,0.21858567045873242,v2.6,avg_init
neutral_6,24,1.0,0.03432433865964413,0.10698933526873589,0.1767537072300911,0.3946982106040846,v2.6,avg_init
neutral_7,24,-0.3,0.0016771192895248532,0.14332035928964615,0.12658918648958206,-0.13216905222343786,v2.6,avg_init
neutral_7,24,-0.1,0.0002677865559235215,0.13173380494117737,0.12658918648958206,-0.04064026789538373,v2.6,avg_init
neutral_7,24,0.0,0.0,0.12658918648958206,0.12658918648958206,0.0,v2.6,avg_init
neutral_7,24,0.05,0.00014021300012245774,0.12286418676376343,0.12658918648958206,0.02942589196688764,v2.6,avg_init
neutral_7,24,0.1,0.0002811793237924576,0.1204088032245636,0.12658918648958206,0.04882236339773849,v2.6,avg_init
neutral_7,24,0.2,0.000827429088531062,0.11544690281152725,0.12658918648958206,0.08801923755921907,v2.6,avg_init
neutral_7,24,0.3,0.0018755172495730221,0.10915003716945648,0.12658918648958206,0.1377617615195021,v2.6,avg_init
neutral_7,24,0.5,0.0055174995213747025,0.09878988564014435,0.12658918648958206,0.21960249228495926,v2.6,avg_init
neutral_7,24,1.0,0.02362677175551653,0.07241955026984215,0.12658918648958206,0.4279167733193224,v2.6,avg_init
sexual_liminal_1,24,-0.3,0.0008061981061473489,0.19424420595169067,0.1821582093834877,-0.06634889862558424,v2.6,rand_init
sexual_liminal_1,24,-0.1,0.00021079018188174814,0.185484878718853,0.1821582093834877,-0.01826252764903854,v2.6,rand_init
sexual_liminal_1,24,0.0,0.0,0.1821582093834877,0.1821582093834877,0.0,v2.6,rand_init
sexual_liminal_1,24,0.05,8.999949204735458e-05,0.17916839569807053,0.1821582093834877,0.016413279947887962,v2.6,rand_init
sexual_liminal_1,24,0.1,0.00017911673057824373,0.176395021378994,0.1821582093834877,0.031638365484592514,v2.6,rand_init
sexual_liminal_1,24,0.2,0.0004244537267368287,0.17214791476726532,0.1821582093834877,0.05495384836127949,v2.6,rand_init
sexual_liminal_1,24,0.3,0.0008161407604347914,0.16873732954263687,0.1821582093834877,0.07367705186756962,v2.6,rand_init
sexual_liminal_1,24,0.5,0.0022766684414818883,0.16011935472488403,0.1821582093834877,0.12098743577461543,v2.6,rand_init
sexual_liminal_1,24,1.0,0.009866281412541866,0.13891198113560677,0.1821582093834877,0.23741026217949376,v2.6,rand_init
sexual_liminal_2,24,-0.3,0.0006383792497217655,0.239141546189785,0.2304369956254959,-0.03777410194340343,v2.6,rand_init
sexual_liminal_2,24,-0.1,8.27020121505484e-05,0.23299597948789597,0.2304369956254959,-0.011104917660699291,v2.6,rand_init
sexual_liminal_2,24,0.0,0.0,0.2304369956254959,0.2304369956254959,0.0,v2.6,rand_init
sexual_liminal_2,24,0.05,4.332078970037401e-05,0.23022061586380005,0.2304369956254959,0.0009389974952091469,v2.6,rand_init
sexual_liminal_2,24,0.1,9.885092731565237e-05,0.22782272845506668,0.2304369956254959,0.01134482405194135,v2.6,rand_init
sexual_liminal_2,24,0.2,0.0002806848206091672,0.22600683569908142,0.2304369956254959,0.019225037691492666,v2.6,rand_init
sexual_liminal_2,24,0.3,0.0006164888036437333,0.22289184480905533,0.2304369956254959,0.03274279286605043,v2.6,rand_init
sexual_liminal_2,24,0.5,0.0016054851585067809,0.21777278929948807,0.2304369956254959,0.054957348717519276,v2.6,rand_init
sexual_liminal_2,24,1.0,0.006216330453753471,0.20580846071243286,0.2304369956254959,0.10687752132079138,v2.6,rand_init
sexual_liminal_3,24,-0.3,0.0006925046036485583,0.22623547911643982,0.21872998028993607,-0.03431399214938387,v2.6,rand_init
sexual_liminal_3,24,-0.1,9.936303831636906e-05,0.22322141379117966,0.21872998028993607,-0.02053414669214527,v2.6,rand_init
sexual_liminal_3,24,0.0,0.0,0.21872998028993607,0.21872998028993607,0.0,v2.6,rand_init
sexual_liminal_3,24,0.05,0.00010698294499889016,0.21918309479951859,0.21872998028993607,-0.0020715702025936116,v2.6,rand_init
sexual_liminal_3,24,0.1,0.00013672455679625273,0.21685485541820526,0.21872998028993607,0.008572783983454143,v2.6,rand_init
sexual_liminal_3,24,0.2,0.0002870920579880476,0.2117215245962143,0.21872998028993607,0.03204158700344489,v2.6,rand_init
sexual_liminal_3,24,0.3,0.00043570157140493393,0.20991142094135284,0.21872998028993607,0.04031710393286663,v2.6,rand_init
sexual_liminal_3,24,0.5,0.0010695622768253088,0.20538246631622314,0.21872998028993607,0.061022791461967,v2.6,rand_init
sexual_liminal_3,24,1.0,0.004512891406193376,0.18895094841718674,0.21872998028993607,0.1361451769587138,v2.6,rand_init
sexual_liminal_4,24,-0.3,0.00037983003130648285,0.22218233346939087,0.2207585647702217,-0.006449438102893538,v2.6,rand_init
sexual_liminal_4,24,-0.1,7.260663551278412e-05,0.2227027490735054,0.2207585647702217,-0.008806835219767401,v2.6,rand_init
sexual_liminal_4,24,0.0,0.0,0.2207585647702217,0.2207585647702217,0.0,v2.6,rand_init
sexual_liminal_4,24,0.05,2.8205307899042964e-05,0.21969236433506012,0.2207585647702217,0.004829712660396002,v2.6,rand_init
sexual_liminal_4,24,0.1,7.033356814645231e-05,0.21943817287683487,0.2207585647702217,0.005981158170516198,v2.6,rand_init
sexual_liminal_4,24,0.2,0.00022425551287597045,0.2184169441461563,0.2207585647702217,0.010607156404113667,v2.6,rand_init
sexual_liminal_4,24,0.3,0.0004426131199579686,0.21713149547576904,0.2207585647702217,0.016430027520010066,v2.6,rand_init
sexual_liminal_4,24,0.5,0.001196512719616294,0.21568258851766586,0.2207585647702217,0.02299333780249576,v2.6,rand_init
sexual_liminal_4,24,1.0,0.004530009115114808,0.21267858147621155,0.2207585647702217,0.036600995763948166,v2.6,rand_init
sexual_liminal_5,24,-0.3,0.000615987810306251,0.17840056866407394,0.16584184765815735,-0.07572709290964573,v2.6,rand_init
sexual_liminal_5,24,-0.1,0.0001121294335462153,0.17063996195793152,0.16584184765815735,-0.0289318671223702,v2.6,rand_init
sexual_liminal_5,24,0.0,0.0,0.16584184765815735,0.16584184765815735,0.0,v2.6,rand_init
sexual_liminal_5,24,0.05,5.8535835705697536e-05,0.16435393691062927,0.16584184765815735,0.008971865476288244,v2.6,rand_init
sexual_liminal_5,24,0.1,0.00012123535270802677,0.16080130636692047,0.16584184765815735,0.030393663375161667,v2.6,rand_init
sexual_liminal_5,24,0.2,0.0003172336146235466,0.15698739886283875,0.16584184765815735,0.053390919845332986,v2.6,rand_init
sexual_liminal_5,24,0.3,0.0006024409085512161,0.15325788035988808,0.16584184765815735,0.07587932404255446,v2.6,rand_init
sexual_liminal_5,24,0.5,0.00166787370108068,0.14442870020866394,0.16584184765815735,0.12911787797752594,v2.6,rand_init
sexual_liminal_5,24,1.0,0.006893915589898825,0.12458182871341705,0.16584184765815735,0.2487913607293365,v2.6,rand_init
sexual_explicit_1,24,-0.3,0.0010153293842449784,0.10841492563486099,0.09783230349421501,-0.10817104128874722,v2.6,rand_init
sexual_explicit_1,24,-0.1,7.208978058770299e-05,0.09955113381147385,0.09783230349421501,-0.017569149001592017,v2.6,rand_init
sexual_explicit_1,24,0.0,0.0,0.09783230349421501,0.09783230349421501,0.0,v2.6,rand_init
sexual_explicit_1,24,0.05,0.00011622527381405234,0.09373752027750015,0.09783230349421501,0.041855124232631304,v2.6,rand_init
sexual_explicit_1,24,0.1,0.00022484723012894392,0.09303456544876099,0.09783230349421501,0.04904042810090558,v2.6,rand_init
sexual_explicit_1,24,0.2,0.0006346565205603838,0.08995542302727699,0.09783230349421501,0.08051410613472668,v2.6,rand_init
sexual_explicit_1,24,0.3,0.0013668653555214405,0.08652874082326889,0.09783230349421501,0.11554018731261419,v2.6,rand_init
sexual_explicit_1,24,0.5,0.003353373147547245,0.0812862180173397,0.09783230349421501,0.1691270151668636,v2.6,rand_init
sexual_explicit_1,24,1.0,0.011990614235401154,0.07025420293211937,0.09783230349421501,0.2818915590976183,v2.6,rand_init
sexual_explicit_2,24,-0.3,0.001060883398167789,0.26373109966516495,0.24729682505130768,-0.06645566359554994,v2.6,rand_init
sexual_explicit_2,24,-0.1,0.00011021018144674599,0.2517669051885605,0.24729682505130768,-0.018075768406348856,v2.6,rand_init
sexual_explicit_2,24,0.0,0.0,0.24729682505130768,0.24729682505130768,0.0,v2.6,rand_init
sexual_explicit_2,24,0.05,3.366445889696479e-05,0.24500466883182526,0.24729682505130768,0.009268846128561735,v2.6,rand_init
sexual_explicit_2,24,0.1,0.00013726938050240278,0.24119548499584198,0.24729682505130768,0.02467213258479897,v2.6,rand_init
sexual_explicit_2,24,0.2,0.0004049142589792609,0.23745068162679672,0.24729682505130768,0.03981508222949541,v2.6,rand_init
sexual_explicit_2,24,0.3,0.0011490731267258525,0.23095601797103882,0.24729682505130768,0.06607770672704175,v2.6,rand_init
sexual_explicit_2,24,0.5,0.0029479367658495903,0.22097644209861755,0.24729682505130768,0.10643235289102207,v2.6,rand_init
sexual_explicit_2,24,1.0,0.012519249226897955,0.19889838248491287,0.24729682505130768,0.19570992290885006,v2.6,rand_init
sexual_explicit_3,24,-0.3,0.001164039014838636,0.11438020691275597,0.10023977607488632,-0.14106606570335636,v2.6,rand_init
sexual_explicit_3,24,-0.1,0.00014731223927810788,0.1051453948020935,0.10023977607488632,-0.04893884363371217,v2.6,rand_init
sexual_explicit_3,24,0.0,0.0,0.10023977607488632,0.10023977607488632,0.0,v2.6,rand_init
sexual_explicit_3,24,0.05,3.3149815862998366e-05,0.09831685572862625,0.10023977607488632,0.019183206722484206,v2.6,rand_init
sexual_explicit_3,24,0.1,0.00010496046161279082,0.09674006700515747,0.10023977607488632,0.03491337677285229,v2.6,rand_init
sexual_explicit_3,24,0.2,0.0004352237447164953,0.09286138787865639,0.10023977607488632,0.07360738905399937,v2.6,rand_init
sexual_explicit_3,24,0.3,0.0009620278142392635,0.08936651796102524,0.10023977607488632,0.10847249005961444,v2.6,rand_init
sexual_explicit_3,24,0.5,0.0027575648855417967,0.08183922618627548,0.10023977607488632,0.18356535308762367,v2.6,rand_init
sexual_explicit_3,24,1.0,0.009422805160284042,0.06939707323908806,0.10023977607488632,0.3076892631200268,v2.6,rand_init
sexual_explicit_4,24,-0.3,0.000642355065792799,0.3610498458147049,0.3523520976305008,-0.024684820220156948,v2.6,rand_init
sexual_explicit_4,24,-0.1,0.00014007020217832178,0.35621339082717896,0.3523520976305008,-0.010958621284347691,v2.6,rand_init
sexual_explicit_4,24,0.0,0.0,0.3523520976305008,0.3523520976305008,0.0,v2.6,rand_init
sexual_explicit_4,24,0.05,7.087797348503955e-05,0.3507024496793747,0.3523520976305008,0.00468181674586205,v2.6,rand_init
sexual_explicit_4,24,0.1,0.00012620462803170085,0.34858183562755585,0.3523520976305008,0.010700268363092553,v2.6,rand_init
sexual_explicit_4,24,0.2,0.00029712369723711163,0.34539569914340973,0.3523520976305008,0.019742747478648456,v2.6,rand_init
sexual_explicit_4,24,0.3,0.0005612477543763816,0.34287235140800476,0.3523520976305008,0.02690418557529664,v2.6,rand_init
sexual_explicit_4,24,0.5,0.0015711757587268949,0.3347713202238083,0.3523520976305008,0.049895481039902434,v2.6,rand_init
sexual_explicit_4,24,1.0,0.006273171631619334,0.3194727450609207,0.3523520976305008,0.09331391182481194,v2.6,rand_init
sexual_explicit_5,24,-0.3,0.0011024989653378725,0.10343064740300179,0.08877043798565865,-0.16514742689127632,v2.6,rand_init
sexual_explicit_5,24,-0.1,0.00010005180956795812,0.092845369130373,0.08877043798565865,-0.04590414598802231,v2.6,rand_init
sexual_explicit_5,24,0.0,0.0,0.08877043798565865,0.08877043798565865,0.0,v2.6,rand_init
sexual_explicit_5,24,0.05,4.098890349268913e-05,0.0861577782779932,0.08877043798565865,0.029431641512093622,v2.6,rand_init
sexual_explicit_5,24,0.1,0.000137017312226817,0.08401507884263992,0.08877043798565865,0.053569175177292434,v2.6,rand_init
sexual_explicit_5,24,0.2,0.0005028462037444115,0.0795681681483984,0.08877043798565865,0.10366367504852149,v2.6,rand_init
sexual_explicit_5,24,0.3,0.0011369476560503244,0.07500255666673183,0.08877043798565865,0.15509534064877645,v2.6,rand_init
sexual_explicit_5,24,0.5,0.002798811183311045,0.06785083189606667,0.08877043798565865,0.23565960205098524,v2.6,rand_init
sexual_explicit_5,24,1.0,0.009576087351888418,0.05273931287229061,0.08877043798565865,0.4058910368245458,v2.6,rand_init
violence_liminal_1,24,-0.3,0.0004667273024097085,0.18567787110805511,0.1806851178407669,-0.027632343642646825,v2.6,rand_init
violence_liminal_1,24,-0.1,6.166534149087965e-05,0.1831604689359665,0.1806851178407669,-0.013699806186478775,v2.6,rand_init
violence_liminal_1,24,0.0,0.0,0.1806851178407669,0.1806851178407669,0.0,v2.6,rand_init
violence_liminal_1,24,0.05,4.233546496834606e-05,0.18057258427143097,0.1806851178407669,0.0006228159279565592,v2.6,rand_init
violence_liminal_1,24,0.1,6.02871150476858e-05,0.18041031062602997,0.1806851178407669,0.0015209178155951887,v2.6,rand_init
violence_liminal_1,24,0.2,0.0002837700449163094,0.17886827141046524,0.1806851178407669,0.01005531862288075,v2.6,rand_init
violence_liminal_1,24,0.3,0.0005159900756552815,0.17750735580921173,0.1806851178407669,0.01758729257578178,v2.6,rand_init
violence_liminal_1,24,0.5,0.0015250860014930367,0.17503026127815247,0.1806851178407669,0.031296747790805435,v2.6,rand_init
violence_liminal_1,24,1.0,0.005875757895410061,0.17256660014390945,0.1806851178407669,0.04493185600383586,v2.6,rand_init
violence_liminal_2,24,-0.3,0.0006572773854713887,0.19399835169315338,0.18387570977210999,-0.05505154505502164,v2.6,rand_init
violence_liminal_2,24,-0.1,8.596874249633402e-05,0.18644091486930847,0.18387570977210999,-0.013950755651073893,v2.6,rand_init
violence_liminal_2,24,0.0,0.0,0.18387570977210999,0.18387570977210999,0.0,v2.6,rand_init
violence_liminal_2,24,0.05,4.193994391243905e-05,0.18196288496255875,0.18387570977210999,0.010402814009103957,v2.6,rand_init
violence_liminal_2,24,0.1,8.566307951696217e-05,0.18089576065540314,0.18387570977210999,0.016206322849277414,v2.6,rand_init
violence_liminal_2,24,0.2,0.0003010199870914221,0.17785567790269852,0.18387570977210999,0.032739679846090136,v2.6,rand_init
violence_liminal_2,24,0.3,0.0006841347785666585,0.1738603711128235,0.18387570977210999,0.054467980962244596,v2.6,rand_init
violence_liminal_2,24,0.5,0.0018770521273836493,0.16796103864908218,0.18387570977210999,0.08655124237318766,v2.6,rand_init
violence_liminal_2,24,1.0,0.007282153004780412,0.15419579297304153,0.18387570977210999,0.16141292852575714,v2.6,rand_init
violence_liminal_3,24,-0.3,0.0005189038929529488,0.23959928005933762,0.22931861877441406,-0.04483134138810104,v2.6,rand_init
violence_liminal_3,24,-0.1,7.549181464128196e-05,0.2327914983034134,0.22931861877441406,-0.01514434173535503,v2.6,rand_init
violence_liminal_3,24,0.0,0.0,0.22931861877441406,0.22931861877441406,0.0,v2.6,rand_init
violence_liminal_3,24,0.05,3.7633210013154894e-05,0.22870133817195892,0.22931861877441406,0.002691803246304968,v2.6,rand_init
violence_liminal_3,24,0.1,5.2542382036335766e-05,0.22662077099084854,0.22931861877441406,0.011764625994976253,v2.6,rand_init
violence_liminal_3,24,0.2,0.0002347160188946873,0.22288621962070465,0.22931861877441406,0.028050051880162023,v2.6,rand_init
violence_liminal_3,24,0.3,0.0004631244810298085,0.22059902548789978,0.22931861877441406,0.038023922057074416,v2.6,rand_init
violence_liminal_3,24,0.5,0.001354546518996358,0.21256235241889954,0.22931861877441406,0.0730698032504637,v2.6,rand_init
violence_liminal_3,24,1.0,0.00549512542784214,0.19800420105457306,0.22931861877441406,0.13655418773756747,v2.6,rand_init
violence_liminal_4,24,-0.3,0.0010932658915407956,0.17538148909807205,0.16509942710399628,-0.06227799923011904,v2.6,rand_init
violence_liminal_4,24,-0.1,0.00017600995488464832,0.16818411648273468,0.16509942710399628,-0.01868382848351954,v2.6,rand_init
violence_liminal_4,24,0.0,0.0,0.16509942710399628,0.16509942710399628,0.0,v2.6,rand_init
violence_liminal_4,24,0.05,2.649633097462356e-05,0.16379079967737198,0.16509942710399628,0.007926299016167952,v2.6,rand_init
violence_liminal_4,24,0.1,0.00013738306006416678,0.16151510179042816,0.16509942710399628,0.021710101460923576,v2.6,rand_init
violence_liminal_4,24,0.2,0.0004236128297634423,0.15833014994859695,0.16509942710399628,0.041001215292742046,v2.6,rand_init
violence_liminal_4,24,0.3,0.0009232929442077875,0.15674708038568497,0.16509942710399628,0.05058979831014289,v2.6,rand_init
violence_liminal_4,24,0.5,0.002853769692592323,0.15090153366327286,0.16509942710399628,0.08599601882191968,v2.6,rand_init
violence_liminal_4,24,1.0,0.010566661600023508,0.14279336482286453,0.16509942710399628,0.13510684241854537,v2.6,rand_init
violence_liminal_5,24,-0.3,0.000738518952857703,0.35550154745578766,0.34525178372859955,-0.02968779369216928,v2.6,rand_init
violence_liminal_5,24,-0.1,9.948686056304723e-05,0.3483733534812927,0.34525178372859955,-0.00904142976172724,v2.6,rand_init
violence_liminal_5,24,0.0,0.0,0.34525178372859955,0.34525178372859955,0.0,v2.6,rand_init
violence_liminal_5,24,0.05,3.0177401640685275e-05,0.3440380245447159,0.34525178372859955,0.0035155768661800633,v2.6,rand_init
violence_liminal_5,24,0.1,0.00010205991566181183,0.3436993360519409,0.34525178372859955,0.004496566708194043,v2.6,rand_init
violence_liminal_5,24,0.2,0.00031062652124091983,0.3395959734916687,0.34525178372859955,0.0163816973683671,v2.6,rand_init
violence_liminal_5,24,0.3,0.0006837859400548041,0.3383042961359024,0.34525178372859955,0.020122959301373294,v2.6,rand_init
violence_liminal_5,24,0.5,0.0019020415493287146,0.33296211063861847,0.34525178372859955,0.035596262406690185,v2.6,rand_init
violence_liminal_5,24,1.0,0.007837374461814761,0.31994159519672394,0.34525178372859955,0.07330936355645827,v2.6,rand_init
violence_explicit_1,24,-0.3,0.00044534204062074423,0.12808362394571304,0.12018328160047531,-0.06573578487813972,v2.6,rand_init
violence_explicit_1,24,-0.1,7.494125748053193e-05,0.12275004759430885,0.12018328160047531,-0.021357096924397766,v2.6,rand_init
violence_explicit_1,24,0.0,0.0,0.12018328160047531,0.12018328160047531,0.0,v2.6,rand_init
violence_explicit_1,24,0.05,3.271867171861231e-05,0.11940186098217964,0.12018328160047531,0.006501907818537875,v2.6,rand_init
violence_explicit_1,24,0.1,4.6991335693746805e-05,0.11800938099622726,0.12018328160047531,0.018088211399275432,v2.6,rand_init
violence_explicit_1,24,0.2,0.00019114970928058028,0.11491726338863373,0.12018328160047531,0.04381656201856246,v2.6,rand_init
violence_explicit_1,24,0.3,0.0004630110342986882,0.1126558966934681,0.12018328160047531,0.06263254594786707,v2.6,rand_init
violence_explicit_1,24,0.5,0.001192060997709632,0.10822780057787895,0.12018328160047531,0.09947707254607929,v2.6,rand_init
violence_explicit_1,24,1.0,0.004881486762315035,0.09686284139752388,0.12018328160047531,0.19404063437438374,v2.6,rand_init
violence_explicit_2,24,-0.3,0.0005820565856993198,0.15815334022045135,0.15278314054012299,-0.035149164111586514,v2.6,rand_init
violence_explicit_2,24,-0.1,7.240450941026211e-05,0.15400364249944687,0.15278314054012299,-0.007988459688740082,v2.6,rand_init
violence_explicit_2,24,0.0,0.0,0.15278314054012299,0.15278314054012299,0.0,v2.6,rand_init
violence_explicit_2,24,0.05,6.906531780259684e-06,0.15243392437696457,0.15278314054012299,0.0022856982905565273,v2.6,rand_init
violence_explicit_2,24,0.1,3.269696026109159e-05,0.15135131031274796,0.15278314054012299,0.009371650709058515,v2.6,rand_init
violence_explicit_2,24,0.2,0.00019028375390917063,0.14991451799869537,0.15278314054012299,0.018775779390882937,v2.6,rand_init
violence_explicit_2,24,0.3,0.0003843336598947644,0.14687008410692215,0.15278314054012299,0.03870228359161124,v2.6,rand_init
violence_explicit_2,24,0.5,0.0012052394449710846,0.14525069296360016,0.15278314054012299,0.049301562658640996,v2.6,rand_init
violence_explicit_2,24,1.0,0.0047764163464307785,0.13729257881641388,0.15278314054012299,0.10138920871076786,v2.6,rand_init
violence_explicit_3,24,-0.3,0.0006532528204843402,0.10692920535802841,0.09560281783342361,-0.11847336492047401,v2.6,rand_init
violence_explicit_3,24,-0.1,6.193820445332676e-05,0.09874753654003143,0.09560281783342361,-0.032893577593990087,v2.6,rand_init
violence_explicit_3,24,0.0,0.0,0.09560281783342361,0.09560281783342361,0.0,v2.6,rand_init
violence_explicit_3,24,0.05,2.676231088116765e-05,0.09366302937269211,0.09560281783342361,0.020290076220466156,v2.6,rand_init
violence_explicit_3,24,0.1,7.692817598581314e-05,0.09194671362638474,0.09560281783342361,0.038242640644852124,v2.6,rand_init
violence_explicit_3,24,0.2,0.00031585199758410454,0.08782301843166351,0.09560281783342361,0.08137625624503521,v2.6,rand_init
violence_explicit_3,24,0.3,0.0006049931398592889,0.08533362299203873,0.09560281783342361,0.10741518999238832,v2.6,rand_init
violence_explicit_3,24,0.5,0.0016524159582331777,0.07888498529791832,0.09560281783342361,0.17486757100229097,v2.6,rand_init
violence_explicit_3,24,1.0,0.005605473415926099,0.06646919436752796,0.09560281783342361,0.3047360331643935,v2.6,rand_init
violence_explicit_4,24,-0.3,0.0008523486903868616,0.09599477052688599,0.0846061110496521,-0.1346080009581142,v2.6,rand_init
violence_explicit_4,24,-0.1,0.00013401059550233185,0.08857081085443497,0.0846061110496521,-0.04686067892254422,v2.6,rand_init
violence_explicit_4,24,0.0,0.0,0.0846061110496521,0.0846061110496521,0.0,v2.6,rand_init
violence_explicit_4,24,0.05,8.266212535090744e-05,0.08148347958922386,0.0846061110496521,0.03690787133089812,v2.6,rand_init
violence_explicit_4,24,0.1,0.00019469240214675665,0.0798913985490799,0.0846061110496521,0.055725436875420496,v2.6,rand_init
violence_explicit_4,24,0.2,0.0005368150305002928,0.07672073319554329,0.0846061110496521,0.09320104371043816,v2.6,rand_init
violence_explicit_4,24,0.3,0.001172281103208661,0.0733167715370655,0.0846061110496521,0.13343409090108527,v2.6,rand_init
violence_explicit_4,24,0.5,0.0030506309121847153,0.06709543615579605,0.0846061110496521,0.2069670225544311,v2.6,rand_init
violence_explicit_4,24,1.0,0.010735887568444014,0.05599188432097435,0.0846061110496521,0.3382052002353016,v2.6,rand_init
violence_explicit_5,24,-0.3,0.0007297093980014324,0.16967038810253143,0.16131335496902466,-0.05180620745945982,v2.6,rand_init
violence_explicit_5,24,-0.1,5.898783274460584e-05,0.1629640907049179,0.16131335496902466,-0.010233100267552078,v2.6,rand_init
violence_explicit_5,24,0.0,0.0,0.16131335496902466,0.16131335496902466,0.0,v2.6,rand_init
violence_explicit_5,24,0.05,2.7358946681488305e-05,0.16038201749324799,0.16131335496902466,0.005773467893935425,v2.6,rand_init
violence_explicit_5,24,0.1,0.00010328966891393065,0.15681996196508408,0.16131335496902466,0.027855058899515183,v2.6,rand_init
violence_explicit_5,24,0.2,0.00034497518208809197,0.15502819418907166,0.16131335496902466,0.038962432968800864,v2.6,rand_init
violence_explicit_5,24,0.3,0.0007672427746001631,0.15284492820501328,0.16131335496902466,0.05249674935864726,v2.6,rand_init
violence_explicit_5,24,0.5,0.0019240675028413534,0.14985191076993942,0.16131335496902466,0.07105080792155156,v2.6,rand_init
violence_explicit_5,24,1.0,0.006904372246935964,0.14453424140810966,0.16131335496902466,0.10401565055873342,v2.6,rand_init
death_1,24,-0.3,0.00023698573932051659,0.019774974789470434,0.018382973037660122,-0.07572234093792118,v2.6,rand_init
death_1,24,-0.1,2.1938671125099063e-05,0.018761165905743837,0.018382973037660122,-0.02057299802969486,v2.6,rand_init
death_1,24,0.0,0.0,0.018382973037660122,0.018382973037660122,0.0,v2.6,rand_init
death_1,24,0.05,7.192982593551278e-06,0.018246624153107405,0.018382973037660122,0.007417129115806634,v2.6,rand_init
death_1,24,0.1,2.4512934032827616e-05,0.018027466721832752,0.018382973037660122,0.019338891217381686,v2.6,rand_init
death_1,24,0.2,9.793264325708151e-05,0.017848297953605652,0.018382973037660122,0.02908534342943943,v2.6,rand_init
death_1,24,0.3,0.0001995329512283206,0.017605701461434364,0.018382973037660122,0.04228214743248585,v2.6,rand_init
death_1,24,0.5,0.0005217340076342225,0.01727914158254862,0.018382973037660122,0.06004640559773159,v2.6,rand_init
death_1,24,1.0,0.0021889961790293455,0.017681535333395004,0.018382973037660122,0.038156923955016596,v2.6,rand_init
death_2,24,-0.3,0.0007173564517870545,0.22180749475955963,0.21047846972942352,-0.053825101658615794,v2.6,rand_init
death_2,24,-0.1,0.00015227292897179723,0.21345357596874237,0.21047846972942352,-0.014134967073560717,v2.6,rand_init
death_2,24,0.0,0.0,0.21047846972942352,0.21047846972942352,0.0,v2.6,rand_init
death_2,24,0.05,7.158721564337611e-05,0.20899280905723572,0.21047846972942352,0.0070584923678781355,v2.6,rand_init
death_2,24,0.1,0.00013388636580202729,0.2072605863213539,0.21047846972942352,0.015288420769147066,v2.6,rand_init
death_2,24,0.2,0.000307018228340894,0.20367206633090973,0.21047846972942352,0.03233776550762476,v2.6,rand_init
death_2,24,0.3,0.0006700036465190351,0.19950159639120102,0.21047846972942352,0.05215200087844428,v2.6,rand_init
death_2,24,0.5,0.0017773782019503415,0.19169682264328003,0.21047846972942352,0.08923310355823032,v2.6,rand_init
death_2,24,1.0,0.007334966212511063,0.17392020672559738,0.21047846972942352,0.17369122386162775,v2.6,rand_init
death_3,24,-0.3,0.00032981636468321085,0.12263019382953644,0.11655199527740479,-0.052150102944741226,v2.6,rand_init
death_3,24,-0.1,5.207994399825111e-05,0.11779772490262985,0.11655199527740479,-0.010688187896398622,v2.6,rand_init
death_3,24,0.0,0.0,0.11655199527740479,0.11655199527740479,0.0,v2.6,rand_init
death_3,24,0.05,2.5277786335209385e-05,0.11594066023826599,0.11655199527740479,0.00524517008639585,v2.6,rand_init
death_3,24,0.1,5.165402399143204e-05,0.11497059836983681,0.11655199527740479,0.013568166755138798,v2.6,rand_init
death_3,24,0.2,0.00015871046343818307,0.11205929517745972,0.11655199527740479,0.03854674550403034,v2.6,rand_init
death_3,24,0.3,0.00033234903821721673,0.11057012155652046,0.11655199527740479,0.05132364921464362,v2.6,rand_init
death_3,24,0.5,0.0008930062758736312,0.10700605437159538,0.11655199527740479,0.08190285274043708,v2.6,rand_init
death_3,24,1.0,0.004185045138001442,0.09713271632790565,0.11655199527740479,0.16661472764391042,v2.6,rand_init
death_4,24,-0.3,0.0023325872607529163,0.21849536150693893,0.18689978122711182,-0.16905092168852598,v2.6,rand_init
death_4,24,-0.1,0.00025130785070359707,0.19715089350938797,0.18689978122711182,-0.054848177001445945,v2.6,rand_init
death_4,24,0.0,0.0,0.18689978122711182,0.18689978122711182,0.0,v2.6,rand_init
death_4,24,0.05,7.190959877334535e-05,0.18186908960342407,0.18689978122711182,0.026916519594930313,v2.6,rand_init
death_4,24,0.1,0.0003399736597202718,0.17484831809997559,0.18689978122711182,0.06448088407600573,v2.6,rand_init
death_4,24,0.2,0.0012844522716477513,0.16393200308084488,0.18689978122711182,0.12288820241238044,v2.6,rand_init
death_4,24,0.3,0.003001206903718412,0.1530342400074005,0.18689978122711182,0.18119625928592978,v2.6,rand_init
death_4,24,0.5,0.008636225946247578,0.13035758584737778,0.18689978122711182,0.3025268141487369,v2.6,rand_init
death_4,24,1.0,0.03955988213419914,0.07878467068076134,0.18689978122711182,0.5784656880629201,v2.6,rand_init
death_5,24,-0.3,0.0008337083272635937,0.2681373134255409,0.252194419503212,-0.06321668002699758,v2.6,rand_init
death_5,24,-0.1,0.00013609882444143295,0.2579861879348755,0.252194419503212,-0.022965490049591475,v2.6,rand_init
death_5,24,0.0,0.0,0.252194419503212,0.252194419503212,0.0,v2.6,rand_init
death_5,24,0.05,6.126923835836351e-05,0.24889150261878967,0.252194419503212,0.01309670884442483,v2.6,rand_init
death_5,24,0.1,0.00012596265878528357,0.24638232588768005,0.252194419503212,0.023046083362910804,v2.6,rand_init
death_5,24,0.2,0.00048012734623625875,0.23855888843536377,0.252194419503212,0.05406753684204556,v2.6,rand_init
death_5,24,0.3,0.0008683004998601973,0.23441196978092194,0.252194419503212,0.07051087711345476,v2.6,rand_init
death_5,24,0.5,0.0026078682858496904,0.22138066589832306,0.252194419503212,0.1221825354644553,v2.6,rand_init
death_5,24,1.0,0.01217898866161704,0.18841561675071716,0.252194419503212,0.25289537682130403,v2.6,rand_init
power_1,24,-0.3,0.0011106200981885195,0.19340842962265015,0.17924155294895172,-0.0790379041054904,v2.6,rand_init
power_1,24,-0.1,0.00015996303409337997,0.1838214322924614,0.17924155294895172,-0.025551437533092736,v2.6,rand_init
power_1,24,0.0,0.0,0.17924155294895172,0.17924155294895172,0.0,v2.6,rand_init
power_1,24,0.05,5.0752569222822785e-05,0.17646154016256332,0.17924155294895172,0.015509867777033538,v2.6,rand_init
power_1,24,0.1,0.0001450579147785902,0.17379146814346313,0.17924155294895172,0.030406369035648667,v2.6,rand_init
power_1,24,0.2,0.00047894136514514685,0.16904739290475845,0.17924155294895172,0.05687386588921477,v2.6,rand_init
power_1,24,0.3,0.0011008367873728275,0.1655302792787552,0.17924155294895172,0.07649606603275484,v2.6,rand_init
power_1,24,0.5,0.0033384920097887516,0.1550239846110344,0.17924155294895172,0.13511135079718112,v2.6,rand_init
power_1,24,1.0,0.015629860572516918,0.12908048182725906,0.17924155294895172,0.27985179940936245,v2.6,rand_init
power_2,24,-0.3,0.0006645606481470168,0.10856201499700546,0.09640064463019371,-0.12615445066227993,v2.6,rand_init
power_2,24,-0.1,0.00011578317207749933,0.1013261191546917,0.09640064463019371,-0.05109379240556732,v2.6,rand_init
power_2,24,0.0,0.0,0.09640064463019371,0.09640064463019371,0.0,v2.6,rand_init
power_2,24,0.05,2.8998023481108248e-05,0.09489258006215096,0.09640064463019371,0.01564371870984785,v2.6,rand_init
power_2,24,0.1,8.359008643310517e-05,0.09260902181267738,0.09640064463019371,0.03933192388973663,v2.6,rand_init
power_2,24,0.2,0.00025733213988132775,0.0906844511628151,0.09640064463019371,0.059296216216257996,v2.6,rand_init
power_2,24,0.3,0.0006287105206865817,0.08663178607821465,0.09640064463019371,0.10133602933314155,v2.6,rand_init
power_2,24,0.5,0.0018547639483585954,0.07945838198065758,0.09640064463019371,0.1757484373110679,v2.6,rand_init
power_2,24,1.0,0.007687933277338743,0.0638444535434246,0.09640064463019371,0.3377175662222922,v2.6,rand_init
power_3,24,-0.3,0.0029433397576212883,0.2898784726858139,0.24881026148796082,-0.16505834989382162,v2.6,rand_init
power_3,24,-0.1,0.0003745837602764368,0.26269299536943436,0.24881026148796082,-0.0557964683548443,v2.6,rand_init
power_3,24,0.0,0.0,0.24881026148796082,0.24881026148796082,0.0,v2.6,rand_init
power_3,24,0.05,0.0001424218062311411,0.24050390720367432,0.24881026148796082,0.03338429144606811,v2.6,rand_init
power_3,24,0.1,0.00043255044147372246,0.23396046459674835,0.24881026148796082,0.05968321725320401,v2.6,rand_init
power_3,24,0.2,0.0017387163825333118,0.21862028539180756,0.24881026148796082,0.1213373432253479,v2.6,rand_init
power_3,24,0.3,0.004180360585451126,0.2025550678372383,0.24881026148796082,0.18590549028847292,v2.6,rand_init
power_3,24,0.5,0.013020606711506844,0.17058629542589188,0.24881026148796082,0.314392041527009,v2.6,rand_init
power_3,24,1.0,0.06065506488084793,0.10236026719212532,0.24881026148796082,0.5886011027841863,v2.6,rand_init
power_4,24,-0.3,0.0011423148680478334,0.13089530915021896,0.12174111604690552,-0.07519393119237083,v2.6,rand_init
power_4,24,-0.1,0.00014974169607739896,0.12461544945836067,0.12174111604690552,-0.023610210788175337,v2.6,rand_init
power_4,24,0.0,0.0,0.12174111604690552,0.12174111604690552,0.0,v2.6,rand_init
power_4,24,0.05,9.302180842496455e-05,0.1204729750752449,0.12174111604690552,0.010416702366783078,v2.6,rand_init
power_4,24,0.1,0.00011337229807395488,0.11975490674376488,0.12174111604690552,0.016315024600032216,v2.6,rand_init
power_4,24,0.2,0.00024403841234743595,0.11722473055124283,0.12174111604690552,0.03709827577005763,v2.6,rand_init
power_4,24,0.3,0.0005694377468898892,0.11421878635883331,0.12174111604690552,0.06178955748338904,v2.6,rand_init
power_4,24,0.5,0.0014204428880475461,0.10897015407681465,0.12174111604690552,0.10490261946646155,v2.6,rand_init
power_4,24,1.0,0.006099173799157143,0.09659435600042343,0.12174111604690552,0.2065593027485744,v2.6,rand_init
power_5,24,-0.3,0.0008039178792387247,0.3292732387781143,0.3084346354007721,-0.06756246214133856,v2.6,rand_init
power_5,24,-0.1,0.00011670234380289912,0.31628961861133575,0.3084346354007721,-0.025467254027282296,v2.6,rand_init
power_5,24,0.0,0.0,0.3084346354007721,0.3084346354007721,0.0,v2.6,rand_init
power_5,24,0.05,4.1469582356512547e-05,0.3047761619091034,0.3084346354007721,0.01186142239478058,v2.6,rand_init
power_5,24,0.1,0.00012167100794613361,0.30035601556301117,0.3084346354007721,0.026192323787708773,v2.6,rand_init
power_5,24,0.2,0.000381760997697711,0.2939043343067169,0.3084346354007721,0.04710982304297594,v2.6,rand_init
power_5,24,0.3,0.0009593125432729721,0.2853272557258606,0.3084346354007721,0.07491823881869285,v2.6,rand_init
power_5,24,0.5,0.0030053346417844296,0.2665349096059799,0.3084346354007721,0.13584637062679014,v2.6,rand_init
power_5,24,1.0,0.01596690621227026,0.2113802134990692,0.3084346354007721,0.31466771484853784,v2.6,rand_init
profanity_1,24,-0.3,0.0007487459224648774,0.17968858778476715,0.16568520665168762,-0.08451799298242837,v2.6,rand_init
profanity_1,24,-0.1,0.00011744836228899658,0.17113248258829117,0.16568520665168762,-0.03287726192752442,v2.6,rand_init
profanity_1,24,0.0,0.0,0.16568520665168762,0.16568520665168762,0.0,v2.6,rand_init
profanity_1,24,0.05,3.988234675489366e-05,0.16355866193771362,0.16568520665168762,0.01283484963412899,v2.6,rand_init
profanity_1,24,0.1,0.00010996856144629419,0.16160296648740768,0.16568520665168762,0.02463853138597849,v2.6,rand_init
profanity_1,24,0.2,0.0004381472826935351,0.15630577504634857,0.16568520665168762,0.056609952058405535,v2.6,rand_init
profanity_1,24,0.3,0.0007737121195532382,0.15272754430770874,0.16568520665168762,0.07820651345909944,v2.6,rand_init
profanity_1,24,0.5,0.0023640625877305865,0.1435437723994255,0.16568520665168762,0.1336355532259982,v2.6,rand_init
profanity_1,24,1.0,0.010804207529872656,0.12076912075281143,0.16568520665168762,0.2710929165408304,v2.6,rand_init
profanity_2,24,-0.3,0.0008102132705971599,0.3215780258178711,0.30333317816257477,-0.06014788018183029,v2.6,rand_init
profanity_2,24,-0.1,0.0001012958528008312,0.30895593762397766,0.30333317816257477,-0.018536579135399796,v2.6,rand_init
profanity_2,24,0.0,0.0,0.30333317816257477,0.30333317816257477,0.0,v2.6,rand_init
profanity_2,24,0.05,4.10775828640908e-05,0.299670547246933,0.30333317816257477,0.01207461359099583,v2.6,rand_init
profanity_2,24,0.1,0.0001292272936552763,0.295791894197464,0.30333317816257477,0.024861388427048176,v2.6,rand_init
profanity_2,24,0.2,0.0004481405485421419,0.28872981667518616,0.30333317816257477,0.04814297458605658,v2.6,rand_init
profanity_2,24,0.3,0.0010049691190943122,0.2807868719100952,0.30333317816257477,0.07432852017393103,v2.6,rand_init
profanity_2,24,0.5,0.0029302809853106737,0.26446640491485596,0.30333317816257477,0.12813228504429455,v2.6,rand_init
profanity_2,24,1.0,0.013700736220926046,0.21925070881843567,0.30333317816257477,0.27719509568146933,v2.6,rand_init
profanity_3,24,-0.3,0.00047690063365735114,0.11400990933179855,0.10571766272187233,-0.07843766496939976,v2.6,rand_init
profanity_3,24,-0.1,7.140685920603573e-05,0.10852430388331413,0.10571766272187233,-0.02654846020220542,v2.6,rand_init
profanity_3,24,0.0,0.0,0.10571766272187233,0.10571766272187233,0.0,v2.6,rand_init
profanity_3,24,0.05,3.735595237230882e-05,0.10427763313055038,0.10571766272187233,0.013621466406332232,v2.6,rand_init
profanity_3,24,0.1,5.711522317142226e-05,0.10305648297071457,0.10571766272187233,0.025172517842727324,v2.6,rand_init
profanity_3,24,0.2,0.00021757633658125997,0.10022171586751938,0.10571766272187233,0.051987025751902796,v2.6,rand_init
profanity_3,24,0.3,0.0004116776253795251,0.09828497469425201,0.10571766272187233,0.0703069651395399,v2.6,rand_init
profanity_3,24,0.5,0.0012336734216660261,0.09297971427440643,0.10571766272187233,0.12049025791439952,v2.6,rand_init
profanity_3,24,1.0,0.005057863891124725,0.08155092597007751,0.10571766272187233,0.22859696411728242,v2.6,rand_init
profanity_4,24,-0.3,0.0010884935618378222,0.38803401589393616,0.36428962647914886,-0.06517997683402706,v2.6,rand_init
profanity_4,24,-0.1,0.00013289230992086232,0.3718930333852768,0.36428962647914886,-0.020871873238924445,v2.6,rand_init
profanity_4,24,0.0,0.0,0.36428962647914886,0.36428962647914886,0.0,v2.6,rand_init
profanity_4,24,0.05,5.716280429624021e-05,0.3605242222547531,0.36428962647914886,0.01033629274813093,v2.6,rand_init
profanity_4,24,0.1,0.0001812356713344343,0.35522423684597015,0.36428962647914886,0.02488511605668133,v2.6,rand_init
profanity_4,24,0.2,0.0006326493457891047,0.3469898998737335,0.36428962647914886,0.0474889355829778,v2.6,rand_init
profanity_4,24,0.3,0.001345446682535112,0.33818382024765015,0.36428962647914886,0.0716622278921603,v2.6,rand_init
profanity_4,24,0.5,0.004279830260202289,0.31705668568611145,0.36428962647914886,0.1296576607177721,v2.6,rand_init
profanity_4,24,1.0,0.020201606675982475,0.2642216384410858,0.36428962647914886,0.27469348772079494,v2.6,rand_init
profanity_5,24,-0.3,0.0005581636214628816,0.21822354197502136,0.2031307891011238,-0.07430066579608464,v2.6,rand_init
profanity_5,24,-0.1,0.0001303563331020996,0.21032042056322098,0.2031307891011238,-0.03539409999789831,v2.6,rand_init
profanity_5,24,0.0,0.0,0.2031307891011238,0.2031307891011238,0.0,v2.6,rand_init
profanity_5,24,0.05,2.3700413294136524e-05,0.2028263509273529,0.2031307891011238,0.0014987298337099811,v2.6,rand_init
profanity_5,24,0.1,3.941522663808428e-05,0.20101570338010788,0.2031307891011238,0.010412432947144144,v2.6,rand_init
profanity_5,24,0.2,0.00025909030227921903,0.19381074607372284,0.2031307891011238,0.04588198110509584,v2.6,rand_init
profanity_5,24,0.3,0.00048742417129687965,0.19084583222866058,0.2031307891011238,0.060478064043493936,v2.6,rand_init
profanity_5,24,0.5,0.0011995846289210021,0.1832713931798935,0.2031307891011238,0.0977665474008659,v2.6,rand_init
profanity_5,24,1.0,0.0056120967492461205,0.16014765202999115,0.2031307891011238,0.21160325946321476,v2.6,rand_init
substance_1,24,-0.3,0.0015053502283990383,0.19038473069667816,0.16761835664510727,-0.13582267782145946,v2.6,rand_init
substance_1,24,-0.1,0.00018898610142059624,0.17532022297382355,0.16761835664510727,-0.045948823761726654,v2.6,rand_init
substance_1,24,0.0,0.0,0.16761835664510727,0.16761835664510727,0.0,v2.6,rand_init
substance_1,24,0.05,6.0101228882558644e-05,0.16422893106937408,0.16761835664510727,0.020221088212369853,v2.6,rand_init
substance_1,24,0.1,0.00020285730715841055,0.15971481800079346,0.16761835664510727,0.04715198742252145,v2.6,rand_init
substance_1,24,0.2,0.0006921945605427027,0.15345358103513718,0.16761835664510727,0.0845061119407148,v2.6,rand_init
substance_1,24,0.3,0.001787447603419423,0.14441826939582825,0.16761835664510727,0.13841018199695032,v2.6,rand_init
substance_1,24,0.5,0.004922211403027177,0.13007908314466476,0.16761835664510727,0.2239568162568444,v2.6,rand_init
substance_1,24,1.0,0.02135401125997305,0.09433769807219505,0.16761835664510727,0.437187549380805,v2.6,rand_init
substance_2,24,-0.3,0.0022249341127462685,0.2650037258863449,0.24249641597270966,-0.09281502088743533,v2.6,rand_init
substance_2,24,-0.1,0.0002754677552729845,0.25106631964445114,0.24249641597270966,-0.035340331267848246,v2.6,rand_init
substance_2,24,0.0,0.0,0.24249641597270966,0.24249641597270966,0.0,v2.6,rand_init
substance_2,24,0.05,8.711550617590547e-05,0.23960258066654205,0.24249641597270966,0.01193351784008747,v2.6,rand_init
substance_2,24,0.1,0.00019597544451244175,0.23462959378957748,0.24249641597270966,0.03244098330928527,v2.6,rand_init
substance_2,24,0.2,0.0005546598113141954,0.22951802611351013,0.24249641597270966,0.05351992443739911,v2.6,rand_init
substance_2,24,0.3,0.0012239759089425206,0.22151712328195572,0.24249641597270966,0.08651382580893455,v2.6,rand_init
substance_2,24,0.5,0.0035232859663665295,0.20554615557193756,0.24249641597270966,0.1523744598556477,v2.6,rand_init
substance_2,24,1.0,0.01581029500812292,0.1645735651254654,0.24249641597270966,0.32133609288482695,v2.6,rand_init
substance_3,24,-0.3,0.0013828714145347476,0.21554488688707352,0.20006880909204483,-0.07735377575976209,v2.6,rand_init
substance_3,24,-0.1,0.0001655459636822343,0.2060101181268692,0.20006880909204483,-0.029696328287189322,v2.6,rand_init
substance_3,24,0.0,0.0,0.20006880909204483,0.20006880909204483,0.0,v2.6,rand_init
substance_3,24,0.05,0.00010812269465532154,0.1974504217505455,0.20006880909204483,0.01308743403523084,v2.6,rand_init
substance_3,24,0.1,0.00021201108756940812,0.1934170499444008,0.20006880909204483,0.033247357135933145,v2.6,rand_init
substance_3,24,0.2,0.0005093418876640499,0.18853957951068878,0.20006880909204483,0.0576263218323644,v2.6,rand_init
substance_3,24,0.3,0.0010758519638329744,0.1830161288380623,0.20006880909204483,0.08523407687270827,v2.6,rand_init
substance_3,24,0.5,0.0028317857068032026,0.17212512344121933,0.20006880909204483,0.13967037529557924,v2.6,rand_init
substance_3,24,1.0,0.011843107175081968,0.14440849423408508,0.20006880909204483,0.2782058588270615,v2.6,rand_init
substance_4,24,-0.3,0.0007294380338862538,0.2195148840546608,0.21658644080162048,-0.013520898363728055,v2.6,rand_init
substance_4,24,-0.1,0.000110157037852332,0.2175738364458084,0.21658644080162048,-0.004558898703600376,v2.6,rand_init
substance_4,24,0.0,0.0,0.21658644080162048,0.21658644080162048,0.0,v2.6,rand_init
substance_4,24,0.05,2.72322358796373e-05,0.2164338231086731,0.21658644080162048,0.0007046502651898504,v2.6,rand_init
substance_4,24,0.1,7.954610919114202e-05,0.21616251021623611,0.21658644080162048,0.001957327447717111,v2.6,rand_init
substance_4,24,0.2,0.0002816251653712243,0.21467021107673645,0.21658644080162048,0.008847413151958016,v2.6,rand_init
substance_4,24,0.3,0.0006245899712666869,0.21425382792949677,0.21658644080162048,0.010769893366779339,v2.6,rand_init
substance_4,24,0.5,0.0018848200561478734,0.2127043902873993,0.21658644080162048,0.017923792920060518,v2.6,rand_init
substance_4,24,1.0,0.007864785147830844,0.21149705350399017,0.21658644080162048,0.02349818058228247,v2.6,rand_init
substance_5,24,-0.3,0.0009554967982694507,0.15998562425374985,0.1480003148317337,-0.08098164815150985,v2.6,rand_init
substance_5,24,-0.1,0.00015203491784632206,0.15159207582473755,0.1480003148317337,-0.024268603732954443,v2.6,rand_init
substance_5,24,0.0,0.0,0.1480003148317337,0.1480003148317337,0.0,v2.6,rand_init
substance_5,24,0.05,0.0001090369769372046,0.14497394859790802,0.1480003148317337,0.02044837700018717,v2.6,rand_init
substance_5,24,0.1,0.00019468276877887547,0.143519327044487,0.1480003148317337,0.03027688010218953,v2.6,rand_init
substance_5,24,0.2,0.0005255244905129075,0.13935018330812454,0.1480003148317337,0.05844671028871643,v2.6,rand_init
substance_5,24,0.3,0.0011541827116161585,0.13503973186016083,0.1480003148317337,0.0875713202793398,v2.6,rand_init
substance_5,24,0.5,0.0032079853117465973,0.12690581381320953,0.1480003148317337,0.1425301090913704,v2.6,rand_init
substance_5,24,1.0,0.015161810908466578,0.10783450677990913,0.1480003148317337,0.2713900176326676,v2.6,rand_init
neutral_1,24,-0.3,0.004413296235725284,0.25615258514881134,0.2049248069524765,-0.24998329366836938,v2.6,rand_init
neutral_1,24,-0.1,0.0004914463497698307,0.22127309441566467,0.2049248069524765,-0.07977700555784568,v2.6,rand_init
neutral_1,24,0.0,0.0,0.2049248069524765,0.2049248069524765,0.0,v2.6,rand_init
neutral_1,24,0.05,0.0001788443187251687,0.19609447568655014,0.2049248069524765,0.04309059209202611,v2.6,rand_init
neutral_1,24,0.1,0.0005735985469073057,0.18840064853429794,0.2049248069524765,0.08063522744716127,v2.6,rand_init
neutral_1,24,0.2,0.0025205763522535563,0.17055761814117432,0.2049248069524765,0.16770633737511426,v2.6,rand_init
neutral_1,24,0.3,0.0051162103191018105,0.15685897693037987,0.2049248069524765,0.23455349665520697,v2.6,rand_init
neutral_1,24,0.5,0.014360642991960049,0.1284186989068985,0.2049248069524765,0.3733374654993346,v2.6,rand_init
neutral_1,24,1.0,0.05824198201298714,0.07227884232997894,0.2049248069524765,0.6472909092614594,v2.6,rand_init
neutral_2,24,-0.3,0.002665750216692686,0.2621931955218315,0.22270064055919647,-0.17733471652111144,v2.6,rand_init
neutral_2,24,-0.1,0.0002750704297795892,0.2347959578037262,0.22270064055919647,-0.05431200024462725,v2.6,rand_init
neutral_2,24,0.0,0.0,0.22270064055919647,0.22270064055919647,0.0,v2.6,rand_init
neutral_2,24,0.05,0.00019664771389216185,0.21290497481822968,0.22270064055919647,0.04398579957547537,v2.6,rand_init
neutral_2,24,0.1,0.00047566485591232777,0.20764751732349396,0.22270064055919647,0.06759353362390179,v2.6,rand_init
neutral_2,24,0.2,0.0018606951925903559,0.19223276525735855,0.22270064055919647,0.13681090106132496,v2.6,rand_init
neutral_2,24,0.3,0.004008098505437374,0.1784990057349205,0.22270064055919647,0.1984800524744187,v2.6,rand_init
neutral_2,24,0.5,0.011774343438446522,0.14995692670345306,0.22270064055919647,0.32664348729795084,v2.6,rand_init
neutral_2,24,1.0,0.05002055689692497,0.09082627668976784,0.22270064055919647,0.5921597869601766,v2.6,rand_init
neutral_3,24,-0.3,0.0004359677550382912,0.11218783259391785,0.10543850436806679,-0.06401198752108976,v2.6,rand_init
neutral_3,24,-0.1,5.238773883320391e-05,0.10718477517366409,0.10543850436806679,-0.016561983841324124,v2.6,rand_init
neutral_3,24,0.0,0.0,0.10543850436806679,0.10543850436806679,0.0,v2.6,rand_init
neutral_3,24,0.05,4.085712134838104e-05,0.10316390916705132,0.10543850436806679,0.021572718758180325,v2.6,rand_init
neutral_3,24,0.1,8.590526704210788e-05,0.10276063531637192,0.10543850436806679,0.02539744913629382,v2.6,rand_init
neutral_3,24,0.2,0.0003016701084561646,0.09992420673370361,0.10543850436806679,0.052298708782076014,v2.6,rand_init
neutral_3,24,0.3,0.000610558723565191,0.09735962003469467,0.10543850436806679,0.07662176528197127,v2.6,rand_init
neutral_3,24,0.5,0.0017289521638303995,0.09261191636323929,0.10543850436806679,0.12164994260590226,v2.6,rand_init
neutral_3,24,1.0,0.006672668270766735,0.08255075663328171,0.10543850436806679,0.21707200677741106,v2.6,rand_init
neutral_4,24,-0.3,0.0004986373241990805,0.12495694682002068,0.11615756154060364,-0.07575387398556188,v2.6,rand_init
neutral_4,24,-0.1,9.367920574732125e-05,0.11973954737186432,0.11615756154060364,-0.030837302227703655,v2.6,rand_init
neutral_4,24,0.0,0.0,0.11615756154060364,0.11615756154060364,0.0,v2.6,rand_init
neutral_4,24,0.05,3.002838639076799e-05,0.11569515243172646,0.11615756154060364,0.0039808782376646555,v2.6,rand_init
neutral_4,24,0.1,7.640631520189345e-05,0.11454714834690094,0.11615756154060364,0.013864040983158615,v2.6,rand_init
neutral_4,24,0.2,0.00020946461881976575,0.1111084595322609,0.11615756154060364,0.04346769974658771,v2.6,rand_init
neutral_4,24,0.3,0.0004048013361170888,0.10951939597725868,0.11615756154060364,0.05714794177238768,v2.6,rand_init
neutral_4,24,0.5,0.00122012326028198,0.10365669056773186,0.11615756154060364,0.10761995006672052,v2.6,rand_init
neutral_4,24,1.0,0.0047988498117774725,0.09322808682918549,0.11615756154060364,0.19739975949308305,v2.6,rand_init
neutral_5,24,-0.3,0.00037777976831421256,0.09012177586555481,0.08555636554956436,-0.053361433560961895,v2.6,rand_init
neutral_5,24,-0.1,0.00011134677333757281,0.0855887345969677,0.08555636554956436,-0.00037833593322268456,v2.6,rand_init
neutral_5,24,0.0,0.0,0.08555636554956436,0.08555636554956436,0.0,v2.6,rand_init
neutral_5,24,0.05,0.00014029190060682595,0.08219346776604652,0.08555636554956436,0.039306225339476926,v2.6,rand_init
neutral_5,24,0.1,0.00012731997412629426,0.08283000066876411,0.08555636554956436,0.031866300809854,v2.6,rand_init
neutral_5,24,0.2,0.00023004182730801404,0.08100306987762451,0.08555636554956436,0.053219835165883043,v2.6,rand_init
neutral_5,24,0.3,0.00041121605318039656,0.07887348160147667,0.08555636554956436,0.07811089105013672,v2.6,rand_init
neutral_5,24,0.5,0.000981124467216432,0.07471011579036713,0.08555636554956436,0.12677314761475936,v2.6,rand_init
neutral_5,24,1.0,0.004236152628436685,0.06422097235918045,0.08555636554956436,0.24937236467839355,v2.6,rand_init
neutral_6,24,-0.3,0.0007449735421687365,0.18934865295886993,0.1767537072300911,-0.07125703854337397,v2.6,rand_init
neutral_6,24,-0.1,0.00010546081466600299,0.18117547035217285,0.1767537072300911,-0.02501652265955405,v2.6,rand_init
neutral_6,24,0.0,0.0,0.1767537072300911,0.1767537072300911,0.0,v2.6,rand_init
neutral_6,24,0.05,3.479875158518553e-05,0.17471739649772644,0.1767537072300911,0.011520611161574476,v2.6,rand_init
neutral_6,24,0.1,8.782616350799799e-05,0.17311330139636993,0.1767537072300911,0.020595923507178395,v2.6,rand_init
neutral_6,24,0.2,0.0003645996330305934,0.16878818720579147,0.1767537072300911,0.045065646141896294,v2.6,rand_init
neutral_6,24,0.3,0.0007816730067133904,0.1648702174425125,0.1767537072300911,0.06723191255111338,v2.6,rand_init
neutral_6,24,0.5,0.002087813802063465,0.15781978517770767,0.1767537072300911,0.10712036736935865,v2.6,rand_init
neutral_6,24,1.0,0.008859098423272371,0.1394529864192009,0.1767537072300911,0.21103218368333046,v2.6,rand_init
neutral_7,24,-0.3,0.0009866406908258796,0.13523242622613907,0.12658918648958206,-0.06827786777244454,v2.6,rand_init
neutral_7,24,-0.1,0.00012135114229749888,0.12880080938339233,0.12658918648958206,-0.017470867418776584,v2.6,rand_init
neutral_7,24,0.0,0.0,0.12658918648958206,0.12658918648958206,0.0,v2.6,rand_init
neutral_7,24,0.05,7.876818563090637e-05,0.12557454034686089,0.12658918648958206,0.008015267108179723,v2.6,rand_init
neutral_7,24,0.1,0.00011105012526968494,0.12428242340683937,0.12658918648958206,0.018222433895904142,v2.6,rand_init
neutral_7,24,0.2,0.0003095594875048846,0.12134572118520737,0.12658918648958206,0.04142111541893997,v2.6,rand_init
neutral_7,24,0.3,0.0005152715020813048,0.11940238997340202,0.12658918648958206,0.05677259421184046,v2.6,rand_init
neutral_7,24,0.5,0.001268334104679525,0.11483629792928696,0.12658918648958206,0.0928427528939238,v2.6,rand_init
neutral_7,24,1.0,0.004705576226115227,0.10400577634572983,0.12658918648958206,0.17839920430889875,v2.6,rand_init
sexual_liminal_1,28,-0.3,0.0022392214741557837,0.20704032480716705,0.1821582093834877,-0.1365961792657744,v2.6,avg_init
sexual_liminal_1,28,-0.1,0.0003777659439947456,0.1910758912563324,0.1821582093834877,-0.0489556957275024,v2.6,avg_init
sexual_liminal_1,28,0.0,0.0,0.1821582093834877,0.1821582093834877,0.0,v2.6,avg_init
sexual_liminal_1,28,0.05,0.00015210545097943395,0.17744490504264832,0.1821582093834877,0.025874784105484504,v2.6,avg_init
sexual_liminal_1,28,0.1,0.00041692788363434374,0.17207784205675125,0.1821582093834877,0.05533852885825642,v2.6,avg_init
sexual_liminal_1,28,0.2,0.0014514486538246274,0.16237479448318481,0.1821582093834877,0.10860567287776719,v2.6,avg_init
sexual_liminal_1,28,0.3,0.0034022086765617132,0.15212679654359818,0.1821582093834877,0.16486444910460246,v2.6,avg_init
sexual_liminal_1,28,0.5,0.01086041983217001,0.12978330254554749,0.1821582093834877,0.2875242736256712,v2.6,avg_init
sexual_liminal_1,28,1.0,0.05528637021780014,0.08185610920190811,0.1821582093834877,0.5506317860778872,v2.6,avg_init
sexual_liminal_2,28,-0.3,0.002141872071661055,0.24570488929748535,0.2304369956254959,-0.06625626076466767,v2.6,avg_init
sexual_liminal_2,28,-0.1,0.00027865247102454305,0.23682790249586105,0.2304369956254959,-0.027733857807934564,v2.6,avg_init
sexual_liminal_2,28,0.0,0.0,0.2304369956254959,0.2304369956254959,0.0,v2.6,avg_init
sexual_liminal_2,28,0.05,0.00010868179379031062,0.2287994623184204,0.2304369956254959,0.0071062083700171325,v2.6,avg_init
sexual_liminal_2,28,0.1,0.00029901592643000185,0.22573664039373398,0.2304369956254959,0.020397572095588793,v2.6,avg_init
sexual_liminal_2,28,0.2,0.0011651316890493035,0.2214108183979988,0.2304369956254959,0.03916982688910925,v2.6,avg_init
sexual_liminal_2,28,0.3,0.0025555226020514965,0.21553436666727066,0.2304369956254959,0.06467116496538979,v2.6,avg_init
sexual_liminal_2,28,0.5,0.007340903859585524,0.2071753665804863,0.2304369956254959,0.10094572263393939,v2.6,avg_init
sexual_liminal_2,28,1.0,0.03169910982251167,0.1908866986632347,0.2304369956254959,0.1716317158835814,v2.6,avg_init
sexual_liminal_3,28,-0.3,0.0011099379044026136,0.2289724126458168,0.21872998028993607,-0.046826833442328984,v2.6,avg_init
sexual_liminal_3,28,-0.1,0.00019285897724330425,0.2223248854279518,0.21872998028993607,-0.016435356201516337,v2.6,avg_init
sexual_liminal_3,28,0.0,0.0,0.21872998028993607,0.21872998028993607,0.0,v2.6,avg_init
sexual_liminal_3,28,0.05,0.00010115889017470181,0.21799907088279724,0.21872998028993607,0.0033416059662693355,v2.6,avg_init
sexual_liminal_3,28,0.1,0.00021176712471060455,0.2156480923295021,0.21872998028993607,0.014089920167088132,v2.6,avg_init
sexual_liminal_3,28,0.2,0.0006878755521029234,0.20967645943164825,0.21872998028993607,0.041391312001614854,v2.6,avg_init
sexual_liminal_3,28,0.3,0.0015452818479388952,0.2045343741774559,0.21872998028993607,0.06490013894603416,v2.6,avg_init
sexual_liminal_3,28,0.5,0.004081658320501447,0.19718778878450394,0.21872998028993607,0.09848760319402498,v2.6,avg_init
sexual_liminal_3,28,1.0,0.019530915655195713,0.16814962774515152,0.21872998028993607,0.23124563206990692,v2.6,avg_init
sexual_liminal_4,28,-0.3,0.0018998333835043013,0.23157358914613724,0.2207585647702217,-0.04899028215359359,v2.6,avg_init
sexual_liminal_4,28,-0.1,0.00023448531283065677,0.22352609038352966,0.2207585647702217,-0.012536435975603274,v2.6,avg_init
sexual_liminal_4,28,0.0,0.0,0.2207585647702217,0.2207585647702217,0.0,v2.6,avg_init
sexual_liminal_4,28,0.05,7.790830568410456e-05,0.21768465638160706,0.2207585647702217,0.013924299570502084,v2.6,avg_init
sexual_liminal_4,28,0.1,0.0002712394925765693,0.21631211042404175,0.2207585647702217,0.020141707076271713,v2.6,avg_init
sexual_liminal_4,28,0.2,0.0011010043672285974,0.21023684740066528,0.2207585647702217,0.04766164964203332,v2.6,avg_init
sexual_liminal_4,28,0.3,0.0022587080020457506,0.2067076712846756,0.2207585647702217,0.06364823715977269,v2.6,avg_init
sexual_liminal_4,28,0.5,0.0068075708113610744,0.19711925089359283,0.2207585647702217,0.10708220494744583,v2.6,avg_init
sexual_liminal_4,28,1.0,0.0306638041511178,0.17043329775333405,0.2207585647702217,0.22796518481296124,v2.6,avg_init
sexual_liminal_5,28,-0.3,0.003194148070178926,0.19684606045484543,0.16584184765815735,-0.18695047863067546,v2.6,avg_init
sexual_liminal_5,28,-0.1,0.0005013367044739425,0.17779391258955002,0.16584184765815735,-0.07206905313807735,v2.6,avg_init
sexual_liminal_5,28,0.0,0.0,0.16584184765815735,0.16584184765815735,0.0,v2.6,avg_init
sexual_liminal_5,28,0.05,0.00012515464914031327,0.16081444174051285,0.16584184765815735,0.030314459158747892,v2.6,avg_init
sexual_liminal_5,28,0.1,0.0004860506160184741,0.15381231904029846,0.16584184765815735,0.07253614686357593,v2.6,avg_init
sexual_liminal_5,28,0.2,0.0018996462458744645,0.1421249881386757,0.16584184765815735,0.1430088958509929,v2.6,avg_init
sexual_liminal_5,28,0.3,0.0040041201282292604,0.13300814479589462,0.16584184765815735,0.19798201314026254,v2.6,avg_init
sexual_liminal_5,28,0.5,0.01165038999170065,0.11193376034498215,0.16584184765815735,0.3250572040435392,v2.6,avg_init
sexual_liminal_5,28,1.0,0.04908997006714344,0.06918482109904289,0.16584184765815735,0.5828265176974476,v2.6,avg_init
sexual_explicit_1,28,-0.3,0.0029373052529990673,0.11432552337646484,0.09783230349421501,-0.16858664564946182,v2.6,avg_init
sexual_explicit_1,28,-0.1,0.00036921625724062324,0.10329481959342957,0.09783230349421501,-0.05583550528928884,v2.6,avg_init
sexual_explicit_1,28,0.0,0.0,0.09783230349421501,0.09783230349421501,0.0,v2.6,avg_init
sexual_explicit_1,28,0.05,0.00013789726654067636,0.09437758848071098,0.09783230349421501,0.03531262057739764,v2.6,avg_init
sexual_explicit_1,28,0.1,0.000490131787955761,0.09175483137369156,0.09783230349421501,0.062121322952217145,v2.6,avg_init
sexual_explicit_1,28,0.2,0.0018616931047290564,0.0863521583378315,0.09783230349421501,0.11734513802041219,v2.6,avg_init
sexual_explicit_1,28,0.3,0.004145707236602902,0.08156324550509453,0.09783230349421501,0.16629535856816965,v2.6,avg_init
sexual_explicit_1,28,0.5,0.011187545955181122,0.07432758063077927,0.09783230349421501,0.24025523292340367,v2.6,avg_init
sexual_explicit_1,28,1.0,0.04241453297436237,0.06628180667757988,0.09783230349421501,0.3224956961020627,v2.6,avg_init
sexual_explicit_2,28,-0.3,0.0029719683807343245,0.2767709493637085,0.24729682505130768,-0.11918521115782907,v2.6,avg_init
sexual_explicit_2,28,-0.1,0.00039532093796879053,0.2569611966609955,0.24729682505130768,-0.03908004725771428,v2.6,avg_init
sexual_explicit_2,28,0.0,0.0,0.24729682505130768,0.24729682505130768,0.0,v2.6,avg_init
sexual_explicit_2,28,0.05,0.00014097191160544753,0.2409312054514885,0.24729682505130768,0.025740806007106976,v2.6,avg_init
sexual_explicit_2,28,0.1,0.0004462068318389356,0.23639530688524246,0.24729682505130768,0.044082725946050595,v2.6,avg_init
sexual_explicit_2,28,0.2,0.0018705290276557207,0.22589097172021866,0.24729682505130768,0.08655935362958202,v2.6,avg_init
sexual_explicit_2,28,0.3,0.004284326219931245,0.21472983062267303,0.24729682505130768,0.13169192294271403,v2.6,avg_init
sexual_explicit_2,28,0.5,0.012873692903667688,0.19350039958953857,0.24729682505130768,0.21753787356795923,v2.6,avg_init
sexual_explicit_2,28,1.0,0.059600841253995895,0.14771941304206848,0.24729682505130768,0.4026635278822503,v2.6,avg_init
sexual_explicit_3,28,-0.3,0.0048701835330575705,0.13454073294997215,0.10023977607488632,-0.3421890812032596,v2.6,avg_init
sexual_explicit_3,28,-0.1,0.0005986336036585271,0.11148124933242798,0.10023977607488632,-0.1121458336972288,v2.6,avg_init
sexual_explicit_3,28,0.0,0.0,0.10023977607488632,0.10023977607488632,0.0,v2.6,avg_init
sexual_explicit_3,28,0.05,0.00014225239283405244,0.09525185450911522,0.10023977607488632,0.04975990331467587,v2.6,avg_init
sexual_explicit_3,28,0.1,0.0005833447794429958,0.08986736834049225,0.10023977607488632,0.10347596673245897,v2.6,avg_init
sexual_explicit_3,28,0.2,0.0023475218331441283,0.08003832399845123,0.10023977607488632,0.20153129693090246,v2.6,avg_init
sexual_explicit_3,28,0.3,0.005313204135745764,0.07100694626569748,0.10023977607488632,0.29162904142313545,v2.6,avg_init
sexual_explicit_3,28,0.5,0.014705201610922813,0.055110299959778786,0.10023977607488632,0.45021525268963664,v2.6,avg_init
sexual_explicit_3,28,1.0,0.04746096581220627,0.03389987349510193,0.10023977607488632,0.6618121585808783,v2.6,avg_init
sexual_explicit_4,28,-0.3,0.0018688554409891367,0.3679608106613159,0.3523520976305008,-0.044298623836159,v2.6,avg_init
sexual_explicit_4,28,-0.1,0.00027294647588860244,0.3554384112358093,0.3523520976305008,-0.008759174774503659,v2.6,avg_init
sexual_explicit_4,28,0.0,0.0,0.3523520976305008,0.3523520976305008,0.0,v2.6,avg_init
sexual_explicit_4,28,0.05,0.00014914615894667804,0.34922827780246735,0.3523520976305008,0.008865620068790641,v2.6,avg_init
sexual_explicit_4,28,0.1,0.0003211660805391148,0.34593142569065094,0.3523520976305008,0.018222317911621988,v2.6,avg_init
sexual_explicit_4,28,0.2,0.0011296829907223582,0.33872246742248535,0.3523520976305008,0.0386818477871199,v2.6,avg_init
sexual_explicit_4,28,0.3,0.002516543143428862,0.3328739106655121,0.3523520976305008,0.055280462628080604,v2.6,avg_init
sexual_explicit_4,28,0.5,0.0076095054391771555,0.3171502351760864,0.3523520976305008,0.09990535799599332,v2.6,avg_init
sexual_explicit_4,28,1.0,0.03629356436431408,0.27732378244400024,0.3523520976305008,0.21293562800122762,v2.6,avg_init
sexual_explicit_5,28,-0.3,0.007028201129287481,0.13041110709309578,0.08877043798565865,-0.4690826141261623,v2.6,avg_init
sexual_explicit_5,28,-0.1,0.0007117165368981659,0.10085154324769974,0.08877043798565865,-0.1360937890606427,v2.6,avg_init
sexual_explicit_5,28,0.0,0.0,0.08877043798565865,0.08877043798565865,0.0,v2.6,avg_init
sexual_explicit_5,28,0.05,0.0002315572346560657,0.08176897279918194,0.08877043798565865,0.07887158546641206,v2.6,avg_init
sexual_explicit_5,28,0.1,0.0008211056119762361,0.07629681564867496,0.08877043798565865,0.14051549840273247,v2.6,avg_init
sexual_explicit_5,28,0.2,0.0029710105154663324,0.06612658500671387,0.08877043798565865,0.2550832629957624,v2.6,avg_init
sexual_explicit_5,28,0.3,0.006423137150704861,0.05659075640141964,0.08877043798565865,0.3625044813841947,v2.6,avg_init
sexual_explicit_5,28,0.5,0.015674752183258533,0.04228252172470093,0.08877043798565865,0.5236869087935344,v2.6,avg_init
sexual_explicit_5,28,1.0,0.0370335653424263,0.028606281615793705,0.08877043798565865,0.6777499101624889,v2.6,avg_init
violence_liminal_1,28,-0.3,0.002385656349360943,0.1972774863243103,0.1806851178407669,-0.09183029948357904,v2.6,avg_init
violence_liminal_1,28,-0.1,0.00027422807761467993,0.1868482530117035,0.1806851178407669,-0.03410981072811982,v2.6,avg_init
violence_liminal_1,28,0.0,0.0,0.1806851178407669,0.1806851178407669,0.0,v2.6,avg_init
violence_liminal_1,28,0.05,8.849781806929968e-05,0.1780843287706375,0.1806851178407669,0.014394041419733319,v2.6,avg_init
violence_liminal_1,28,0.1,0.0003008902567671612,0.17580780386924744,0.1806851178407669,0.026993446000448805,v2.6,avg_init
violence_liminal_1,28,0.2,0.001177244703285396,0.17010097205638885,0.1806851178407669,0.05857785030035282,v2.6,avg_init
violence_liminal_1,28,0.3,0.002746392274275422,0.16539863497018814,0.1806851178407669,0.0846028884573125,v2.6,avg_init
violence_liminal_1,28,0.5,0.007961489725857973,0.15588397532701492,0.1806851178407669,0.13726167827285357,v2.6,avg_init
violence_liminal_1,28,1.0,0.03569546900689602,0.14267651736736298,0.1806851178407669,0.21035822389589343,v2.6,avg_init
violence_liminal_2,28,-0.3,0.0020912413019686937,0.20343145728111267,0.18387570977210999,-0.10635307694115492,v2.6,avg_init
violence_liminal_2,28,-0.1,0.00028582668164744973,0.19054700434207916,0.18387570977210999,-0.036281543539586486,v2.6,avg_init
violence_liminal_2,28,0.0,0.0,0.18387570977210999,0.18387570977210999,0.0,v2.6,avg_init
violence_liminal_2,28,0.05,7.707376789767295e-05,0.1803496778011322,0.18387570977210999,0.019176170552096528,v2.6,avg_init
violence_liminal_2,28,0.1,0.0002647791552590206,0.1771022379398346,0.18387570977210999,0.03683723010869803,v2.6,avg_init
violence_liminal_2,28,0.2,0.0011273158597759902,0.16961809247732162,0.18387570977210999,0.07753942765174814,v2.6,avg_init
violence_liminal_2,28,0.3,0.00261117541231215,0.1628558561205864,0.18387570977210999,0.11431555411845841,v2.6,avg_init
violence_liminal_2,28,0.5,0.00782004208303988,0.14904174208641052,0.18387570977210999,0.18944300869794947,v2.6,avg_init
violence_liminal_2,28,1.0,0.035302914679050446,0.11881617829203606,0.18387570977210999,0.353823414526621,v2.6,avg_init
violence_liminal_3,28,-0.3,0.0013419798342511058,0.24437624216079712,0.22931861877441406,-0.06566245456587014,v2.6,avg_init
violence_liminal_3,28,-0.1,0.00019847910152748227,0.2345373034477234,0.22931861877441406,-0.02275735263538747,v2.6,avg_init
violence_liminal_3,28,0.0,0.0,0.22931861877441406,0.22931861877441406,0.0,v2.6,avg_init
violence_liminal_3,28,0.05,6.935448618605733e-05,0.2262689396739006,0.22931861877441406,0.013298872620166515,v2.6,avg_init
violence_liminal_3,28,0.1,0.00018576584989205003,0.22447064518928528,0.22931861877441406,0.021140776143858803,v2.6,avg_init
violence_liminal_3,28,0.2,0.0007610579486936331,0.21943936496973038,0.22931861877441406,0.04308090576108926,v2.6,avg_init
violence_liminal_3,28,0.3,0.0017936727963387966,0.21351681649684906,0.22931861877441406,0.0689076288790558,v2.6,avg_init
violence_liminal_3,28,0.5,0.005457628518342972,0.20345647633075714,0.22931861877441406,0.11277820606925118,v2.6,avg_init
violence_liminal_3,28,1.0,0.027416414581239223,0.1761440932750702,0.22931861877441406,0.23188054150828835,v2.6,avg_init
violence_liminal_4,28,-0.3,0.0022291120840236545,0.18684392422437668,0.16509942710399628,-0.13170546683171422,v2.6,avg_init
violence_liminal_4,28,-0.1,0.0003067368234042078,0.1724192202091217,0.16509942710399628,-0.04433566629225602,v2.6,avg_init
violence_liminal_4,28,0.0,0.0,0.16509942710399628,0.16509942710399628,0.0,v2.6,avg_init
violence_liminal_4,28,0.05,0.00010061459033749998,0.15952380746603012,0.16509942710399628,0.033771283981827924,v2.6,avg_init
violence_liminal_4,28,0.1,0.0002936205128207803,0.15717937052249908,0.16509942710399628,0.047971435882138716,v2.6,avg_init
violence_liminal_4,28,0.2,0.001125259615946561,0.1492593139410019,0.16509942710399628,0.09594287176427743,v2.6,avg_init
violence_liminal_4,28,0.3,0.002700560842640698,0.14089397341012955,0.16509942710399628,0.1466113730280826,v2.6,avg_init
violence_liminal_4,28,0.5,0.008543380070477724,0.12398025020956993,0.16509942710399628,0.2490570537747859,v2.6,avg_init
violence_liminal_4,28,1.0,0.038730280473828316,0.08806416392326355,0.16509942710399628,0.46659921558787815,v2.6,avg_init
violence_liminal_5,28,-0.3,0.00230764620937407,0.3656322956085205,0.34525178372859955,-0.05903086628494283,v2.6,avg_init
violence_liminal_5,28,-0.1,0.00031665299320593476,0.3536105751991272,0.34525178372859955,-0.024210711904962805,v2.6,avg_init
violence_liminal_5,28,0.0,0.0,0.34525178372859955,0.34525178372859955,0.0,v2.6,avg_init
violence_liminal_5,28,0.05,8.082663407549262e-05,0.3426009714603424,0.34525178372859955,0.007677910421285266,v2.6,avg_init
violence_liminal_5,28,0.1,0.0002935596858151257,0.33905544877052307,0.34525178372859955,0.017947293106376477,v2.6,avg_init
violence_liminal_5,28,0.2,0.001216092612594366,0.33164361119270325,0.34525178372859955,0.03941521283085856,v2.6,avg_init
violence_liminal_5,28,0.3,0.0028847638750448823,0.3231113702058792,0.34525178372859955,0.06412831031200346,v2.6,avg_init
violence_liminal_5,28,0.5,0.008192237000912428,0.30794765055179596,0.34525178372859955,0.10804906718781257,v2.6,avg_init
violence_liminal_5,28,1.0,0.03661235049366951,0.26384996622800827,0.34525178372859955,0.23577522647813684,v2.6,avg_init
violence_explicit_1,28,-0.3,0.001893261563964188,0.1337597593665123,0.12018328160047531,-0.11296477833888081,v2.6,avg_init
violence_explicit_1,28,-0.1,0.0002685852814465761,0.12527145072817802,0.12018328160047531,-0.04233674650869734,v2.6,avg_init
violence_explicit_1,28,0.0,0.0,0.12018328160047531,0.12018328160047531,0.0,v2.6,avg_init
violence_explicit_1,28,0.05,5.61736524105072e-05,0.11854060366749763,0.12018328160047531,0.013668106837342172,v2.6,avg_init
violence_explicit_1,28,0.1,0.00019212407642044127,0.11627490073442459,0.12018328160047531,0.032520170975554916,v2.6,avg_init
violence_explicit_1,28,0.2,0.000947921012993902,0.11131323501467705,0.12018328160047531,0.07380433008382077,v2.6,avg_init
violence_explicit_1,28,0.3,0.00205859646666795,0.10790836438536644,0.12018328160047531,0.10213498126897814,v2.6,avg_init
violence_explicit_1,28,0.5,0.005914023611694574,0.10073189064860344,0.12018328160047531,0.16184772701193195,v2.6,avg_init
violence_explicit_1,28,1.0,0.022995651699602604,0.09152788296341896,0.12018328160047531,0.23843082211979658,v2.6,avg_init
violence_explicit_2,28,-0.3,0.003239658661186695,0.16511383652687073,0.15278314054012299,-0.08070717713457087,v2.6,avg_init
violence_explicit_2,28,-0.1,0.0004302693996578455,0.15718840807676315,0.15278314054012299,-0.028833466317465063,v2.6,avg_init
violence_explicit_2,28,0.0,0.0,0.15278314054012299,0.15278314054012299,0.0,v2.6,avg_init
violence_explicit_2,28,0.05,9.844102896749973e-05,0.15268100798130035,0.15278314054012299,0.0006684805565690699,v2.6,avg_init
violence_explicit_2,28,0.1,0.0003623845987021923,0.14978079497814178,0.15278314054012299,0.019651026620916615,v2.6,avg_init
violence_explicit_2,28,0.2,0.0012884284369647503,0.14530731737613678,0.15278314054012299,0.04893094314960066,v2.6,avg_init
violence_explicit_2,28,0.3,0.0028598872013390064,0.14246848970651627,0.15278314054012299,0.06751170840671356,v2.6,avg_init
violence_explicit_2,28,0.5,0.007728388532996178,0.13699473068118095,0.15278314054012299,0.10333869171118246,v2.6,avg_init
violence_explicit_2,28,1.0,0.027310856617987156,0.12176498770713806,0.15278314054012299,0.20302078307415813,v2.6,avg_init
violence_explicit_3,28,-0.3,0.004051226074807346,0.12283963710069656,0.09560281783342361,-0.28489556986416265,v2.6,avg_init
violence_explicit_3,28,-0.1,0.0005078473477624357,0.10485289245843887,0.09560281783342361,-0.09675525088739956,v2.6,avg_init
violence_explicit_3,28,0.0,0.0,0.09560281783342361,0.09560281783342361,0.0,v2.6,avg_init
violence_explicit_3,28,0.05,0.00011759320477722213,0.09220986068248749,0.09560281783342361,0.035490137506699285,v2.6,avg_init
violence_explicit_3,28,0.1,0.0005003506958018988,0.08695175871253014,0.09560281783342361,0.09048958301592015,v2.6,avg_init
violence_explicit_3,28,0.2,0.0018502543680369854,0.08010588400065899,0.09560281783342361,0.1620970404843732,v2.6,avg_init
violence_explicit_3,28,0.3,0.004171055741608143,0.07302831299602985,0.09560281783342361,0.23612802790736895,v2.6,avg_init
violence_explicit_3,28,0.5,0.011342494282871485,0.06149633601307869,0.09560281783342361,0.35675184678940486,v2.6,avg_init
violence_explicit_3,28,1.0,0.039875442162156105,0.045772723853588104,0.09560281783342361,0.5212199295909713,v2.6,avg_init
violence_explicit_4,28,-0.3,0.0020075422944501042,0.10046864673495293,0.0846061110496521,-0.18748687876685066,v2.6,avg_init
violence_explicit_4,28,-0.1,0.00020921550458297133,0.08905211836099625,0.0846061110496521,-0.05254948201950749,v2.6,avg_init
violence_explicit_4,28,0.0,0.0,0.0846061110496521,0.0846061110496521,0.0,v2.6,avg_init
violence_explicit_4,28,0.05,8.360575884580612e-05,0.08156824856996536,0.0846061110496521,0.03590594629628977,v2.6,avg_init
violence_explicit_4,28,0.1,0.0003366421442478895,0.07846156880259514,0.0846061110496521,0.07262527695488762,v2.6,avg_init
violence_explicit_4,28,0.2,0.001075863721780479,0.07399779558181763,0.0846061110496521,0.1253847427357683,v2.6,avg_init
violence_explicit_4,28,0.3,0.0025132205337285995,0.0695025809109211,0.0846061110496521,0.17851583001926796,v2.6,avg_init
violence_explicit_4,28,0.5,0.006992562906816602,0.06119220703840256,0.0846061110496521,0.27674010447671815,v2.6,avg_init
violence_explicit_4,28,1.0,0.027264835312962532,0.048475297167897224,0.0846061110496521,0.4270473306656428,v2.6,avg_init
violence_explicit_5,28,-0.3,0.004936401033774018,0.20022070407867432,0.16131335496902466,-0.2411911221927077,v2.6,avg_init
violence_explicit_5,28,-0.1,0.0005284363869577646,0.17242147028446198,0.16131335496902466,-0.06886048162329954,v2.6,avg_init
violence_explicit_5,28,0.0,0.0,0.16131335496902466,0.16131335496902466,0.0,v2.6,avg_init
violence_explicit_5,28,0.05,0.00013435736764222383,0.1558244675397873,0.16131335496902466,0.034026243086267345,v2.6,avg_init
violence_explicit_5,28,0.1,0.000581516360398382,0.14875639602541924,0.16131335496902466,0.07784202954564182,v2.6,avg_init
violence_explicit_5,28,0.2,0.002197415102273226,0.13812590390443802,0.16131335496902466,0.14374167017379985,v2.6,avg_init
violence_explicit_5,28,0.3,0.004662316059693694,0.12823787704110146,0.16131335496902466,0.20503868346346368,v2.6,avg_init
violence_explicit_5,28,0.5,0.011529724579304457,0.11202671006321907,0.16131335496902466,0.30553356797563097,v2.6,avg_init
violence_explicit_5,28,1.0,0.03590748459100723,0.08540532737970352,0.16131335496902466,0.4705625743379832,v2.6,avg_init
death_1,28,-0.3,0.0007988763973116875,0.023574206046760082,0.018382973037660122,-0.28239354964319346,v2.6,avg_init
death_1,28,-0.1,7.128814468160272e-05,0.019922466948628426,0.018382973037660122,-0.08374564374404687,v2.6,avg_init
death_1,28,0.0,0.0,0.018382973037660122,0.018382973037660122,0.0,v2.6,avg_init
death_1,28,0.05,1.757699646987021e-05,0.017725449055433273,0.018382973037660122,0.03576809805899284,v2.6,avg_init
death_1,28,0.1,6.403657607734203e-05,0.01707436004653573,0.018382973037660122,0.07118614537722014,v2.6,avg_init
death_1,28,0.2,0.00026204425375908613,0.015995994210243225,0.018382973037660122,0.12984726804129196,v2.6,avg_init
death_1,28,0.3,0.0005609614308923483,0.015057545155286789,0.018382973037660122,0.1808971745517291,v2.6,avg_init
death_1,28,0.5,0.0015596561133861542,0.013468841090798378,0.018382973037660122,0.26731976034531785,v2.6,avg_init
death_1,28,1.0,0.004901675507426262,0.013206470757722855,0.018382973037660122,0.28159222500802616,v2.6,avg_init
death_2,28,-0.3,0.00203918619081378,0.23169615864753723,0.21047846972942352,-0.10080693263016256,v2.6,avg_init
death_2,28,-0.1,0.00035385676892474294,0.21868564188480377,0.21047846972942352,-0.03899292961380239,v2.6,avg_init
death_2,28,0.0,0.0,0.21047846972942352,0.21047846972942352,0.0,v2.6,avg_init
death_2,28,0.05,0.00013712584041059017,0.2066880613565445,0.21047846972942352,0.018008532548491604,v2.6,avg_init
death_2,28,0.1,0.00032201322028413415,0.20260051637887955,0.21047846972942352,0.0374287848095405,v2.6,avg_init
death_2,28,0.2,0.0011639802251011133,0.194454163312912,0.21047846972942352,0.07613275807787499,v2.6,avg_init
death_2,28,0.3,0.0025497101014479995,0.1874655932188034,0.21047846972942352,0.10933601208809561,v2.6,avg_init
death_2,28,0.5,0.00812573079019785,0.17036592215299606,0.21047846972942352,0.19057791339890184,v2.6,avg_init
death_2,28,1.0,0.041972262784838676,0.133255273103714,0.21047846972942352,0.3668935674275013,v2.6,avg_init
death_3,28,-0.3,0.0012420876300893724,0.12844423577189445,0.11655199527740479,-0.10203377871125253,v2.6,avg_init
death_3,28,-0.1,0.00017252079851459712,0.12126265466213226,0.11655199527740479,-0.04041680602306003,v2.6,avg_init
death_3,28,0.0,0.0,0.11655199527740479,0.11655199527740479,0.0,v2.6,avg_init
death_3,28,0.05,4.761154923471622e-05,0.11446503177285194,0.11655199527740479,0.017905858235937277,v2.6,avg_init
death_3,28,0.1,0.0001705589093035087,0.11310188472270966,0.11655199527740479,0.029601471398954086,v2.6,avg_init
death_3,28,0.2,0.0005864081613253802,0.10980739071965218,0.11655199527740479,0.0578677743070791,v2.6,avg_init
death_3,28,0.3,0.0013500759960152209,0.1057388111948967,0.11655199527740479,0.09277562393309256,v2.6,avg_init
death_3,28,0.5,0.004013804253190756,0.09919831529259682,0.11655199527740479,0.1488921742052083,v2.6,avg_init
death_3,28,1.0,0.0212866785004735,0.08569664135575294,0.11655199527740479,0.2647346692625311,v2.6,avg_init
death_4,28,-0.3,0.0044222010765224695,0.22105299681425095,0.18689978122711182,-0.18273544978438339,v2.6,avg_init
death_4,28,-0.1,0.000528142147231847,0.19877100735902786,0.18689978122711182,-0.06351653305303065,v2.6,avg_init
death_4,28,0.0,0.0,0.18689978122711182,0.18689978122711182,0.0,v2.6,avg_init
death_4,28,0.05,0.00019384387996979058,0.17943211644887924,0.18689978122711182,0.03995544954201,v2.6,avg_init
death_4,28,0.1,0.0006025134935043752,0.17399512976408005,0.18689978122711182,0.0690458350368567,v2.6,avg_init
death_4,28,0.2,0.0025844364427030087,0.1598978489637375,0.18689978122711182,0.14447278689193782,v2.6,avg_init
death_4,28,0.3,0.006260913563892245,0.14483075588941574,0.18689978122711182,0.22508868154626557,v2.6,avg_init
death_4,28,0.5,0.0193951353430748,0.11389664560556412,0.18689978122711182,0.3906004337845518,v2.6,avg_init
death_4,28,1.0,0.09732183441519737,0.05019222944974899,0.18689978122711182,0.7314484312383557,v2.6,avg_init
death_5,28,-0.3,0.0023342311615124345,0.27905936539173126,0.252194419503212,-0.1065247436538822,v2.6,avg_init
death_5,28,-0.1,0.00034823133319150656,0.2615721672773361,0.252194419503212,-0.03718459667980365,v2.6,avg_init
death_5,28,0.0,0.0,0.252194419503212,0.252194419503212,0.0,v2.6,avg_init
death_5,28,0.05,0.00011523295688675717,0.24712099879980087,0.252194419503212,0.0201171013752209,v2.6,avg_init
death_5,28,0.1,0.0003310833708383143,0.24264347553253174,0.252194419503212,0.03787135333721607,v2.6,avg_init
death_5,28,0.2,0.0014022093382664025,0.23117565363645554,0.252194419503212,0.0833435010503424,v2.6,avg_init
death_5,28,0.3,0.003183425636962056,0.22166117280721664,0.252194419503212,0.12107027092883971,v2.6,avg_init
death_5,28,0.5,0.009829557966440916,0.19995085150003433,0.252194419503212,0.20715592401326813,v2.6,avg_init
death_5,28,1.0,0.04624881409108639,0.14990343898534775,0.252194419503212,0.40560366371057405,v2.6,avg_init
power_1,28,-0.3,0.0026275806594640017,0.20091170817613602,0.17924155294895172,-0.12089917137325847,v2.6,avg_init
power_1,28,-0.1,0.0003358373651280999,0.18644995242357254,0.17924155294895172,-0.040216118171402936,v2.6,avg_init
power_1,28,0.0,0.0,0.17924155294895172,0.17924155294895172,0.0,v2.6,avg_init
power_1,28,0.05,8.392555173486471e-05,0.1763516142964363,0.17924155294895172,0.016123151160927905,v2.6,avg_init
power_1,28,0.1,0.000344951287843287,0.1711307317018509,0.17924155294895172,0.04525078651494838,v2.6,avg_init
power_1,28,0.2,0.0014256746508181095,0.16430993378162384,0.17924155294895172,0.08330445101410403,v2.6,avg_init
power_1,28,0.3,0.0034669367596507072,0.1570156291127205,0.17924155294895172,0.12399983971663764,v2.6,avg_init
power_1,28,0.5,0.01050020195543766,0.14023926109075546,0.17924155294895172,0.21759626167323026,v2.6,avg_init
power_1,28,1.0,0.052546991035342216,0.1092311181128025,0.17924155294895172,0.39059265937116877,v2.6,avg_init
power_2,28,-0.3,0.001781989587470889,0.11197183653712273,0.09640064463019371,-0.16152580687258136,v2.6,avg_init
power_2,28,-0.1,0.00021554590784944594,0.1018306128680706,0.09640064463019371,-0.05632709468600553,v2.6,avg_init
power_2,28,0.0,0.0,0.09640064463019371,0.09640064463019371,0.0,v2.6,avg_init
power_2,28,0.05,6.131979171186686e-05,0.09371142461895943,0.09640064463019371,0.02789628660213327,v2.6,avg_init
power_2,28,0.1,0.00022521204664371908,0.09212682396173477,0.09640064463019371,0.04433394283673008,v2.6,avg_init
power_2,28,0.2,0.0008521952549926937,0.08709756284952164,0.09640064463019371,0.09650435239681218,v2.6,avg_init
power_2,28,0.3,0.0020367729011923075,0.08220847696065903,0.09640064463019371,0.14722067185315837,v2.6,avg_init
power_2,28,0.5,0.005943543743342161,0.07267238199710846,0.09640064463019371,0.24614215728650124,v2.6,avg_init
power_2,28,1.0,0.02726808562874794,0.04717172682285309,0.09640064463019371,0.5106700063696628,v2.6,avg_init
power_3,28,-0.3,0.0051910895854234695,0.2998158484697342,0.24881026148796082,-0.20499792362559527,v2.6,avg_init
power_3,28,-0.1,0.0006367608439177275,0.26606176048517227,0.24881026148796082,-0.06933596264897701,v2.6,avg_init
power_3,28,0.0,0.0,0.24881026148796082,0.24881026148796082,0.0,v2.6,avg_init
power_3,28,0.05,0.00028711394406855106,0.23707320541143417,0.24881026148796082,0.04717271709910792,v2.6,avg_init
power_3,28,0.1,0.0008473275229334831,0.22930099815130234,0.24881026148796082,0.07841020390391926,v2.6,avg_init
power_3,28,0.2,0.0033497605472803116,0.2097858190536499,0.24881026148796082,0.15684418400162803,v2.6,avg_init
power_3,28,0.3,0.00768950954079628,0.19060241430997849,0.24881026148796082,0.23394472088844628,v2.6,avg_init
power_3,28,0.5,0.025124168023467064,0.1482478380203247,0.24881026148796082,0.4041731352486924,v2.6,avg_init
power_3,28,1.0,0.11491198465228081,0.07169846072793007,0.24881026148796082,0.7118347921056329,v2.6,avg_init
power_4,28,-0.3,0.001201148726977408,0.1338643804192543,0.12174111604690552,-0.09958233311807183,v2.6,avg_init
power_4,28,-0.1,0.00021153350826352835,0.1259332038462162,0.12174111604690552,-0.03443444528383918,v2.6,avg_init
power_4,28,0.0,0.0,0.12174111604690552,0.12174111604690552,0.0,v2.6,avg_init
power_4,28,0.05,0.00010849936006707139,0.12056007236242294,0.12174111604690552,0.009701272033907847,v2.6,avg_init
power_4,28,0.1,0.00023684505140408874,0.1182374358177185,0.12174111604690552,0.028779761045044816,v2.6,avg_init
power_4,28,0.2,0.0007979333458933979,0.11401450261473656,0.12174111604690552,0.06346757515506907,v2.6,avg_init
power_4,28,0.3,0.0018142731860280037,0.11013112217187881,0.12174111604690552,0.09536625137027246,v2.6,avg_init
power_4,28,0.5,0.005869707558304071,0.10091111063957214,0.12174111604690552,0.17110082512557057,v2.6,avg_init
power_4,28,1.0,0.02830001898109913,0.08579118922352791,0.12174111604690552,0.2952981539082203,v2.6,avg_init
power_5,28,-0.3,0.002175878034904599,0.3300066441297531,0.3084346354007721,-0.0699402928628651,v2.6,avg_init
power_5,28,-0.1,0.0002900756080634892,0.31668445467948914,0.3084346354007721,-0.026747382854709026,v2.6,avg_init
power_5,28,0.0,0.0,0.3084346354007721,0.3084346354007721,0.0,v2.6,avg_init
power_5,28,0.05,6.470116204582155e-05,0.3047749102115631,0.3084346354007721,0.011865480621051624,v2.6,avg_init
power_5,28,0.1,0.00026650819927453995,0.3011607676744461,0.3084346354007721,0.023583174168732738,v2.6,avg_init
power_5,28,0.2,0.001081807422451675,0.29244890809059143,0.3084346354007721,0.05182857395184953,v2.6,avg_init
power_5,28,0.3,0.002615532255731523,0.28367286920547485,0.3084346354007721,0.08028205445579234,v2.6,avg_init
power_5,28,0.5,0.008179005235433578,0.26121939718723297,0.3084346354007721,0.15308020823338744,v2.6,avg_init
power_5,28,1.0,0.042652614414691925,0.190683051943779,0.3084346354007721,0.38177159742124844,v2.6,avg_init
profanity_1,28,-0.3,0.0021836814703419805,0.18670832365751266,0.16568520665168762,-0.12688590267458805,v2.6,avg_init
profanity_1,28,-0.1,0.0002677957818377763,0.17235467582941055,0.16568520665168762,-0.04025386039288256,v2.6,avg_init
profanity_1,28,0.0,0.0,0.16568520665168762,0.16568520665168762,0.0,v2.6,avg_init
profanity_1,28,0.05,8.803899982012808e-05,0.1626303344964981,0.16568520665168762,0.018437808763528487,v2.6,avg_init
profanity_1,28,0.1,0.00029175521922297776,0.159214086830616,0.16568520665168762,0.03905671454830341,v2.6,avg_init
profanity_1,28,0.2,0.0012068217038176954,0.15186379849910736,0.16568520665168762,0.08341968744159743,v2.6,avg_init
profanity_1,28,0.3,0.0026833066949620843,0.1453109085559845,0.16568520665168762,0.12296992898427603,v2.6,avg_init
profanity_1,28,0.5,0.007989424047991633,0.1318982169032097,0.16568520665168762,0.2039227908832366,v2.6,avg_init
profanity_1,28,1.0,0.038024477660655975,0.10131476074457169,0.16568520665168762,0.38851052069143965,v2.6,avg_init
profanity_2,28,-0.3,0.001639983500353992,0.31679557263851166,0.30333317816257477,-0.044381542953806294,v2.6,avg_init
profanity_2,28,-0.1,0.00018915493274107575,0.3079764395952225,0.30333317816257477,-0.015307463103027582,v2.6,avg_init
profanity_2,28,0.0,0.0,0.30333317816257477,0.30333317816257477,0.0,v2.6,avg_init
profanity_2,28,0.05,7.319133510463871e-05,0.30030015110969543,0.30333317816257477,0.009998995399223191,v2.6,avg_init
profanity_2,28,0.1,0.00020004210819024593,0.29699116945266724,0.30333317816257477,0.02090773171706414,v2.6,avg_init
profanity_2,28,0.2,0.0008402065141126513,0.29198311269283295,0.30333317816257477,0.037417817393053616,v2.6,avg_init
profanity_2,28,0.3,0.001973735634237528,0.28464238345623016,0.30333317816257477,0.06161803604723736,v2.6,avg_init
profanity_2,28,0.5,0.005656936904415488,0.272363543510437,0.30333317816257477,0.10209774888370186,v2.6,avg_init
profanity_2,28,1.0,0.02711764071136713,0.23421265929937363,0.30333317816257477,0.22786995897347978,v2.6,avg_init
profanity_3,28,-0.3,0.0016138040227815509,0.11851580068469048,0.10571766272187233,-0.12105960000731543,v2.6,avg_init
profanity_3,28,-0.1,0.00022207821166375652,0.1106017604470253,0.10571766272187233,-0.04619944860115111,v2.6,avg_init
profanity_3,28,0.0,0.0,0.10571766272187233,0.10571766272187233,0.0,v2.6,avg_init
profanity_3,28,0.05,7.889814878581092e-05,0.1032484918832779,0.10571766272187233,0.023356275337740515,v2.6,avg_init
profanity_3,28,0.1,0.00021585079957731068,0.10181397199630737,0.10571766272187233,0.03692562458399212,v2.6,avg_init
profanity_3,28,0.2,0.000875241297762841,0.09674740955233574,0.10571766272187233,0.08485103566029464,v2.6,avg_init
profanity_3,28,0.3,0.0020143617875874043,0.09218727052211761,0.10571766272187233,0.12798610801064714,v2.6,avg_init
profanity_3,28,0.5,0.005809551104903221,0.0837482437491417,0.10571766272187233,0.2078121896293617,v2.6,avg_init
profanity_3,28,1.0,0.02526799403131008,0.06736183539032936,0.10571766272187233,0.36281380371084754,v2.6,avg_init
profanity_4,28,-0.3,0.0014577808324247599,0.37950409948825836,0.36428962647914886,-0.041764771498318636,v2.6,avg_init
profanity_4,28,-0.1,0.00017772588762454689,0.370884507894516,0.36428962647914886,-0.018103401623336103,v2.6,avg_init
profanity_4,28,0.0,0.0,0.36428962647914886,0.36428962647914886,0.0,v2.6,avg_init
profanity_4,28,0.05,8.559510752093047e-05,0.36253753304481506,0.36428962647914886,0.004809616598934604,v2.6,avg_init
profanity_4,28,0.1,0.00025933393044397235,0.3571234345436096,0.36428962647914886,0.019671688169658662,v2.6,avg_init
profanity_4,28,0.2,0.0008518315153196454,0.3525015562772751,0.36428962647914886,0.032359060881873625,v2.6,avg_init
profanity_4,28,0.3,0.0019292701035737991,0.345468208193779,0.36428962647914886,0.05166608357003866,v2.6,avg_init
profanity_4,28,0.5,0.0059875259175896645,0.3294466584920883,0.36428962647914886,0.09564633592182423,v2.6,avg_init
profanity_4,28,1.0,0.02825370989739895,0.2816968560218811,0.36428962647914886,0.22672281737892197,v2.6,avg_init
profanity_5,28,-0.3,0.0014177216216921806,0.22013841569423676,0.2031307891011238,-0.08372746774811231,v2.6,avg_init
profanity_5,28,-0.1,0.00022316043032333255,0.2112005278468132,0.2031307891011238,-0.03972681237245657,v2.6,avg_init
profanity_5,28,0.0,0.0,0.2031307891011238,0.2031307891011238,0.0,v2.6,avg_init
profanity_5,28,0.05,8.570376667194068e-05,0.1999364271759987,0.2031307891011238,0.01572564129377199,v2.6,avg_init
profanity_5,28,0.1,0.00020183043670840561,0.19775357097387314,0.2031307891011238,0.026471704024020465,v2.6,avg_init
profanity_5,28,0.2,0.000719238247256726,0.19345396757125854,0.2031307891011238,0.04763837905955207,v2.6,avg_init
profanity_5,28,0.3,0.0017109932377934456,0.185908742249012,0.2031307891011238,0.08478304509287478,v2.6,avg_init
profanity_5,28,0.5,0.005187758710235357,0.17423664033412933,0.2031307891011238,0.14224406302389844,v2.6,avg_init
profanity_5,28,1.0,0.02284337393939495,0.14009135216474533,0.2031307891011238,0.3103391525003913,v2.6,avg_init
substance_1,28,-0.3,0.004274467937648296,0.206669382750988,0.16761835664510727,-0.23297583204781183,v2.6,avg_init
substance_1,28,-0.1,0.000515150313731283,0.1803426593542099,0.16761835664510727,-0.07591234614024626,v2.6,avg_init
substance_1,28,0.0,0.0,0.16761835664510727,0.16761835664510727,0.0,v2.6,avg_init
substance_1,28,0.05,0.00017087985179387033,0.16066277772188187,0.16761835664510727,0.041496522591211275,v2.6,avg_init
substance_1,28,0.1,0.0006123075145296752,0.15388663858175278,0.16761835664510727,0.08192251933616196,v2.6,avg_init
substance_1,28,0.2,0.0024399684043601155,0.14112883061170578,0.16761835664510727,0.15803475564127428,v2.6,avg_init
substance_1,28,0.3,0.005488021299242973,0.12857316434383392,0.16761835664510727,0.23294102795639754,v2.6,avg_init
substance_1,28,0.5,0.01662930566817522,0.10408060252666473,0.16761835664510727,0.37906202751390106,v2.6,avg_init
substance_1,28,1.0,0.0751027949154377,0.0527847558259964,0.16761835664510727,0.6850896472051937,v2.6,avg_init
substance_2,28,-0.3,0.003207365400157869,0.2743708938360214,0.24249641597270966,-0.13144308849042494,v2.6,avg_init
substance_2,28,-0.1,0.0005236782308202237,0.2551567852497101,0.24249641597270966,-0.052208479973680166,v2.6,avg_init
substance_2,28,0.0,0.0,0.24249641597270966,0.24249641597270966,0.0,v2.6,avg_init
substance_2,28,0.05,0.0001656269741943106,0.237956702709198,0.24249641597270966,0.01872074374914701,v2.6,avg_init
substance_2,28,0.1,0.00041438775951974094,0.23242532461881638,0.24249641597270966,0.04153088742980297,v2.6,avg_init
substance_2,28,0.2,0.0016417180886492133,0.2205297350883484,0.24249641597270966,0.09058558987871136,v2.6,avg_init
substance_2,28,0.3,0.003848317195661366,0.2082398608326912,0.24249641597270966,0.14126623275072925,v2.6,avg_init
substance_2,28,0.5,0.011598527431488037,0.1829938367009163,0.24249641597270966,0.24537508743423958,v2.6,avg_init
substance_2,28,1.0,0.05778910964727402,0.11494646593928337,0.24249641597270966,0.5259869492165222,v2.6,avg_init
substance_3,28,-0.3,0.0025169659638777375,0.22698663175106049,0.20006880909204483,-0.1345428244471215,v2.6,avg_init
substance_3,28,-0.1,0.0003845569008262828,0.21024415642023087,0.20006880909204483,-0.05085923875072753,v2.6,avg_init
substance_3,28,0.0,0.0,0.20006880909204483,0.20006880909204483,0.0,v2.6,avg_init
substance_3,28,0.05,0.00015621443162672222,0.19519127160310745,0.20006880909204483,0.02437929985724756,v2.6,avg_init
substance_3,28,0.1,0.0004226980672683567,0.19000311940908432,0.20006880909204483,0.05031113909579794,v2.6,avg_init
substance_3,28,0.2,0.0016522823134437203,0.1787181869149208,0.20006880909204483,0.10671639559418446,v2.6,avg_init
substance_3,28,0.3,0.0037743167486041784,0.16762101650238037,0.20006880909204483,0.1621831645668283,v2.6,avg_init
substance_3,28,0.5,0.011342667043209076,0.1452556848526001,0.20006880909204483,0.27397136259369187,v2.6,avg_init
substance_3,28,1.0,0.05612394027411938,0.08975052088499069,0.20006880909204483,0.5514017337720067,v2.6,avg_init
substance_4,28,-0.3,0.0014474280760623515,0.2223413810133934,0.21658644080162048,-0.02657110108311942,v2.6,avg_init
substance_4,28,-0.1,0.00021815203945152462,0.21818967908620834,0.21658644080162048,-0.007402302187773265,v2.6,avg_init
substance_4,28,0.0,0.0,0.21658644080162048,0.21658644080162048,0.0,v2.6,avg_init
substance_4,28,0.05,4.647120658773929e-05,0.2156924307346344,0.21658644080162048,0.00412772869657589,v2.6,avg_init
substance_4,28,0.1,0.00015732223982922733,0.2152298018336296,0.21658644080162048,0.0062637299129610375,v2.6,avg_init
substance_4,28,0.2,0.0006795554654672742,0.21317404508590698,0.21658644080162048,0.015755352473052736,v2.6,avg_init
substance_4,28,0.3,0.0016845418140292168,0.212748184800148,0.21658644080162048,0.017721589529180515,v2.6,avg_init
substance_4,28,0.5,0.005192749202251434,0.2122703120112419,0.21658644080162048,0.019927973212006712,v2.6,avg_init
substance_4,28,1.0,0.0270439013838768,0.22159493714571,0.21658644080162048,-0.02312469942971626,v2.6,avg_init
substance_5,28,-0.3,0.0024040810531005263,0.16654600203037262,0.1480003148317337,-0.12530843072681366,v2.6,avg_init
substance_5,28,-0.1,0.00034992542350664735,0.15464524924755096,0.1480003148317337,-0.04489811000315844,v2.6,avg_init
substance_5,28,0.0,0.0,0.1480003148317337,0.1480003148317337,0.0,v2.6,avg_init
substance_5,28,0.05,0.00017647079948801547,0.144143208861351,0.1480003148317337,0.026061471387868042,v2.6,avg_init
substance_5,28,0.1,0.0003857121628243476,0.14132551848888397,0.1480003148317337,0.04509987935119274,v2.6,avg_init
substance_5,28,0.2,0.0015581712359562516,0.134857639670372,0.1480003148317337,0.08880167029579648,v2.6,avg_init
substance_5,28,0.3,0.003573394496925175,0.12863335758447647,0.1480003148317337,0.13085754087264034,v2.6,avg_init
substance_5,28,0.5,0.010927292983978987,0.11721524596214294,0.1480003148317337,0.20800677961118724,v2.6,avg_init
substance_5,28,1.0,0.055608827620744705,0.10177966952323914,0.1480003148317337,0.31230099315021254,v2.6,avg_init
neutral_1,28,-0.3,0.005980144953355193,0.25750263035297394,0.2049248069524765,-0.2565712964789597,v2.6,avg_init
neutral_1,28,-0.1,0.0007428356911987066,0.22289127111434937,0.2049248069524765,-0.08767344680744002,v2.6,avg_init
neutral_1,28,0.0,0.0,0.2049248069524765,0.2049248069524765,0.0,v2.6,avg_init
neutral_1,28,0.05,0.00019238938693888485,0.19634823501110077,0.2049248069524765,0.0418522875240024,v2.6,avg_init
neutral_1,28,0.1,0.000828433083370328,0.18615631014108658,0.2049248069524765,0.09158723675529663,v2.6,avg_init
neutral_1,28,0.2,0.003539059543982148,0.16642986983060837,0.2049248069524765,0.1878490832532314,v2.6,avg_init
neutral_1,28,0.3,0.007692394079640508,0.15007801353931427,0.2049248069524765,0.2676435041165201,v2.6,avg_init
neutral_1,28,0.5,0.022711871191859245,0.1149686798453331,0.2049248069524765,0.43897138879825737,v2.6,avg_init
neutral_1,28,1.0,0.10658396035432816,0.04174584336578846,0.2049248069524765,0.7962870187040381,v2.6,avg_init
neutral_2,28,-0.3,0.005120837828144431,0.2711960971355438,0.22270064055919647,-0.21776074130086162,v2.6,avg_init
neutral_2,28,-0.1,0.0005606238846667111,0.23811432719230652,0.22270064055919647,-0.06921258328851958,v2.6,avg_init
neutral_2,28,0.0,0.0,0.22270064055919647,0.22270064055919647,0.0,v2.6,avg_init
neutral_2,28,0.05,0.00019888760289177299,0.21432672441005707,0.22270064055919647,0.037601670691708305,v2.6,avg_init
neutral_2,28,0.1,0.0009100441238842905,0.20363915711641312,0.22270064055919647,0.08559240510004994,v2.6,avg_init
neutral_2,28,0.2,0.00343137513846159,0.185780368745327,0.22270064055919647,0.1657843090220283,v2.6,avg_init
neutral_2,28,0.3,0.007922737393528223,0.16810595244169235,0.22270064055919647,0.2451483209945784,v2.6,avg_init
neutral_2,28,0.5,0.02350582741200924,0.13388684019446373,0.22270064055919647,0.39880352450591616,v2.6,avg_init
neutral_2,28,1.0,0.09605816006660461,0.07355205342173576,0.22270064055919647,0.6697267990022473,v2.6,avg_init
neutral_3,28,-0.3,0.002023524371907115,0.1152077242732048,0.10543850436806679,-0.09265324810598065,v2.6,avg_init
neutral_3,28,-0.1,0.00024850881891325116,0.10812284052371979,0.10543850436806679,-0.025458784452048626,v2.6,avg_init
neutral_3,28,0.0,0.0,0.10543850436806679,0.10543850436806679,0.0,v2.6,avg_init
neutral_3,28,0.05,9.750589379109442e-05,0.1033264622092247,0.10543850436806679,0.020031032984585296,v2.6,avg_init
neutral_3,28,0.1,0.0002856090432032943,0.10172587260603905,0.10543850436806679,0.0352113469768844,v2.6,avg_init
neutral_3,28,0.2,0.0010686400928534567,0.09875191748142242,0.10543850436806679,0.0634169360303395,v2.6,avg_init
neutral_3,28,0.3,0.0023744346108287573,0.09577032551169395,0.10543850436806679,0.09169495446011797,v2.6,avg_init
neutral_3,28,0.5,0.006713611073791981,0.08974459394812584,0.10543850436806679,0.14884420557746475,v2.6,avg_init
neutral_3,28,1.0,0.025925923138856888,0.08000876754522324,0.10543850436806679,0.24118074298619535,v2.6,avg_init
neutral_4,28,-0.3,0.0022383161121979356,0.13039308413863182,0.11615756154060364,-0.12255355922784297,v2.6,avg_init
neutral_4,28,-0.1,0.0002759403141681105,0.1208854541182518,0.11615756154060364,-0.04070240899466108,v2.6,avg_init
neutral_4,28,0.0,0.0,0.11615756154060364,0.11615756154060364,0.0,v2.6,avg_init
neutral_4,28,0.05,8.661707397550344e-05,0.11477694660425186,0.11615756154060364,0.011885708670538621,v2.6,avg_init
neutral_4,28,0.1,0.0002823531976900995,0.11290701106190681,0.11615756154060364,0.027983976553782697,v2.6,avg_init
neutral_4,28,0.2,0.0011185287730768323,0.10803843662142754,0.11615756154060364,0.06989751516381487,v2.6,avg_init
neutral_4,28,0.3,0.0025859717279672623,0.1045602411031723,0.11615756154060364,0.09984128698653351,v2.6,avg_init
neutral_4,28,0.5,0.00808029342442751,0.09488734602928162,0.11615756154060364,0.18311520342898105,v2.6,avg_init
neutral_4,28,1.0,0.036198072135448456,0.07759598642587662,0.11615756154060364,0.33197645166860335,v2.6,avg_init
neutral_5,28,-0.3,0.000940442580031231,0.09309173375368118,0.08555636554956436,-0.08807489841011824,v2.6,avg_init
neutral_5,28,-0.1,0.00018058100249618292,0.0869223028421402,0.08555636554956436,-0.01596534967096661,v2.6,avg_init
neutral_5,28,0.0,0.0,0.08555636554956436,0.08555636554956436,0.0,v2.6,avg_init
neutral_5,28,0.05,9.961874457076192e-05,0.08352085202932358,0.08555636554956436,0.02379149122529724,v2.6,avg_init
neutral_5,28,0.1,0.00021966636995784938,0.08145341277122498,0.08555636554956436,0.04795613689273033,v2.6,avg_init
neutral_5,28,0.2,0.0005720016488339752,0.07890785112977028,0.08555636554956436,0.07770917309411042,v2.6,avg_init
neutral_5,28,0.3,0.0015174568980000913,0.07334417849779129,0.08555636554956436,0.14273849728572596,v2.6,avg_init
neutral_5,28,0.5,0.004089028108865023,0.0677187517285347,0.08555636554956436,0.20848961624832005,v2.6,avg_init
neutral_5,28,1.0,0.019968600943684578,0.05231541581451893,0.08555636554956436,0.388526902954852,v2.6,avg_init
neutral_6,28,-0.3,0.002701461431570351,0.1960034891963005,0.1767537072300911,-0.10890737324762753,v2.6,avg_init
neutral_6,28,-0.1,0.00036614591954275966,0.18314892053604126,0.1767537072300911,-0.036181494612869,v2.6,avg_init
neutral_6,28,0.0,0.0,0.1767537072300911,0.1767537072300911,0.0,v2.6,avg_init
neutral_6,28,0.05,7.002908387221396e-05,0.17456142604351044,0.1767537072300911,0.012403028037917369,v2.6,avg_init
neutral_6,28,0.1,0.0003218933998141438,0.17128817737102509,0.1767537072300911,0.030921726874736467,v2.6,avg_init
neutral_6,28,0.2,0.0013460156042128801,0.16492842137813568,0.1767537072300911,0.06690261854910753,v2.6,avg_init
neutral_6,28,0.3,0.0029415255412459373,0.1595468968153,0.1767537072300911,0.09734907790302781,v2.6,avg_init
neutral_6,28,0.5,0.008923652581870556,0.14897014200687408,0.1767537072300911,0.15718801975140156,v2.6,avg_init
neutral_6,28,1.0,0.039466964080929756,0.1301286369562149,0.1767537072300911,0.2637855296193674,v2.6,avg_init
neutral_7,28,-0.3,0.0015212660655379295,0.14027336984872818,0.12658918648958206,-0.10809914921344635,v2.6,avg_init
neutral_7,28,-0.1,0.0002212100152974017,0.13072001188993454,0.12658918648958206,-0.032631739842110714,v2.6,avg_init
neutral_7,28,0.0,0.0,0.12658918648958206,0.12658918648958206,0.0,v2.6,avg_init
neutral_7,28,0.05,0.00013935615424998105,0.12365038320422173,0.12658918648958206,0.02321527902070997,v2.6,avg_init
neutral_7,28,0.1,0.0002621880266815424,0.12187549099326134,0.12658918648958206,0.037236162321879276,v2.6,avg_init
neutral_7,28,0.2,0.0008769033011049032,0.11705286055803299,0.12658918648958206,0.07533286369870057,v2.6,avg_init
neutral_7,28,0.3,0.001928089594002813,0.11222757026553154,0.12658918648958206,0.11345057680130081,v2.6,avg_init
neutral_7,28,0.5,0.005604729987680912,0.10276021435856819,0.12658918648958206,0.1882386070391165,v2.6,avg_init
neutral_7,28,1.0,0.026804501190781593,0.08113749325275421,0.12658918648958206,0.3590487821056374,v2.6,avg_init
sexual_liminal_1,28,-0.3,0.0009409471531398594,0.19167616218328476,0.1821582093834877,-0.05225102306401922,v2.6,rand_init
sexual_liminal_1,28,-0.1,0.00019736620015464723,0.1857771873474121,0.1821582093834877,-0.01986722408050011,v2.6,rand_init
sexual_liminal_1,28,0.0,0.0,0.1821582093834877,0.1821582093834877,0.0,v2.6,rand_init
sexual_liminal_1,28,0.05,0.00010323453898308799,0.1797858253121376,0.1821582093834877,0.013023755994195394,v2.6,rand_init
sexual_liminal_1,28,0.1,0.00011550936324056238,0.17835517972707748,0.1821582093834877,0.020877618797865472,v2.6,rand_init
sexual_liminal_1,28,0.2,0.0002970581117551774,0.17508918046951294,0.1821582093834877,0.03880708389646454,v2.6,rand_init
sexual_liminal_1,28,0.3,0.0006071377429179847,0.17138652503490448,0.1821582093834877,0.0591336749797874,v2.6,rand_init
sexual_liminal_1,28,0.5,0.0017929374589584768,0.16369086503982544,0.1821582093834877,0.10138079643055764,v2.6,rand_init
sexual_liminal_1,28,1.0,0.007892639376223087,0.14616498351097107,0.1821582093834877,0.1975932130335233,v2.6,rand_init
sexual_liminal_2,28,-0.3,0.000610975141171366,0.23948784172534943,0.2304369956254959,-0.03927687945803142,v2.6,rand_init
sexual_liminal_2,28,-0.1,8.874494233168662e-05,0.23337239027023315,0.2304369956254959,-0.01273838272699849,v2.6,rand_init
sexual_liminal_2,28,0.0,0.0,0.2304369956254959,0.2304369956254959,0.0,v2.6,rand_init
sexual_liminal_2,28,0.05,2.903043059632182e-05,0.2298554703593254,0.2304369956254959,0.002523575976123171,v2.6,rand_init
sexual_liminal_2,28,0.1,7.692549843341112e-05,0.22833061963319778,0.2304369956254959,0.009140789162697595,v2.6,rand_init
sexual_liminal_2,28,0.2,0.0002217927249148488,0.2262062355875969,0.2304369956254959,0.018359725730736437,v2.6,rand_init
sexual_liminal_2,28,0.3,0.0004797278670594096,0.223889522254467,0.2304369956254959,0.02841329081407481,v2.6,rand_init
sexual_liminal_2,28,0.5,0.0012899942230433226,0.2189006209373474,0.2304369956254959,0.05006303200939709,v2.6,rand_init
sexual_liminal_2,28,1.0,0.005233359755948186,0.2081385925412178,0.2304369956254959,0.09676572558912054,v2.6,rand_init
sexual_liminal_3,28,-0.3,0.002079867583233863,0.22689317911863327,0.21872998028993607,-0.03732089591868719,v2.6,rand_init
sexual_liminal_3,28,-0.1,0.0001804616767913103,0.22165728360414505,0.21872998028993607,-0.013383182818965727,v2.6,rand_init
sexual_liminal_3,28,0.0,0.0,0.21872998028993607,0.21872998028993607,0.0,v2.6,rand_init
sexual_liminal_3,28,0.05,9.131338447332382e-05,0.21749059110879898,0.21872998028993607,0.005666297685823502,v2.6,rand_init
sexual_liminal_3,28,0.1,0.00011128408368676901,0.21753405034542084,0.21872998028993607,0.005467608706085793,v2.6,rand_init
sexual_liminal_3,28,0.2,0.00027436530217528343,0.2158113345503807,0.21872998028993607,0.013343601712424458,v2.6,rand_init
sexual_liminal_3,28,0.3,0.0004605393623933196,0.21223944425582886,0.21872998028993607,0.029673737571336685,v2.6,rand_init
sexual_liminal_3,28,0.5,0.0011539969127625227,0.20713219791650772,0.21872998028993607,0.05302328632798751,v2.6,rand_init
sexual_liminal_3,28,1.0,0.004701974103227258,0.19390998035669327,0.21872998028993607,0.11347324175836715,v2.6,rand_init
sexual_liminal_4,28,-0.3,0.00047299827565439045,0.22591246664524078,0.2207585647702217,-0.023346328059269422,v2.6,rand_init
sexual_liminal_4,28,-0.1,7.502478547394276e-05,0.2228916734457016,0.2207585647702217,-0.009662631561770442,v2.6,rand_init
sexual_liminal_4,28,0.0,0.0,0.2207585647702217,0.2207585647702217,0.0,v2.6,rand_init
sexual_liminal_4,28,0.05,4.8543290176894516e-05,0.21796780824661255,0.2207585647702217,0.01264166817950616,v2.6,rand_init
sexual_liminal_4,28,0.1,5.781169602414593e-05,0.21854673326015472,0.2207585647702217,0.010019233058382981,v2.6,rand_init
sexual_liminal_4,28,0.2,0.00025600635854061693,0.21558324247598648,0.2207585647702217,0.02344335903624851,v2.6,rand_init
sexual_liminal_4,28,0.3,0.00043957408342976123,0.2148638218641281,0.2207585647702217,0.0267022161166394,v2.6,rand_init
sexual_liminal_4,28,0.5,0.0013602165272459388,0.20840057730674744,0.2207585647702217,0.05597965123725633,v2.6,rand_init
sexual_liminal_4,28,1.0,0.0054019002709537745,0.20200401544570923,0.2207585647702217,0.08495502470779923,v2.6,rand_init
sexual_liminal_5,28,-0.3,0.0008068189490586519,0.17922765761613846,0.16584184765815735,-0.08071430792047556,v2.6,rand_init
sexual_liminal_5,28,-0.1,9.013232192955911e-05,0.16894271969795227,0.16584184765815735,-0.01869776587503183,v2.6,rand_init
sexual_liminal_5,28,0.0,0.0,0.16584184765815735,0.16584184765815735,0.0,v2.6,rand_init
sexual_liminal_5,28,0.05,5.756040627602488e-05,0.1640569493174553,0.16584184765815735,0.010762653491302092,v2.6,rand_init
sexual_liminal_5,28,0.1,0.00010435190051794052,0.16160113364458084,0.16584184765815735,0.02557083193089906,v2.6,rand_init
sexual_liminal_5,28,0.2,0.00035929487785324454,0.15599900111556053,0.16584184765815735,0.05935080126992707,v2.6,rand_init
sexual_liminal_5,28,0.3,0.000727045931853354,0.15195801109075546,0.16584184765815735,0.08371732927156021,v2.6,rand_init
sexual_liminal_5,28,0.5,0.0018699024803936481,0.14384522289037704,0.16584184765815735,0.13263615353056726,v2.6,rand_init
sexual_liminal_5,28,1.0,0.00853216415271163,0.11836294457316399,0.16584184765815735,0.28629024432276934,v2.6,rand_init
sexual_explicit_1,28,-0.3,0.001113571343012154,0.1097230538725853,0.09783230349421501,-0.121542169137144,v2.6,rand_init
sexual_explicit_1,28,-0.1,0.00011348153930157423,0.10105987638235092,0.09783230349421501,-0.032990870835692444,v2.6,rand_init
sexual_explicit_1,28,0.0,0.0,0.09783230349421501,0.09783230349421501,0.0,v2.6,rand_init
sexual_explicit_1,28,0.05,9.259578655473888e-05,0.09432465210556984,0.09783230349421501,0.035853713582984226,v2.6,rand_init
sexual_explicit_1,28,0.1,0.00016532849986106157,0.09411150589585304,0.09783230349421501,0.038032403055724695,v2.6,rand_init
sexual_explicit_1,28,0.2,0.0006886770715937018,0.08901901915669441,0.09783230349421501,0.09008562634980524,v2.6,rand_init
sexual_explicit_1,28,0.3,0.0013387150829657912,0.08615195378661156,0.09783230349421501,0.11939154339030904,v2.6,rand_init
sexual_explicit_1,28,0.5,0.0037395053077489138,0.0791889987885952,0.09783230349421501,0.1905638939261225,v2.6,rand_init
sexual_explicit_1,28,1.0,0.013848982751369476,0.06677824258804321,0.09783230349421501,0.3174213403654354,v2.6,rand_init
sexual_explicit_2,28,-0.3,0.0007366491481661797,0.25904621183872223,0.24729682505130768,-0.047511272273620404,v2.6,rand_init
sexual_explicit_2,28,-0.1,8.675741264596581e-05,0.2501368820667267,0.24729682505130768,-0.011484405490566925,v2.6,rand_init
sexual_explicit_2,28,0.0,0.0,0.24729682505130768,0.24729682505130768,0.0,v2.6,rand_init
sexual_explicit_2,28,0.05,3.367610042914748e-05,0.24511832743883133,0.24729682505130768,0.008809242140591037,v2.6,rand_init
sexual_explicit_2,28,0.1,0.000113300746306777,0.24228957295417786,0.24729682505130768,0.020247943321111975,v2.6,rand_init
sexual_explicit_2,28,0.2,0.00039821641985327005,0.238614983856678,0.24729682505130768,0.035106965861079746,v2.6,rand_init
sexual_explicit_2,28,0.3,0.0008240056922659278,0.2349889799952507,0.24729682505130768,0.04976952313683533,v2.6,rand_init
sexual_explicit_2,28,0.5,0.0023411153815686703,0.22632670402526855,0.24729682505130768,0.08479737263787503,v2.6,rand_init
sexual_explicit_2,28,1.0,0.009569991379976273,0.2074947953224182,0.24729682505130768,0.16094840570893532,v2.6,rand_init
sexual_explicit_3,28,-0.3,0.0016583232209086418,0.11884593963623047,0.10023977607488632,-0.18561657148399857,v2.6,rand_init
sexual_explicit_3,28,-0.1,0.00023380271159112453,0.10725080221891403,0.10023977607488632,-0.06994255592500495,v2.6,rand_init
sexual_explicit_3,28,0.0,0.0,0.10023977607488632,0.10023977607488632,0.0,v2.6,rand_init
sexual_explicit_3,28,0.05,3.2248819479718804e-05,0.09821399673819542,0.10023977607488632,0.020209336213775058,v2.6,rand_init
sexual_explicit_3,28,0.1,0.00016250929911620915,0.09506214037537575,0.10023977607488632,0.05165250664209892,v2.6,rand_init
sexual_explicit_3,28,0.2,0.0007472482975572348,0.08879635855555534,0.10023977607488632,0.11416044575739996,v2.6,rand_init
sexual_explicit_3,28,0.3,0.0014962274581193924,0.0846627876162529,0.10023977607488632,0.15539727909005197,v2.6,rand_init
sexual_explicit_3,28,0.5,0.0041116762440651655,0.07532024197280407,0.10023977607488632,0.24859925947425868,v2.6,rand_init
sexual_explicit_3,28,1.0,0.014797631651163101,0.057265058159828186,0.10023977607488632,0.42871921304924837,v2.6,rand_init
sexual_explicit_4,28,-0.3,0.0008325640228576958,0.35919004678726196,0.3523520976305008,-0.019406579960059966,v2.6,rand_init
sexual_explicit_4,28,-0.1,0.00013953709276393056,0.35344086587429047,0.3523520976305008,-0.0030900007438906343,v2.6,rand_init
sexual_explicit_4,28,0.0,0.0,0.3523520976305008,0.3523520976305008,0.0,v2.6,rand_init
sexual_explicit_4,28,0.05,8.054690260905772e-05,0.3496171534061432,0.3523520976305008,0.007761963793459928,v2.6,rand_init
sexual_explicit_4,28,0.1,0.00011728463869076222,0.3495620787143707,0.3523520976305008,0.007918269636799098,v2.6,rand_init
sexual_explicit_4,28,0.2,0.000243431975832209,0.3463306128978729,0.3523520976305008,0.017089396581207207,v2.6,rand_init
sexual_explicit_4,28,0.3,0.0005292802525218576,0.3426646888256073,0.3523520976305008,0.02749354656901273,v2.6,rand_init
sexual_explicit_4,28,0.5,0.0012857966357842088,0.338813915848732,0.3523520976305008,0.03842231073068795,v2.6,rand_init
sexual_explicit_4,28,1.0,0.00546978204511106,0.32484467327594757,0.3523520976305008,0.0780680022611907,v2.6,rand_init
sexual_explicit_5,28,-0.3,0.0011104493751190603,0.10430166125297546,0.08877043798565865,-0.17495940788110084,v2.6,rand_init
sexual_explicit_5,28,-0.1,0.00010794561239890754,0.09357910975813866,0.08877043798565865,-0.054169742558405294,v2.6,rand_init
sexual_explicit_5,28,0.0,0.0,0.08877043798565865,0.08877043798565865,0.0,v2.6,rand_init
sexual_explicit_5,28,0.05,2.921943087130785e-05,0.08657649345695972,0.08877043798565865,0.024714810228303314,v2.6,rand_init
sexual_explicit_5,28,0.1,0.00012895234976895154,0.08361027389764786,0.08877043798565865,0.05812930751614001,v2.6,rand_init
sexual_explicit_5,28,0.2,0.000516829953994602,0.07859798893332481,0.08877043798565865,0.1145927550112713,v2.6,rand_init
sexual_explicit_5,28,0.3,0.0010213472414761782,0.07480072043836117,0.08877043798565865,0.15736902807164657,v2.6,rand_init
sexual_explicit_5,28,0.5,0.002671405440196395,0.06690702587366104,0.08877043798565865,0.24629158769645543,v2.6,rand_init
sexual_explicit_5,28,1.0,0.008739953860640526,0.052444953471422195,0.08877043798565865,0.4092069988446495,v2.6,rand_init
violence_liminal_1,28,-0.3,0.0005335050518624485,0.1852114200592041,0.1806851178407669,-0.025050774920080066,v2.6,rand_init
violence_liminal_1,28,-0.1,7.125060074031353e-05,0.18230904638767242,0.1806851178407669,-0.008987616502741767,v2.6,rand_init
violence_liminal_1,28,0.0,0.0,0.1806851178407669,0.1806851178407669,0.0,v2.6,rand_init
violence_liminal_1,28,0.05,3.548881795722991e-05,0.1809920221567154,0.1806851178407669,-0.001698558905216273,v2.6,rand_init
violence_liminal_1,28,0.1,6.44322790321894e-05,0.1798102781176567,0.1806851178407669,0.004841791806457311,v2.6,rand_init
violence_liminal_1,28,0.2,0.00024593048146925867,0.17857368290424347,0.1806851178407669,0.011685715800812053,v2.6,rand_init
violence_liminal_1,28,0.3,0.0006595995218958706,0.17921701818704605,0.1806851178407669,0.008125183032587408,v2.6,rand_init
violence_liminal_1,28,0.5,0.0016187248984351754,0.1772937998175621,0.1806851178407669,0.018769216102199872,v2.6,rand_init
violence_liminal_1,28,1.0,0.006342560285702348,0.17609023302793503,0.1806851178407669,0.025430344611343317,v2.6,rand_init
violence_liminal_2,28,-0.3,0.0005883214762434363,0.19232232868671417,0.18387570977210999,-0.045936567288157155,v2.6,rand_init
violence_liminal_2,28,-0.1,8.174704271368682e-05,0.18682534992694855,0.18387570977210999,-0.016041488886673814,v2.6,rand_init
violence_liminal_2,28,0.0,0.0,0.18387570977210999,0.18387570977210999,0.0,v2.6,rand_init
violence_liminal_2,28,0.05,4.03132289648056e-05,0.1816004365682602,0.18387570977210999,0.012373973738400235,v2.6,rand_init
violence_liminal_2,28,0.1,7.999609806574881e-05,0.1806829571723938,0.18387570977210999,0.01736364527796079,v2.6,rand_init
violence_liminal_2,28,0.2,0.0002881410182453692,0.17803753912448883,0.18387570977210999,0.031750635550812055,v2.6,rand_init
violence_liminal_2,28,0.3,0.0006628023693338037,0.17470162361860275,0.18387570977210999,0.04989286602823896,v2.6,rand_init
violence_liminal_2,28,0.5,0.0017996105598285794,0.16998954117298126,0.18387570977210999,0.07551932017741127,v2.6,rand_init
violence_liminal_2,28,1.0,0.007022196426987648,0.15841998904943466,0.18387570977210999,0.13843982304255617,v2.6,rand_init
violence_liminal_3,28,-0.3,0.0005618282593786716,0.23556511104106903,0.22931861877441406,-0.027239359368372025,v2.6,rand_init
violence_liminal_3,28,-0.1,9.977759327739477e-05,0.23187067359685898,0.22931861877441406,-0.011128860081594291,v2.6,rand_init
violence_liminal_3,28,0.0,0.0,0.22931861877441406,0.22931861877441406,0.0,v2.6,rand_init
violence_liminal_3,28,0.05,3.862966696033254e-05,0.22862302511930466,0.22931861877441406,0.003033306492194063,v2.6,rand_init
violence_liminal_3,28,0.1,6.946243229322135e-05,0.22715149819850922,0.22931861877441406,0.009450260024619683,v2.6,rand_init
violence_liminal_3,28,0.2,0.00025009611272253096,0.22645432502031326,0.22931861877441406,0.01249045441407647,v2.6,rand_init
violence_liminal_3,28,0.3,0.0005204931367188692,0.22484102845191956,0.22931861877441406,0.019525629215912967,v2.6,rand_init
violence_liminal_3,28,0.5,0.0014594479580409825,0.22092261910438538,0.22931861877441406,0.036612812840496056,v2.6,rand_init
violence_liminal_3,28,1.0,0.005729714408516884,0.21189970523118973,0.22931861877441406,0.0759594386025834,v2.6,rand_init
violence_liminal_4,28,-0.3,0.0010723378509283066,0.17610980570316315,0.16509942710399628,-0.06668938101300269,v2.6,rand_init
violence_liminal_4,28,-0.1,0.00014275606372393668,0.16883357614278793,0.16509942710399628,-0.022617577203581166,v2.6,rand_init
violence_liminal_4,28,0.0,0.0,0.16509942710399628,0.16509942710399628,0.0,v2.6,rand_init
violence_liminal_4,28,0.05,4.357434227131307e-05,0.16222447156906128,0.16509942710399628,0.017413479776183963,v2.6,rand_init
violence_liminal_4,28,0.1,0.00010147772263735533,0.16226018220186234,0.16509942710399628,0.017197182037133895,v2.6,rand_init
violence_liminal_4,28,0.2,0.00042899668915197253,0.15723594278097153,0.16509942710399628,0.04762878018996113,v2.6,rand_init
violence_liminal_4,28,0.3,0.0010831362451426685,0.15417379885911942,0.16509942710399628,0.06617605182842215,v2.6,rand_init
violence_liminal_4,28,0.5,0.0029203470330685377,0.1488553285598755,0.16509942710399628,0.0983897935265918,v2.6,rand_init
violence_liminal_4,28,1.0,0.011376142501831055,0.13788560777902603,0.16509942710399628,0.16483291191451704,v2.6,rand_init
violence_liminal_5,28,-0.3,0.000557124731130898,0.35250596702098846,0.34525178372859955,-0.02101128403753994,v2.6,rand_init
violence_liminal_5,28,-0.1,0.00010461467900313437,0.3488939106464386,0.34525178372859955,-0.010549190734093659,v2.6,rand_init
violence_liminal_5,28,0.0,0.0,0.34525178372859955,0.34525178372859955,0.0,v2.6,rand_init
violence_liminal_5,28,0.05,3.818482218775898e-05,0.346018522977829,0.34525178372859955,-0.0022208118404166174,v2.6,rand_init
violence_liminal_5,28,0.1,8.974535739980638e-05,0.344917967915535,0.34525178372859955,0.0009668764327861834,v2.6,rand_init
violence_liminal_5,28,0.2,0.00024317503266502172,0.3412427306175232,0.34525178372859955,0.011611969293192265,v2.6,rand_init
violence_liminal_5,28,0.3,0.0005723328795284033,0.34078818559646606,0.34525178372859955,0.012928530256753988,v2.6,rand_init
violence_liminal_5,28,0.5,0.0014671531971544027,0.3364086002111435,0.34525178372859955,0.025613722895078888,v2.6,rand_init
violence_liminal_5,28,1.0,0.006083706161007285,0.3271627277135849,0.34525178372859955,0.052393809004139286,v2.6,rand_init
violence_explicit_1,28,-0.3,0.00041794218122959137,0.12740548700094223,0.12018328160047531,-0.06009326176061377,v2.6,rand_init
violence_explicit_1,28,-0.1,8.789903949946165e-05,0.12233932316303253,0.12018328160047531,-0.017939613013102262,v2.6,rand_init
violence_explicit_1,28,0.0,0.0,0.12018328160047531,0.12018328160047531,0.0,v2.6,rand_init
violence_explicit_1,28,0.05,3.178248880431056e-05,0.11928028985857964,0.12018328160047531,0.007513455531173517,v2.6,rand_init
violence_explicit_1,28,0.1,3.646529512479901e-05,0.11857092380523682,0.12018328160047531,0.013415824345672702,v2.6,rand_init
violence_explicit_1,28,0.2,0.00016784423496574163,0.11565392091870308,0.12018328160047531,0.03768711106449201,v2.6,rand_init
violence_explicit_1,28,0.3,0.00043610576540231705,0.11402584984898567,0.12018328160047531,0.05123367967234211,v2.6,rand_init
violence_explicit_1,28,0.5,0.001209514681249857,0.10960308462381363,0.12018328160047531,0.08803384993125232,v2.6,rand_init
violence_explicit_1,28,1.0,0.004424728453159332,0.10088453814387321,0.12018328160047531,0.16057760446878805,v2.6,rand_init
violence_explicit_2,28,-0.3,0.0004950076108798385,0.16156432032585144,0.15278314054012299,-0.05747479567892764,v2.6,rand_init
violence_explicit_2,28,-0.1,5.447230432764627e-05,0.15624459832906723,0.15278314054012299,-0.022656019353360635,v2.6,rand_init
violence_explicit_2,28,0.0,0.0,0.15278314054012299,0.15278314054012299,0.0,v2.6,rand_init
violence_explicit_2,28,0.05,7.128517609089613e-06,0.1524365097284317,0.15278314054012299,0.0022687765840253434,v2.6,rand_init
violence_explicit_2,28,0.1,5.861459067091346e-05,0.1505289375782013,0.15278314054012299,0.014754265123446044,v2.6,rand_init
violence_explicit_2,28,0.2,0.00015338842058554292,0.14926840364933014,0.15278314054012299,0.023004743051932668,v2.6,rand_init
violence_explicit_2,28,0.3,0.00036589137744158506,0.14800458401441574,0.15278314054012299,0.03127672666508861,v2.6,rand_init
violence_explicit_2,28,0.5,0.0010073797311633825,0.1428053379058838,0.15278314054012299,0.06530696121944742,v2.6,rand_init
violence_explicit_2,28,1.0,0.0037419358268380165,0.13395211845636368,0.15278314054012299,0.12325327269217914,v2.6,rand_init
violence_explicit_3,28,-0.3,0.0005246186628937721,0.1044917069375515,0.09560281783342361,-0.09297727102161049,v2.6,rand_init
violence_explicit_3,28,-0.1,8.13039077911526e-05,0.09938538074493408,0.09560281783342361,-0.03956539145217589,v2.6,rand_init
violence_explicit_3,28,0.0,0.0,0.09560281783342361,0.09560281783342361,0.0,v2.6,rand_init
violence_explicit_3,28,0.05,2.254922583233565e-05,0.09373041242361069,0.09560281783342361,0.019585253366437044,v2.6,rand_init
violence_explicit_3,28,0.1,5.1204759074607864e-05,0.09329723939299583,0.09560281783342361,0.024116218461729576,v2.6,rand_init
violence_explicit_3,28,0.2,0.00021603790810331702,0.0899352878332138,0.09560281783342361,0.059282039260441004,v2.6,rand_init
violence_explicit_3,28,0.3,0.00047422913485206664,0.08699144423007965,0.09560281783342361,0.09007447477487791,v2.6,rand_init
violence_explicit_3,28,0.5,0.0012283301330171525,0.08223031833767891,0.09560281783342361,0.13987557897137168,v2.6,rand_init
violence_explicit_3,28,1.0,0.0041446329560130835,0.07274222373962402,0.09560281783342361,0.23912050514694475,v2.6,rand_init
violence_explicit_4,28,-0.3,0.0007096770568750799,0.09404746070504189,0.0846061110496521,-0.11159181692973712,v2.6,rand_init
violence_explicit_4,28,-0.1,7.89194309618324e-05,0.08746961504220963,0.0846061110496521,-0.033845120134135986,v2.6,rand_init
violence_explicit_4,28,0.0,0.0,0.0846061110496521,0.0846061110496521,0.0,v2.6,rand_init
violence_explicit_4,28,0.05,2.6826222892850637e-05,0.0833517424762249,0.0846061110496521,0.014825980746131437,v2.6,rand_init
violence_explicit_4,28,0.1,0.00014034693595021963,0.08058123290538788,0.0846061110496521,0.047571955433599517,v2.6,rand_init
violence_explicit_4,28,0.2,0.0003421419532969594,0.07854258641600609,0.0846061110496521,0.07166769112088794,v2.6,rand_init
violence_explicit_4,28,0.3,0.0010000268230214715,0.0742245614528656,0.0846061110496521,0.12270448869460462,v2.6,rand_init
violence_explicit_4,28,0.5,0.0023340664338320494,0.06953458860516548,0.0846061110496521,0.17813751580712317,v2.6,rand_init
violence_explicit_4,28,1.0,0.008405700791627169,0.05896018445491791,0.0846061110496521,0.3031214444980644,v2.6,rand_init
violence_explicit_5,28,-0.3,0.0006322127301245928,0.17068752646446228,0.16131335496902466,-0.05811156489329509,v2.6,rand_init
violence_explicit_5,28,-0.1,6.390298949554563e-05,0.16418489813804626,0.16131335496902466,-0.017801025647089165,v2.6,rand_init
violence_explicit_5,28,0.0,0.0,0.16131335496902466,0.16131335496902466,0.0,v2.6,rand_init
violence_explicit_5,28,0.05,2.5816632842179388e-05,0.15909411013126373,0.16131335496902466,0.013757353432932221,v2.6,rand_init
violence_explicit_5,28,0.1,8.289085235446692e-05,0.15756914019584656,0.16131335496902466,0.02321081707027334,v2.6,rand_init
violence_explicit_5,28,0.2,0.00029036420164629817,0.1552864909172058,0.16131335496902466,0.0373612219086022,v2.6,rand_init
violence_explicit_5,28,0.3,0.0006062696920707822,0.15298626571893692,0.16131335496902466,0.051620581889743125,v2.6,rand_init
violence_explicit_5,28,0.5,0.0015319855883717537,0.14855186268687248,0.16131335496902466,0.07910995518382613,v2.6,rand_init
violence_explicit_5,28,1.0,0.005064059514552355,0.14062940329313278,0.16131335496902466,0.12822219015817757,v2.6,rand_init
death_1,28,-0.3,0.0002859005471691489,0.01982893329113722,0.018382973037660122,-0.07865758441329607,v2.6,rand_init
death_1,28,-0.1,2.6346708182245493e-05,0.018790419213473797,0.018382973037660122,-0.022164324289600152,v2.6,rand_init
death_1,28,0.0,0.0,0.018382973037660122,0.018382973037660122,0.0,v2.6,rand_init
death_1,28,0.05,6.4940250013023615e-06,0.01820794679224491,0.018382973037660122,0.009521106572731445,v2.6,rand_init
death_1,28,0.1,2.5672692572697997e-05,0.01803066348657012,0.018382973037660122,0.019164993081817946,v2.6,rand_init
death_1,28,0.2,0.00010150001617148519,0.017755186185240746,0.018382973037660122,0.03415045276589734,v2.6,rand_init
death_1,28,0.3,0.00022105604875832796,0.01751798205077648,0.018382973037660122,0.04705392240480274,v2.6,rand_init
death_1,28,0.5,0.0005798749625682831,0.017178291454911232,0.018382973037660122,0.06553246747851554,v2.6,rand_init
death_1,28,1.0,0.002357893157750368,0.017375314608216286,0.018382973037660122,0.054814769481492755,v2.6,rand_init
death_2,28,-0.3,0.0006968826055526733,0.21963777393102646,0.21047846972942352,-0.04351658491900621,v2.6,rand_init
death_2,28,-0.1,0.00013930654677096754,0.21339379996061325,0.21047846972942352,-0.013850966490479875,v2.6,rand_init
death_2,28,0.0,0.0,0.21047846972942352,0.21047846972942352,0.0,v2.6,rand_init
death_2,28,0.05,0.0001214191725011915,0.2080291360616684,0.21047846972942352,0.011636979644064401,v2.6,rand_init
death_2,28,0.1,0.000127101200632751,0.20729097723960876,0.21047846972942352,0.01514403109217003,v2.6,rand_init
death_2,28,0.2,0.000246768060605973,0.20431272685527802,0.21047846972942352,0.029293936249497433,v2.6,rand_init
death_2,28,0.3,0.00047772732796147466,0.20097213238477707,0.21047846972942352,0.0451653670651784,v2.6,rand_init
death_2,28,0.5,0.0013279729173518717,0.19337771087884903,0.21047846972942352,0.08124706946300987,v2.6,rand_init
death_2,28,1.0,0.00604986515827477,0.1757628694176674,0.21047846972942352,0.1649365864184783,v2.6,rand_init
death_3,28,-0.3,0.00024117002612911165,0.11880137398838997,0.11655199527740479,-0.01929935824463107,v2.6,rand_init
death_3,28,-0.1,4.0152823203243315e-05,0.1175125353038311,0.11655199527740479,-0.008241300581256794,v2.6,rand_init
death_3,28,0.0,0.0,0.11655199527740479,0.11655199527740479,0.0,v2.6,rand_init
death_3,28,0.05,1.892623731691856e-05,0.11620135977864265,0.11655199527740479,0.003008404085469194,v2.6,rand_init
death_3,28,0.1,2.8859954909421504e-05,0.11510300636291504,0.11655199527740479,0.012432124486938343,v2.6,rand_init
death_3,28,0.2,9.077061258722097e-05,0.11516827717423439,0.11655199527740479,0.011872109952961464,v2.6,rand_init
death_3,28,0.3,0.00018518294382374734,0.11280470713973045,0.11655199527740479,0.03215121396039108,v2.6,rand_init
death_3,28,0.5,0.0005939383408986032,0.11137427017092705,0.11655199527740479,0.0444241653191287,v2.6,rand_init
death_3,28,1.0,0.0031908192904666066,0.10529662668704987,0.11655199527740479,0.09656950585501411,v2.6,rand_init
death_4,28,-0.3,0.0019034706056118011,0.213455468416214,0.18689978122711182,-0.14208517000259593,v2.6,rand_init
death_4,28,-0.1,0.0002697064192034304,0.19604767113924026,0.18689978122711182,-0.04894542867876535,v2.6,rand_init
death_4,28,0.0,0.0,0.18689978122711182,0.18689978122711182,0.0,v2.6,rand_init
death_4,28,0.05,7.901570643298328e-05,0.18170785903930664,0.18689978122711182,0.027779177448561034,v2.6,rand_init
death_4,28,0.1,0.00024532590759918094,0.1771499067544937,0.18689978122711182,0.052166323623303305,v2.6,rand_init
death_4,28,0.2,0.0009224747191183269,0.16828788071870804,0.18689978122711182,0.09958224876564982,v2.6,rand_init
death_4,28,0.3,0.002221288741566241,0.15808795392513275,0.18689978122711182,0.15415655980339693,v2.6,rand_init
death_4,28,0.5,0.006146816303953528,0.14028334617614746,0.18689978122711182,0.24941942010257495,v2.6,rand_init
death_4,28,1.0,0.02774676401168108,0.09575098007917404,0.18689978122711182,0.48768811043806437,v2.6,rand_init
death_5,28,-0.3,0.0006794644286856055,0.26668526977300644,0.252194419503212,-0.0574590440912191,v2.6,rand_init
death_5,28,-0.1,0.0001321959716733545,0.25720009207725525,0.252194419503212,-0.019848466845157616,v2.6,rand_init
death_5,28,0.0,0.0,0.252194419503212,0.252194419503212,0.0,v2.6,rand_init
death_5,28,0.05,4.4088708818890154e-05,0.25078488886356354,0.252194419503212,0.005589063558285775,v2.6,rand_init
death_5,28,0.1,9.195534948958084e-05,0.24750374257564545,0.252194419503212,0.01859944774672854,v2.6,rand_init
death_5,28,0.2,0.00029917157371528447,0.2426014393568039,0.252194419503212,0.038038034962490135,v2.6,rand_init
death_5,28,0.3,0.0006541734910570085,0.23716309666633606,0.252194419503212,0.059602123102031904,v2.6,rand_init
death_5,28,0.5,0.0017138239927589893,0.22863558679819107,0.252194419503212,0.09341536086099184,v2.6,rand_init
death_5,28,1.0,0.008414092008024454,0.20259133726358414,0.252194419503212,0.19668588360257547,v2.6,rand_init
power_1,28,-0.3,0.0007304938044399023,0.18861165642738342,0.17924155294895172,-0.05227640200763225,v2.6,rand_init
power_1,28,-0.1,0.00010573328472673893,0.18327999114990234,0.17924155294895172,-0.02253070303458471,v2.6,rand_init
power_1,28,0.0,0.0,0.17924155294895172,0.17924155294895172,0.0,v2.6,rand_init
power_1,28,0.05,2.9979411920066923e-05,0.17741679400205612,0.17924155294895172,0.01018044597847963,v2.6,rand_init
power_1,28,0.1,8.973816875368357e-05,0.17536671459674835,0.17924155294895172,0.021617969095073224,v2.6,rand_init
power_1,28,0.2,0.00034803198650479317,0.1722429245710373,0.17924155294895172,0.03904579190913197,v2.6,rand_init
power_1,28,0.3,0.0007704180898144841,0.16850074380636215,0.17924155294895172,0.0599236559038772,v2.6,rand_init
power_1,28,0.5,0.0022695185616612434,0.16260383278131485,0.17924155294895172,0.09282289677759778,v2.6,rand_init
power_1,28,1.0,0.009938037488609552,0.14693336933851242,0.17924155294895172,0.1802494068975218,v2.6,rand_init
power_2,28,-0.3,0.0003449717187322676,0.1041833907365799,0.09640064463019371,-0.08073334090494812,v2.6,rand_init
power_2,28,-0.1,6.631508585996926e-05,0.10002617910504341,0.09640064463019371,-0.03760902729185843,v2.6,rand_init
power_2,28,0.0,0.0,0.09640064463019371,0.09640064463019371,0.0,v2.6,rand_init
power_2,28,0.05,2.3780585252097808e-05,0.0956602394580841,0.09640064463019371,0.007680500218125109,v2.6,rand_init
power_2,28,0.1,3.720585664268583e-05,0.0947621762752533,0.09640064463019371,0.01699644604271898,v2.6,rand_init
power_2,28,0.2,0.00016235242947004735,0.09132527932524681,0.09640064463019371,0.05264866562269067,v2.6,rand_init
power_2,28,0.3,0.0003519284655340016,0.08919897302985191,0.09640064463019371,0.0747056373737791,v2.6,rand_init
power_2,28,0.5,0.0010466092498973012,0.08379517495632172,0.09640064463019371,0.13076125914124673,v2.6,rand_init
power_2,28,1.0,0.004498388152569532,0.07067942433059216,0.09640064463019371,0.2668158537556646,v2.6,rand_init
power_3,28,-0.3,0.003078082576394081,0.29020997881889343,0.24881026148796082,-0.16639071509088793,v2.6,rand_init
power_3,28,-0.1,0.00042693992145359516,0.26380570232868195,0.24881026148796082,-0.060268578759749884,v2.6,rand_init
power_3,28,0.0,0.0,0.24881026148796082,0.24881026148796082,0.0,v2.6,rand_init
power_3,28,0.05,0.00011739414185285568,0.24136722832918167,0.24881026148796082,0.02991449433904996,v2.6,rand_init
power_3,28,0.1,0.0004244924057275057,0.23422397673130035,0.24881026148796082,0.058624128560574855,v2.6,rand_init
power_3,28,0.2,0.0016774307005107403,0.2193824201822281,0.24881026148796082,0.11827422683351287,v2.6,rand_init
power_3,28,0.3,0.004171825014054775,0.20268230140209198,0.24881026148796082,0.18539412245302764,v2.6,rand_init
power_3,28,0.5,0.012444611638784409,0.1726154386997223,0.24881026148796082,0.30623665733306327,v2.6,rand_init
power_3,28,1.0,0.05912325903773308,0.10431436449289322,0.24881026148796082,0.5807473378748059,v2.6,rand_init
power_4,28,-0.3,0.0028950897976756096,0.13082389160990715,0.12174111604690552,-0.07460729667947301,v2.6,rand_init
power_4,28,-0.1,0.00022180366795510054,0.1256067156791687,0.12174111604690552,-0.03175262193894962,v2.6,rand_init
power_4,28,0.0,0.0,0.12174111604690552,0.12174111604690552,0.0,v2.6,rand_init
power_4,28,0.05,6.221639341674745e-05,0.12098081037402153,0.12174111604690552,0.0062452661645639096,v2.6,rand_init
power_4,28,0.1,0.000144191988511011,0.11902923136949539,0.12174111604690552,0.02227583223703376,v2.6,rand_init
power_4,28,0.2,0.00033595475542824715,0.11750534921884537,0.12174111604690552,0.03479323145376913,v2.6,rand_init
power_4,28,0.3,0.0005803804087918252,0.11513670906424522,0.12174111604690552,0.05424960109709926,v2.6,rand_init
power_4,28,0.5,0.0015951882232911885,0.10992259904742241,0.12174111604690552,0.09707909195550304,v2.6,rand_init
power_4,28,1.0,0.00678618554957211,0.09785930812358856,0.12174111604690552,0.1961687940672037,v2.6,rand_init
power_5,28,-0.3,0.0005127334734424949,0.32258524000644684,0.3084346354007721,-0.045878779428541835,v2.6,rand_init
power_5,28,-0.1,5.977522050670814e-05,0.31318916380405426,0.3084346354007721,-0.015415027553907014,v2.6,rand_init
power_5,28,0.0,0.0,0.3084346354007721,0.3084346354007721,0.0,v2.6,rand_init
power_5,28,0.05,1.8008417100645602e-05,0.3065107613801956,0.3084346354007721,0.006237542090811702,v2.6,rand_init
power_5,28,0.1,8.343177614733577e-05,0.3027835488319397,0.3084346354007721,0.0183218287449771,v2.6,rand_init
power_5,28,0.2,0.00024076906265690923,0.29868975281715393,0.3084346354007721,0.03159464426216567,v2.6,rand_init
power_5,28,0.3,0.0005860116798430681,0.29228587448596954,0.3084346354007721,0.052357157923652975,v2.6,rand_init
power_5,28,0.5,0.0015600125771015882,0.28159719705581665,0.3084346354007721,0.08701175310640312,v2.6,rand_init
power_5,28,1.0,0.0074219536036252975,0.24733831733465195,0.3084346354007721,0.19808514042767328,v2.6,rand_init
profanity_1,28,-0.3,0.0005143142770975828,0.17713910341262817,0.16568520665168762,-0.06913047333803042,v2.6,rand_init
profanity_1,28,-0.1,0.00010610694880597293,0.17077941447496414,0.16568520665168762,-0.030746304550809043,v2.6,rand_init
profanity_1,28,0.0,0.0,0.16568520665168762,0.16568520665168762,0.0,v2.6,rand_init
profanity_1,28,0.05,3.331928746774793e-05,0.1642029583454132,0.16568520665168762,0.008946171696489938,v2.6,rand_init
profanity_1,28,0.1,9.647657861933112e-05,0.16228453814983368,0.16568520665168762,0.020524877088170048,v2.6,rand_init
profanity_1,28,0.2,0.0002324283414054662,0.15869610011577606,0.16568520665168762,0.04218304504761512,v2.6,rand_init
profanity_1,28,0.3,0.0006258114008232951,0.15458882600069046,0.16568520665168762,0.06697266989155268,v2.6,rand_init
profanity_1,28,0.5,0.001714420272037387,0.14652306586503983,0.16568520665168762,0.11565390280697468,v2.6,rand_init
profanity_1,28,1.0,0.008193282876163721,0.12582679092884064,0.16568520665168762,0.2405671364893759,v2.6,rand_init
profanity_2,28,-0.3,0.0002866339636966586,0.31299272179603577,0.30333317816257477,-0.031844665631281056,v2.6,rand_init
profanity_2,28,-0.1,4.250027996022254e-05,0.30695973336696625,0.30333317816257477,-0.01195568261394666,v2.6,rand_init
profanity_2,28,0.0,0.0,0.30333317816257477,0.30333317816257477,0.0,v2.6,rand_init
profanity_2,28,0.05,1.545362829347141e-05,0.3012537360191345,0.30333317816257477,0.006855307276429044,v2.6,rand_init
profanity_2,28,0.1,5.4567906772717834e-05,0.29827287793159485,0.30333317816257477,0.01668231698765176,v2.6,rand_init
profanity_2,28,0.2,0.0001435116573702544,0.29588615894317627,0.30333317816257477,0.024550625370124157,v2.6,rand_init
profanity_2,28,0.3,0.00031001151364762336,0.2932378947734833,0.30333317816257477,0.033281171055019945,v2.6,rand_init
profanity_2,28,0.5,0.0009351877961307764,0.28447891771793365,0.30333317816257477,0.062156934361251984,v2.6,rand_init
profanity_2,28,1.0,0.004533554892987013,0.26407016813755035,0.30333317816257477,0.12943856080254093,v2.6,rand_init
profanity_3,28,-0.3,0.00026639713905751705,0.11189663410186768,0.10571766272187233,-0.05844786217276969,v2.6,rand_init
profanity_3,28,-0.1,4.4279484427534044e-05,0.10766095295548439,0.10571766272187233,-0.018381887979538217,v2.6,rand_init
profanity_3,28,0.0,0.0,0.10571766272187233,0.10571766272187233,0.0,v2.6,rand_init
profanity_3,28,0.05,2.9082948458380997e-05,0.10480743274092674,0.10571766272187233,0.008610008559688543,v2.6,rand_init
profanity_3,28,0.1,4.802314651897177e-05,0.10396558791399002,0.10571766272187233,0.016573151191317585,v2.6,rand_init
profanity_3,28,0.2,0.00013519688218366355,0.1019076406955719,0.10571766272187233,0.03603959762451464,v2.6,rand_init
profanity_3,28,0.3,0.000251481935265474,0.10005028545856476,0.10571766272187233,0.05360861295446542,v2.6,rand_init
profanity_3,28,0.5,0.0007533939206041396,0.09668595716357231,0.10571766272187233,0.08543232347144404,v2.6,rand_init
profanity_3,28,1.0,0.0033989838557317853,0.0875253714621067,0.10571766272187233,0.17208374448862795,v2.6,rand_init
profanity_4,28,-0.3,0.00031429840601049364,0.37431037425994873,0.36428962647914886,-0.02750763967025405,v2.6,rand_init
profanity_4,28,-0.1,4.876677121501416e-05,0.36743517220020294,0.36428962647914886,-0.008634738659609132,v2.6,rand_init
profanity_4,28,0.0,0.0,0.36428962647914886,0.36428962647914886,0.0,v2.6,rand_init
profanity_4,28,0.05,3.3956959669012576e-05,0.3628740608692169,0.36428962647914886,0.0038858246489568093,v2.6,rand_init
profanity_4,28,0.1,6.83198741171509e-05,0.36026935279369354,0.36428962647914886,0.011035926892322403,v2.6,rand_init
profanity_4,28,0.2,0.00017794000450521708,0.35910412669181824,0.36428962647914886,0.01423455242864961,v2.6,rand_init
profanity_4,28,0.3,0.00035759981255978346,0.3559548705816269,0.36428962647914886,0.022879476360820928,v2.6,rand_init
profanity_4,28,0.5,0.0009977546287700534,0.3478845953941345,0.36428962647914886,0.0450329350400905,v2.6,rand_init
profanity_4,28,1.0,0.004417493473738432,0.3278193771839142,0.36428962647914886,0.10011333467746207,v2.6,rand_init
profanity_5,28,-0.3,0.0003857015981338918,0.2122103050351143,0.2031307891011238,-0.04469788146921665,v2.6,rand_init
profanity_5,28,-0.1,6.182296783663332e-05,0.20675485581159592,0.2031307891011238,-0.01784105071667866,v2.6,rand_init
profanity_5,28,0.0,0.0,0.2031307891011238,0.2031307891011238,0.0,v2.6,rand_init
profanity_5,28,0.05,2.6520761821302585e-05,0.2038392499089241,0.2031307891011238,-0.0034877076534547535,v2.6,rand_init
profanity_5,28,0.1,3.5451550502330065e-05,0.20197521895170212,0.2031307891011238,0.0056887986037725624,v2.6,rand_init
profanity_5,28,0.2,0.00013243523426353931,0.1976230889558792,0.2031307891011238,0.027114058728451657,v2.6,rand_init
profanity_5,28,0.3,0.0002338453195989132,0.1977669671177864,0.2031307891011238,0.026405755656603844,v2.6,rand_init
profanity_5,28,0.5,0.0007451506098732352,0.19002094864845276,0.2031307891011238,0.06453891362645488,v2.6,rand_init
profanity_5,28,1.0,0.0032046810956671834,0.17612166702747345,0.2031307891011238,0.13296419608848423,v2.6,rand_init
substance_1,28,-0.3,0.0011965010780841112,0.18743877112865448,0.16761835664510727,-0.11824727840228329,v2.6,rand_init
substance_1,28,-0.1,0.0001841120538301766,0.17462948709726334,0.16761835664510727,-0.041827939328867775,v2.6,rand_init
substance_1,28,0.0,0.0,0.16761835664510727,0.16761835664510727,0.0,v2.6,rand_init
substance_1,28,0.05,5.911262996960431e-05,0.1639273464679718,0.16761835664510727,0.022020321944513033,v2.6,rand_init
substance_1,28,0.1,0.00014976202510297298,0.16160107403993607,0.16761835664510727,0.03589870898156695,v2.6,rand_init
substance_1,28,0.2,0.0006580661865882576,0.1536952331662178,0.16761835664510727,0.08306443135204117,v2.6,rand_init
substance_1,28,0.3,0.001289017265662551,0.14866669476032257,0.16761835664510727,0.11306435801008607,v2.6,rand_init
substance_1,28,0.5,0.0038239930290728807,0.13453582674264908,0.16761835664510727,0.19736817950376834,v2.6,rand_init
substance_1,28,1.0,0.016602156683802605,0.10247455537319183,0.16761835664510727,0.3886435983252253,v2.6,rand_init
substance_2,28,-0.3,0.0037954063154757023,0.264274463057518,0.24249641597270966,-0.08980770704363414,v2.6,rand_init
substance_2,28,-0.1,0.00028886416112072766,0.25034888088703156,0.24249641597270966,-0.032381777202041655,v2.6,rand_init
substance_2,28,0.0,0.0,0.24249641597270966,0.24249641597270966,0.0,v2.6,rand_init
substance_2,28,0.05,7.769458170514554e-05,0.23988618701696396,0.24249641597270966,0.010763989831666007,v2.6,rand_init
substance_2,28,0.1,0.00014501070836558938,0.23863535374403,0.24249641597270966,0.01592214141884133,v2.6,rand_init
substance_2,28,0.2,0.00041612997301854193,0.2319992408156395,0.24249641597270966,0.04328796000948527,v2.6,rand_init
substance_2,28,0.3,0.0009641486103646457,0.22460614144802094,0.24249641597270966,0.0737754183002114,v2.6,rand_init
substance_2,28,0.5,0.002632554154843092,0.21195462346076965,0.24249641597270966,0.12594739757051565,v2.6,rand_init
substance_2,28,1.0,0.011699484661221504,0.17790084332227707,0.24249641597270966,0.26637743238936,v2.6,rand_init
substance_3,28,-0.3,0.00254294608021155,0.21855870634317398,0.20006880909204483,-0.09241769036882995,v2.6,rand_init
substance_3,28,-0.1,0.00022339433780871332,0.20353983342647552,0.20006880909204483,-0.017349152774902534,v2.6,rand_init
substance_3,28,0.0,0.0,0.20006880909204483,0.20006880909204483,0.0,v2.6,rand_init
substance_3,28,0.05,0.00010875123552978039,0.19738197326660156,0.20006880909204483,0.013429558748496105,v2.6,rand_init
substance_3,28,0.1,0.0002011556935030967,0.1930665597319603,0.20006880909204483,0.03499920548266491,v2.6,rand_init
substance_3,28,0.2,0.0005455993523355573,0.18724479526281357,0.20006880909204483,0.0640980165145651,v2.6,rand_init
substance_3,28,0.3,0.0011589520727284253,0.18125783652067184,0.20006880909204483,0.09402251483747624,v2.6,rand_init
substance_3,28,0.5,0.003002177574671805,0.16964102536439896,0.20006880909204483,0.15208659393602472,v2.6,rand_init
substance_3,28,1.0,0.011648742482066154,0.14129484444856644,0.20006880909204483,0.29376875341142505,v2.6,rand_init
substance_4,28,-0.3,0.0006225318065844476,0.21790174394845963,0.21658644080162048,-0.006072878532797335,v2.6,rand_init
substance_4,28,-0.1,9.045260958373547e-05,0.21695749461650848,0.21658644080162048,-0.0017131904172517538,v2.6,rand_init
substance_4,28,0.0,0.0,0.21658644080162048,0.21658644080162048,0.0,v2.6,rand_init
substance_4,28,0.05,3.495687269605696e-05,0.2165069729089737,0.21658644080162048,0.0003669107463637446,v2.6,rand_init
substance_4,28,0.1,6.764482532162219e-05,0.21607612818479538,0.21658644080162048,0.0023561614242163845,v2.6,rand_init
substance_4,28,0.2,0.0002537445107009262,0.2163597121834755,0.21658644080162048,0.0010468273882050544,v2.6,rand_init
substance_4,28,0.3,0.0005897450027987361,0.2164093628525734,0.21658644080162048,0.0008175855718007798,v2.6,rand_init
substance_4,28,0.5,0.0016778435092419386,0.2159033641219139,0.21658644080162048,0.003153829377214932,v2.6,rand_init
substance_4,28,1.0,0.007419168017804623,0.21808972209692,0.21658644080162048,-0.006940791352107036,v2.6,rand_init
substance_5,28,-0.3,0.0007724484894424677,0.15598947554826736,0.1480003148317337,-0.0539807008222705,v2.6,rand_init
substance_5,28,-0.1,0.00016427254013251513,0.1499471291899681,0.1480003148317337,-0.013154123087155599,v2.6,rand_init
substance_5,28,0.0,0.0,0.1480003148317337,0.1480003148317337,0.0,v2.6,rand_init
substance_5,28,0.05,8.802299271337688e-05,0.14558793604373932,0.1480003148317337,0.016299822001980845,v2.6,rand_init
substance_5,28,0.1,0.0001664642186369747,0.14438235759735107,0.1480003148317337,0.02444560498736777,v2.6,rand_init
substance_5,28,0.2,0.00042150577064603567,0.14143047481775284,0.1480003148317337,0.044390716475504306,v2.6,rand_init
substance_5,28,0.3,0.0008247388759627938,0.13861463218927383,0.1480003148317337,0.06341663970871111,v2.6,rand_init
substance_5,28,0.5,0.0023779147304594517,0.1330098733305931,0.1480003148317337,0.10128655143864868,v2.6,rand_init
substance_5,28,1.0,0.010545869823545218,0.12011278420686722,0.1480003148317337,0.18842886014514706,v2.6,rand_init
neutral_1,28,-0.3,0.0035114865750074387,0.2498049959540367,0.2049248069524765,-0.2190080823741766,v2.6,rand_init
neutral_1,28,-0.1,0.0005106547614559531,0.2216729000210762,0.2049248069524765,-0.08172799241667067,v2.6,rand_init
neutral_1,28,0.0,0.0,0.2049248069524765,0.2049248069524765,0.0,v2.6,rand_init
neutral_1,28,0.05,9.82239143922925e-05,0.19836951047182083,0.2049248069524765,0.03198878934250205,v2.6,rand_init
neutral_1,28,0.1,0.0005308157997205853,0.1890144795179367,0.2049248069524765,0.07763983126859557,v2.6,rand_init
neutral_1,28,0.2,0.0016192591283470392,0.1771390363574028,0.2049248069524765,0.1355900781769062,v2.6,rand_init
neutral_1,28,0.3,0.0038865499664098024,0.16302521154284477,0.2049248069524765,0.20446326646704388,v2.6,rand_init
neutral_1,28,0.5,0.010954040102660656,0.13732543215155602,0.2049248069524765,0.3298740440760657,v2.6,rand_init
neutral_1,28,1.0,0.04768059775233269,0.08200712315738201,0.2049248069524765,0.5998184681642763,v2.6,rand_init
neutral_2,28,-0.3,0.0023216461995616555,0.2574407830834389,0.22270064055919647,-0.1559948028753337,v2.6,rand_init
neutral_2,28,-0.1,0.0003329933388158679,0.23573967814445496,0.22270064055919647,-0.05854961868325903,v2.6,rand_init
neutral_2,28,0.0,0.0,0.22270064055919647,0.22270064055919647,0.0,v2.6,rand_init
neutral_2,28,0.05,0.0001078246277756989,0.2157144844532013,0.22270064055919647,0.031370166194641794,v2.6,rand_init
neutral_2,28,0.1,0.00047267944319173694,0.2084451988339424,0.22270064055919647,0.06401167814092926,v2.6,rand_init
neutral_2,28,0.2,0.0015633755829185247,0.19623634219169617,0.22270064055919647,0.11883350807186287,v2.6,rand_init
neutral_2,28,0.3,0.0035859846975654364,0.18271520733833313,0.22270064055919647,0.17954790395061634,v2.6,rand_init
neutral_2,28,0.5,0.01013678452000022,0.15797074884176254,0.22270064055919647,0.2906587585688958,v2.6,rand_init
neutral_2,28,1.0,0.04117516428232193,0.10546152293682098,0.22270064055919647,0.5264426601018776,v2.6,rand_init
neutral_3,28,-0.3,0.0003403887967579067,0.11233887821435928,0.10543850436806679,-0.06544453459055656,v2.6,rand_init
neutral_3,28,-0.1,4.199141403660178e-05,0.10751911252737045,0.10543850436806679,-0.01973290660535773,v2.6,rand_init
neutral_3,28,0.0,0.0,0.10543850436806679,0.10543850436806679,0.0,v2.6,rand_init
neutral_3,28,0.05,3.7516874726861715e-05,0.1032414399087429,0.10543850436806679,0.020837401597184342,v2.6,rand_init
neutral_3,28,0.1,9.319151286035776e-05,0.1024864912033081,0.10543850436806679,0.027997487089287013,v2.6,rand_init
neutral_3,28,0.2,0.00027614744612947106,0.09968890994787216,0.10543850436806679,0.05453031086370335,v2.6,rand_init
neutral_3,28,0.3,0.000542299123480916,0.09703508391976357,0.10543850436806679,0.07969973112448939,v2.6,rand_init
neutral_3,28,0.5,0.0013960658106952906,0.09284249320626259,0.10543850436806679,0.11946310541198306,v2.6,rand_init
neutral_3,28,1.0,0.005667842458933592,0.08187730237841606,0.10543850436806679,0.2234591824956358,v2.6,rand_init
neutral_4,28,-0.3,0.0005711954145226628,0.12476065009832382,0.11615756154060364,-0.07406395626437903,v2.6,rand_init
neutral_4,28,-0.1,0.00014677701983600855,0.1202581487596035,0.11615756154060364,-0.03530193957770433,v2.6,rand_init
neutral_4,28,0.0,0.0,0.11615756154060364,0.11615756154060364,0.0,v2.6,rand_init
neutral_4,28,0.05,3.449390715104528e-05,0.11488062888383865,0.11615756154060364,0.010993108324838793,v2.6,rand_init
neutral_4,28,0.1,6.522321200463921e-05,0.11371549591422081,0.11615756154060364,0.021023733573549475,v2.6,rand_init
neutral_4,28,0.2,0.00019653823983389884,0.11139050871133804,0.11615756154060364,0.041039539450036064,v2.6,rand_init
neutral_4,28,0.3,0.0003790742775890976,0.1105424128472805,0.11615756154060364,0.04834079347783419,v2.6,rand_init
neutral_4,28,0.5,0.0011491089244373143,0.10541797429323196,0.11615756154060364,0.09245706525629484,v2.6,rand_init
neutral_4,28,1.0,0.005187928210943937,0.09490881860256195,0.11615756154060364,0.1829303461282979,v2.6,rand_init
neutral_5,28,-0.3,0.0005049247993156314,0.089297104626894,0.08555636554956436,-0.04372251033925181,v2.6,rand_init
neutral_5,28,-0.1,0.00011030447785742581,0.08490591868758202,0.08555636554956436,0.007602553682642467,v2.6,rand_init
neutral_5,28,0.0,0.0,0.08555636554956436,0.08555636554956436,0.0,v2.6,rand_init
neutral_5,28,0.05,8.65803740452975e-05,0.08462394401431084,0.08555636554956436,0.010898330349404054,v2.6,rand_init
neutral_5,28,0.1,0.00013538810890167952,0.082978256046772,0.08555636554956436,0.030133462147814268,v2.6,rand_init
neutral_5,28,0.2,0.0003792865900322795,0.08048529177904129,0.08555636554956436,0.059271729671421185,v2.6,rand_init
neutral_5,28,0.3,0.00038240215508267283,0.08026138320565224,0.08555636554956436,0.06188881808969135,v2.6,rand_init
neutral_5,28,0.5,0.0011099567636847496,0.07664896920323372,0.08555636554956436,0.10411143915610144,v2.6,rand_init
neutral_5,28,1.0,0.00441949418745935,0.06851742416620255,0.08555636554956436,0.1991545722391731,v2.6,rand_init
neutral_6,28,-0.3,0.0006547754164785147,0.1869180127978325,0.1767537072300911,-0.05750547316390879,v2.6,rand_init
neutral_6,28,-0.1,9.233775199390948e-05,0.18036410212516785,0.1767537072300911,-0.02042613392191475,v2.6,rand_init
neutral_6,28,0.0,0.0,0.1767537072300911,0.1767537072300911,0.0,v2.6,rand_init
neutral_6,28,0.05,2.3803688236512244e-05,0.17578673362731934,0.1767537072300911,0.00547074014981191,v2.6,rand_init
neutral_6,28,0.1,8.571753278374672e-05,0.1734999716281891,0.1767537072300911,0.018408301884533722,v2.6,rand_init
neutral_6,28,0.2,0.000276004197075963,0.17063511162996292,0.1767537072300911,0.03461650505674104,v2.6,rand_init
neutral_6,28,0.3,0.0005815739277750254,0.16782382130622864,0.1767537072300911,0.05052163297620615,v2.6,rand_init
neutral_6,28,0.5,0.0017564843874424696,0.16098856925964355,0.1767537072300911,0.08919268635155186,v2.6,rand_init
neutral_6,28,1.0,0.007483591558411717,0.1471262127161026,0.1767537072300911,0.16762021559989446,v2.6,rand_init
neutral_7,28,-0.3,0.001983156951609999,0.13435889780521393,0.12658918648958206,-0.061377369829857406,v2.6,rand_init
neutral_7,28,-0.1,0.0001481694052927196,0.12846659868955612,0.12658918648958206,-0.014830747017467925,v2.6,rand_init
neutral_7,28,0.0,0.0,0.12658918648958206,0.12658918648958206,0.0,v2.6,rand_init
neutral_7,28,0.05,7.252040086314082e-05,0.12579575181007385,0.12658918648958206,0.00626779191422884,v2.6,rand_init
neutral_7,28,0.1,0.00015616024029441178,0.12456899136304855,0.12658918648958206,0.01595867058281289,v2.6,rand_init
neutral_7,28,0.2,0.00023111471091397107,0.1229090765118599,0.12658918648958206,0.029071282309133337,v2.6,rand_init
neutral_7,28,0.3,0.0005688844248652458,0.12077800929546356,0.12658918648958206,0.045905794604318303,v2.6,rand_init
neutral_7,28,0.5,0.0009857885888777673,0.11780710890889168,0.12658918648958206,0.06937462688736944,v2.6,rand_init
neutral_7,28,1.0,0.0035947597352787852,0.10961143299937248,0.12658918648958206,0.13411693337334782,v2.6,rand_init
