family,direction,category,position,mean_resist,std_resist,n
deepseek-7b,forward,profanity,0,0.04422761849378975,0.6767667131379966,1000
deepseek-7b,forward,profanity,1,0.19643377379399504,0.8769724094869968,1000
deepseek-7b,forward,profanity,2,0.21646202138198542,0.7523774417742832,1000
deepseek-7b,forward,profanity,3,0.4111961083847825,1.5159609237419007,1000
deepseek-7b,forward,profanity,4,0.36730867538361894,1.8888598770372582,1000
deepseek-7b,forward,profanity,5,0.48678477356902494,2.23354920279043,1000
deepseek-7b,forward,profanity,6,0.26279217762353385,0.7146584006455353,1000
deepseek-7b,forward,profanity,7,0.40875720908230473,1.4290103610527118,1000
deepseek-7b,forward,profanity,8,0.4278438411668615,2.1782256147164145,1000
deepseek-7b,forward,profanity,9,0.5899106396901946,2.5356740974397614,989
pythia,forward,substance,0,0.16063131325582528,0.9909824858398478,3500
pythia,forward,substance,1,0.04675958472739242,0.39938238697506545,3500
pythia,forward,substance,2,0.023645297676521605,0.22863399680335975,3500
pythia,forward,substance,3,0.00936356773463865,0.09812659795392334,3500
pythia,forward,substance,4,0.014461370656884201,0.1441570282839919,3500
pythia,forward,substance,5,0.018334470519429456,0.1646748724586099,3500
pythia,forward,substance,6,0.013227337869037011,0.2175050694664042,3500
pythia,forward,substance,7,0.007364023229266379,0.1593257798359795,3500
pythia,forward,substance,8,0.01357337686654205,0.16364988707398512,3500
pythia,forward,substance,9,0.023466336358325127,0.17025472672213293,3500
pythia,forward,substance,10,0.020455463663216693,0.17337381446199726,3424
pythia,forward,substance,11,0.018743368728399167,0.17022541992207202,771
smol3,forward,power,0,0.0004959266731112563,1.0625400199878148,1000
smol3,forward,power,1,0.30417637169304734,3.736320489016712,1000
smol3,forward,power,2,0.11228331056324513,0.7257363497116653,1000
smol3,forward,power,3,0.3276098698609851,0.8703169843048375,1000
smol3,forward,power,4,0.1358958242110396,0.6911973821111226,1000
smol3,forward,power,5,0.2367884338542697,0.7054314866820292,1000
smol3,forward,power,6,0.2515943560657654,0.8485273101982679,1000
smol3,forward,power,7,0.17492136555469667,0.6476596877714768,1000
smol3,forward,power,8,0.20851003244444344,1.0086831332995825,1000
smol3,forward,power,9,0.3569501576860871,1.1959676699313477,1000
smol3,forward,power,10,0.3302105145493715,0.9887754005997186,801
pythia,reverse,substance,0,0.12632859634592486,0.18768737021619206,1000
pythia,reverse,substance,1,0.07471421171463818,0.08502343859901056,1000
pythia,reverse,substance,2,0.046100423941547564,0.10087586469926671,1000
pythia,reverse,substance,3,0.06464150180414016,0.15677612142080063,1000
pythia,reverse,substance,4,0.10098091199693013,0.16984530015681354,1000
pythia,reverse,substance,5,0.04793461186144879,0.18262937297728307,1000
pythia,reverse,substance,6,-0.012298553277602393,0.19444773050717923,1000
pythia,reverse,substance,7,0.05408169341765255,0.1727423926812374,1000
pythia,reverse,substance,8,0.42215513033373486,1.7515737753145815,1000
pythia,reverse,substance,9,0.10851174704624618,0.2589521653515638,969
pythia,forward,power,0,0.07484216293683067,0.7079622372375375,3500
pythia,forward,power,1,0.019953888232924256,0.31321009059122107,3500
pythia,forward,power,2,0.026715824668798526,0.20841711266489732,3500
pythia,forward,power,3,0.02106288044819922,0.17143468317311886,3500
pythia,forward,power,4,0.020327957294877953,0.19114466499123106,3500
pythia,forward,power,5,0.016826328631157423,0.19567474134236906,3500
pythia,forward,power,6,0.051278990335215165,0.5277358883499262,3500
pythia,forward,power,7,0.027253972895317887,0.31367518220144486,3500
pythia,forward,power,8,0.011607823876879867,0.17076573605246367,3500
pythia,forward,power,9,0.02482048345619184,0.27026984055534986,3469
pythia,forward,power,10,0.03782782249269248,0.266980691052922,2665
pythia,forward,power,11,0.03687906530167088,0.2083946811723072,537
olmo-tiny,reverse,institutional,0,0.935582935479397,1.3248808866689115,7200
olmo-tiny,reverse,institutional,1,1.0414738884035577,1.5648046245582563,7200
olmo-tiny,reverse,institutional,2,0.8174428825327699,1.2655794613142355,7200
olmo-tiny,reverse,institutional,3,1.035203249520657,1.4944276362473812,7200
olmo-tiny,reverse,institutional,4,0.9747855000520862,1.3594125249207394,7200
olmo-tiny,reverse,institutional,5,1.0361690654580562,1.451527709826899,7200
olmo-tiny,reverse,institutional,6,1.067747104305292,1.4852775642828817,7200
olmo-tiny,reverse,institutional,7,0.8615640999191775,1.1912615562005384,7200
olmo-tiny,reverse,institutional,8,0.9515571586611609,1.2906685576338468,7200
olmo-tiny,reverse,institutional,9,0.9355446242602867,1.3458631831664682,7200
olmo,forward,violence_explicit,0,0.06379345286155083,2.2030483578793025,10500
olmo,forward,violence_explicit,1,0.0848145380984687,1.6908065839707302,10500
olmo,forward,violence_explicit,2,0.276795753555943,1.6838790257014244,10500
olmo,forward,violence_explicit,3,0.40860933132328736,1.9854950455496823,10500
olmo,forward,violence_explicit,4,0.4046047161500117,1.878960511239387,10498
olmo,forward,violence_explicit,5,0.5824466828561087,2.1911437554436786,10498
olmo,forward,violence_explicit,6,0.4925214028852839,1.9189425703909104,10498
olmo,forward,violence_explicit,7,0.7995780007040698,2.752291891298125,10490
olmo,forward,violence_explicit,8,0.5700527440292248,2.1200167979145865,10476
olmo,forward,violence_explicit,9,0.8746131458539141,2.839688645320947,10240
olmo,forward,violence_explicit,10,0.8970955821022666,2.714789105111099,9826
falcon-7b-legacy,forward,neutral,0,0.0,1.1232468069589847,1400
falcon-7b-legacy,forward,neutral,1,0.6359290316700729,5.078771850370424,1400
falcon-7b-legacy,forward,neutral,2,0.40732272890744003,1.174628163770449,1400
falcon-7b-legacy,forward,neutral,3,0.31204967327735195,0.9365285614182388,1400
falcon-7b-legacy,forward,neutral,4,0.35315267508983206,0.8461560001926752,1400
falcon-7b-legacy,forward,neutral,5,0.38387658484884785,0.992135928545374,1400
falcon-7b-legacy,forward,neutral,6,0.34661947666184395,0.8819679119103482,1400
falcon-7b-legacy,forward,neutral,7,0.4599039910726137,1.0723751687748238,1400
falcon-7b-legacy,forward,neutral,8,0.5662325371951241,1.222076090707702,1398
falcon-7b-legacy,forward,neutral,9,0.4016373449421892,1.1754185062977467,1398
falcon-7b-legacy,forward,neutral,10,0.4251438695878422,1.2103220859494674,1395
llama,forward,death,0,-0.17281276283033892,1.8926107921822362,17000
llama,forward,death,1,0.8843895035624363,3.5474988450544016,17000
llama,forward,death,2,0.20967072515450963,0.7855221691243098,17000
llama,forward,death,3,0.21631979599244208,0.702913427151756,17000
llama,forward,death,4,0.24966873298990938,0.7556799744877423,17000
llama,forward,death,5,0.3619534071638732,0.9896390651252276,17000
llama,forward,death,6,0.2663365856775979,0.8481430936518591,17000
llama,forward,death,7,0.2136747392691489,0.7062472239994392,17000
llama,forward,death,8,0.21148531576819143,0.7299053229800565,17000
llama,forward,death,9,0.22207829886317876,0.7231210969909506,17000
llama,forward,death,10,0.26686417940802226,0.8274236624684411,15741
minicpm,reverse,violence_liminal,0,1.238407949741049,1.5776154351178286,1000
minicpm,reverse,violence_liminal,1,0.912942002576706,1.5168255696872077,1000
minicpm,reverse,violence_liminal,2,1.046857686178139,2.0633300308716906,1000
minicpm,reverse,violence_liminal,3,1.2506120418884183,2.2181524784551234,1000
minicpm,reverse,violence_liminal,4,1.3630724681782957,2.3492871129769477,1000
minicpm,reverse,violence_liminal,5,1.7521958129758142,2.7902844567589518,1000
minicpm,reverse,violence_liminal,6,1.9721819791439268,3.047804388054125,1000
minicpm,reverse,violence_liminal,7,2.447056619887148,3.038548674813459,1000
minicpm,reverse,violence_liminal,8,1.6696441392794015,2.895206734377432,1000
minicpm,reverse,violence_liminal,9,2.415751631322034,3.673428582061294,1000
qwen3,forward,institutional,0,0.08712056121899185,1.9039944373303186,4800
qwen3,forward,institutional,1,0.8217625441697857,1.5590119648089291,4800
qwen3,forward,institutional,2,0.45463663020367107,1.118961896866191,4800
qwen3,forward,institutional,3,0.32675087705383166,1.0268574064132328,4800
qwen3,forward,institutional,4,0.5165438939359531,1.154611128860377,4800
qwen3,forward,institutional,5,0.4037640800016787,1.1345534700976583,4800
qwen3,forward,institutional,6,0.37652012662080303,1.063392346227437,4800
qwen3,forward,institutional,7,0.3901535443290325,1.0885766170792277,4800
qwen3,forward,institutional,8,0.3399985776792003,1.150160477892379,4800
qwen3,forward,institutional,9,0.3598183946534072,1.147755720840656,4799
qwen3,forward,institutional,10,0.34542151096551826,1.1258581890079855,4339
stablelm,reverse,profanity,0,1.1866885501215558,0.8218664450799514,1000
stablelm,reverse,profanity,1,0.8062123202272801,0.8724699929948764,1000
stablelm,reverse,profanity,2,1.035213142569456,0.8614239580425733,1000
stablelm,reverse,profanity,3,1.0320545783344943,1.2994718464710369,1000
stablelm,reverse,profanity,4,0.983377578053825,1.5935991406292973,1000
stablelm,reverse,profanity,5,1.1909302731517597,1.4291905551097939,1000
stablelm,reverse,profanity,6,0.785946209054681,1.1807433217263905,1000
stablelm,reverse,profanity,7,0.9200505378471778,1.2068946233642162,1000
stablelm,reverse,profanity,8,1.1055825204438279,1.8065396866431767,1000
stablelm,reverse,profanity,9,1.0345555775172706,2.234658936660751,1000
qwen-tiny,forward,institutional,0,-0.016699943600567146,1.1184348815302487,4800
qwen-tiny,forward,institutional,1,0.24452334525547745,1.5440694959767625,4800
qwen-tiny,forward,institutional,2,0.1905182781111122,0.7704371757651641,4800
qwen-tiny,forward,institutional,3,0.09143258980909896,0.5377940825478447,4800
qwen-tiny,forward,institutional,4,0.1272999429034187,0.5156358353834685,4800
qwen-tiny,forward,institutional,5,0.13266852199592316,0.5905563723733253,4800
qwen-tiny,forward,institutional,6,0.11548916256222562,0.5017347566431584,4800
qwen-tiny,forward,institutional,7,0.1670644155892009,0.7226332519683404,4800
qwen-tiny,forward,institutional,8,0.28985223660048914,1.6814450710065472,4800
qwen-tiny,forward,institutional,9,0.2338159515515572,1.3890622674401918,4800
qwen-tiny,forward,institutional,10,0.2016636988325826,0.9430106688981806,4516
zephyr,forward,violence_explicit,0,0.20894755862007944,0.6454033776791384,12500
zephyr,forward,violence_explicit,1,0.06493006101384735,0.32930560629964817,12500
zephyr,forward,violence_explicit,2,0.16107930955757496,0.7958568393340517,12500
zephyr,forward,violence_explicit,3,0.34886524499088434,1.350973654266583,12500
zephyr,forward,violence_explicit,4,0.29862137101461633,1.0220219229537328,12500
zephyr,forward,violence_explicit,5,0.3124021123527359,1.0232307675682455,12500
zephyr,forward,violence_explicit,6,0.18506219259572615,0.7048967517704248,12500
zephyr,forward,violence_explicit,7,0.17693352600214354,0.6767155775592026,12500
zephyr,forward,violence_explicit,8,0.1646841377784699,0.6670622153708067,12500
zephyr,forward,violence_explicit,9,0.163353076313798,0.691694356034948,12500
olmo-think,reverse,institutional,0,1.985268464911324,2.311771180335949,4800
olmo-think,reverse,institutional,1,1.5215794533558546,2.4078393087971146,4800
olmo-think,reverse,institutional,2,0.7533331349126804,1.1869167191950347,4800
olmo-think,reverse,institutional,3,0.6079718729215287,1.08534830418671,4800
olmo-think,reverse,institutional,4,0.4799201520385802,1.008785846458518,4800
olmo-think,reverse,institutional,5,0.6302145461436999,1.1223997073310261,4800
olmo-think,reverse,institutional,6,0.6473208277669544,1.3625968482944668,4800
olmo-think,reverse,institutional,7,0.5501755409013418,1.2655314663426938,4800
olmo-think,reverse,institutional,8,0.5530083906700693,1.2220198045596231,4800
olmo-think,reverse,institutional,9,0.5774084230693715,1.229773956231234,4800
pythia,forward,violence_explicit,0,0.07686038210137157,0.5332731063630645,3500
pythia,forward,violence_explicit,1,0.055779028494941915,0.40085563000021784,3500
pythia,forward,violence_explicit,2,0.01597065323981703,0.15741321548648646,3500
pythia,forward,violence_explicit,3,0.008442118252892447,0.3100667480543235,3500
pythia,forward,violence_explicit,4,0.032777932802295046,0.30762023800403737,3500
pythia,forward,violence_explicit,5,0.01307919950991726,0.15649480056505755,3500
pythia,forward,violence_explicit,6,0.015793178679494903,0.1629135138337915,3498
pythia,forward,violence_explicit,7,0.017536060770873427,0.2380269346478266,3493
pythia,forward,violence_explicit,8,0.01753156618742099,0.1943562596731724,3485
pythia,forward,violence_explicit,9,0.019789769170363593,0.20952707400975995,3472
pythia,forward,violence_explicit,10,0.026511730170814242,0.2521097516778671,3388
zephyr,forward,substance,0,0.3097334477443324,0.7107382786528171,12500
zephyr,forward,substance,1,0.1005406419351218,0.3998920877186768,12500
zephyr,forward,substance,2,0.11177418234420257,0.37871579056582744,12500
zephyr,forward,substance,3,0.11015141382167752,0.43839540727443854,12500
zephyr,forward,substance,4,0.11390379032340238,0.4325222620045258,12500
zephyr,forward,substance,5,0.12416102592962501,0.4682302689277319,12500
zephyr,forward,substance,6,0.16408092985857206,0.5372933804685905,12500
zephyr,forward,substance,7,0.17157084958261254,0.5149881505183617,12500
zephyr,forward,substance,8,0.17629332749694354,0.5502392876425399,12500
zephyr,forward,substance,9,0.15175230063203415,0.5757286543987401,12488
qwen,reverse,power,0,0.988899560478993,1.7134594621842918,500
qwen,reverse,power,1,0.3005944718460325,0.5610159296101679,500
qwen,reverse,power,2,0.34002963301943834,0.5931016737281213,500
qwen,reverse,power,3,0.31297588277670346,0.7130473066816582,500
qwen,reverse,power,4,0.4812796657462651,1.195411064065058,500
qwen,reverse,power,5,0.4936093916200781,1.0485666914121987,500
qwen,reverse,power,6,0.5459944806894921,1.6884941007120364,500
qwen,reverse,power,7,0.41117632454900316,1.18951532708313,500
qwen,reverse,power,8,0.7424441462247839,2.303524256422615,500
qwen,reverse,power,9,0.756385490917389,2.5174885575109287,496
tulu-sft-nowildchat,reverse,institutional,0,0.47182876511065736,0.8906292464965616,2400
tulu-sft-nowildchat,reverse,institutional,1,0.3874182531079247,0.6454483132890145,2400
tulu-sft-nowildchat,reverse,institutional,2,0.2758348363603048,0.5860524282721364,2400
tulu-sft-nowildchat,reverse,institutional,3,0.4343528466450554,0.5832611916335674,2400
tulu-sft-nowildchat,reverse,institutional,4,0.2690262406101681,0.5362354255104057,2400
tulu-sft-nowildchat,reverse,institutional,5,0.361541810704858,0.7718230410938611,2400
tulu-sft-nowildchat,reverse,institutional,6,0.3480709008720791,0.5503826022991013,2400
tulu-sft-nowildchat,reverse,institutional,7,0.30245878162775625,0.5294393627586726,2400
tulu-sft-nowildchat,reverse,institutional,8,0.3241678442723748,0.642517217372249,2400
tulu-sft-nowildchat,reverse,institutional,9,0.2943535771191049,0.6683155674729245,2400
amber,reverse,neutral,0,11.654826999342102,5.034008237913544,1400
amber,reverse,neutral,1,5.3662772088918365,5.546392051520781,1400
amber,reverse,neutral,2,4.065999579453372,4.892172394013582,1400
amber,reverse,neutral,3,3.831493702577844,4.354100523459093,1400
amber,reverse,neutral,4,3.7799945213645554,4.809760311524554,1400
amber,reverse,neutral,5,3.9948466603071755,4.466737049411401,1400
amber,reverse,neutral,6,2.914973365834136,3.8162429951308607,1400
amber,reverse,neutral,7,2.5725998487050763,3.8918051977220482,1400
amber,reverse,neutral,8,2.327388746035771,3.7430216585296407,1393
amber,reverse,neutral,9,1.6968470595546625,3.0501800445384624,1278
zephyr,forward,institutional,0,0.2828916018733499,0.842611980139637,60000
zephyr,forward,institutional,1,0.18147863414078005,0.6169236979929377,60000
zephyr,forward,institutional,2,0.13595167467187028,0.5250115142887066,60000
zephyr,forward,institutional,3,0.13586101304396359,0.5104601984721365,60000
zephyr,forward,institutional,4,0.1220674805132009,0.5010360779373997,60000
zephyr,forward,institutional,5,0.15295879424034006,0.577375245064421,60000
zephyr,forward,institutional,6,0.11955082037178191,0.4764195053392204,60000
zephyr,forward,institutional,7,0.1226006409137749,0.48272893589238214,60000
zephyr,forward,institutional,8,0.13983099814407232,0.5610466977407068,60000
zephyr,forward,institutional,9,0.1652550889659684,0.6426445491612167,60000
tulu,reverse,violence_explicit,0,0.30423661420279824,0.42599176544069417,1500
tulu,reverse,violence_explicit,1,0.14899180508340107,0.4054568414460257,1500
tulu,reverse,violence_explicit,2,0.39438917856667466,0.7769696094126695,1500
tulu,reverse,violence_explicit,3,0.33722082017889543,0.7147344161080169,1500
tulu,reverse,violence_explicit,4,0.4427578603145426,0.684690969969413,1500
tulu,reverse,violence_explicit,5,0.7063874236855087,1.2971107608853831,1500
tulu,reverse,violence_explicit,6,0.6107820899607292,1.264846452436117,1500
tulu,reverse,violence_explicit,7,0.3971039293417877,0.8128969974119894,1500
tulu,reverse,violence_explicit,8,0.43501370674368917,0.963004039061962,1500
tulu,reverse,violence_explicit,9,0.33133368014822784,0.7425938480295702,1500
olmo,forward,institutional,0,0.3454772565152058,2.1233560799306432,50400
olmo,forward,institutional,1,0.6806247486286124,2.0399050444332625,50400
olmo,forward,institutional,2,0.35510669556335817,1.182075232917942,50400
olmo,forward,institutional,3,0.5208055257169253,1.5025672773804664,50400
olmo,forward,institutional,4,0.46416047424364754,1.2323436710166322,50400
olmo,forward,institutional,5,0.31444249084353665,1.2071634656610748,50400
olmo,forward,institutional,6,0.33214400481523576,1.0181043831565542,50400
olmo,forward,institutional,7,0.35257963958974897,1.080206860911183,50378
olmo,forward,institutional,8,0.2985924736074116,0.9686548494873031,50316
olmo,forward,institutional,9,0.306858234926162,1.0564378958797274,50104
olmo,forward,institutional,10,0.3406383489967358,1.131520426607478,38177
qwen3,reverse,violence_explicit,0,1.0714406662996794,1.0933670877336177,500
qwen3,reverse,violence_explicit,1,0.6413256327640194,0.6478666958609977,500
qwen3,reverse,violence_explicit,2,1.0960764897926591,1.8564584606712726,500
qwen3,reverse,violence_explicit,3,1.0915415702597986,1.9380515526167341,500
qwen3,reverse,violence_explicit,4,1.1667784930453067,2.8302786165636022,500
qwen3,reverse,violence_explicit,5,1.4741183027503528,3.363582702778731,500
qwen3,reverse,violence_explicit,6,1.345605526681435,2.313976502153112,500
qwen3,reverse,violence_explicit,7,1.289407540376756,2.201359885986335,500
qwen3,reverse,violence_explicit,8,1.3135187520212908,2.0251053635708587,500
qwen3,reverse,violence_explicit,9,1.1743906381066318,2.0141922411580624,500
falcon3-1b,reverse,violence_explicit,0,0.2171641147431664,0.47563548988175114,500
falcon3-1b,reverse,violence_explicit,1,0.08158964437737715,0.2204925438864806,500
falcon3-1b,reverse,violence_explicit,2,0.6906551575245568,0.7953844465028815,500
falcon3-1b,reverse,violence_explicit,3,2.315943890536937,2.8524762985013385,500
falcon3-1b,reverse,violence_explicit,4,0.9458420668773281,1.5143247520067666,500
falcon3-1b,reverse,violence_explicit,5,2.292014164886206,3.140896756615856,500
falcon3-1b,reverse,violence_explicit,6,1.2970259865777174,2.603549085941071,500
falcon3-1b,reverse,violence_explicit,7,1.1213727201596069,2.405408401838358,500
falcon3-1b,reverse,violence_explicit,8,1.0310820529372968,1.6931075080439908,500
falcon3-1b,reverse,violence_explicit,9,0.9270753333910812,1.6291315136032118,500
llama,reverse,institutional,0,0.7871561868508788,1.602452928112116,2400
llama,reverse,institutional,1,0.6392102697115152,0.8668023162301681,2400
llama,reverse,institutional,2,0.9378078580948986,1.6695299788141982,2400
llama,reverse,institutional,3,0.8523865577612059,1.1788810196571593,2400
llama,reverse,institutional,4,0.604733526147544,1.1113698756808557,2400
llama,reverse,institutional,5,0.6621692592067707,0.9094422935858597,2400
llama,reverse,institutional,6,0.5893324114346147,0.9474352293582564,2400
llama,reverse,institutional,7,0.5539431962568288,1.0040537818680073,2400
llama,reverse,institutional,8,0.5544984154506115,0.9912305827570459,2400
llama,reverse,institutional,9,0.7016528545863427,1.3585366455657568,2397
olmo-hybrid,reverse,neutral,0,0.9187253203619218,1.2260685717378412,1400
olmo-hybrid,reverse,neutral,1,0.4992674477025097,0.7373224707097659,1400
olmo-hybrid,reverse,neutral,2,0.41773579412428885,1.0556495408666628,1400
olmo-hybrid,reverse,neutral,3,0.4279393610180107,0.9692614125458445,1400
olmo-hybrid,reverse,neutral,4,1.098366314546639,2.5868372990047837,1400
olmo-hybrid,reverse,neutral,5,0.502842803491113,1.0038037659236532,1400
olmo-hybrid,reverse,neutral,6,0.6213049506764667,1.5349763471711817,1400
olmo-hybrid,reverse,neutral,7,0.6950464664593153,1.3443406580402952,1400
olmo-hybrid,reverse,neutral,8,0.5896744840149225,1.0886723431675673,1400
olmo-hybrid,reverse,neutral,9,0.5858343918484925,1.3005485125806373,1400
phi4,reverse,violence_explicit,0,0.10904116395867076,0.4123146823840567,500
phi4,reverse,violence_explicit,1,0.19675548918149038,0.6732329379964251,500
phi4,reverse,violence_explicit,2,-0.2770435335979102,0.786410205924878,500
phi4,reverse,violence_explicit,3,-0.000932140735365369,0.4640040154911618,500
phi4,reverse,violence_explicit,4,0.11728370970638818,0.6478771996662627,500
phi4,reverse,violence_explicit,5,0.10628006406745841,0.5079527504752865,500
phi4,reverse,violence_explicit,6,0.14480018272914463,0.6249459608009525,500
phi4,reverse,violence_explicit,7,0.046480555369756996,0.47913425579308727,500
phi4,reverse,violence_explicit,8,0.10754851027528432,0.5486882871608835,500
phi4,reverse,violence_explicit,9,0.1824894914711239,0.8779898974254597,500
falcon3-mamba,reverse,institutional,0,1.5822887742680927,2.110405270405083,2400
falcon3-mamba,reverse,institutional,1,0.790916473970795,0.871004636947167,2400
falcon3-mamba,reverse,institutional,2,0.13179059400704318,2.499260782275184,2400
falcon3-mamba,reverse,institutional,3,-0.6216791348044638,2.5590723492860135,2400
falcon3-mamba,reverse,institutional,4,0.01924014155767329,2.499892196314291,2400
falcon3-mamba,reverse,institutional,5,0.06842216866140345,2.710815814144288,2400
falcon3-mamba,reverse,institutional,6,0.32657630347693173,2.706951454679107,2400
falcon3-mamba,reverse,institutional,7,-0.4948379883117099,3.1828408512650532,2400
falcon3-mamba,reverse,institutional,8,-0.5749294748043482,2.9150337483311013,2395
falcon3-mamba,reverse,institutional,9,-0.8550518115232871,2.7166400568499096,2349
olmo,reverse,neutral,0,2.245277590698426,2.3143858437672193,2100
olmo,reverse,neutral,1,1.1993279663872065,2.093715968297325,2100
olmo,reverse,neutral,2,1.4795683070146428,3.3549836980598924,2100
olmo,reverse,neutral,3,1.4707946976812443,2.161834048568007,2100
olmo,reverse,neutral,4,1.0614003677360675,1.9174340363119085,2100
olmo,reverse,neutral,5,1.4908407002347204,3.3851411989381317,2100
olmo,reverse,neutral,6,1.8051598956555508,3.9420658161236584,2100
olmo,reverse,neutral,7,1.41827413779571,2.661105529924796,2100
olmo,reverse,neutral,8,1.3808151578016115,2.7417664500086922,2100
olmo,reverse,neutral,9,1.3128201897921525,2.7444769138228398,2099
olmo-tiny,reverse,sexual_explicit,0,1.7758859964018645,1.633071206704421,1500
olmo-tiny,reverse,sexual_explicit,1,0.38928073263115764,0.7383717638234888,1500
olmo-tiny,reverse,sexual_explicit,2,0.8242782060726964,0.9599029188072308,1500
olmo-tiny,reverse,sexual_explicit,3,1.221575636159811,1.1048601750692566,1500
olmo-tiny,reverse,sexual_explicit,4,0.8143572716259233,1.1345860585655423,1500
olmo-tiny,reverse,sexual_explicit,5,0.7400504305139417,1.0377109784108103,1500
olmo-tiny,reverse,sexual_explicit,6,0.9046156083125662,1.4079016089533825,1500
olmo-tiny,reverse,sexual_explicit,7,0.8661517509283931,1.2013134163218877,1500
olmo-tiny,reverse,sexual_explicit,8,0.8586327511723038,1.562842236900505,1500
olmo-tiny,reverse,sexual_explicit,9,0.6558833997938198,1.271474743850741,1500
tulu,reverse,substance,0,0.996983192575742,0.6349141583389832,1500
tulu,reverse,substance,1,0.21138150148405638,0.4345569446347844,1500
tulu,reverse,substance,2,0.3848733390170384,0.5771701240856988,1500
tulu,reverse,substance,3,0.2757253406500537,0.5497025123314085,1500
tulu,reverse,substance,4,0.38258362812580526,0.57514091010623,1500
tulu,reverse,substance,5,0.3546352486570918,0.5139343947923304,1500
tulu,reverse,substance,6,0.3295689215532175,0.5006637495942826,1500
tulu,reverse,substance,7,0.35658004198780985,0.56687836848559,1500
tulu,reverse,substance,8,0.32087080656704436,0.6123357926934437,1500
tulu,reverse,substance,9,0.35550098201839286,0.6851022362606191,1500
olmo-tiny,forward,profanity,0,-0.15231781220655027,1.7731666027488946,6000
olmo-tiny,forward,profanity,1,0.24447358071331382,1.4419205224801914,6000
olmo-tiny,forward,profanity,2,0.17437818797903737,0.9008997459942609,6000
olmo-tiny,forward,profanity,3,0.3328336583376682,1.0805141312195474,6000
olmo-tiny,forward,profanity,4,0.301009289221118,0.9612783014203641,6000
olmo-tiny,forward,profanity,5,0.4077073664446619,0.913966482700918,6000
olmo-tiny,forward,profanity,6,0.36381719728948975,0.9322693224159156,6000
olmo-tiny,forward,profanity,7,0.45835581056778824,1.2022235811863213,6000
olmo-tiny,forward,profanity,8,0.39702147458517634,1.010173875745304,5993
olmo-tiny,forward,profanity,9,0.37310148535374943,1.0884248939089198,5976
olmo-tiny,forward,profanity,10,0.3681398744744296,1.0886779047361739,3610
archangel-ppo,reverse,institutional,0,0.10627593026320574,0.23989073058797528,2400
archangel-ppo,reverse,institutional,1,0.2268471429821761,0.27206764322691707,2400
archangel-ppo,reverse,institutional,2,0.14036215712356007,0.18616955298896998,2400
archangel-ppo,reverse,institutional,3,0.20719484548542752,0.2619447518422155,2400
archangel-ppo,reverse,institutional,4,0.1340241522085242,0.1724960413215583,2400
archangel-ppo,reverse,institutional,5,0.15015759412987822,0.31552444808092006,2400
archangel-ppo,reverse,institutional,6,0.16230815875184348,0.5566287489897276,2400
archangel-ppo,reverse,institutional,7,0.1587664027507803,0.6132141438234722,2400
archangel-ppo,reverse,institutional,8,0.5560014806245174,1.9055216173801892,2400
archangel-ppo,reverse,institutional,9,0.4763053410250606,1.9964303753819082,2274
map-neo,reverse,institutional,0,15.20913677468067,5.253414302739388,4800
map-neo,reverse,institutional,1,6.965730846286934,5.115988822505444,4799
map-neo,reverse,institutional,2,4.883890658932972,5.130281576912191,4798
map-neo,reverse,institutional,3,4.066095019501266,4.635824410064916,4798
map-neo,reverse,institutional,4,3.3108996239765838,4.398084288522058,4798
map-neo,reverse,institutional,5,2.7466558045512075,3.8394658192243774,4798
map-neo,reverse,institutional,6,2.3969697879806997,3.940085421783982,4798
map-neo,reverse,institutional,7,2.559760731224781,3.8277157506329367,4798
map-neo,reverse,institutional,8,2.1990925684347036,3.7039729807167228,4784
map-neo,reverse,institutional,9,1.6425666397064935,3.322477077236138,4536
phi4,reverse,sexual_liminal,0,0.28906983562843697,0.676820818647478,700
phi4,reverse,sexual_liminal,1,-0.08432678003804855,0.30937036641601345,700
phi4,reverse,sexual_liminal,2,-0.015491883435097057,0.30951253456857003,700
phi4,reverse,sexual_liminal,3,0.10842017645589996,0.43403731106271254,700
phi4,reverse,sexual_liminal,4,-0.014205078207811148,0.4258092895387176,700
phi4,reverse,sexual_liminal,5,0.000603289358464037,0.48368244895053075,700
phi4,reverse,sexual_liminal,6,0.11717951151594483,0.49869144851066743,700
phi4,reverse,sexual_liminal,7,0.05859671299189014,0.5586192411834443,700
phi4,reverse,sexual_liminal,8,0.07208939818818381,0.5448008755557326,700
phi4,reverse,sexual_liminal,9,0.14868344270692477,0.6527304696475208,700
llama,forward,violence_explicit,0,-0.026561556583638814,1.4487113427199374,17000
llama,forward,violence_explicit,1,0.8774293315505801,3.857784465383212,17000
llama,forward,violence_explicit,2,0.19141547064019798,0.7862564828536137,17000
llama,forward,violence_explicit,3,0.3126180843432043,1.071397675394028,17000
llama,forward,violence_explicit,4,0.2553859104474931,0.8557845576723686,17000
llama,forward,violence_explicit,5,0.26016582984941494,0.8768442693956487,17000
llama,forward,violence_explicit,6,0.5293519688719239,1.4790031418846563,17000
llama,forward,violence_explicit,7,0.35399347714325924,1.2501287873597449,17000
llama,forward,violence_explicit,8,0.24047073440001548,0.8686861823348443,17000
llama,forward,violence_explicit,9,0.2862353996954726,0.9893576548581389,17000
llama,forward,violence_explicit,10,0.2554550964816422,1.0291866061617938,16969
qwen-tiny,forward,violence_liminal,0,-0.004677488639032532,0.4561958273935477,1000
qwen-tiny,forward,violence_liminal,1,0.24745004355579692,1.6560803593462563,1000
qwen-tiny,forward,violence_liminal,2,0.06545253443623927,0.5001771142664362,1000
qwen-tiny,forward,violence_liminal,3,0.0938885869067523,0.5136488571267691,1000
qwen-tiny,forward,violence_liminal,4,0.11305252827435935,0.6645539647270003,1000
qwen-tiny,forward,violence_liminal,5,0.09709312326463819,0.46579199495488605,1000
qwen-tiny,forward,violence_liminal,6,0.050026865110176816,0.5424449930821106,1000
qwen-tiny,forward,violence_liminal,7,0.18687838606341076,0.719111720342752,1000
qwen-tiny,forward,violence_liminal,8,0.25616828543458803,2.0475524655598014,1000
qwen-tiny,forward,violence_liminal,9,0.13932415612585233,0.9483483140622908,993
qwen-tiny,forward,violence_liminal,10,0.20106886259438939,1.0226964748326746,983
llama,forward,institutional,0,0.11554417447677721,1.5633721299702206,81600
llama,forward,institutional,1,0.9179998617293676,3.341784518862546,81600
llama,forward,institutional,2,0.4532297151710406,1.4103326016745683,81600
llama,forward,institutional,3,0.3422800478794003,1.0932965351611619,81600
llama,forward,institutional,4,0.3888495762764927,1.163228626633616,81600
llama,forward,institutional,5,0.3079683283251363,0.9965976188071338,81600
llama,forward,institutional,6,0.3327820143502896,1.0751242206486917,81600
llama,forward,institutional,7,0.35141976501285227,1.0401550048786101,81600
llama,forward,institutional,8,0.32853505331584754,0.9752835581078955,81600
llama,forward,institutional,9,0.3537110092422437,1.0884462847519314,81596
llama,forward,institutional,10,0.37876816303503924,1.1238090739736195,68352
llama,forward,neutral,0,-0.1625948960202053,1.4429699229318185,23800
llama,forward,neutral,1,1.3337616024771213,7.534140717236062,23800
llama,forward,neutral,2,0.17514593972195353,0.7929013211972347,23800
llama,forward,neutral,3,0.26899296957599494,0.844549498221451,23800
llama,forward,neutral,4,0.24407803675641435,0.7817177659409853,23800
llama,forward,neutral,5,0.3036407438427732,1.064719596857671,23800
llama,forward,neutral,6,0.2760404953257488,0.8726556439971546,23800
llama,forward,neutral,7,0.27081519873820387,0.8431059100069321,23800
llama,forward,neutral,8,0.2709565335160577,0.9310389790647158,23800
llama,forward,neutral,9,0.2708157370526555,0.8650071083389914,23800
llama,forward,neutral,10,0.3108220524522487,0.9826575276693847,23787
archangel-dpo,reverse,substance,0,0.16223663753182577,0.12066901773724589,1000
archangel-dpo,reverse,substance,1,0.053941221322669784,0.07543733421476696,1000
archangel-dpo,reverse,substance,2,0.02853230658548906,0.11757539566360638,1000
archangel-dpo,reverse,substance,3,0.03909386242118522,0.14576198569959636,1000
archangel-dpo,reverse,substance,4,0.06780686224610512,0.13240063921478154,1000
archangel-dpo,reverse,substance,5,0.022627116433204076,0.19035582608993523,1000
archangel-dpo,reverse,substance,6,-0.03986068581120695,0.5326014382132667,1000
archangel-dpo,reverse,substance,7,0.23193000265681762,1.9325904355204075,1000
archangel-dpo,reverse,substance,8,0.5579504756269372,2.2004011052601866,1000
archangel-dpo,reverse,substance,9,0.32271182751350264,1.7055345252614764,953
archangel-dpo,reverse,power,0,0.08404938826617593,0.07357165866701403,1000
archangel-dpo,reverse,power,1,0.11390440170036345,0.3585962007400622,1000
archangel-dpo,reverse,power,2,0.0962378218959068,0.10561860346661253,1000
archangel-dpo,reverse,power,3,0.09076556052151678,0.3043776550763162,1000
archangel-dpo,reverse,power,4,0.10693577438199713,0.5779959620155312,1000
archangel-dpo,reverse,power,5,0.10669553094966454,0.2926016239063321,1000
archangel-dpo,reverse,power,6,0.04533798136357867,0.5737224320845928,1000
archangel-dpo,reverse,power,7,0.02592931941862516,0.7908700107517886,1000
archangel-dpo,reverse,power,8,0.5778329820348099,1.9608062001010373,1000
archangel-dpo,reverse,power,9,0.5626154267295215,2.2507708243805147,935
archangel-slic,reverse,sexual_liminal,0,0.13623900492740626,0.11113842735734782,700
archangel-slic,reverse,sexual_liminal,1,0.022074082736287772,0.06852221748450171,700
archangel-slic,reverse,sexual_liminal,2,0.05653301759975085,0.20189770498770432,700
archangel-slic,reverse,sexual_liminal,3,0.0331949530232623,0.09784681270384067,700
archangel-slic,reverse,sexual_liminal,4,0.053114511414371665,0.2563063312981256,700
archangel-slic,reverse,sexual_liminal,5,0.028483104443147958,0.22294927492746472,700
archangel-slic,reverse,sexual_liminal,6,0.0059332996914771945,0.2699125056820128,700
archangel-slic,reverse,sexual_liminal,7,0.02187026629921281,0.20273416117975884,700
archangel-slic,reverse,sexual_liminal,8,0.07872622850744028,0.43154779708944335,700
archangel-slic,reverse,sexual_liminal,9,0.08276022151298033,0.2150856978882158,698
olmo-tiny,reverse,death,0,0.8651022426835128,1.200141577586867,1500
olmo-tiny,reverse,death,1,0.4309469986046021,0.8271555337736567,1500
olmo-tiny,reverse,death,2,0.5578782336915472,1.4155615489083628,1500
olmo-tiny,reverse,death,3,0.8053487206755428,1.3850894704642938,1500
olmo-tiny,reverse,death,4,0.5888341480129248,1.0134532352928,1500
olmo-tiny,reverse,death,5,0.6546037351585006,1.0468735983788493,1500
olmo-tiny,reverse,death,6,0.5825903548809098,1.1852021443776266,1500
olmo-tiny,reverse,death,7,0.5309729794767765,0.9717515456069101,1500
olmo-tiny,reverse,death,8,0.6294089461276476,1.0617839279870538,1500
olmo-tiny,reverse,death,9,0.7475189612933643,1.2726009366795508,1500
olmo,reverse,violence_liminal,0,2.69806854657443,2.318879095432399,1500
olmo,reverse,violence_liminal,1,1.6926504654516143,3.139091077682824,1500
olmo,reverse,violence_liminal,2,0.5941719426268675,1.6938638466230294,1500
olmo,reverse,violence_liminal,3,0.9309177737054161,1.6837651298532543,1500
olmo,reverse,violence_liminal,4,1.5905324324987844,2.2755128537361258,1500
olmo,reverse,violence_liminal,5,1.1876387130520172,1.8967752357506438,1500
olmo,reverse,violence_liminal,6,1.6406611288226947,2.9383748890228047,1500
olmo,reverse,violence_liminal,7,2.0295561242805626,4.203114292652985,1500
olmo,reverse,violence_liminal,8,1.8892799826740378,4.336152735270665,1500
olmo,reverse,violence_liminal,9,1.238475381611933,2.616988553378508,1500
zephyr,forward,power,0,0.164798710455049,0.7177348852892445,12500
zephyr,forward,power,1,0.0782485541959273,0.40029706604598675,12500
zephyr,forward,power,2,0.1463747937022125,0.5704150993415507,12500
zephyr,forward,power,3,0.1325188108732843,0.5130842556166549,12500
zephyr,forward,power,4,0.17554755905287725,0.6431281436566426,12500
zephyr,forward,power,5,0.1139630908130253,0.4940174742228635,12500
zephyr,forward,power,6,0.10631003634733252,0.4662179657628304,12500
zephyr,forward,power,7,0.1314834213019537,0.5303245694372521,12500
zephyr,forward,power,8,0.13923386687154102,0.5952137044524316,12500
zephyr,forward,power,9,0.2012513936771138,0.7191044577585691,12500
qwen3,forward,violence_explicit,0,-8.526512829121202e-17,1.8319151886465463,1000
qwen3,forward,violence_explicit,1,0.8048096707149512,2.2845298155002403,1000
qwen3,forward,violence_explicit,2,0.40400047131153005,1.2253560900257647,1000
qwen3,forward,violence_explicit,3,0.8643739721795144,1.8043066436568498,1000
qwen3,forward,violence_explicit,4,0.7252640537856482,1.3062360421749384,1000
qwen3,forward,violence_explicit,5,1.1951370216889132,2.8415686240363445,1000
qwen3,forward,violence_explicit,6,1.0657449039019506,2.5321904416175913,1000
qwen3,forward,violence_explicit,7,1.0936130723767088,2.915441865576313,1000
qwen3,forward,violence_explicit,8,1.0256993438511464,2.569123765954657,1000
qwen3,forward,violence_explicit,9,1.3959338556268763,2.8149339332816394,1000
qwen3,forward,violence_explicit,10,1.2969538839859576,3.4810138314655017,999
tinyllama,reverse,sexual_liminal,0,14.454516212701684,3.7468497469391084,700
tinyllama,reverse,sexual_liminal,1,4.230079411167485,6.429158178764673,700
tinyllama,reverse,sexual_liminal,2,8.669158259532724,5.607440875696544,700
tinyllama,reverse,sexual_liminal,3,6.378041723117627,5.80632990326554,700
tinyllama,reverse,sexual_liminal,4,5.388332098183136,5.222365339992764,700
tinyllama,reverse,sexual_liminal,5,3.6395482127748657,4.820983408790008,700
tinyllama,reverse,sexual_liminal,6,4.565668601961039,4.623102216948043,700
tinyllama,reverse,sexual_liminal,7,4.846328224534143,5.689713935400242,700
tinyllama,reverse,sexual_liminal,8,3.2120500165683135,4.309181135854378,700
tinyllama,reverse,sexual_liminal,9,3.4117764360028975,4.460606107875342,648
olmo-think,reverse,death,0,0.7178319752522954,0.8015803007313446,1000
olmo-think,reverse,death,1,0.5037974435319212,0.6677976568382114,1000
olmo-think,reverse,death,2,0.26040241746237336,0.8047323577013603,1000
olmo-think,reverse,death,3,0.9692068286684543,1.3242260821234948,1000
olmo-think,reverse,death,4,0.7870043855415603,1.1842434356252294,1000
olmo-think,reverse,death,5,0.5936034724004474,1.1111070086023784,1000
olmo-think,reverse,death,6,0.7637905835890857,1.4318794531218386,1000
olmo-think,reverse,death,7,0.6818376927629415,1.4564847425031722,1000
olmo-think,reverse,death,8,0.7179904837283414,1.6362540465139641,1000
olmo-think,reverse,death,9,0.7447228846204326,1.985166057709542,1000
bloom,reverse,death,0,0.2212803832237458,0.5307168263116053,500
bloom,reverse,death,1,0.2018155812461828,0.7426751043483827,500
bloom,reverse,death,2,0.12119601009268699,0.5460149541433753,500
bloom,reverse,death,3,0.06359639795031713,0.6967606500327277,500
bloom,reverse,death,4,0.386295079368303,0.8281457122412296,500
bloom,reverse,death,5,0.5403405990838746,1.7361021117306321,500
bloom,reverse,death,6,0.6198256530996532,1.8727939047981763,500
bloom,reverse,death,7,0.896327383326729,2.324896911410035,500
bloom,reverse,death,8,0.8579528390176209,3.2170851622293113,500
bloom,reverse,death,9,0.909625450459305,2.6701101272509224,495
olmo,forward,death,0,-0.21528321591122213,3.567749397219965,10500
olmo,forward,death,1,0.179339421268622,1.9023582966040342,10500
olmo,forward,death,2,0.08108278964914523,1.052269463041331,10500
olmo,forward,death,3,0.45204052786984883,1.4968644149536696,10500
olmo,forward,death,4,0.43818190107722504,1.733426894495749,10500
olmo,forward,death,5,0.40074919940182996,1.4095411375511446,10500
olmo,forward,death,6,0.3942314755818548,1.8417225056445061,10500
olmo,forward,death,7,0.4563490043735963,1.7506692915849744,10500
olmo,forward,death,8,0.4716639256854528,2.0248219830865706,10500
olmo,forward,death,9,0.4223476561999354,2.000229300648676,10496
olmo,forward,death,10,0.4790211577991256,2.2088553528118773,9752
tulu-sft-nowildchat,reverse,sexual_liminal,0,0.45287022256876264,0.39660680144398786,700
tulu-sft-nowildchat,reverse,sexual_liminal,1,0.05044242787085159,0.3086699703686259,700
tulu-sft-nowildchat,reverse,sexual_liminal,2,0.35151503955614855,0.4245584008415187,700
tulu-sft-nowildchat,reverse,sexual_liminal,3,0.24239331623273258,0.28716818654848525,700
tulu-sft-nowildchat,reverse,sexual_liminal,4,0.19874618379227724,0.5693002599507523,700
tulu-sft-nowildchat,reverse,sexual_liminal,5,0.1432951519313519,0.3428713693056743,700
tulu-sft-nowildchat,reverse,sexual_liminal,6,0.19279046202751327,0.3928112707945135,700
tulu-sft-nowildchat,reverse,sexual_liminal,7,0.2069115383381565,0.48033005987717803,700
tulu-sft-nowildchat,reverse,sexual_liminal,8,0.19001503717786603,0.3568886540143874,700
tulu-sft-nowildchat,reverse,sexual_liminal,9,0.23967016718455908,0.5661509024333906,700
zephyr,forward,neutral,0,0.2087405989340949,0.7215605865420245,17500
zephyr,forward,neutral,1,0.09878389167499284,0.5349246463676588,17500
zephyr,forward,neutral,2,0.08006782868369239,0.40514615664823883,17500
zephyr,forward,neutral,3,0.09769678276943235,0.4312764664912001,17500
zephyr,forward,neutral,4,0.08562861540914447,0.4255767709714182,17500
zephyr,forward,neutral,5,0.10908747640736323,0.5179651424867353,17500
zephyr,forward,neutral,6,0.10210858007836711,0.4680465463402599,17500
zephyr,forward,neutral,7,0.13983009349759862,0.5781845661434615,17500
zephyr,forward,neutral,8,0.13479327832472213,0.5952931636604926,17500
zephyr,forward,neutral,9,0.16605078410509513,0.6392039106761918,17500
qwen,forward,sexual_explicit,0,0.3664393965177589,1.8839560526047707,2500
qwen,forward,sexual_explicit,1,1.1199468977941442,7.138268728933225,2500
qwen,forward,sexual_explicit,2,0.8322573761016229,2.4322786391739277,2500
qwen,forward,sexual_explicit,3,1.7994127797768924,4.603999742475057,2500
qwen,forward,sexual_explicit,4,1.2210193356232149,3.200088719118521,2500
qwen,forward,sexual_explicit,5,2.6825371892160534,4.302490636495888,2500
qwen,forward,sexual_explicit,6,1.5469411863124276,3.6029201208784944,2500
qwen,forward,sexual_explicit,7,1.5437072596260635,3.300525735612395,2500
qwen,forward,sexual_explicit,8,1.4267597448793763,2.8485126134675847,2500
qwen,forward,sexual_explicit,9,1.4648103003618025,2.837228696305757,2491
qwen,forward,sexual_explicit,10,1.043904861507739,2.796685608641945,2462
stablelm,reverse,neutral,0,1.2176835420697147,1.2595170291503603,1400
stablelm,reverse,neutral,1,1.1570282543735648,1.2157074599345001,1400
stablelm,reverse,neutral,2,0.9274367934283214,1.2382920512684856,1400
stablelm,reverse,neutral,3,0.7016537976431491,0.8256111806758202,1400
stablelm,reverse,neutral,4,1.0265245233597586,1.3002474691768142,1400
stablelm,reverse,neutral,5,0.9633614095390297,1.2956013239621376,1400
stablelm,reverse,neutral,6,0.9016922928642972,1.171690963022476,1400
stablelm,reverse,neutral,7,0.9419039621453749,1.1398530542471679,1400
stablelm,reverse,neutral,8,0.9709422837681162,1.2424949766206743,1400
stablelm,reverse,neutral,9,0.8571495039526342,1.3614841924190468,1400
map-neo,reverse,sexual_explicit,0,16.370071249968685,3.11750258628309,1000
map-neo,reverse,sexual_explicit,1,3.4615016509838497,4.781778942652719,1000
map-neo,reverse,sexual_explicit,2,4.521785507508163,4.873878477563821,1000
map-neo,reverse,sexual_explicit,3,5.804828326646216,5.890949452209033,1000
map-neo,reverse,sexual_explicit,4,4.5964841999396535,4.209941298682628,997
map-neo,reverse,sexual_explicit,5,3.367709899221029,4.064975406340636,995
map-neo,reverse,sexual_explicit,6,3.435125667504904,4.488835340989726,994
map-neo,reverse,sexual_explicit,7,3.5167372566482245,3.84664721803227,994
map-neo,reverse,sexual_explicit,8,3.1172199954909114,4.410994086829699,986
map-neo,reverse,sexual_explicit,9,2.8701702888107183,4.388264517252144,836
pythia,forward,violence_liminal,0,0.12969280607207193,0.8179868166040529,3500
pythia,forward,violence_liminal,1,0.04723029363455498,0.35590977296698656,3500
pythia,forward,violence_liminal,2,0.006232443665980382,0.11972981422509658,3500
pythia,forward,violence_liminal,3,0.01886414466047771,0.16582840856084957,3500
pythia,forward,violence_liminal,4,0.018253766186205268,0.15874878956929375,3500
pythia,forward,violence_liminal,5,0.019023493247641195,0.13461236624871115,3500
pythia,forward,violence_liminal,6,0.011914370520630841,0.12869118885690617,3500
pythia,forward,violence_liminal,7,0.010132852917445574,0.15278223292773727,3500
pythia,forward,violence_liminal,8,0.011405292949943038,0.14431741769257436,3500
pythia,forward,violence_liminal,9,0.04012913026521699,0.350271492288266,3498
pythia,forward,violence_liminal,10,0.025333252712865458,0.2050386046689139,3336
pythia,forward,violence_liminal,11,0.037002326232362784,0.2629164105728959,1272
pythia,forward,violence_liminal,12,0.03427151418432124,0.2589083986581385,22
smol,reverse,institutional,0,0.6641711926583671,1.6028330703521758,2400
smol,reverse,institutional,1,0.6781525965084163,0.8976091260513497,2400
smol,reverse,institutional,2,0.5000676705193465,0.8632877953608373,2400
smol,reverse,institutional,3,0.8964500542326097,1.3864696563614907,2400
smol,reverse,institutional,4,0.5722472636516295,0.9069633010258975,2400
smol,reverse,institutional,5,0.7066929957058735,0.9102646910235221,2400
smol,reverse,institutional,6,0.715769828834732,1.3703621260889507,2400
smol,reverse,institutional,7,0.5916461851180651,1.596813170704671,2400
smol,reverse,institutional,8,0.8821592283249525,2.0207395195754447,2400
smol,reverse,institutional,9,0.9215165796117963,2.911983596547838,2286
zephyr,reverse,neutral,0,15.18238342957733,5.056253508491557,1400
zephyr,reverse,neutral,1,5.67222169360435,5.711132875801482,1400
zephyr,reverse,neutral,2,3.4110417038643566,4.750680731050924,1400
zephyr,reverse,neutral,3,3.2622000544043797,4.021101265132073,1400
zephyr,reverse,neutral,4,2.2969846246989065,3.4229183288550424,1400
zephyr,reverse,neutral,5,1.6534803677897543,3.2529116809674266,1400
zephyr,reverse,neutral,6,2.7353395419175923,4.157390734713702,1400
zephyr,reverse,neutral,7,2.0849756894927935,3.975127322161344,1400
zephyr,reverse,neutral,8,2.148866225675915,4.028495016567176,1391
zephyr,reverse,neutral,9,1.2132733642187628,3.297860636327238,1313
deepseek-7b,forward,profanity,10,0.6228372747261114,5.0789717135955215,47
deepseek-7b,forward,profanity,11,1.2176658959672526,4.690376320961309,14
deepseek-7b,forward,profanity,12,0.10173426823226067,0.3621117375536774,6
deepseek-7b,forward,profanity,13,17.814099566555093,0.0,1
qwen-tiny,reverse,violence_liminal,0,0.15450247395368957,0.45199350770353025,500
qwen-tiny,reverse,violence_liminal,1,0.14032442366214262,0.5353990771949941,500
qwen-tiny,reverse,violence_liminal,2,0.11436813513042964,0.5151763264286559,500
qwen-tiny,reverse,violence_liminal,3,0.17335127902249803,0.4324056372697992,500
qwen-tiny,reverse,violence_liminal,4,0.03718691893893726,0.49102018237043815,500
qwen-tiny,reverse,violence_liminal,5,0.07970787506703735,0.5676854791825882,500
qwen-tiny,reverse,violence_liminal,6,-0.06455608218851797,0.5517045371628962,500
qwen-tiny,reverse,violence_liminal,7,0.48197409861984775,3.067613921942704,500
qwen-tiny,reverse,violence_liminal,8,0.2125868163546544,1.3335989526822105,500
qwen-tiny,reverse,violence_liminal,9,0.3353202393118969,1.7138958448371715,498
zephyr,forward,death,0,0.1456988240512183,0.5669933068326081,12500
zephyr,forward,death,1,0.05664712056720345,0.2745589967897886,12500
zephyr,forward,death,2,0.09267326747014733,0.44006186321504914,12500
zephyr,forward,death,3,0.14862439444455697,0.5193549134330671,12500
zephyr,forward,death,4,0.25056565897267585,0.7148189218409607,12500
zephyr,forward,death,5,0.148200718023409,0.4905791546545234,12500
zephyr,forward,death,6,0.15951863840529815,0.5471142877755558,12500
zephyr,forward,death,7,0.14091200795697068,0.5030562054919684,12500
zephyr,forward,death,8,0.14005436734165735,0.5333988018212019,12500
zephyr,forward,death,9,0.15338198212111231,0.566418735343199,12500
archangel-ppo,reverse,violence_liminal,0,0.12903749256558508,0.09997088957305712,500
archangel-ppo,reverse,violence_liminal,1,0.04237176199918517,0.1569855389515278,500
archangel-ppo,reverse,violence_liminal,2,0.0755400976888113,0.12412794498919805,500
archangel-ppo,reverse,violence_liminal,3,0.0994947356967967,0.5763876855033575,500
archangel-ppo,reverse,violence_liminal,4,0.08005818419045375,0.12497120557440357,500
archangel-ppo,reverse,violence_liminal,5,0.07897958950067485,0.6240131470183667,500
archangel-ppo,reverse,violence_liminal,6,0.1722799443549449,1.493438675404197,500
archangel-ppo,reverse,violence_liminal,7,0.5282492530044979,2.8305523826136665,500
archangel-ppo,reverse,violence_liminal,8,0.9185846505093964,3.1015071803946186,500
archangel-ppo,reverse,violence_liminal,9,0.6121858703187133,2.3056369378146138,482
deepseek-7b,forward,neutral,0,0.5160011176182213,0.7965843747036977,1400
deepseek-7b,forward,neutral,1,0.3107518055098834,0.6217196276269884,1400
deepseek-7b,forward,neutral,2,2.576031630286723,5.355147073951695,1400
deepseek-7b,forward,neutral,3,0.30528860273662584,1.8585626199142564,1400
deepseek-7b,forward,neutral,4,0.40503997590010776,1.4675564970842032,1400
deepseek-7b,forward,neutral,5,0.4503189194705318,2.3048199336732584,1400
deepseek-7b,forward,neutral,6,0.4435806135093066,1.7061064849693484,1400
deepseek-7b,forward,neutral,7,0.5194499685984758,2.2178785186751186,1399
deepseek-7b,forward,neutral,8,0.48294067697669807,2.484378973143752,1398
deepseek-7b,forward,neutral,9,0.6771226867162086,2.668563596502193,1383
deepseek-7b,forward,neutral,10,0.9600154977570534,2.9356980398554042,190
qwen,forward,sexual_liminal,0,0.002004566893495199,3.1698889724599058,3500
qwen,forward,sexual_liminal,1,0.688400439754013,6.254533669498782,3500
qwen,forward,sexual_liminal,2,1.4915756123368407,4.757661663529116,3500
qwen,forward,sexual_liminal,3,2.2173208564128766,3.878904657050474,3500
qwen,forward,sexual_liminal,4,1.2382038222057257,2.6285796996940665,3500
qwen,forward,sexual_liminal,5,1.449667385574885,3.3607605646262875,3500
qwen,forward,sexual_liminal,6,1.3446415580477107,2.72390445905729,3500
qwen,forward,sexual_liminal,7,1.7006856777830897,3.0531897848429748,3498
qwen,forward,sexual_liminal,8,1.5648246236511099,2.929750986327268,3403
qwen,forward,sexual_liminal,9,1.6374372574934193,3.1398312444251695,3300
qwen,forward,sexual_liminal,10,1.445138611365409,2.8662230554155275,3245
pythia,reverse,violence_explicit,0,0.12786947817321412,0.21424788311434367,1000
pythia,reverse,violence_explicit,1,0.10857282197959112,0.13523959663983715,1000
pythia,reverse,violence_explicit,2,0.047010670947424164,0.18014561785748123,1000
pythia,reverse,violence_explicit,3,0.09006968024146074,0.12832693856246316,1000
pythia,reverse,violence_explicit,4,0.03850134380530429,0.10706254083007417,1000
pythia,reverse,violence_explicit,5,0.09140965326548145,0.1826441250042116,1000
pythia,reverse,violence_explicit,6,0.04685249634547816,0.22512932149714213,1000
pythia,reverse,violence_explicit,7,0.05345219753518267,0.3635808326410047,1000
pythia,reverse,violence_explicit,8,0.35703518859287403,1.3239805024461364,1000
pythia,reverse,violence_explicit,9,0.15632461085386062,0.3738906938763289,967
llama,forward,violence_liminal,0,-0.028331840636744685,1.0397899432301427,17000
llama,forward,violence_liminal,1,1.0890423671083955,3.742883962552655,17000
llama,forward,violence_liminal,2,0.20665778048275227,0.8765408154088855,17000
llama,forward,violence_liminal,3,0.21313741653973095,0.6900674397251358,17000
llama,forward,violence_liminal,4,0.18900926399379595,0.6566933568917896,17000
llama,forward,violence_liminal,5,0.2362319771584154,0.7819771777345604,17000
llama,forward,violence_liminal,6,0.2724890225894882,0.7894299310593942,17000
llama,forward,violence_liminal,7,0.2805612874367052,0.8478772724069741,17000
llama,forward,violence_liminal,8,0.23994275159501108,0.7707592888609323,17000
llama,forward,violence_liminal,9,0.23045959804034621,0.754280958026272,17000
llama,forward,violence_liminal,10,0.23757796879599405,0.8246475537007343,16984
ct-llm,reverse,violence_explicit,0,0.7726114512585628,0.7724132490808774,1000
ct-llm,reverse,violence_explicit,1,0.3636263942173364,0.7972272355276011,1000
ct-llm,reverse,violence_explicit,2,0.4729834499459457,0.605521824314542,1000
ct-llm,reverse,violence_explicit,3,0.43281416676665646,0.6579696657824963,1000
ct-llm,reverse,violence_explicit,4,0.5023397357023315,0.7659559868938046,1000
ct-llm,reverse,violence_explicit,5,0.3836501662548376,0.6271861828220902,1000
ct-llm,reverse,violence_explicit,6,0.650764105808439,0.8405524945561432,1000
ct-llm,reverse,violence_explicit,7,0.3662957395640489,0.6087030095767462,1000
ct-llm,reverse,violence_explicit,8,0.5815487764448807,0.7035770473381421,1000
ct-llm,reverse,violence_explicit,9,0.4878574159652958,0.7064272412466883,1000
deepseek-7b,forward,sexual_explicit,0,0.2333797524998815,1.3239217443735143,1000
deepseek-7b,forward,sexual_explicit,1,0.3120677368301887,1.2478551597966807,1000
deepseek-7b,forward,sexual_explicit,2,1.543488403790709,4.703447778306587,1000
deepseek-7b,forward,sexual_explicit,3,3.0437399812822816,6.611864977752075,1000
deepseek-7b,forward,sexual_explicit,4,0.5493097268191574,2.487152109140244,1000
deepseek-7b,forward,sexual_explicit,5,0.2766660383008234,1.1231959242836347,1000
deepseek-7b,forward,sexual_explicit,6,0.22418619496122236,0.9410477970992944,1000
deepseek-7b,forward,sexual_explicit,7,0.15443164512072274,0.9377674869663526,1000
deepseek-7b,forward,sexual_explicit,8,0.6573163037159815,3.292277549744072,998
deepseek-7b,forward,sexual_explicit,9,0.6567069780537358,3.1169626068810428,945
deepseek-7b,forward,sexual_explicit,10,0.5536321310875969,2.791413751290365,534
llama,reverse,profanity,0,0.41010403340141355,0.47154275309996707,500
llama,reverse,profanity,1,0.27354847881667743,0.6883508893127732,500
llama,reverse,profanity,2,0.6525497682732202,0.6778239249562493,500
llama,reverse,profanity,3,0.5988553631679431,0.8605727719479275,500
llama,reverse,profanity,4,0.38781551829946365,0.6068204741753948,500
llama,reverse,profanity,5,0.5451772411504102,0.7358700393126966,500
llama,reverse,profanity,6,0.33765990574606863,0.6390365585420859,500
llama,reverse,profanity,7,0.4887177838151574,0.8218089466177885,500
llama,reverse,profanity,8,0.4729778344548555,0.7895099604838305,500
llama,reverse,profanity,9,0.5256035386304094,1.115243657824676,500
archangel-dpo,reverse,institutional,0,0.09170193171829014,0.24014872255174546,4800
archangel-dpo,reverse,institutional,1,0.193462941663333,0.24710516217315745,4800
archangel-dpo,reverse,institutional,2,0.11941154372398634,0.17377650709405715,4800
archangel-dpo,reverse,institutional,3,0.17925192368173673,0.2560968144430604,4800
archangel-dpo,reverse,institutional,4,0.11083506820376599,0.1634668392452173,4800
archangel-dpo,reverse,institutional,5,0.11688827865492844,0.2556281129621067,4800
archangel-dpo,reverse,institutional,6,0.1174673566242619,0.2633703637586184,4800
archangel-dpo,reverse,institutional,7,0.11199437357317266,0.37004738082105193,4800
archangel-dpo,reverse,institutional,8,0.5741856802189763,1.9404541532454673,4800
archangel-dpo,reverse,institutional,9,0.24224384100804427,1.2914054223019158,4518
olmo,forward,violence_liminal,0,0.20792945964237047,1.9040051388283885,10500
olmo,forward,violence_liminal,1,0.8848358033334197,2.6303104258067473,10500
olmo,forward,violence_liminal,2,0.39133317743750445,1.3603810763833901,10500
olmo,forward,violence_liminal,3,0.2220447237368257,1.1669781123247625,10500
olmo,forward,violence_liminal,4,0.21151767658411608,1.0185267926904091,10500
olmo,forward,violence_liminal,5,0.2913171039320418,1.4125051190081157,10500
olmo,forward,violence_liminal,6,0.3425762111382195,1.5901743691001542,10500
olmo,forward,violence_liminal,7,0.48107165115364514,2.3462006292940933,10500
olmo,forward,violence_liminal,8,0.46131646556316436,2.274295515402646,10492
olmo,forward,violence_liminal,9,0.4662429075030385,1.793761572209097,10471
olmo,forward,violence_liminal,10,0.34142025318278607,1.6265237018058931,9159
zephyr,forward,sexual_liminal,0,0.1667031676596937,0.6457440372880184,16500
zephyr,forward,sexual_liminal,1,0.08723003147354257,0.4114659854292378,16500
zephyr,forward,sexual_liminal,2,0.1606768731183759,0.5394813985865397,16500
zephyr,forward,sexual_liminal,3,0.10423204840314457,0.41249588253649294,16500
zephyr,forward,sexual_liminal,4,0.1406422824126481,0.5132962953277584,16500
zephyr,forward,sexual_liminal,5,0.11605430372308294,0.48799509456047196,16500
zephyr,forward,sexual_liminal,6,0.1540867441170547,0.5381875304933252,16500
zephyr,forward,sexual_liminal,7,0.1364428678195474,0.4769673686403236,16500
zephyr,forward,sexual_liminal,8,0.13377575527306115,0.49123768956843017,16500
zephyr,forward,sexual_liminal,9,0.15259357208742855,0.5581779469137788,16496
olmo,reverse,profanity,0,0.4098446985660363,0.9398338530620896,1500
olmo,reverse,profanity,1,0.8691963598340202,1.7197804898488178,1500
olmo,reverse,profanity,2,1.1457691089251405,1.5478852615686327,1500
olmo,reverse,profanity,3,0.9992115741073453,2.079128591556748,1500
olmo,reverse,profanity,4,1.2516808700721334,1.49441607175439,1500
olmo,reverse,profanity,5,0.9768175546908998,1.4662862483974566,1500
olmo,reverse,profanity,6,0.9114652699453091,1.3012441951301161,1500
olmo,reverse,profanity,7,1.0821248784811235,1.5715610044144757,1500
olmo,reverse,profanity,8,1.138519281517252,2.398910482759171,1500
olmo,reverse,profanity,9,1.326036521504494,2.664398321801191,1500
qwen,forward,institutional,0,-0.17253773217499319,2.551938951206332,12000
qwen,forward,institutional,1,0.27683509877234935,4.500597419518387,12000
qwen,forward,institutional,2,1.3020855507433116,2.4989657307225577,12000
qwen,forward,institutional,3,1.1014026396629857,2.0614524576125386,12000
qwen,forward,institutional,4,1.2343474189811148,2.2916802498007893,12000
qwen,forward,institutional,5,1.0678693912345003,2.089159209985169,12000
qwen,forward,institutional,6,0.9066724343396345,1.9803225679673984,12000
qwen,forward,institutional,7,0.9171878501788762,1.9571637151526524,12000
qwen,forward,institutional,8,0.7956539316110338,1.7648603800960108,11999
qwen,forward,institutional,9,0.8105281547545676,1.8015512612050026,11994
qwen,forward,institutional,10,0.872457462262056,1.9159797097770601,10257
olmo-tiny,forward,death,0,0.016405215229655,1.0656287997503409,6000
olmo-tiny,forward,death,1,0.39937934708660094,5.2349295962228934,6000
olmo-tiny,forward,death,2,0.08255350129848579,0.8437156943934035,6000
olmo-tiny,forward,death,3,0.21049579940318966,0.7643254117444371,6000
olmo-tiny,forward,death,4,0.3846489112661869,0.979519297793893,6000
olmo-tiny,forward,death,5,0.2516798014977826,0.9478252528673063,6000
olmo-tiny,forward,death,6,0.36579144854270323,0.9500085008899805,6000
olmo-tiny,forward,death,7,0.2810015928102564,0.9447627293020433,6000
olmo-tiny,forward,death,8,0.28451214643712897,0.9032189730415529,6000
olmo-tiny,forward,death,9,0.2506942106908805,0.8686658408066534,5998
olmo-tiny,forward,death,10,0.2994272249443985,0.9869975452922471,5978
qwen,forward,violence_explicit,0,0.04769173501868199,3.0922374241883985,2500
qwen,forward,violence_explicit,1,-0.23024140641319846,7.13241291552227,2500
qwen,forward,violence_explicit,2,0.6344673001937503,2.0516386252662246,2500
qwen,forward,violence_explicit,3,2.091802938517656,3.9470295047024146,2500
qwen,forward,violence_explicit,4,2.1609401592685034,3.526995394369168,2500
qwen,forward,violence_explicit,5,2.128838122036242,3.5930821594829387,2500
qwen,forward,violence_explicit,6,1.688766983350697,3.0815779394182745,2500
qwen,forward,violence_explicit,7,1.83840133534458,3.193941758862285,2496
qwen,forward,violence_explicit,8,1.625502853494598,3.05592802256018,2492
qwen,forward,violence_explicit,9,1.6396427240712697,3.2990217213545616,2463
qwen,forward,violence_explicit,10,1.675523698385071,3.4768213538765345,2267
qwen,reverse,institutional,0,1.465537240281117,2.095707232911077,2400
qwen,reverse,institutional,1,0.6067582900582952,0.9423466849534603,2400
qwen,reverse,institutional,2,0.36719276038449666,0.6749518280170336,2400
qwen,reverse,institutional,3,0.671052071540398,1.2957469854997565,2400
qwen,reverse,institutional,4,0.401380395765111,0.6174038579436582,2400
qwen,reverse,institutional,5,0.39732503132980207,0.6797744481747582,2400
qwen,reverse,institutional,6,0.35064257452025716,0.5016420100625627,2400
qwen,reverse,institutional,7,0.36660119368818583,0.7782031534042574,2400
qwen,reverse,institutional,8,0.4275002356767809,1.2711266063492934,2400
qwen,reverse,institutional,9,0.3199797553252929,0.8669074351844516,2395
deepseek-7b,reverse,violence_liminal,0,1.3936581274157969,2.5204029044363865,500
deepseek-7b,reverse,violence_liminal,1,0.9936052059877665,2.9726364419126523,500
deepseek-7b,reverse,violence_liminal,2,0.9964834257911591,1.9048588610431865,500
deepseek-7b,reverse,violence_liminal,3,1.340526272168256,2.3713553447286593,500
deepseek-7b,reverse,violence_liminal,4,1.0357983714316956,1.8454957024553726,500
deepseek-7b,reverse,violence_liminal,5,1.0152662314671959,1.6553358326583187,500
deepseek-7b,reverse,violence_liminal,6,0.5143595842392683,1.442871029700319,500
deepseek-7b,reverse,violence_liminal,7,0.6175736682093012,1.451870743117189,500
deepseek-7b,reverse,violence_liminal,8,0.4828427248356653,1.6917623281797265,500
deepseek-7b,reverse,violence_liminal,9,0.5582502049452891,1.6407280836174731,482
falcon-7b-legacy,forward,death,0,0.0,1.2729234859952308,1000
falcon-7b-legacy,forward,death,1,0.2091943036510405,2.619525313874804,1000
falcon-7b-legacy,forward,death,2,0.11168776596202165,0.7043535753566332,1000
falcon-7b-legacy,forward,death,3,0.17105251790235035,0.6162812081477221,1000
falcon-7b-legacy,forward,death,4,0.23713288581879804,0.7479498140027335,1000
falcon-7b-legacy,forward,death,5,0.178251188395311,0.7503682444408339,1000
falcon-7b-legacy,forward,death,6,0.14754265030251382,0.6591562256326521,1000
falcon-7b-legacy,forward,death,7,0.2753438293527471,0.8004430127453743,1000
falcon-7b-legacy,forward,death,8,0.26854469163768224,0.8489199902490869,1000
falcon-7b-legacy,forward,death,9,0.24463107979023074,0.845799182259691,1000
falcon-7b-legacy,forward,death,10,0.2792941837828923,0.9916935870948389,998
olmo-tiny,forward,institutional,0,-0.1412606983338603,1.5637585054864556,28800
olmo-tiny,forward,institutional,1,0.45895776791290127,2.1352522356440438,28800
olmo-tiny,forward,institutional,2,0.5310164324802834,1.5318694370593329,28800
olmo-tiny,forward,institutional,3,0.36294157957994166,1.0667008261615714,28800
olmo-tiny,forward,institutional,4,0.4749742138292008,1.1598461047040567,28800
olmo-tiny,forward,institutional,5,0.47643598966579814,1.1115962869756362,28800
olmo-tiny,forward,institutional,6,0.4286660143905606,1.1312819280106838,28798
olmo-tiny,forward,institutional,7,0.4594254065783696,1.149041550268306,28786
olmo-tiny,forward,institutional,8,0.37070854825983757,0.9684739378763875,28764
olmo-tiny,forward,institutional,9,0.43372842967676284,1.106423468662363,28698
olmo-tiny,forward,institutional,10,0.445877043588432,1.1466544710286175,26631
tulu-sft-nopersona,reverse,institutional,0,0.33770614586499986,0.95493646716588,2400
tulu-sft-nopersona,reverse,institutional,1,0.3041340740273828,0.6094579446627352,2400
tulu-sft-nopersona,reverse,institutional,2,0.23069456562206583,0.5304595828504477,2400
tulu-sft-nopersona,reverse,institutional,3,0.33509989585004796,0.6194345833422376,2400
tulu-sft-nopersona,reverse,institutional,4,0.24607040578360379,0.516771400692833,2400
tulu-sft-nopersona,reverse,institutional,5,0.28471820591961716,0.6420606378867326,2400
tulu-sft-nopersona,reverse,institutional,6,0.3284602868409018,0.6483787782406653,2400
tulu-sft-nopersona,reverse,institutional,7,0.2590230574310128,0.48773581563075613,2400
tulu-sft-nopersona,reverse,institutional,8,0.2801650889925501,0.5670089192458388,2400
tulu-sft-nopersona,reverse,institutional,9,0.2689134098710375,0.658345390982008,2400
amber,reverse,substance,0,14.996331161306909,5.236052010076619,1000
amber,reverse,substance,1,5.313617648849975,6.34288563445203,1000
amber,reverse,substance,2,9.330269734460144,6.510154610529843,1000
amber,reverse,substance,3,5.751253946974494,5.074515712265504,1000
amber,reverse,substance,4,3.1631225725893786,3.845479487166214,1000
amber,reverse,substance,5,4.375981915843029,4.318339710935976,1000
amber,reverse,substance,6,3.3463390226636545,3.4557515903316083,1000
amber,reverse,substance,7,2.745261717077679,3.4944442798331976,1000
amber,reverse,substance,8,1.9786968190077556,3.2827513625496105,1000
amber,reverse,substance,9,1.978948019984639,3.4869593927648963,971
amber,forward,substance,0,0.6348910074009869,1.4752389263248347,3000
amber,forward,substance,1,0.23716610777115754,0.790844301503668,3000
amber,forward,substance,2,0.3274836818431961,0.9020988713197163,3000
amber,forward,substance,3,0.3267244589582677,0.9604175984356705,3000
amber,forward,substance,4,0.375631558463479,1.0867061566322407,3000
amber,forward,substance,5,0.40724091799362844,1.142988329259372,3000
amber,forward,substance,6,0.5061795973365223,1.2164185819286837,3000
amber,forward,substance,7,0.5203028365781721,1.322353116779188,3000
amber,forward,substance,8,0.7413083014184533,1.653615745173872,3000
amber,forward,substance,9,0.8943858767787419,1.98344711838937,2996
tulu,reverse,institutional,0,1.120239142364173,1.9739233733989217,7200
tulu,reverse,institutional,1,0.5679117423317266,0.8157601452364774,7200
tulu,reverse,institutional,2,0.4549823050709121,1.0042182197329312,7200
tulu,reverse,institutional,3,0.6430768855214117,0.8166486122057344,7200
tulu,reverse,institutional,4,0.4305371344136497,0.7695797012875231,7200
tulu,reverse,institutional,5,0.49777584452041385,0.7657778974692235,7200
tulu,reverse,institutional,6,0.5135613130340159,0.8187626470299809,7200
tulu,reverse,institutional,7,0.44804476274239236,0.7231698469555725,7200
tulu,reverse,institutional,8,0.45090770057990154,0.8267449766446902,7200
tulu,reverse,institutional,9,0.4508270407343041,0.9068090840087006,7200
qwen3,reverse,institutional,0,1.1134270539102338,1.0786962155062758,2400
qwen3,reverse,institutional,1,0.6654526961480404,0.7286327503301251,2400
qwen3,reverse,institutional,2,0.69370327659007,0.7813722528936293,2400
qwen3,reverse,institutional,3,0.7748112386093235,0.8057925274563622,2400
qwen3,reverse,institutional,4,0.7574119462209129,0.7784294340995783,2400
qwen3,reverse,institutional,5,0.6541344651639295,0.6569972243570981,2400
qwen3,reverse,institutional,6,0.6313481070507632,0.685597831849115,2400
qwen3,reverse,institutional,7,0.5733216678643251,0.7259120034179216,2400
qwen3,reverse,institutional,8,0.61053294674825,0.878270619845326,2400
qwen3,reverse,institutional,9,0.577724497471988,0.8231784400891763,2399
qwen-tiny,reverse,neutral,0,0.6949745667930716,1.1988842116325988,700
qwen-tiny,reverse,neutral,1,0.26373087237367415,0.47106391716601687,700
qwen-tiny,reverse,neutral,2,0.15463202046802718,0.9705504451450458,700
qwen-tiny,reverse,neutral,3,0.1825600772347755,0.5536095808326308,700
qwen-tiny,reverse,neutral,4,0.29568340411628663,0.6732024849838146,700
qwen-tiny,reverse,neutral,5,0.1762580204941676,0.9300966137336366,700
qwen-tiny,reverse,neutral,6,0.2591603424160854,1.3360019019640086,700
qwen-tiny,reverse,neutral,7,0.14591325487617063,0.5272328727244372,700
qwen-tiny,reverse,neutral,8,0.12825453005002488,0.48171229582420905,700
qwen-tiny,reverse,neutral,9,0.20033211092462783,0.7853705964059903,700
pythia,reverse,neutral,0,0.23523929201170315,0.2336434078945811,1400
pythia,reverse,neutral,1,0.1918440562891606,0.18131455816559636,1400
pythia,reverse,neutral,2,0.13688046195348766,0.17687948375223655,1400
pythia,reverse,neutral,3,0.09701263247043765,0.16322823804171224,1400
pythia,reverse,neutral,4,0.11339690435734887,0.24636790599037672,1400
pythia,reverse,neutral,5,0.10045706532275801,0.16762590372760075,1400
pythia,reverse,neutral,6,0.09233327356064742,0.19604236186931356,1400
pythia,reverse,neutral,7,0.055471861724883546,0.260627385598394,1400
pythia,reverse,neutral,8,0.30950777194742046,1.151435831808969,1400
pythia,reverse,neutral,9,0.1586902795330263,0.40714472690192643,1362
map-neo,reverse,power,0,11.894289147326628,7.261782267934369,1000
map-neo,reverse,power,1,6.432020158572997,5.617502548974611,1000
map-neo,reverse,power,2,4.430657411928131,4.346073757702697,999
map-neo,reverse,power,3,3.7852149908780417,4.567774770647417,999
map-neo,reverse,power,4,3.240296339548582,4.825079377516806,999
map-neo,reverse,power,5,2.854052426648439,4.43869399504194,999
map-neo,reverse,power,6,2.390623870477714,3.685961235707441,998
map-neo,reverse,power,7,2.3322526868698823,4.095352799386627,996
map-neo,reverse,power,8,1.5274178154948521,3.412980196350394,939
map-neo,reverse,power,9,1.332252453521331,3.7654607387624814,827
olmo,reverse,violence_explicit,0,0.7246700796449789,1.1704713494779253,1500
olmo,reverse,violence_explicit,1,0.7385366689234274,0.8921818996106515,1500
olmo,reverse,violence_explicit,2,1.3059681772857614,1.5761719815463502,1500
olmo,reverse,violence_explicit,3,1.2300599561006784,1.939620501776331,1500
olmo,reverse,violence_explicit,4,1.8668678344437184,3.333178182389698,1500
olmo,reverse,violence_explicit,5,1.1300331839382785,2.237385603316316,1500
olmo,reverse,violence_explicit,6,1.412749150835594,2.9782683924230073,1500
olmo,reverse,violence_explicit,7,1.2896873425441855,2.998966422747365,1498
olmo,reverse,violence_explicit,8,3.411274173773977,6.5418111736657885,1498
olmo,reverse,violence_explicit,9,3.4318491086328464,5.990864732410892,1491
amber,reverse,institutional,0,15.484007785688494,4.169011357079079,4800
amber,reverse,institutional,1,7.685049541016119,4.590430652097963,4800
amber,reverse,institutional,2,4.89854151893122,4.721706964876787,4800
amber,reverse,institutional,3,4.123335257446214,4.676985265844587,4800
amber,reverse,institutional,4,3.289941769220342,3.9504877649586976,4800
amber,reverse,institutional,5,2.8087716348628895,3.702099367924616,4800
amber,reverse,institutional,6,2.690081244017539,3.7317958086159875,4800
amber,reverse,institutional,7,2.3943913435926687,3.6386471834445766,4799
amber,reverse,institutional,8,2.0698795177007727,3.4971936099188548,4788
amber,reverse,institutional,9,2.068330478378629,3.4923717778025654,4649
falcon3-7b,reverse,death,0,0.21921297875238274,0.3841457257539063,500
falcon3-7b,reverse,death,1,0.17475254326868378,0.3254473516297787,500
falcon3-7b,reverse,death,2,0.24629658132381313,0.3779855257128501,500
falcon3-7b,reverse,death,3,0.2998850355440152,0.6071600117832081,500
falcon3-7b,reverse,death,4,0.25531012665703606,0.5012140692451801,500
falcon3-7b,reverse,death,5,0.3409135046405795,0.9775687690263168,500
falcon3-7b,reverse,death,6,0.4012184334184934,0.7975478349188214,500
falcon3-7b,reverse,death,7,0.3501846010978169,0.5900345791024626,500
falcon3-7b,reverse,death,8,0.26983810273433323,0.6068009059180414,500
falcon3-7b,reverse,death,9,0.31463361664136086,0.8032020295198287,500
smol3,reverse,violence_explicit,0,0.24334565362984217,0.8189118074280879,500
smol3,reverse,violence_explicit,1,0.23057796950910656,0.39585303436830754,500
smol3,reverse,violence_explicit,2,0.20810383691792067,0.48387359800123503,500
smol3,reverse,violence_explicit,3,0.14085066866824122,0.39152136142463273,500
smol3,reverse,violence_explicit,4,0.25867357625797116,0.4468310332990093,500
smol3,reverse,violence_explicit,5,0.19217313153873544,0.5360253485529867,500
smol3,reverse,violence_explicit,6,0.31332236174463335,0.7222912139202604,500
smol3,reverse,violence_explicit,7,0.2836137331906303,0.6281491256710177,500
smol3,reverse,violence_explicit,8,0.22714917159429113,0.5925506634511238,500
smol3,reverse,violence_explicit,9,0.24232077115057474,0.6763975732489428,500
olmo,forward,neutral,0,0.087478294960155,1.7326016027681772,14700
olmo,forward,neutral,1,0.6451614954202657,3.643507962601408,14700
olmo,forward,neutral,2,0.3530676023447945,2.298141237447958,14700
olmo,forward,neutral,3,0.41900525042786074,1.52597299702865,14700
olmo,forward,neutral,4,0.3742432248597122,1.8956041066664968,14700
olmo,forward,neutral,5,0.44331488027319443,1.776624490437755,14700
olmo,forward,neutral,6,0.6747723430433882,2.5487293901809465,14700
olmo,forward,neutral,7,0.483450625542438,1.9491438099419367,14700
olmo,forward,neutral,8,0.42572081364129144,2.015589127020771,14690
olmo,forward,neutral,9,0.4732619528700779,1.951633333667317,14670
olmo,forward,neutral,10,0.47312874575971314,1.9124221456197386,13519
llama,forward,substance,0,-0.009196913307246672,0.8614789915952971,17000
llama,forward,substance,1,0.9521760529061856,3.911257713503462,17000
llama,forward,substance,2,0.15226108928165755,0.7041815932690948,17000
llama,forward,substance,3,0.28048395212333943,0.7143608919289701,17000
llama,forward,substance,4,0.1864808679695429,0.6317601658813062,17000
llama,forward,substance,5,0.2519047418771115,0.8092775713112671,17000
llama,forward,substance,6,0.2250925113830899,0.8494913832859712,17000
llama,forward,substance,7,0.2153277415225578,0.7737162256292498,17000
llama,forward,substance,8,0.22763778932112697,0.740897168225079,17000
llama,forward,substance,9,0.24363228136022777,0.7745302831187585,17000
llama,forward,substance,10,0.2648011318606016,0.8092828541284067,15940
qwen-tiny,forward,substance,0,-3.552713678800501e-17,0.9442886563475612,1000
qwen-tiny,forward,substance,1,0.1026004179317498,1.3092815834425042,1000
qwen-tiny,forward,substance,2,0.018285802586960997,0.46863050823979513,1000
qwen-tiny,forward,substance,3,0.11659867921326218,0.6084171532154686,1000
qwen-tiny,forward,substance,4,0.19358903043922032,0.5663256785438314,1000
qwen-tiny,forward,substance,5,0.14041803332412314,0.6051259868156083,1000
qwen-tiny,forward,substance,6,0.11611870521544573,0.6066215623326017,1000
qwen-tiny,forward,substance,7,0.07467521105585652,0.6496688189548014,1000
qwen-tiny,forward,substance,8,0.4645090805934224,2.750582821288479,1000
qwen-tiny,forward,substance,9,0.29549362833637466,1.9116347479909634,1000
qwen-tiny,forward,substance,10,0.20607993398775387,1.035590710558835,1000
olmo-tiny,forward,substance,0,-0.03969792398023685,0.9699679274084665,6000
olmo-tiny,forward,substance,1,0.3962127694025156,2.115020367469955,6000
olmo-tiny,forward,substance,2,0.1710376149643228,1.5763644305120266,6000
olmo-tiny,forward,substance,3,0.2180033044217965,0.7810120170096916,6000
olmo-tiny,forward,substance,4,0.29828200658359244,1.0398936310594051,6000
olmo-tiny,forward,substance,5,0.2662591229063968,0.8881756591077675,6000
olmo-tiny,forward,substance,6,0.29870730178374716,0.9170214349596056,5996
olmo-tiny,forward,substance,7,0.4121005404569558,1.1576841300663434,5992
olmo-tiny,forward,substance,8,0.31900553604913334,0.9696725321251445,5988
olmo-tiny,forward,substance,9,0.3774805696886701,1.1802459369602172,5980
olmo-tiny,forward,substance,10,0.40907296440563923,1.0964093060977234,5889
archangel-ppo,reverse,substance,0,0.15460248126249052,0.12688379380759762,500
archangel-ppo,reverse,substance,1,0.0641328287687393,0.09025038604224878,500
archangel-ppo,reverse,substance,2,0.03411406502060648,0.13135241583864288,500
archangel-ppo,reverse,substance,3,0.06528513080262457,0.16045027257816927,500
archangel-ppo,reverse,substance,4,0.1159644676585088,0.6059123092934877,500
archangel-ppo,reverse,substance,5,0.06640468016006573,0.1418002419920127,500
archangel-ppo,reverse,substance,6,0.054473668329766356,1.0709239072470467,500
archangel-ppo,reverse,substance,7,0.645636447482014,3.0428564825912714,500
archangel-ppo,reverse,substance,8,0.7689452788569348,2.831566478780049,500
archangel-ppo,reverse,substance,9,0.685451900800232,2.5979065760111903,481
stablelm,reverse,death,0,0.6857010829220404,1.007182028981266,1000
stablelm,reverse,death,1,0.4913507074635113,0.858701165263586,1000
stablelm,reverse,death,2,1.0729483844634347,1.3539166289605478,1000
stablelm,reverse,death,3,1.3072179073477692,1.2601195074174991,1000
stablelm,reverse,death,4,1.0993798331037026,1.343136080581392,1000
stablelm,reverse,death,5,0.8588020781640803,1.0621525839423809,1000
stablelm,reverse,death,6,0.8317396760036252,1.0530589544221067,1000
stablelm,reverse,death,7,0.7529161049222287,0.9775241346403363,1000
stablelm,reverse,death,8,0.6683245368724309,0.9807376415417735,1000
stablelm,reverse,death,9,0.7185049104201963,1.2951140376885262,1000
llama,forward,sexual_liminal,0,-0.0028449228241577778,1.0172255201978493,22200
llama,forward,sexual_liminal,1,0.6580934121268814,3.140417912114272,22200
llama,forward,sexual_liminal,2,0.1382087685093753,0.5737575150172146,22200
llama,forward,sexual_liminal,3,0.22177486163846952,0.8883593627796381,22200
llama,forward,sexual_liminal,4,0.21511827024734237,0.7868743071675838,22200
llama,forward,sexual_liminal,5,0.24009052875468476,0.7528177264434422,22200
llama,forward,sexual_liminal,6,0.20847536290769977,0.7568871354841469,22200
llama,forward,sexual_liminal,7,0.1933134034813571,0.722413019749862,22200
llama,forward,sexual_liminal,8,0.2077694981953909,0.7267087218162618,22200
llama,forward,sexual_liminal,9,0.24416442634963637,0.817062128175516,22200
llama,forward,sexual_liminal,10,0.26919490712828553,0.8855455849449125,21698
llama,reverse,neutral,0,2.166506559087674,3.849708638783854,700
llama,reverse,neutral,1,0.5195005664400091,0.5753343381695013,700
llama,reverse,neutral,2,0.754532702808999,0.833561582595608,700
llama,reverse,neutral,3,0.7498027928337033,1.076574423668283,700
llama,reverse,neutral,4,0.8908640480301491,1.3202882965956553,700
llama,reverse,neutral,5,0.8091932260850023,1.2395502967961396,700
llama,reverse,neutral,6,0.6874340953372567,0.9373978652640959,700
llama,reverse,neutral,7,0.675040608631195,0.9376280050465384,700
llama,reverse,neutral,8,0.6966395915502924,0.9642029216782257,700
llama,reverse,neutral,9,0.635652674889525,0.9943379187516417,700
zephyr,forward,sexual_explicit,0,0.36652046877925676,1.0001423247957169,12500
zephyr,forward,sexual_explicit,1,0.11414334835737575,0.4788740460856219,12500
zephyr,forward,sexual_explicit,2,0.2057156200197195,0.7805802343858153,12500
zephyr,forward,sexual_explicit,3,0.19264477953649276,0.6627859542538436,12500
zephyr,forward,sexual_explicit,4,0.2366160781309611,0.7914987181115453,12500
zephyr,forward,sexual_explicit,5,0.19020025021016046,0.7184702288381161,12500
zephyr,forward,sexual_explicit,6,0.26329915793593417,0.9304070332752826,12500
zephyr,forward,sexual_explicit,7,0.2340037542871081,0.7840610306409455,12500
zephyr,forward,sexual_explicit,8,0.26461682788300817,0.9426621097534954,12500
zephyr,forward,sexual_explicit,9,0.2560965453336493,0.9935131707160699,12496
pythia,reverse,institutional,0,0.09178018589975295,0.26534285606870706,4800
pythia,reverse,institutional,1,0.1602700315461144,0.24629728232181938,4800
pythia,reverse,institutional,2,0.15346045784769477,0.23390199213645588,4800
pythia,reverse,institutional,3,0.1941311049230823,0.27119871717828004,4800
pythia,reverse,institutional,4,0.15545543035770645,0.22973828900949952,4800
pythia,reverse,institutional,5,0.15596557482459855,0.22749862568295465,4800
pythia,reverse,institutional,6,0.17070011302999555,0.29869183339952027,4800
pythia,reverse,institutional,7,0.13545196890531552,0.2672787144791785,4800
pythia,reverse,institutional,8,0.46127237366622315,1.5035192409229279,4800
pythia,reverse,institutional,9,0.15750566431439197,0.42711475810551525,4583
llama,reverse,death,0,0.7889205380129656,0.7549397265384052,500
llama,reverse,death,1,0.5674050978281245,0.8174776759398112,500
llama,reverse,death,2,0.560431849872119,0.77168984160346,500
llama,reverse,death,3,0.519381772897777,0.694749109669027,500
llama,reverse,death,4,1.0991017443022448,1.3425864362171591,500
llama,reverse,death,5,0.9697097085250339,1.2975924006839241,500
llama,reverse,death,6,0.5618839149685518,0.795688206280598,500
llama,reverse,death,7,0.496156550345882,0.7967899557573646,500
llama,reverse,death,8,0.6058502398117241,0.8586911585584026,500
llama,reverse,death,9,0.606927756513172,0.9933535140630811,500
stablelm,reverse,sexual_explicit,0,0.8592503020246501,1.292499904974798,1000
stablelm,reverse,sexual_explicit,1,0.7829673516602582,0.8909441736888356,1000
stablelm,reverse,sexual_explicit,2,1.6662406010355901,1.3466426205106798,1000
stablelm,reverse,sexual_explicit,3,1.1442800890589362,1.3420008209886694,1000
stablelm,reverse,sexual_explicit,4,1.1390611479256731,1.203693512301485,1000
stablelm,reverse,sexual_explicit,5,1.1547611704574021,1.509645600279892,1000
stablelm,reverse,sexual_explicit,6,0.9461757206476352,1.6966304177351077,1000
stablelm,reverse,sexual_explicit,7,0.9984863877032631,1.3919146605407637,1000
stablelm,reverse,sexual_explicit,8,1.031575035937916,1.2257661693593496,1000
stablelm,reverse,sexual_explicit,9,1.0226008650593237,1.9052013083024748,1000
olmo-hybrid,reverse,substance,0,1.2907108362683781,0.6157703574666578,1000
olmo-hybrid,reverse,substance,1,0.3125619059855499,0.47574107248793435,1000
olmo-hybrid,reverse,substance,2,0.5827034385492097,0.7667701959681819,1000
olmo-hybrid,reverse,substance,3,0.41219046434779466,0.49756334863699375,1000
olmo-hybrid,reverse,substance,4,0.3876694595001073,0.8245743132695632,1000
olmo-hybrid,reverse,substance,5,0.38456281273404125,0.6272437554387418,1000
olmo-hybrid,reverse,substance,6,0.5329340609764703,0.9030805703993048,1000
olmo-hybrid,reverse,substance,7,0.48183256194757773,0.7847106976131868,1000
olmo-hybrid,reverse,substance,8,0.46083576528088044,0.8120949086676057,1000
olmo-hybrid,reverse,substance,9,0.4404723632968977,0.9019026720229836,1000
rwkv,reverse,institutional,0,1.391337587090324,3.9505532298045996,2400
rwkv,reverse,institutional,1,-0.9010013294066501,2.886791773153883,2400
rwkv,reverse,institutional,2,-0.7450807149973746,2.315115214608488,2378
rwkv,reverse,institutional,3,0.06848812766147282,1.6757953248643267,2300
rwkv,reverse,institutional,4,0.08401841669847684,1.3621930504967619,2276
rwkv,reverse,institutional,5,0.12260906435845191,1.0679060564253466,2267
rwkv,reverse,institutional,6,0.1290494559829592,1.2420874019656793,2246
rwkv,reverse,institutional,7,0.16790975062433622,0.648976787353345,2234
rwkv,reverse,institutional,8,0.19746484160236988,0.570894335115198,2219
rwkv,reverse,institutional,9,0.2252618468851389,0.8773852752059883,2196
llama,forward,power,0,-0.027672912060724177,1.125649344595887,17000
llama,forward,power,1,0.7313995732250962,2.8344870451647872,17000
llama,forward,power,2,0.19654270393441656,1.1866259046087138,17000
llama,forward,power,3,0.20091436704371,0.7024613391802598,17000
llama,forward,power,4,0.29011723893029595,0.9543746476534798,17000
llama,forward,power,5,0.2519060385123483,0.8667480272965065,17000
llama,forward,power,6,0.22271188866885686,0.7162175954471052,17000
llama,forward,power,7,0.16458391289592408,0.6849015546104582,17000
llama,forward,power,8,0.199969276136532,0.8075240758302662,17000
llama,forward,power,9,0.2360199095522351,0.9000077814663142,17000
llama,forward,power,10,0.25545774844182073,0.8424097122671454,13518
tulu,reverse,profanity,0,0.38636767455886406,0.4309384326439988,1500
tulu,reverse,profanity,1,0.3710135597162447,0.46987861632153,1500
tulu,reverse,profanity,2,0.5583939437296955,0.6979311445143197,1500
tulu,reverse,profanity,3,0.3864646048603462,0.5720750563325083,1500
tulu,reverse,profanity,4,0.3862563148861096,0.6098781244349663,1500
tulu,reverse,profanity,5,0.4411047053089277,0.6502394160956043,1500
tulu,reverse,profanity,6,0.4485428644314966,0.7417959733741312,1500
tulu,reverse,profanity,7,0.42745328111372405,0.7965638693255028,1500
tulu,reverse,profanity,8,0.5577414883363564,1.0763073605918694,1500
tulu,reverse,profanity,9,0.49077822241940505,1.0037865400585693,1500
olmo,forward,sexual_liminal,0,0.11185179165055693,1.8273839472981774,13700
olmo,forward,sexual_liminal,1,0.2652802890554631,1.6443191959808654,13700
olmo,forward,sexual_liminal,2,0.3107688680860079,1.1866606994746929,13700
olmo,forward,sexual_liminal,3,0.3189566645882364,1.3383604388561727,13700
olmo,forward,sexual_liminal,4,0.3028300887933649,1.4041976995701446,13700
olmo,forward,sexual_liminal,5,0.5620242210623065,1.7228160232884215,13700
olmo,forward,sexual_liminal,6,0.2648788356598647,1.3682786726954894,13700
olmo,forward,sexual_liminal,7,0.2793925906137111,1.5642669444297528,13700
olmo,forward,sexual_liminal,8,0.24415039489285992,1.4806199913942504,13700
olmo,forward,sexual_liminal,9,0.27446167743739996,1.8678856805572226,13684
olmo,forward,sexual_liminal,10,0.2696585853027748,1.795105749698973,12754
tulu-sft-full,reverse,institutional,0,0.5394471559246137,1.1411269096452865,2400
tulu-sft-full,reverse,institutional,1,0.3457636395737562,0.5938842999535091,2400
tulu-sft-full,reverse,institutional,2,0.26495552151752,0.7118840067443227,2400
tulu-sft-full,reverse,institutional,3,0.4473417658948176,0.6571642515871174,2400
tulu-sft-full,reverse,institutional,4,0.27642700246715635,0.5143756263284646,2400
tulu-sft-full,reverse,institutional,5,0.34852421593840494,0.5326975254810277,2400
tulu-sft-full,reverse,institutional,6,0.3819955390774926,0.6346953902447622,2400
tulu-sft-full,reverse,institutional,7,0.31121431320392035,0.535405322185252,2400
tulu-sft-full,reverse,institutional,8,0.3181678149489684,0.6088411161699964,2400
tulu-sft-full,reverse,institutional,9,0.30995011998959837,0.7074827366057554,2400
archangel-slic,reverse,neutral,0,0.07521847839265837,0.11120919016403386,700
archangel-slic,reverse,neutral,1,0.11633229157330476,0.14174558705700563,700
archangel-slic,reverse,neutral,2,0.0442775023139907,0.1264926065398797,700
archangel-slic,reverse,neutral,3,0.05828143429770379,0.10749118758144562,700
archangel-slic,reverse,neutral,4,0.08818037836274836,0.13699355370755356,700
archangel-slic,reverse,neutral,5,0.05458276235707829,0.1725009353112744,700
archangel-slic,reverse,neutral,6,0.018832000518905115,0.21883895604438397,700
archangel-slic,reverse,neutral,7,-0.016884383759610447,0.348575422110034,700
archangel-slic,reverse,neutral,8,0.19921617662052973,0.9041683727824754,700
archangel-slic,reverse,neutral,9,0.08815998803521663,0.27607617380663285,687
olmo,forward,profanity,0,0.1327758620863334,1.1714785643695307,10500
olmo,forward,profanity,1,0.1587839423017556,1.2301943973950722,10500
olmo,forward,profanity,2,0.30207089914960555,1.5700353966275746,10500
olmo,forward,profanity,3,0.28388980338452297,1.255107916473225,10500
olmo,forward,profanity,4,0.26147587143112744,0.992396078626774,10500
olmo,forward,profanity,5,0.3163541071157395,1.0227769351854503,10500
olmo,forward,profanity,6,0.49286421372108496,1.5134019093083182,10500
olmo,forward,profanity,7,0.23301073631958016,1.2240531008557698,10500
olmo,forward,profanity,8,0.3464897194381815,1.6003829450546603,10482
olmo,forward,profanity,9,0.4302917817723247,1.5495419293609696,10478
olmo,forward,profanity,10,0.3474903279109852,1.4814747155141177,6319
archangel-ppo,reverse,neutral,0,0.14575566570057458,0.14265478153682762,700
archangel-ppo,reverse,neutral,1,0.16208349980232062,0.15678370408206252,700
archangel-ppo,reverse,neutral,2,0.06824387826480101,0.16762833579065695,700
archangel-ppo,reverse,neutral,3,0.08262252270512824,0.1149749855129851,700
archangel-ppo,reverse,neutral,4,0.1256135756038178,0.17827266436725092,700
archangel-ppo,reverse,neutral,5,0.12229536470800373,0.4926906484555295,700
archangel-ppo,reverse,neutral,6,0.10008036314557761,0.594778977999712,700
archangel-ppo,reverse,neutral,7,0.15875913299489647,1.4149613449966878,700
archangel-ppo,reverse,neutral,8,0.7256038728901322,2.7910056400714516,700
archangel-ppo,reverse,neutral,9,0.45684214215004093,1.901094633078813,689
falcon-7b-legacy,forward,power,0,1.4210854715202004e-17,0.5467680522376565,1000
falcon-7b-legacy,forward,power,1,0.06879851723073376,3.342806113266949,1000
falcon-7b-legacy,forward,power,2,0.08167629465485658,1.0060112882292893,1000
falcon-7b-legacy,forward,power,3,0.21704203292083357,0.7164491139043176,1000
falcon-7b-legacy,forward,power,4,0.437780530262042,0.8999436802723441,1000
falcon-7b-legacy,forward,power,5,0.3448253972399443,1.0225060225647449,1000
falcon-7b-legacy,forward,power,6,0.2839849193392401,0.8564796319264901,1000
falcon-7b-legacy,forward,power,7,0.34670277855730935,1.266755129895474,1000
falcon-7b-legacy,forward,power,8,0.3581449979530635,1.0767213997473308,1000
falcon-7b-legacy,forward,power,9,0.3985479874193725,1.1833240868891,1000
falcon-7b-legacy,forward,power,10,0.5043242748901609,1.637736299134678,1000
zephyr,forward,violence_liminal,0,0.2684869258501485,0.7991195535719849,12500
zephyr,forward,violence_liminal,1,0.07765454985794994,0.35140536867111416,12500
zephyr,forward,violence_liminal,2,0.09889985790563274,0.42491603191358396,12500
zephyr,forward,violence_liminal,3,0.09783150151355235,0.4293474340989188,12500
zephyr,forward,violence_liminal,4,0.1312553403125969,0.5198661884649358,12500
zephyr,forward,violence_liminal,5,0.10491527972603572,0.4046894023376061,12500
zephyr,forward,violence_liminal,6,0.15569260060491652,0.5256886773505214,12500
zephyr,forward,violence_liminal,7,0.1751774430738127,0.5777056731248775,12500
zephyr,forward,violence_liminal,8,0.1592429679427706,0.5642755078643834,12500
zephyr,forward,violence_liminal,9,0.19477945813487932,0.6225093442863388,12500
olmo-think,reverse,profanity,0,0.18198199054758274,0.5782404196881632,1000
olmo-think,reverse,profanity,1,0.46547109428546873,0.9949500704164618,1000
olmo-think,reverse,profanity,2,0.7024563565188409,1.2053653883739386,1000
olmo-think,reverse,profanity,3,0.5895887472209718,0.727355733952755,1000
olmo-think,reverse,profanity,4,0.6467171987463312,0.8871786421927913,1000
olmo-think,reverse,profanity,5,0.5251138374517702,1.106435803854973,1000
olmo-think,reverse,profanity,6,0.4600300406977997,0.8622535514350482,1000
olmo-think,reverse,profanity,7,0.36752642589121615,0.6790189828629695,1000
olmo-think,reverse,profanity,8,0.5840591889499531,0.9828254219548626,1000
olmo-think,reverse,profanity,9,0.6670827467071531,1.1523758305091996,1000
smol3,forward,sexual_explicit,0,0.0,0.9789389826459187,1000
smol3,forward,sexual_explicit,1,0.20077130900412737,8.657854988816846,1000
smol3,forward,sexual_explicit,2,0.23874017104115028,0.5402293756816536,1000
smol3,forward,sexual_explicit,3,0.692030792279359,1.4179157039273282,1000
smol3,forward,sexual_explicit,4,0.12766460606761124,0.48379349257935433,1000
smol3,forward,sexual_explicit,5,0.29814312662858755,0.6228846692585183,1000
smol3,forward,sexual_explicit,6,0.4846996394002091,1.2660808798591816,1000
smol3,forward,sexual_explicit,7,0.45807875140652954,1.3234846077563562,1000
smol3,forward,sexual_explicit,8,0.3024732882077515,0.9603324796285747,1000
smol3,forward,sexual_explicit,9,0.3256619523186258,1.4894444855779232,1000
smol3,forward,sexual_explicit,10,0.28974309536699716,1.2894534844811227,1000
smol,forward,violence_liminal,0,-5.684341886080802e-17,1.5059773193748873,1000
smol,forward,violence_liminal,1,0.46356720444838845,6.457637703048231,1000
smol,forward,violence_liminal,2,0.14519984357217822,0.6588347223436463,1000
smol,forward,violence_liminal,3,0.33391101886156227,0.7307898991555121,1000
smol,forward,violence_liminal,4,0.3080558450885804,0.7172847948619635,1000
smol,forward,violence_liminal,5,0.40811583516632244,0.8356166250939323,1000
smol,forward,violence_liminal,6,0.45601049788815096,0.9853426241316232,1000
smol,forward,violence_liminal,7,0.3937550356659383,0.7656202956281907,1000
smol,forward,violence_liminal,8,0.3933990974438432,0.9059869369108524,1000
smol,forward,violence_liminal,9,0.556157284433315,1.1975705112924657,1000
smol,forward,violence_liminal,10,0.6235616459820175,1.4790617605491982,951
llama,forward,sexual_explicit,0,0.019652392190870244,0.8592419533710637,17000
llama,forward,sexual_explicit,1,0.9843756446748008,3.2707229173007826,17000
llama,forward,sexual_explicit,2,0.29186976812880333,0.9687447267247173,17000
llama,forward,sexual_explicit,3,0.4482961233257401,1.0525274336988106,17000
llama,forward,sexual_explicit,4,0.36247173051410625,0.9142523177773045,17000
llama,forward,sexual_explicit,5,0.3716638371068741,0.9780772171934874,17000
llama,forward,sexual_explicit,6,0.3265928644687589,0.928093982628956,17000
llama,forward,sexual_explicit,7,0.28568906900295066,0.8510136905215415,17000
llama,forward,sexual_explicit,8,0.31838709260952675,0.8597334604163709,17000
llama,forward,sexual_explicit,9,0.2749397727434589,0.7808231989043112,17000
llama,forward,sexual_explicit,10,0.29785549521297017,0.932118435480629,16912
redpajama,reverse,power,0,1.6588485604497991,1.721865811704586,1000
redpajama,reverse,power,1,0.8717014171965555,1.3315604439456306,1000
redpajama,reverse,power,2,0.7431534745866879,1.187728624069548,1000
redpajama,reverse,power,3,0.7604387213364634,1.419900148627961,1000
redpajama,reverse,power,4,1.3847898736701605,1.7385239832163062,1000
redpajama,reverse,power,5,2.525290591287212,3.9061190281014433,1000
redpajama,reverse,power,6,1.8291195383068122,2.752826190828225,1000
redpajama,reverse,power,7,2.3991697107418553,3.5158127090181277,1000
redpajama,reverse,power,8,3.4756934723390414,4.596536310214822,1000
redpajama,reverse,power,9,2.6089344402857138,3.7394336264051837,951
zephyr,forward,profanity,0,0.07544637709954849,0.44252088714251286,12500
zephyr,forward,profanity,1,0.13038748052729449,0.47723954167464205,12500
zephyr,forward,profanity,2,0.15088081188947908,0.5182385982427874,12500
zephyr,forward,profanity,3,0.14958418704719156,0.5253470491528289,12500
zephyr,forward,profanity,4,0.13025231218361422,0.5957847223118419,12500
zephyr,forward,profanity,5,0.13904293485389327,0.5235670602850839,12500
zephyr,forward,profanity,6,0.167961012307668,0.6766319550771813,12500
zephyr,forward,profanity,7,0.1520442672874911,0.5843751047309278,12500
zephyr,forward,profanity,8,0.13616613549648202,0.5167338192330329,12500
zephyr,forward,profanity,9,0.16466053801655303,0.6200314299499317,12500
smol3,forward,sexual_liminal,0,-2.5376526277146434e-17,0.9324319977292672,1400
smol3,forward,sexual_liminal,1,0.1124730605680866,6.481178591728762,1400
smol3,forward,sexual_liminal,2,0.12219163310633128,0.7149489649506513,1400
smol3,forward,sexual_liminal,3,0.13291347284593683,0.709534686301051,1400
smol3,forward,sexual_liminal,4,0.09511228045441016,0.531888615719069,1400
smol3,forward,sexual_liminal,5,0.13389013735288513,0.4882356409686723,1400
smol3,forward,sexual_liminal,6,0.11676592061254722,0.6202490969526853,1400
smol3,forward,sexual_liminal,7,0.2162650829888334,0.8823890062562812,1400
smol3,forward,sexual_liminal,8,0.1489543338184638,0.6773544010805076,1400
smol3,forward,sexual_liminal,9,0.13396129517055913,0.6567737581553836,1400
smol3,forward,sexual_liminal,10,0.18951683593285346,0.7501872157401247,1399
llama,reverse,sexual_explicit,0,0.30220222186255985,0.6739506866481842,500
llama,reverse,sexual_explicit,1,0.3102705961819373,0.5460762485395781,500
llama,reverse,sexual_explicit,2,0.8084331748970167,1.098023227319823,500
llama,reverse,sexual_explicit,3,0.8146826372942362,1.093503366407163,500
llama,reverse,sexual_explicit,4,0.9675373788258151,1.151576361297674,500
llama,reverse,sexual_explicit,5,0.6200205541334651,0.8702241516906765,500
llama,reverse,sexual_explicit,6,0.6386845695183996,0.9861987080015366,500
llama,reverse,sexual_explicit,7,0.7143749253353386,1.1209004206285031,500
llama,reverse,sexual_explicit,8,0.4473862686894607,0.8045585194927325,500
llama,reverse,sexual_explicit,9,0.5199973683907997,0.9922566722811375,500
pythia,forward,sexual_explicit,0,0.08559229056420223,0.5561670793567064,3500
pythia,forward,sexual_explicit,1,0.04321039462646064,0.3597139214190602,3500
pythia,forward,sexual_explicit,2,0.006498725721349008,0.08293681278961743,3500
pythia,forward,sexual_explicit,3,0.01768272912813244,0.12978861715704063,3500
pythia,forward,sexual_explicit,4,0.033110016406166426,0.17958502012787497,3500
pythia,forward,sexual_explicit,5,0.019492713199975042,0.15334663701845516,3500
pythia,forward,sexual_explicit,6,0.015165095874026742,0.1589651204247493,3500
pythia,forward,sexual_explicit,7,0.018924387118629003,0.16647620009221198,3500
pythia,forward,sexual_explicit,8,0.02482459412065021,0.1687915707297537,3500
pythia,forward,sexual_explicit,9,0.025497872645363826,0.25549257795553376,3500
pythia,forward,sexual_explicit,10,0.027686400520587434,0.2362336581389999,3459
pythia,forward,sexual_explicit,11,0.04952908425055268,0.4270615966833257,998
smol3,forward,neutral,0,2.0301221021717148e-17,1.2780243015780095,1400
smol3,forward,neutral,1,0.2226954067983518,7.086527044620875,1400
smol3,forward,neutral,2,0.3758477505505336,2.3582945948637604,1400
smol3,forward,neutral,3,0.21788828535515697,1.0419594198794693,1400
smol3,forward,neutral,4,0.3571873824942927,1.408554957389463,1400
smol3,forward,neutral,5,0.49243459122514927,2.0309364801105794,1400
smol3,forward,neutral,6,0.4729636338445513,2.0035386676596336,1400
smol3,forward,neutral,7,0.4119646511063189,1.7022807656156274,1400
smol3,forward,neutral,8,0.5223715731071203,2.5895322349964105,1400
smol3,forward,neutral,9,0.3992236696989736,1.5282886024601186,1400
smol3,forward,neutral,10,0.4623906206964507,1.8541006466270518,1399
minicpm,reverse,institutional,0,1.7822704716350928,2.306581853158318,4800
minicpm,reverse,institutional,1,1.41177495242084,1.9046068534847393,4800
minicpm,reverse,institutional,2,1.9166477491975416,2.578035277802168,4800
minicpm,reverse,institutional,3,1.515682777772774,2.2964001338500384,4800
minicpm,reverse,institutional,4,1.4423618800860147,1.8713672949756521,4800
minicpm,reverse,institutional,5,1.4309104344469963,2.1845815826813055,4800
minicpm,reverse,institutional,6,1.4743038000135777,2.4532612908747975,4800
minicpm,reverse,institutional,7,1.4384017913824418,2.251928160347079,4800
minicpm,reverse,institutional,8,1.299333446224342,2.118365227845768,4799
minicpm,reverse,institutional,9,1.4085336556042185,2.451136792042387,4797
minicpm,reverse,violence_explicit,0,1.7488025091276311,2.5399662095294437,1000
minicpm,reverse,violence_explicit,1,1.2833889769333389,0.7595089726407036,1000
minicpm,reverse,violence_explicit,2,0.978082561457171,1.6195746871501193,1000
minicpm,reverse,violence_explicit,3,4.206072412166256,3.1554497239252517,1000
minicpm,reverse,violence_explicit,4,2.5079580458247634,2.9882679476787484,1000
minicpm,reverse,violence_explicit,5,4.424717888446297,4.9237657342776515,1000
minicpm,reverse,violence_explicit,6,2.259920382747392,2.492504972025794,1000
minicpm,reverse,violence_explicit,7,1.494536373631619,2.363431991493259,1000
minicpm,reverse,violence_explicit,8,1.5506910317812725,2.569641895041163,1000
minicpm,reverse,violence_explicit,9,1.3562089742778338,2.592800461581225,996
smol3,forward,institutional,0,0.012079548096452857,1.3143898243230943,4800
smol3,forward,institutional,1,0.6477613545739391,6.221211306578712,4800
smol3,forward,institutional,2,0.5022104893167018,1.4288075535872449,4800
smol3,forward,institutional,3,0.36531290878654804,0.9944398026687069,4800
smol3,forward,institutional,4,0.4318940154961751,1.0444873574528322,4800
smol3,forward,institutional,5,0.3244239313761921,0.841446292021291,4800
smol3,forward,institutional,6,0.28379956887991264,0.8964013082890492,4800
smol3,forward,institutional,7,0.2577414574194942,0.840452968703398,4800
smol3,forward,institutional,8,0.2567044308634804,0.8417810577597019,4800
smol3,forward,institutional,9,0.23266481077571258,0.8869026637545545,4800
smol3,forward,institutional,10,0.3120386736515161,1.1086569214421744,4519
archangel-slic,reverse,death,0,0.11120541445784327,0.13066612247934542,500
archangel-slic,reverse,death,1,0.031146602966751098,0.13558038331747171,500
archangel-slic,reverse,death,2,0.04001909743387898,0.18249225948643427,500
archangel-slic,reverse,death,3,0.12433161881463743,0.23364715594777613,500
archangel-slic,reverse,death,4,0.09125436798617777,0.1988267772573412,500
archangel-slic,reverse,death,5,0.09258132369772483,0.1689040395746479,500
archangel-slic,reverse,death,6,0.06838009809276323,0.15828250249226752,500
archangel-slic,reverse,death,7,0.03589480520874906,0.2286438641537777,500
archangel-slic,reverse,death,8,0.29626833029837985,1.3402403456299599,500
archangel-slic,reverse,death,9,0.07636344783902675,0.2644586816108779,486
olmo,reverse,institutional,0,2.146772339285638,2.1213208927410383,7200
olmo,reverse,institutional,1,1.228033793476615,2.071159395697354,7200
olmo,reverse,institutional,2,1.135808737396817,2.418842773993248,7200
olmo,reverse,institutional,3,1.6604094214155563,2.2907029997112818,7200
olmo,reverse,institutional,4,0.9453472555924476,2.001364099684609,7200
olmo,reverse,institutional,5,0.8385291353594816,1.4311465417283755,7200
olmo,reverse,institutional,6,0.9363917155868551,1.7102852843646204,7199
olmo,reverse,institutional,7,0.9127931447021683,1.7814127495463847,7199
olmo,reverse,institutional,8,1.0140683297833362,2.5993711403881075,7199
olmo,reverse,institutional,9,1.0294882320781165,2.7488170635949074,7198
yi,reverse,institutional,0,14.70981229287639,4.309255250663013,2400
yi,reverse,institutional,1,7.5142150607185645,3.748112684630498,2400
yi,reverse,institutional,2,3.852912181611686,3.44255428005278,2400
yi,reverse,institutional,3,2.782492390223273,4.029748249547805,2400
yi,reverse,institutional,4,2.4074423567928784,3.441212851417805,2400
yi,reverse,institutional,5,2.3280887467962414,3.6899208395947434,2400
yi,reverse,institutional,6,1.925651981387713,3.222369351976038,2400
yi,reverse,institutional,7,1.6587921777796844,2.9473350793857005,2400
yi,reverse,institutional,8,1.2119025636768948,2.786604146031188,2400
yi,reverse,institutional,9,0.8691181490950273,2.800917181557231,2280
smol,forward,violence_explicit,0,0.0,0.4007492420917065,1000
smol,forward,violence_explicit,1,0.2501272409827968,5.535444329289504,1000
smol,forward,violence_explicit,2,0.17220023367859916,0.4654896183672017,1000
smol,forward,violence_explicit,3,0.04340598513181358,0.4447484269882686,1000
smol,forward,violence_explicit,4,0.1703466841205763,0.5036173893508821,1000
smol,forward,violence_explicit,5,0.17598359584970688,0.9293441089585431,1000
smol,forward,violence_explicit,6,0.5258930690965737,1.494780409708546,999
smol,forward,violence_explicit,7,0.5318103146985493,1.5985159804649953,997
smol,forward,violence_explicit,8,0.8421295491172367,1.778630463873075,996
smol,forward,violence_explicit,9,0.7268988271115628,1.7938386334660315,994
smol,forward,violence_explicit,10,0.7044263342567901,1.815401839599992,968
minicpm,reverse,substance,0,1.5946241567855668,1.2183834890711591,1000
minicpm,reverse,substance,1,0.14443465649717813,0.7196858018878913,1000
minicpm,reverse,substance,2,0.7144103954435969,1.1171993176367803,1000
minicpm,reverse,substance,3,0.7314460281302911,1.0242979752734036,1000
minicpm,reverse,substance,4,1.1561941647817104,2.1190885761520404,1000
minicpm,reverse,substance,5,2.175162901807932,2.7135923853218102,1000
minicpm,reverse,substance,6,1.6731295076748685,2.855546355993143,1000
minicpm,reverse,substance,7,3.17609184916887,3.4867394084730834,1000
minicpm,reverse,substance,8,1.554832960816476,2.240747825397448,1000
minicpm,reverse,substance,9,2.1884595348451965,3.2229948891600397,1000
pythia,forward,institutional,0,0.1534059259609483,0.9543475291645921,16800
pythia,forward,institutional,1,0.023970775841241396,0.3182428699447704,16800
pythia,forward,institutional,2,0.04001217556471627,0.2694627089535033,16800
pythia,forward,institutional,3,0.046984588227781676,0.3092222265848985,16800
pythia,forward,institutional,4,0.07985211458201741,0.5653721231607398,16800
pythia,forward,institutional,5,0.04547927745747145,0.27869079815799425,16800
pythia,forward,institutional,6,0.05178205603241114,0.3299718475203314,16800
pythia,forward,institutional,7,0.06932182417315491,0.4265669975891153,16800
pythia,forward,institutional,8,0.06257253986361794,0.4279486599813629,16800
pythia,forward,institutional,9,0.04990683745826337,0.37968930978704535,16731
pythia,forward,institutional,10,0.055269502746071945,0.4346977237665367,14726
deepseek-7b,forward,substance,0,0.40652867052453534,1.0449082723331182,1000
deepseek-7b,forward,substance,1,0.3288223784470542,0.8538374298773274,1000
deepseek-7b,forward,substance,2,0.28699943639759035,1.2016411193002752,1000
deepseek-7b,forward,substance,3,0.32661521481384215,1.7748753307298117,1000
deepseek-7b,forward,substance,4,0.20785273336770485,1.2212727252933917,1000
deepseek-7b,forward,substance,5,1.3822347692333445,4.035745293008298,1000
deepseek-7b,forward,substance,6,0.5802432671664548,2.51764982002449,1000
deepseek-7b,forward,substance,7,0.9208634607199192,3.7569098334670765,1000
deepseek-7b,forward,substance,8,1.5477364191673804,4.847655098622441,1000
deepseek-7b,forward,substance,9,0.7279888221008834,2.973215872324193,934
deepseek-7b,forward,substance,10,0.017004631730654873,0.5280681442642019,49
olmo-tiny,forward,violence_liminal,0,-0.07745905355389403,1.0010903546605978,6000
olmo-tiny,forward,violence_liminal,1,0.6940016322182803,2.8888163812714547,6000
olmo-tiny,forward,violence_liminal,2,0.16985214826583664,0.7312820664100829,6000
olmo-tiny,forward,violence_liminal,3,0.30773642434448306,0.9057574274404092,6000
olmo-tiny,forward,violence_liminal,4,0.33764428600657836,0.9111465395103293,6000
olmo-tiny,forward,violence_liminal,5,0.32142263815872996,0.9044222622967224,6000
olmo-tiny,forward,violence_liminal,6,0.23499339591200336,0.7005781052743195,6000
olmo-tiny,forward,violence_liminal,7,0.33088560986479953,1.0052419613752221,6000
olmo-tiny,forward,violence_liminal,8,0.28323341208163505,0.8096480126477577,6000
olmo-tiny,forward,violence_liminal,9,0.318171466638512,0.9162789174376157,5998
olmo-tiny,forward,violence_liminal,10,0.3369305686334337,0.991815279681319,5998
map-neo,reverse,violence_liminal,0,14.58864742148618,4.483978331663957,1000
map-neo,reverse,violence_liminal,1,4.601192201706354,5.003549090731631,1000
map-neo,reverse,violence_liminal,2,5.026824664782136,5.891997382366182,1000
map-neo,reverse,violence_liminal,3,3.678886126514855,4.8766745469269726,1000
map-neo,reverse,violence_liminal,4,3.9351633432174276,5.0327871186855795,1000
map-neo,reverse,violence_liminal,5,2.3602251536374133,4.788950660065409,1000
map-neo,reverse,violence_liminal,6,3.124444128565508,3.3210459896623603,999
map-neo,reverse,violence_liminal,7,3.0663709277232876,3.516603118975435,997
map-neo,reverse,violence_liminal,8,1.7618382183228167,3.6230279176662346,975
map-neo,reverse,violence_liminal,9,1.152845195932733,4.093883406873502,897
archangel-dpo,reverse,neutral,0,0.10515498987131727,0.14847814877245274,1400
archangel-dpo,reverse,neutral,1,0.12639376006756423,0.1363560104583326,1400
archangel-dpo,reverse,neutral,2,0.05763586971471573,0.1409532751186063,1400
archangel-dpo,reverse,neutral,3,0.06545792043395558,0.11262061694123623,1400
archangel-dpo,reverse,neutral,4,0.09179660417858347,0.14603822775859118,1400
archangel-dpo,reverse,neutral,5,0.08563056574667541,0.3624674471367616,1400
archangel-dpo,reverse,neutral,6,0.0613240862656087,0.4549803397832993,1400
archangel-dpo,reverse,neutral,7,0.049746648506234906,0.9270540552218336,1400
archangel-dpo,reverse,neutral,8,0.44733756956058607,2.0165021820373417,1400
archangel-dpo,reverse,neutral,9,0.29465570724968837,1.400097660957945,1367
falcon3-10b,reverse,institutional,0,2.0998651448206282,2.280612279887255,2400
falcon3-10b,reverse,institutional,1,1.2999890592769285,1.6066337044018617,2400
falcon3-10b,reverse,institutional,2,1.015259242044615,1.9918913601419534,2400
falcon3-10b,reverse,institutional,3,2.7940977041818478,4.719295865454308,2400
falcon3-10b,reverse,institutional,4,2.9963845014589996,4.6136593535573525,2400
falcon3-10b,reverse,institutional,5,3.749386047338389,6.081446786923572,2400
falcon3-10b,reverse,institutional,6,2.1976140132555573,3.8488896215995365,2400
falcon3-10b,reverse,institutional,7,1.7457196929283607,2.8658547168261355,2400
falcon3-10b,reverse,institutional,8,2.049047997407074,3.4064422013704636,2400
falcon3-10b,reverse,institutional,9,1.6132960370515148,3.3079408892537803,2400
olmo-tiny,reverse,sexual_liminal,0,1.6376407103842587,1.3223620036144883,2100
olmo-tiny,reverse,sexual_liminal,1,0.6225240515328802,1.1102133345839653,2100
olmo-tiny,reverse,sexual_liminal,2,1.7688760903626926,1.1662691262296436,2100
olmo-tiny,reverse,sexual_liminal,3,1.3391849314883584,1.8329376804010074,2100
olmo-tiny,reverse,sexual_liminal,4,0.7983714083166794,1.3956537469151507,2100
olmo-tiny,reverse,sexual_liminal,5,0.7471970937802778,1.0010550989152625,2100
olmo-tiny,reverse,sexual_liminal,6,0.6928827222893288,1.1090527222033564,2100
olmo-tiny,reverse,sexual_liminal,7,0.9592094441559411,1.5828424349753594,2100
olmo-tiny,reverse,sexual_liminal,8,0.6908594265038787,1.2244667017640003,2100
olmo-tiny,reverse,sexual_liminal,9,0.7773095168075151,1.3453128903284592,2100
tulu-sft-nomath,reverse,power,0,0.25745506074249114,0.5025984852385307,500
tulu-sft-nomath,reverse,power,1,0.09645246586683934,0.2269484674929361,500
tulu-sft-nomath,reverse,power,2,0.10896276051650194,0.40187033713885023,500
tulu-sft-nomath,reverse,power,3,0.27393629193531005,0.4717605747978676,500
tulu-sft-nomath,reverse,power,4,0.2635825738857917,0.5471412233200853,500
tulu-sft-nomath,reverse,power,5,0.18983011187796356,0.41318211064228716,500
tulu-sft-nomath,reverse,power,6,0.13588413128142754,0.3564590096881239,500
tulu-sft-nomath,reverse,power,7,0.16051543253750425,0.4155512253799192,500
tulu-sft-nomath,reverse,power,8,0.17126361767299728,0.3214960791934312,500
tulu-sft-nomath,reverse,power,9,0.1851305364340847,0.48446942880258537,500
smol,reverse,neutral,0,1.4031138013310445,1.414513464307918,700
smol,reverse,neutral,1,1.0266054340633475,1.1609755643477686,700
smol,reverse,neutral,2,0.9831897610981939,1.336001019488553,700
smol,reverse,neutral,3,0.9243943493596674,1.487207140076458,700
smol,reverse,neutral,4,0.8322637501465293,1.8472198097628503,700
smol,reverse,neutral,5,0.777852171423645,1.150240826914305,700
smol,reverse,neutral,6,1.20094545499391,1.983849601445354,700
smol,reverse,neutral,7,1.1217169869286903,1.7732153456817843,700
smol,reverse,neutral,8,1.1624898477188426,2.1388908530570765,700
smol,reverse,neutral,9,1.0208369881140364,2.2041851074081165,690
zephyr,reverse,sexual_explicit,0,14.516335459039903,5.181395898877924,1000
zephyr,reverse,sexual_explicit,1,4.005842796371316,6.338293505746286,1000
zephyr,reverse,sexual_explicit,2,4.926365775579983,4.7109853950383584,1000
zephyr,reverse,sexual_explicit,3,5.712744794530881,5.077818843510261,1000
zephyr,reverse,sexual_explicit,4,5.146195070887155,4.81272761550877,1000
zephyr,reverse,sexual_explicit,5,3.2231280745435096,3.758691292955083,1000
zephyr,reverse,sexual_explicit,6,3.391651001888262,3.6742478563854166,1000
zephyr,reverse,sexual_explicit,7,1.8173698970743015,3.2798373499390747,1000
zephyr,reverse,sexual_explicit,8,2.1326071059684097,3.4593060710823553,994
zephyr,reverse,sexual_explicit,9,1.6999214302180659,3.6583467667706437,970
olmo-tiny,forward,institutional,11,1.6274449814340222,2.1655020491221717,1034
olmo-tiny,forward,institutional,12,0.7686497374258547,1.7007805457644782,436
yi,forward,violence_explicit,0,0.5671932963720776,1.2600036242282686,1000
yi,forward,violence_explicit,1,0.22208433769462207,0.7318697782570076,1000
yi,forward,violence_explicit,2,0.16233558472920043,0.6321074953876199,1000
yi,forward,violence_explicit,3,0.26732076189962367,0.7263866141089564,1000
yi,forward,violence_explicit,4,0.20434861288703154,0.835931892756026,1000
yi,forward,violence_explicit,5,0.2685557401918732,0.8351175265261266,999
yi,forward,violence_explicit,6,0.21364882011491593,0.7993926188232819,999
yi,forward,violence_explicit,7,0.33047979063931365,1.0231870039368598,997
yi,forward,violence_explicit,8,0.3065542804340198,0.8988672462435784,996
yi,forward,violence_explicit,9,0.37238312738670837,0.9591728461337407,995
smol3,reverse,power,0,0.6119294686630056,0.6791967441907546,500
smol3,reverse,power,1,0.33155405676716615,0.3459338553545752,500
smol3,reverse,power,2,0.7646223321826487,1.0415786799808147,500
smol3,reverse,power,3,0.2356933410500704,0.49939369074843615,500
smol3,reverse,power,4,0.3586445239922051,0.6383279971240561,500
smol3,reverse,power,5,0.3393373506500718,0.7003898242830158,500
smol3,reverse,power,6,0.3217576366574488,0.6635541083864667,500
smol3,reverse,power,7,0.30874382435997755,0.7019533704000119,500
smol3,reverse,power,8,0.40415517793149963,0.9145911209882727,500
smol3,reverse,power,9,0.557536666435037,1.067770063304559,500
yi,forward,sexual_liminal,0,0.4141388106761167,0.8823662645724248,1400
yi,forward,sexual_liminal,1,0.11323381525488596,0.4717517896469387,1400
yi,forward,sexual_liminal,2,0.25895510987965137,0.8159507284693781,1400
yi,forward,sexual_liminal,3,0.3266196291174048,0.7293904837953378,1400
yi,forward,sexual_liminal,4,0.299569193043285,0.7029550429780728,1400
yi,forward,sexual_liminal,5,0.13850373180700246,0.6329740670481351,1400
yi,forward,sexual_liminal,6,0.28614277898736923,0.9750271608566986,1400
yi,forward,sexual_liminal,7,0.25345426091478257,0.7922378194316471,1400
yi,forward,sexual_liminal,8,0.210519278864881,0.7006413465773073,1400
yi,forward,sexual_liminal,9,0.2315510745990074,0.7461575037327295,1399
yi,forward,sexual_liminal,10,0.3855993994124747,0.31708600933106945,6
tulu-sft-nowildchat,reverse,neutral,0,0.45008813577015466,0.6712515614145265,700
tulu-sft-nowildchat,reverse,neutral,1,0.28815858560044794,0.38552486944155795,700
tulu-sft-nowildchat,reverse,neutral,2,0.3172102975400227,0.3795347515057507,700
tulu-sft-nowildchat,reverse,neutral,3,0.2384169593918137,0.45053351857406904,700
tulu-sft-nowildchat,reverse,neutral,4,0.32546941023287423,0.5769097539733399,700
tulu-sft-nowildchat,reverse,neutral,5,0.30096868588654613,0.5090946801002197,700
tulu-sft-nowildchat,reverse,neutral,6,0.2661440741091339,0.5001909179910735,700
tulu-sft-nowildchat,reverse,neutral,7,0.23248637216819043,0.42458523510597446,700
tulu-sft-nowildchat,reverse,neutral,8,0.24040585513503446,0.4285123692273049,700
tulu-sft-nowildchat,reverse,neutral,9,0.25865253295028023,0.4716217903319039,700
ct-llm,reverse,institutional,0,0.6646645374401857,0.9639139982329034,4800
ct-llm,reverse,institutional,1,1.1351807061545147,0.8746606979379462,4800
ct-llm,reverse,institutional,2,0.6412136315679032,0.7723250057472791,4800
ct-llm,reverse,institutional,3,0.7267838373032394,0.9957723417238166,4800
ct-llm,reverse,institutional,4,0.6101171849688037,0.8833297761368126,4800
ct-llm,reverse,institutional,5,1.0305698479888772,1.3560122255218343,4800
ct-llm,reverse,institutional,6,0.8804077154647885,1.2002154962027656,4800
ct-llm,reverse,institutional,7,0.815294855440548,1.1663492508911681,4800
ct-llm,reverse,institutional,8,0.8325466750623689,1.2354981086004342,4800
ct-llm,reverse,institutional,9,0.8925805091051844,1.3079167737137813,4800
tulu,reverse,sexual_explicit,0,1.0148747873819501,1.4453916084337202,1500
tulu,reverse,sexual_explicit,1,0.3639175106394786,0.7142700464713871,1500
tulu,reverse,sexual_explicit,2,0.7207131701947234,0.7511472239001086,1500
tulu,reverse,sexual_explicit,3,0.4671195219915547,0.6270905051898781,1500
tulu,reverse,sexual_explicit,4,0.43135538875513113,0.838740580835301,1500
tulu,reverse,sexual_explicit,5,0.48912189591758737,0.640556248139845,1500
tulu,reverse,sexual_explicit,6,0.5048806921693126,0.7832870662822372,1500
tulu,reverse,sexual_explicit,7,0.4981410097738837,0.7672654267779493,1500
tulu,reverse,sexual_explicit,8,0.355068660088243,0.6617497299816568,1500
tulu,reverse,sexual_explicit,9,0.3886612198965798,0.7421298161963027,1500
archangel-kto,reverse,violence_explicit,0,0.14888814851125903,0.1306368643991001,500
archangel-kto,reverse,violence_explicit,1,0.057425357363640205,0.08004041344800333,500
archangel-kto,reverse,violence_explicit,2,0.06376568993719113,0.17195629327604237,500
archangel-kto,reverse,violence_explicit,3,0.11601781655058079,0.15604822028801382,500
archangel-kto,reverse,violence_explicit,4,0.06874133404701026,0.14992063478766923,500
archangel-kto,reverse,violence_explicit,5,0.11093538795211236,0.21974155984911137,500
archangel-kto,reverse,violence_explicit,6,0.03217770647194149,0.16350158585056992,500
archangel-kto,reverse,violence_explicit,7,-0.049851111754714725,0.3035201001202354,500
archangel-kto,reverse,violence_explicit,8,0.38247325822661815,1.624779589793096,500
archangel-kto,reverse,violence_explicit,9,0.06207279315748595,0.22424526519099058,473
amber,forward,violence_liminal,0,0.5056345586839711,1.6393661559068418,3000
amber,forward,violence_liminal,1,0.32347917261428744,1.2251147571549716,3000
amber,forward,violence_liminal,2,0.29560385439039205,0.9275588120294274,3000
amber,forward,violence_liminal,3,0.3125938107820232,1.1324081962289003,3000
amber,forward,violence_liminal,4,0.5925342256752079,1.646290939060826,3000
amber,forward,violence_liminal,5,0.6037826714539487,1.629919893226581,3000
amber,forward,violence_liminal,6,0.8020923898152141,2.1730069921785433,2998
amber,forward,violence_liminal,7,0.9215453137015446,2.522527544550004,2996
amber,forward,violence_liminal,8,1.0171790557675113,3.0243639579187875,2996
amber,forward,violence_liminal,9,0.9684750402212773,2.3056794768576374,2996
olmo-hybrid,reverse,institutional,0,1.4725588735352597,1.7711786875298487,4800
olmo-hybrid,reverse,institutional,1,0.841103439872471,1.53609732853779,4800
olmo-hybrid,reverse,institutional,2,0.6484324597086303,1.4442277573515656,4800
olmo-hybrid,reverse,institutional,3,0.6816970158008892,1.2852860705710245,4800
olmo-hybrid,reverse,institutional,4,0.5134728078058833,1.0893699519112625,4800
olmo-hybrid,reverse,institutional,5,0.45532456290268053,0.9711757043201494,4800
olmo-hybrid,reverse,institutional,6,0.4230688528454289,0.8825006594589745,4800
olmo-hybrid,reverse,institutional,7,0.45188461517795947,1.0241789668525656,4800
olmo-hybrid,reverse,institutional,8,0.4187060630461135,1.0405474347498382,4800
olmo-hybrid,reverse,institutional,9,0.524649352561629,1.3477992273411123,4800
ct-llm,reverse,violence_liminal,0,1.2405845444057464,1.1004794387151486,1000
ct-llm,reverse,violence_liminal,1,0.4494946668801249,0.5576117233924465,1000
ct-llm,reverse,violence_liminal,2,0.44196112878120164,0.5506735647639704,1000
ct-llm,reverse,violence_liminal,3,0.41169490598165887,0.45228022393682993,1000
ct-llm,reverse,violence_liminal,4,0.5845076370645782,0.7250259016666651,1000
ct-llm,reverse,violence_liminal,5,0.410967420244399,0.6848922269909399,1000
ct-llm,reverse,violence_liminal,6,0.6932265327754867,0.9303665756441286,1000
ct-llm,reverse,violence_liminal,7,0.788858894014771,0.8268703305432062,1000
ct-llm,reverse,violence_liminal,8,0.630516579531428,0.8164417940738854,1000
ct-llm,reverse,violence_liminal,9,0.559220894853637,0.8396125954954593,1000
qwen,forward,profanity,0,-1.116550076378495,4.291432458010842,2500
qwen,forward,profanity,1,0.005795153071340246,4.497586893509077,2500
qwen,forward,profanity,2,3.2397724685668696,4.29708190829326,2500
qwen,forward,profanity,3,1.1028549330700108,2.453839271685219,2500
qwen,forward,profanity,4,1.2946345158009236,2.5055521621413073,2500
qwen,forward,profanity,5,1.4789663911479598,2.5957813074062694,2500
qwen,forward,profanity,6,1.9222908191258967,3.391631777279064,2500
qwen,forward,profanity,7,1.6736347086625607,2.945931251820388,2500
qwen,forward,profanity,8,1.9289283356440552,3.179934425849045,2500
qwen,forward,profanity,9,1.5856144958391298,2.795731114900514,2404
qwen,forward,profanity,10,1.5967659735151478,3.0623285583288538,1540
olmo,reverse,substance,0,1.381909861892278,1.3008445715603467,1500
olmo,reverse,substance,1,0.35547700335870314,0.6592625846302089,1500
olmo,reverse,substance,2,0.6840217573159753,0.8560618692795654,1500
olmo,reverse,substance,3,0.9861576647319061,1.5633668688663247,1500
olmo,reverse,substance,4,1.2871898663257313,2.0425961990349424,1500
olmo,reverse,substance,5,1.0403281467481278,1.6734873332885187,1500
olmo,reverse,substance,6,1.0962169855607113,2.3674442311167088,1500
olmo,reverse,substance,7,1.1246251644225247,2.3709976314594563,1496
olmo,reverse,substance,8,1.4832068668347056,3.099930832646491,1496
olmo,reverse,substance,9,1.4085855577476698,3.1777050386960455,1483
olmo,forward,power,0,0.643135015631148,1.944532894151808,10500
olmo,forward,power,1,0.3147844786621583,1.416302348593767,10500
olmo,forward,power,2,0.2478370735198282,0.9659873404654904,10500
olmo,forward,power,3,0.2568895773991505,1.3790931587716626,10500
olmo,forward,power,4,0.20247500316416456,1.4550634594955463,10500
olmo,forward,power,5,0.23978558765321786,1.2762040632133587,10500
olmo,forward,power,6,0.1690370783352815,1.3151115398557673,10494
olmo,forward,power,7,0.2435710688312098,1.3991804550294784,10494
olmo,forward,power,8,0.22227046828483332,1.4765373291691766,10474
olmo,forward,power,9,0.4242915889699351,1.9307229581014942,10462
olmo,forward,power,10,0.5278366316806049,2.0814304997360744,7179
bloom,reverse,institutional,0,0.10572203912683484,0.8157218032033856,2400
bloom,reverse,institutional,1,0.10818483757058113,0.6128747256635448,2400
bloom,reverse,institutional,2,0.16084934018781022,0.48996772976874386,2400
bloom,reverse,institutional,3,0.3126457514870292,1.0190685552690608,2400
bloom,reverse,institutional,4,0.41861305342586824,1.9163035503456778,2400
bloom,reverse,institutional,5,0.51657531865068,1.9474109279014549,2400
bloom,reverse,institutional,6,0.691561540401067,2.3300191711998597,2400
bloom,reverse,institutional,7,0.9801837020112442,2.370010653681709,2400
bloom,reverse,institutional,8,1.120866775513878,2.8392223645505,2397
bloom,reverse,institutional,9,0.8630341309717368,2.955821267065014,2364
rwkv,reverse,sexual_liminal,0,0.23008652922210615,2.4399902673492275,700
rwkv,reverse,sexual_liminal,1,-0.027443325101863467,1.5126280396702994,700
rwkv,reverse,sexual_liminal,2,-0.05591275327032635,1.0944381494477957,692
rwkv,reverse,sexual_liminal,3,0.10187849816630352,0.7168595704796502,689
rwkv,reverse,sexual_liminal,4,0.008181348893319717,0.4512185094492455,688
rwkv,reverse,sexual_liminal,5,0.03347770264666281,0.3307506725979607,687
rwkv,reverse,sexual_liminal,6,0.035692955206103806,0.27332377709767025,687
rwkv,reverse,sexual_liminal,7,0.056230513698089596,0.24525172451388716,687
rwkv,reverse,sexual_liminal,8,0.08525909585709812,0.26526281275374597,687
rwkv,reverse,sexual_liminal,9,0.10995892806467569,0.5923946045125359,685
olmo,reverse,sexual_liminal,0,1.408405327900014,1.3502891650496036,2100
olmo,reverse,sexual_liminal,1,1.4722565775703198,2.0390969252795594,2100
olmo,reverse,sexual_liminal,2,1.0373165492448646,1.5408451091038347,2100
olmo,reverse,sexual_liminal,3,1.5556507606434908,1.6839650951553777,2100
olmo,reverse,sexual_liminal,4,1.4388122411254716,1.45623349986255,2100
olmo,reverse,sexual_liminal,5,1.2465989708146614,2.0771950118790268,2100
olmo,reverse,sexual_liminal,6,1.4135751701012798,2.8127673515283376,2100
olmo,reverse,sexual_liminal,7,2.0732285205317487,3.7875162698725693,2100
olmo,reverse,sexual_liminal,8,1.8414911607638147,3.2757953912703823,2100
olmo,reverse,sexual_liminal,9,1.497296260318221,2.858013940765567,1894
olmo-tiny,forward,sexual_explicit,0,-0.0679094728262873,0.8060328460196311,6000
olmo-tiny,forward,sexual_explicit,1,0.21900202014783288,3.2664661169600673,6000
olmo-tiny,forward,sexual_explicit,2,0.24399825024118305,0.6212405270914357,6000
olmo-tiny,forward,sexual_explicit,3,0.11885082936855841,0.9870514476587772,6000
olmo-tiny,forward,sexual_explicit,4,0.4408193629264809,0.8555136303011734,6000
olmo-tiny,forward,sexual_explicit,5,0.2907749967293947,0.9085685390710438,6000
olmo-tiny,forward,sexual_explicit,6,0.37935359645562244,0.8433184105398543,6000
olmo-tiny,forward,sexual_explicit,7,0.3760890409803748,1.014273228458752,6000
olmo-tiny,forward,sexual_explicit,8,0.39240386103218633,1.0657233413009222,6000
olmo-tiny,forward,sexual_explicit,9,0.3553481312895031,1.0870009920909514,6000
olmo-tiny,forward,sexual_explicit,10,0.32122723923847984,0.9926244384632028,5997
archangel-ppo,reverse,sexual_liminal,0,0.15559208007968506,0.09444643470240044,700
archangel-ppo,reverse,sexual_liminal,1,0.07029107709066924,0.0912187184549037,700
archangel-ppo,reverse,sexual_liminal,2,0.11344367973793433,0.36416429535355155,700
archangel-ppo,reverse,sexual_liminal,3,0.041806290306526786,0.135452314841047,700
archangel-ppo,reverse,sexual_liminal,4,0.1476185407528135,0.4677670320496829,700
archangel-ppo,reverse,sexual_liminal,5,0.09680435230689381,0.7068372495096747,700
archangel-ppo,reverse,sexual_liminal,6,0.07301038203514683,0.7249705027377866,700
archangel-ppo,reverse,sexual_liminal,7,0.17339657841016576,1.426405807207453,700
archangel-ppo,reverse,sexual_liminal,8,0.28111864459261804,1.6719205006767637,700
archangel-ppo,reverse,sexual_liminal,9,0.17739230537229292,0.9211623813893771,695
falcon3-3b,reverse,institutional,0,0.8039906208007405,1.158818726501862,2400
falcon3-3b,reverse,institutional,1,1.3282244342670733,1.5647098268991078,2400
falcon3-3b,reverse,institutional,2,1.2774191162896185,1.8206099222409187,2400
falcon3-3b,reverse,institutional,3,1.8522433627545032,2.9951742540285275,2400
falcon3-3b,reverse,institutional,4,1.9635255963369616,3.6567811590267243,2400
falcon3-3b,reverse,institutional,5,2.403694914542997,4.8292782474824,2400
falcon3-3b,reverse,institutional,6,1.728101427176672,3.337810241410717,2400
falcon3-3b,reverse,institutional,7,1.8211647889430302,3.2791774074768414,2400
falcon3-3b,reverse,institutional,8,2.096476365851529,3.682979253921716,2400
falcon3-3b,reverse,institutional,9,1.9721376224506555,3.496179141070295,2400
olmo-tiny,reverse,violence_liminal,0,1.1378948281547085,1.363129413270815,1500
olmo-tiny,reverse,violence_liminal,1,0.27365621014452773,0.8173911570833858,1500
olmo-tiny,reverse,violence_liminal,2,0.30704784944393776,0.9070622864702665,1500
olmo-tiny,reverse,violence_liminal,3,0.5534149041656541,0.9545537838820524,1500
olmo-tiny,reverse,violence_liminal,4,0.9334074508205269,1.2670284585140668,1500
olmo-tiny,reverse,violence_liminal,5,0.46341943432847243,0.9259720007848892,1500
olmo-tiny,reverse,violence_liminal,6,0.6754261003910996,1.1229444814749838,1500
olmo-tiny,reverse,violence_liminal,7,0.5075549930148272,0.9787882916794166,1500
olmo-tiny,reverse,violence_liminal,8,0.634271737039299,1.193677152865861,1500
olmo-tiny,reverse,violence_liminal,9,0.6803183765767901,1.140213046371001,1500
olmo-tiny,forward,sexual_explicit,11,0.5908202878088209,1.1673295928237672,44
olmo-tiny,forward,sexual_explicit,12,0.22113113583844402,0.7078619605909976,4
amber,reverse,violence_liminal,0,13.933712229600195,3.282277791389132,1000
amber,reverse,violence_liminal,1,5.101871974022035,5.907000608809254,1000
amber,reverse,violence_liminal,2,3.8594855305537616,5.320520180613984,1000
amber,reverse,violence_liminal,3,5.270861997046869,5.070835397313023,1000
amber,reverse,violence_liminal,4,4.638407926479495,4.4135115317683224,1000
amber,reverse,violence_liminal,5,3.3054596785046524,3.802238890394921,1000
amber,reverse,violence_liminal,6,2.7716469016097642,4.008477812431629,1000
amber,reverse,violence_liminal,7,3.1271353418103396,4.034336408027266,1000
amber,reverse,violence_liminal,8,3.684605554073597,3.9777120095099714,979
amber,reverse,violence_liminal,9,2.051886638446074,3.199106361671792,904
glm4,reverse,institutional,0,1.5438691223934722,2.8697494512735657,2400
glm4,reverse,institutional,1,0.9712964457162502,1.5830605940651914,2400
glm4,reverse,institutional,2,0.71548152081181,1.4621325688359406,2400
glm4,reverse,institutional,3,0.6195134858640833,1.2843124640732244,2400
glm4,reverse,institutional,4,0.5192545872310569,1.2555669116332908,2400
glm4,reverse,institutional,5,0.5630165182025257,1.2530368293454457,2400
glm4,reverse,institutional,6,0.5257711874759016,1.3315185669944143,2400
glm4,reverse,institutional,7,0.5534082752165481,1.3634910839225856,2400
glm4,reverse,institutional,8,0.6120947931667424,1.5597652965001072,2400
glm4,reverse,institutional,9,0.6032684414688257,1.3412952285953634,2366
qwen3,reverse,profanity,0,1.717140635364945,1.1991217792968818,500
qwen3,reverse,profanity,1,1.5501395187483662,1.3482394176342745,500
qwen3,reverse,profanity,2,1.2130042702990336,0.9442856163533109,500
qwen3,reverse,profanity,3,1.5586023118859458,2.188262579870266,500
qwen3,reverse,profanity,4,1.7699608629756864,3.2469567647735738,500
qwen3,reverse,profanity,5,2.539130737104803,3.8882528715864293,500
qwen3,reverse,profanity,6,1.8772587440100867,2.8657812176706456,500
qwen3,reverse,profanity,7,2.5828008722074283,3.8546770883663037,500
qwen3,reverse,profanity,8,2.0330478007543995,3.6322974587428942,500
qwen3,reverse,profanity,9,2.0440254915895886,3.6371227804365835,500
deepseek-7b,forward,sexual_liminal,0,0.15761086987834663,0.5731339584083045,1400
deepseek-7b,forward,sexual_liminal,1,0.1465300711393887,0.658416958034572,1400
deepseek-7b,forward,sexual_liminal,2,0.7560891349373055,3.0950513042550623,1400
deepseek-7b,forward,sexual_liminal,3,0.5667764713974169,2.94106281992995,1400
deepseek-7b,forward,sexual_liminal,4,0.9315738350680385,3.763254255294261,1400
deepseek-7b,forward,sexual_liminal,5,0.7893457593918973,3.316625846712484,1400
deepseek-7b,forward,sexual_liminal,6,0.6755749724885155,2.86044434786796,1400
deepseek-7b,forward,sexual_liminal,7,0.9536486149479732,3.588514638942614,1400
deepseek-7b,forward,sexual_liminal,8,1.4575374192979427,4.537238299712719,1398
deepseek-7b,forward,sexual_liminal,9,1.0214486858701282,3.644382674003298,1274
deepseek-7b,forward,sexual_liminal,10,0.0729921095545007,1.1073916351621176,102
tulu-sft-full,reverse,sexual_explicit,0,0.6508688064523827,1.0615733334080624,500
tulu-sft-full,reverse,sexual_explicit,1,0.30917894948365915,0.488622102444363,500
tulu-sft-full,reverse,sexual_explicit,2,0.44580854356081806,0.4827842784042539,500
tulu-sft-full,reverse,sexual_explicit,3,0.32852936066280364,0.43176455156755494,500
tulu-sft-full,reverse,sexual_explicit,4,0.26059262269944694,0.7722876995873503,500
tulu-sft-full,reverse,sexual_explicit,5,0.2508055964696803,0.42440278882099525,500
tulu-sft-full,reverse,sexual_explicit,6,0.3294761401799395,0.717365841556911,500
tulu-sft-full,reverse,sexual_explicit,7,0.34877791487138493,0.7249002856978878,500
tulu-sft-full,reverse,sexual_explicit,8,0.16618233894687176,0.38206980519903544,500
tulu-sft-full,reverse,sexual_explicit,9,0.26190160379040817,0.5383268666020177,500
archangel-dpo,reverse,violence_liminal,0,0.11592137433197457,0.10581728080454757,1000
archangel-dpo,reverse,violence_liminal,1,0.025895891715467682,0.1233991277124338,1000
archangel-dpo,reverse,violence_liminal,2,0.05077580868726356,0.125773918681179,1000
archangel-dpo,reverse,violence_liminal,3,0.04662891550157919,0.13388087003999166,1000
archangel-dpo,reverse,violence_liminal,4,0.055019720610065645,0.12566725876307458,1000
archangel-dpo,reverse,violence_liminal,5,0.052051353661080976,0.45330536073390426,1000
archangel-dpo,reverse,violence_liminal,6,0.037749277078349595,0.9881081871181692,1000
archangel-dpo,reverse,violence_liminal,7,0.1914012363283369,1.8173456552135425,1000
archangel-dpo,reverse,violence_liminal,8,0.60007229722684,2.3080041953146453,1000
archangel-dpo,reverse,violence_liminal,9,0.2973685294878551,1.4804241529464615,953
tulu-sft-full,reverse,sexual_liminal,0,0.47545076036692746,0.5902742528955544,700
tulu-sft-full,reverse,sexual_liminal,1,0.09959117601300495,0.28305595956497775,700
tulu-sft-full,reverse,sexual_liminal,2,0.39739737796301644,0.4844847843623557,700
tulu-sft-full,reverse,sexual_liminal,3,0.34900465696174787,0.45147246917417194,700
tulu-sft-full,reverse,sexual_liminal,4,0.2744059069539469,0.5732942367021583,700
tulu-sft-full,reverse,sexual_liminal,5,0.21062768773174703,0.4560643057734287,700
tulu-sft-full,reverse,sexual_liminal,6,0.19267676228044545,0.4812360454236765,700
tulu-sft-full,reverse,sexual_liminal,7,0.2006454200942058,0.530708747623168,700
tulu-sft-full,reverse,sexual_liminal,8,0.25380127168413563,0.5316239176406015,700
tulu-sft-full,reverse,sexual_liminal,9,0.2486088106524808,0.5929724505671475,700
amber,forward,sexual_explicit,0,0.6282486071426492,1.4198566767568765,3000
amber,forward,sexual_explicit,1,0.2785080554638807,0.7701565053433223,3000
amber,forward,sexual_explicit,2,0.6456875203603137,1.390350591790155,3000
amber,forward,sexual_explicit,3,1.0521227913405524,2.133808844903756,3000
amber,forward,sexual_explicit,4,1.2977723140556081,2.9226498747767446,3000
amber,forward,sexual_explicit,5,1.1285190887135128,2.3974618268620502,3000
amber,forward,sexual_explicit,6,0.9554325750445177,2.1010158522331044,3000
amber,forward,sexual_explicit,7,0.9360337389719198,2.0611261783052464,3000
amber,forward,sexual_explicit,8,0.8812720008415437,1.9770888269764388,3000
amber,forward,sexual_explicit,9,1.022480592996139,2.6902165094555497,2990
llama,reverse,violence_explicit,0,0.3602868793112567,0.928124164058354,500
llama,reverse,violence_explicit,1,0.15896147002666133,0.43129419877903463,500
llama,reverse,violence_explicit,2,0.16626232364951415,0.4233520494667015,500
llama,reverse,violence_explicit,3,0.15053627224231758,0.7193558259783895,500
llama,reverse,violence_explicit,4,0.1673881276828055,0.6444166526273137,500
llama,reverse,violence_explicit,5,0.5910605428860739,1.3671473581330809,500
llama,reverse,violence_explicit,6,0.5753521788380234,1.4484246911867948,500
llama,reverse,violence_explicit,7,0.35402897764985325,0.7530519556782492,500
llama,reverse,violence_explicit,8,0.3665996636479773,0.873386894549654,500
llama,reverse,violence_explicit,9,0.39410641125197116,1.1736164696270182,500
amber,forward,power,0,0.5407701894842627,1.913636330919545,3000
amber,forward,power,1,0.09528240498842014,0.9305174845219831,3000
amber,forward,power,2,0.3328782428460704,1.181645925677155,3000
amber,forward,power,3,0.3382858398259921,1.1667310827699466,3000
amber,forward,power,4,1.0475496177662047,2.306737547340162,2998
amber,forward,power,5,0.9882169184027523,2.4328766790609175,2998
amber,forward,power,6,1.3579029563430007,3.0869970160924405,2996
amber,forward,power,7,1.0901741112006964,2.7542070947424597,2992
amber,forward,power,8,1.0768966568573122,2.571209180599236,2988
amber,forward,power,9,1.6200072849660303,3.790126174149481,2958
tinyllama,reverse,institutional,0,14.905564894395065,3.697713945471422,2400
tinyllama,reverse,institutional,1,6.867837138740864,4.69916308835407,2400
tinyllama,reverse,institutional,2,5.796217602376624,5.455599170883175,2400
tinyllama,reverse,institutional,3,3.7282963520030306,4.646984323879996,2400
tinyllama,reverse,institutional,4,4.053647842120315,5.39056178908468,2400
tinyllama,reverse,institutional,5,3.7283682909417357,4.88363190693325,2400
tinyllama,reverse,institutional,6,3.1392797230609455,4.260106818862019,2400
tinyllama,reverse,institutional,7,2.954438975237761,4.49420017631473,2400
tinyllama,reverse,institutional,8,2.0023777452486535,3.917675496020064,2393
tinyllama,reverse,institutional,9,1.6876197127229409,4.256417707305625,2248
archangel-kto,reverse,sexual_liminal,0,0.1645967219230154,0.12653870123431044,700
archangel-kto,reverse,sexual_liminal,1,0.035568899750720216,0.07217881082861566,700
archangel-kto,reverse,sexual_liminal,2,0.0870515925545731,0.2124485444832446,700
archangel-kto,reverse,sexual_liminal,3,0.04379976207424355,0.09932788931209334,700
archangel-kto,reverse,sexual_liminal,4,0.06251059984161192,0.19582494915921492,700
archangel-kto,reverse,sexual_liminal,5,0.049506219370374596,0.21693134144117435,700
archangel-kto,reverse,sexual_liminal,6,0.029291423182079973,0.2816351075908587,700
archangel-kto,reverse,sexual_liminal,7,0.04474736399788506,0.2542787656298604,700
archangel-kto,reverse,sexual_liminal,8,0.09213479911969576,0.42203918373505256,700
archangel-kto,reverse,sexual_liminal,9,0.08275640697665766,0.20188174919190213,698
tulu-sft-nomath,reverse,sexual_liminal,0,0.5138064445804753,0.5028360716248707,700
tulu-sft-nomath,reverse,sexual_liminal,1,0.10137417642545893,0.27912253173058815,700
tulu-sft-nomath,reverse,sexual_liminal,2,0.32196878349682495,0.41358705065505197,700
tulu-sft-nomath,reverse,sexual_liminal,3,0.34120046738303206,0.4589969099166966,700
tulu-sft-nomath,reverse,sexual_liminal,4,0.25382170239319135,0.593236304033215,700
tulu-sft-nomath,reverse,sexual_liminal,5,0.1904036143699935,0.4144653463222103,700
tulu-sft-nomath,reverse,sexual_liminal,6,0.19063129642500753,0.43542263253146435,700
tulu-sft-nomath,reverse,sexual_liminal,7,0.20364494797694382,0.42535142651396957,700
tulu-sft-nomath,reverse,sexual_liminal,8,0.25124576998611087,0.5620365547461774,700
tulu-sft-nomath,reverse,sexual_liminal,9,0.2708155789155317,0.5330432009031782,700
olmo-hybrid,reverse,sexual_explicit,0,0.6178489928012044,0.6139201863131022,1000
olmo-hybrid,reverse,sexual_explicit,1,0.29266574567691866,0.7590069197975294,1000
olmo-hybrid,reverse,sexual_explicit,2,0.7361435115901338,0.8961586455782313,1000
olmo-hybrid,reverse,sexual_explicit,3,0.6887026924071363,0.7886357100286377,1000
olmo-hybrid,reverse,sexual_explicit,4,0.7742810569407619,0.8105142570704278,1000
olmo-hybrid,reverse,sexual_explicit,5,0.6821263379123602,0.8384830921636288,1000
olmo-hybrid,reverse,sexual_explicit,6,0.7454788262563309,0.9659127067352595,1000
olmo-hybrid,reverse,sexual_explicit,7,0.7417685985669484,1.0946726652455554,1000
olmo-hybrid,reverse,sexual_explicit,8,0.7125555094107148,0.9637141032073112,1000
olmo-hybrid,reverse,sexual_explicit,9,0.6143648005380282,0.8924437771345554,1000
smol,reverse,sexual_liminal,0,0.8534977948963729,1.147826533445051,700
smol,reverse,sexual_liminal,1,0.5078508703963336,0.6812013615364291,700
smol,reverse,sexual_liminal,2,0.7609388123495628,0.8781212271148946,700
smol,reverse,sexual_liminal,3,0.8699642715317155,0.7255498775621049,700
smol,reverse,sexual_liminal,4,0.8100963327825226,0.9191139359373313,700
smol,reverse,sexual_liminal,5,0.6699810362776062,1.2833466031652854,700
smol,reverse,sexual_liminal,6,0.5491908223386419,0.9434460878237336,700
smol,reverse,sexual_liminal,7,0.46641655188303366,0.9661587699599272,700
smol,reverse,sexual_liminal,8,0.5958317571002049,1.2290505129341396,700
smol,reverse,sexual_liminal,9,0.5872237862086823,1.1088603299463133,683
zephyr,reverse,institutional,0,16.5647731712732,5.479873778793443,4800
zephyr,reverse,institutional,1,6.637846031573155,4.531343509753234,4800
zephyr,reverse,institutional,2,2.8500038054410166,4.427461621145107,4800
zephyr,reverse,institutional,3,2.9690155640106437,4.365922783689774,4800
zephyr,reverse,institutional,4,2.5229250303532917,4.128261952347366,4800
zephyr,reverse,institutional,5,2.0103112508903807,3.455639661789168,4800
zephyr,reverse,institutional,6,1.9802589686186218,3.3348401114820327,4800
zephyr,reverse,institutional,7,1.4271846297401103,3.1091227479355403,4800
zephyr,reverse,institutional,8,1.0871026972161855,2.62566305778958,4782
zephyr,reverse,institutional,9,0.7067314811283892,2.585509311282958,4647
deepseek-7b,forward,substance,11,0.27662509759234927,0.7886849702015203,7
yi,reverse,sexual_liminal,0,13.213304051811408,5.6677590628504,700
yi,reverse,sexual_liminal,1,4.985674356223391,6.883580093294326,700
yi,reverse,sexual_liminal,2,5.296467482398581,5.085885196946288,700
yi,reverse,sexual_liminal,3,5.2414531075448565,4.508001893069537,700
yi,reverse,sexual_liminal,4,2.5115272764822727,4.212901957382596,700
yi,reverse,sexual_liminal,5,3.399537093237816,4.318979646414063,700
yi,reverse,sexual_liminal,6,1.9362719157671076,3.768414066676584,700
yi,reverse,sexual_liminal,7,1.9795950204181125,2.967460161438117,700
yi,reverse,sexual_liminal,8,1.0356793878463555,2.7586315368848777,700
yi,reverse,sexual_liminal,9,0.9665889562538532,3.2370758663382078,690
llama,reverse,sexual_liminal,0,0.7661755194244763,0.9663389047498641,700
llama,reverse,sexual_liminal,1,0.32484342420232026,0.5982288468552445,700
llama,reverse,sexual_liminal,2,0.44629560105022825,0.544229825073483,700
llama,reverse,sexual_liminal,3,0.5273210832419926,0.6987524349606158,700
llama,reverse,sexual_liminal,4,0.545299972142996,0.7051557157368501,700
llama,reverse,sexual_liminal,5,0.4096656241346149,0.6512305584652793,700
llama,reverse,sexual_liminal,6,0.47731518173552584,0.7755149603942126,700
llama,reverse,sexual_liminal,7,0.47321109919407545,0.8497858982835174,700
llama,reverse,sexual_liminal,8,0.45066618413310816,0.8681524648179461,700
llama,reverse,sexual_liminal,9,0.538852234123306,0.9923245457143763,700
falcon-mamba,reverse,power,0,0.35521687628723986,0.4242924042474535,500
falcon-mamba,reverse,power,1,-0.05660343110910955,0.26227058280211757,500
falcon-mamba,reverse,power,2,0.2796090189035707,0.450897113376506,500
falcon-mamba,reverse,power,3,0.6649905001701921,1.337839572169696,500
falcon-mamba,reverse,power,4,0.18835814473211399,0.5953433545843507,500
falcon-mamba,reverse,power,5,0.9913499034498415,3.6411494266980973,500
falcon-mamba,reverse,power,6,0.7107807816039894,2.731205494671575,500
falcon-mamba,reverse,power,7,-0.039722559549050025,2.594225361335588,500
falcon-mamba,reverse,power,8,-0.03388994231774459,2.95869502434218,499
falcon-mamba,reverse,power,9,-0.8224649649901628,3.421800521663549,487
olmo-hybrid,reverse,death,0,0.2842064336166392,0.8645673073563714,1000
olmo-hybrid,reverse,death,1,0.30953529016600023,0.5233648698141647,1000
olmo-hybrid,reverse,death,2,0.2458943103894398,0.4584651388929451,1000
olmo-hybrid,reverse,death,3,0.31066161795433966,0.6417812060888167,1000
olmo-hybrid,reverse,death,4,0.39982731722499015,0.7346067673907357,1000
olmo-hybrid,reverse,death,5,0.4093685065382091,0.6002058297288482,1000
olmo-hybrid,reverse,death,6,0.37237584829360004,0.5763719029786457,1000
olmo-hybrid,reverse,death,7,0.36012002114879493,0.5945755951984711,1000
olmo-hybrid,reverse,death,8,0.32993439066887936,0.6190026300975233,1000
olmo-hybrid,reverse,death,9,0.3663935222668591,0.68579502961083,1000
olmo,reverse,death,0,1.4273976200432883,1.5720955421170728,1500
olmo,reverse,death,1,1.236203583054247,2.816746058986778,1500
olmo,reverse,death,2,1.528117219913307,1.9968428779395144,1500
olmo,reverse,death,3,1.713296496785458,1.7407523648262948,1500
olmo,reverse,death,4,2.0149082294558593,2.3434377546882104,1500
olmo,reverse,death,5,1.514817259517268,1.7652197243405452,1500
olmo,reverse,death,6,1.7146409496183606,2.3563396877061646,1500
olmo,reverse,death,7,1.7421240150026545,2.466172298910407,1500
olmo,reverse,death,8,1.7027452798070384,2.571216346343638,1500
olmo,reverse,death,9,1.7373601526383142,2.6509911585223658,1454
smol,forward,power,0,-0.032798770813998374,1.6067630263802601,1000
smol,forward,power,1,0.38872889096069024,5.435808650696421,1000
smol,forward,power,2,0.30427517081193456,0.7259882803865739,1000
smol,forward,power,3,0.2051597304270958,0.6167530252723011,1000
smol,forward,power,4,0.287710923958857,0.8435155280909417,1000
smol,forward,power,5,0.30198482472428734,1.0117600999904124,1000
smol,forward,power,6,0.36299657270037883,0.7638977382550842,1000
smol,forward,power,7,0.2066132742315951,0.6019286345589512,999
smol,forward,power,8,0.23458047325036685,0.8130913559813535,996
smol,forward,power,9,0.27473662987390524,0.815514703443663,993
smol,forward,power,10,0.3144895931004832,0.9701552993017794,844
redpajama,reverse,neutral,0,1.9333045269073967,1.9490269064741268,1400
redpajama,reverse,neutral,1,1.4133527690764889,1.9901113068372887,1400
redpajama,reverse,neutral,2,1.4689833938310706,2.416965122433972,1400
redpajama,reverse,neutral,3,2.5545752397919705,4.264890043910902,1400
redpajama,reverse,neutral,4,4.29433490133338,5.548892532344875,1400
redpajama,reverse,neutral,5,3.154053975721432,4.307757237458754,1400
redpajama,reverse,neutral,6,3.5683207158467165,4.144114671529978,1400
redpajama,reverse,neutral,7,3.580826602523036,3.950615722774004,1400
redpajama,reverse,neutral,8,3.5101775578860086,3.7704909107778857,1400
redpajama,reverse,neutral,9,2.910914088698242,3.2775365438123436,1368
stablelm,reverse,institutional,0,0.9883431597310183,1.268025171927224,4800
stablelm,reverse,institutional,1,1.3059578590951115,1.3611917919438588,4800
stablelm,reverse,institutional,2,0.9933230031684135,1.1935762734339772,4800
stablelm,reverse,institutional,3,0.9451607988193048,1.1489285954409185,4800
stablelm,reverse,institutional,4,0.7898510321685046,1.1350599950722036,4800
stablelm,reverse,institutional,5,0.9545161403182897,1.2885419793667932,4800
stablelm,reverse,institutional,6,0.9736485857974204,1.2662348657793354,4800
stablelm,reverse,institutional,7,0.8783215953830719,1.2640283432147386,4800
stablelm,reverse,institutional,8,0.9252709278328215,1.3986332198544575,4800
stablelm,reverse,institutional,9,0.8884098231118194,1.5493206891320095,4800
olmo-tiny,reverse,violence_explicit,0,0.9316308293499493,1.3851514273786083,1500
olmo-tiny,reverse,violence_explicit,1,0.46213496592305203,1.1592695679414293,1500
olmo-tiny,reverse,violence_explicit,2,0.5657128334258036,1.1647229465133808,1500
olmo-tiny,reverse,violence_explicit,3,0.36057580538433315,0.7993777944191777,1500
olmo-tiny,reverse,violence_explicit,4,0.6410923840911437,1.1642440572103572,1500
olmo-tiny,reverse,violence_explicit,5,0.8815010097999739,1.297205691859254,1500
olmo-tiny,reverse,violence_explicit,6,0.8197782170214211,1.364074156711586,1500
olmo-tiny,reverse,violence_explicit,7,0.6141824825669555,1.1857477328980661,1500
olmo-tiny,reverse,violence_explicit,8,0.6852071257355193,1.2937278452080776,1500
olmo-tiny,reverse,violence_explicit,9,0.5968842324187703,1.1818110001784792,1500
tulu-sft-nomath,reverse,death,0,0.24847348174464481,0.5068948617214024,500
tulu-sft-nomath,reverse,death,1,0.15112208881352854,0.2664927908161894,500
tulu-sft-nomath,reverse,death,2,0.22885602728758567,0.30366856998301484,500
tulu-sft-nomath,reverse,death,3,0.23261629631027858,0.43265860697990266,500
tulu-sft-nomath,reverse,death,4,0.29181273880540165,0.47074491333584473,500
tulu-sft-nomath,reverse,death,5,0.21793394541709604,0.44974272881520405,500
tulu-sft-nomath,reverse,death,6,0.1670523228997094,0.3565441597129792,500
tulu-sft-nomath,reverse,death,7,0.15997953166702555,0.4024979023036315,500
tulu-sft-nomath,reverse,death,8,0.20614295771436145,0.49634078534521714,500
tulu-sft-nomath,reverse,death,9,0.24047857986502677,0.5896502606405954,500
qwen-tiny,forward,profanity,0,-0.19407628461676446,1.1593411689390904,1000
qwen-tiny,forward,profanity,1,0.1787942525321235,0.9009382794084119,1000
qwen-tiny,forward,profanity,2,0.16402694875556845,1.1525419396969427,1000
qwen-tiny,forward,profanity,3,0.2919379155544999,0.7005574846385081,1000
qwen-tiny,forward,profanity,4,0.30859412777938744,0.7327263478446537,1000
qwen-tiny,forward,profanity,5,0.405284663834057,0.8457130020083351,1000
qwen-tiny,forward,profanity,6,0.2066256773476194,0.677814138557961,1000
qwen-tiny,forward,profanity,7,0.16084387043987727,0.5726538200907899,1000
qwen-tiny,forward,profanity,8,0.32866189795399026,1.3618857300980476,1000
qwen-tiny,forward,profanity,9,0.30038614215528525,1.47397917056381,1000
qwen-tiny,forward,profanity,10,0.1493118818953157,0.7307300895757082,542
falcon3-7b,reverse,institutional,0,1.3034956549326342,1.474131382975908,2400
falcon3-7b,reverse,institutional,1,0.9173408298508651,1.0422062690721436,2400
falcon3-7b,reverse,institutional,2,0.8636453706067777,1.1851521492047328,2400
falcon3-7b,reverse,institutional,3,1.0934577674907495,1.8161234625618476,2400
falcon3-7b,reverse,institutional,4,1.280096935996835,2.3246800997470016,2400
falcon3-7b,reverse,institutional,5,1.3894294673804195,3.0729734713822356,2400
falcon3-7b,reverse,institutional,6,1.3602274749644683,2.621141289995987,2400
falcon3-7b,reverse,institutional,7,1.3086477891699273,2.3966049873114392,2400
falcon3-7b,reverse,institutional,8,1.250884235180517,2.4875382845571816,2400
falcon3-7b,reverse,institutional,9,1.4966796974930572,3.1279014733251223,2400
olmo-tiny,forward,neutral,0,-0.06918591868637372,1.010229832575368,8400
olmo-tiny,forward,neutral,1,0.1417767441539788,2.452564054908577,8400
olmo-tiny,forward,neutral,2,0.1527099625131249,0.7913287750250481,8400
olmo-tiny,forward,neutral,3,0.27440132740807305,0.9132966963435802,8398
olmo-tiny,forward,neutral,4,0.398848370380958,1.20279591405745,8389
olmo-tiny,forward,neutral,5,0.3217497804968155,0.9277988895889804,8387
olmo-tiny,forward,neutral,6,0.36234689543537485,1.1013684683308442,8387
olmo-tiny,forward,neutral,7,0.3745236304568064,1.2475043512784978,8377
olmo-tiny,forward,neutral,8,0.35168944060911184,1.1323704564317512,8355
olmo-tiny,forward,neutral,9,0.36576733329210603,1.2242860304528473,8337
olmo-tiny,forward,neutral,10,0.4132459263804202,1.4143524157776721,8310
archangel-kto,reverse,profanity,0,0.0243899143234575,0.12830919911795496,500
archangel-kto,reverse,profanity,1,0.11038614983267704,0.16867640867523273,500
archangel-kto,reverse,profanity,2,0.09048551318672997,0.1278770725748852,500
archangel-kto,reverse,profanity,3,0.04489668438999989,0.1803503319380642,500
archangel-kto,reverse,profanity,4,0.07137839816346159,0.15199023364409892,500
archangel-kto,reverse,profanity,5,0.04235970184383648,0.20069325543193609,500
archangel-kto,reverse,profanity,6,0.02117796246426623,0.17796175905842282,500
archangel-kto,reverse,profanity,7,0.0438173614642648,0.20718162432402606,500
archangel-kto,reverse,profanity,8,0.2675887108527977,1.3396258461416046,500
archangel-kto,reverse,profanity,9,0.06876054221015658,0.17253816862572371,488
smol,forward,sexual_explicit,0,-2.842170943040401e-17,1.274659000280162,1000
smol,forward,sexual_explicit,1,-0.0608327086028487,3.2783854724433246,1000
smol,forward,sexual_explicit,2,0.5246145941092946,0.7919372269462462,1000
smol,forward,sexual_explicit,3,0.3873285389143893,0.898010458505486,1000
smol,forward,sexual_explicit,4,0.4817943054952156,0.7800845881792181,1000
smol,forward,sexual_explicit,5,0.3155272556866951,0.6513761886045548,1000
smol,forward,sexual_explicit,6,0.3243701427627308,0.8420814106004795,1000
smol,forward,sexual_explicit,7,0.37444215429812633,0.7520297119019772,1000
smol,forward,sexual_explicit,8,0.29034860036515553,0.7440434233387078,1000
smol,forward,sexual_explicit,9,0.22136362708602608,0.7344573036571528,1000
smol,forward,sexual_explicit,10,0.23870457588443184,1.0424677174532893,959
falcon3-mamba,reverse,violence_explicit,0,1.0411152573074929,0.832266522490834,500
falcon3-mamba,reverse,violence_explicit,1,0.7366800581067849,1.1970741463722423,500
falcon3-mamba,reverse,violence_explicit,2,0.3788499183105572,2.1381476083897346,500
falcon3-mamba,reverse,violence_explicit,3,1.204415375804115,3.84708203451431,500
falcon3-mamba,reverse,violence_explicit,4,-2.2574950930673023,4.470329933988177,500
falcon3-mamba,reverse,violence_explicit,5,-1.8190998979244237,5.194854887373274,500
falcon3-mamba,reverse,violence_explicit,6,-1.4853674424880934,2.90025671783963,500
falcon3-mamba,reverse,violence_explicit,7,-1.429877377917878,3.667913113039381,500
falcon3-mamba,reverse,violence_explicit,8,-1.1567363028593964,3.518876467896553,500
falcon3-mamba,reverse,violence_explicit,9,-1.1036186036163351,2.9613840375724543,484
pythia,reverse,sexual_liminal,0,0.15135710280855277,0.22583966610218678,1400
pythia,reverse,sexual_liminal,1,0.050680659715196225,0.10456083719727766,1400
pythia,reverse,sexual_liminal,2,0.07342442803944885,0.20427575243849933,1400
pythia,reverse,sexual_liminal,3,0.052219223182845116,0.162732995240232,1400
pythia,reverse,sexual_liminal,4,0.026347852841647004,0.20321878451540795,1400
pythia,reverse,sexual_liminal,5,0.050875450555624056,0.14392163955032639,1400
pythia,reverse,sexual_liminal,6,0.06960401184414158,0.21534918650158733,1400
pythia,reverse,sexual_liminal,7,0.06349336091637907,0.1986140914203337,1400
pythia,reverse,sexual_liminal,8,0.1708859911471382,0.9508778895538617,1400
pythia,reverse,sexual_liminal,9,0.12385740275430751,0.26639203466331535,1387
olmo-tiny,forward,violence_explicit,0,-0.19489766196004052,1.9850533694239663,6000
olmo-tiny,forward,violence_explicit,1,0.02090143386018709,2.2502056484823845,6000
olmo-tiny,forward,violence_explicit,2,0.10639974247343927,0.5509702804571862,6000
olmo-tiny,forward,violence_explicit,3,0.3178591877325969,1.0615702180797124,6000
olmo-tiny,forward,violence_explicit,4,0.2203439703945874,0.8139500509597564,6000
olmo-tiny,forward,violence_explicit,5,0.336218631734484,0.9519962826164842,6000
olmo-tiny,forward,violence_explicit,6,0.4349283347629671,1.0860678445517653,6000
olmo-tiny,forward,violence_explicit,7,0.34813309975716783,0.9309346757943324,5995
olmo-tiny,forward,violence_explicit,8,0.29451927972463493,0.8674013410639932,5989
olmo-tiny,forward,violence_explicit,9,0.3149394204972249,0.9297637103091853,5980
olmo-tiny,forward,violence_explicit,10,0.29204150042730753,0.9971698428651208,5974
deepseek-7b,forward,neutral,11,0.9653586193482309,3.826452269691726,25
qwen3,reverse,sexual_liminal,0,1.2150945123224473,0.9170706613186695,700
qwen3,reverse,sexual_liminal,1,0.6526398492556025,0.624620591524341,700
qwen3,reverse,sexual_liminal,2,0.8097833441945894,0.9971796401411549,700
qwen3,reverse,sexual_liminal,3,1.1850579569563182,2.319955643399931,700
qwen3,reverse,sexual_liminal,4,1.0166829972895541,1.0456844469980575,700
qwen3,reverse,sexual_liminal,5,1.7071112872597645,2.9387741387789217,700
qwen3,reverse,sexual_liminal,6,1.3975449553161083,1.8803586173651485,700
qwen3,reverse,sexual_liminal,7,1.105108292451278,1.290296444741735,700
qwen3,reverse,sexual_liminal,8,1.113510832040349,1.4305721201646013,700
qwen3,reverse,sexual_liminal,9,1.0924341087406282,1.4023740225072518,700
pythia,forward,sexual_liminal,0,0.10807043253670309,0.7322086755264771,4900
pythia,forward,sexual_liminal,1,0.03669306572181359,0.4565726871014483,4900
pythia,forward,sexual_liminal,2,0.0005494710986147202,0.08305783946528643,4900
pythia,forward,sexual_liminal,3,0.017263509258771032,0.15565590207438307,4900
pythia,forward,sexual_liminal,4,0.01813779465630461,0.17376436642645265,4900
pythia,forward,sexual_liminal,5,0.010521810923413786,0.20426555636900146,4900
pythia,forward,sexual_liminal,6,0.008416274249161786,0.10958108221756384,4900
pythia,forward,sexual_liminal,7,0.0216653155434856,0.21558725379000282,4900
pythia,forward,sexual_liminal,8,0.01694141069364013,0.1658667424354044,4900
pythia,forward,sexual_liminal,9,0.023039202214151733,0.20780914599630354,4900
pythia,forward,sexual_liminal,10,0.031075955660088535,0.2510973900638602,4880
pythia,forward,sexual_liminal,11,0.033116191165907534,0.24754176735422026,2078
yi,forward,profanity,0,0.2442437584886763,0.9320908505999409,1000
yi,forward,profanity,1,0.15789091896198318,0.5702302191590465,1000
yi,forward,profanity,2,0.18177146004625383,0.5356701565316836,1000
yi,forward,profanity,3,0.18036727214499013,0.7944644588182549,1000
yi,forward,profanity,4,0.14161927481328976,0.5790809436081471,1000
yi,forward,profanity,5,0.17315517383829734,0.6197265470184155,1000
yi,forward,profanity,6,0.20972752399950942,0.6506376300882513,1000
yi,forward,profanity,7,0.23909133914581493,0.7915268752766241,1000
yi,forward,profanity,8,0.19243629201379167,0.6106158140118425,1000
yi,forward,profanity,9,0.2136459535698674,0.6858027330221343,1000
yi,forward,profanity,10,0.13991077719300793,0.5728922129695575,353
ct-llm,reverse,profanity,0,0.6730741361518744,0.4770206759406335,1000
ct-llm,reverse,profanity,1,0.7149017080684817,0.5864510982650735,1000
ct-llm,reverse,profanity,2,0.6121554026074111,0.700567085218433,1000
ct-llm,reverse,profanity,3,0.37185050029438105,0.6475541628356967,1000
ct-llm,reverse,profanity,4,0.46713584870863584,0.6199089726419572,1000
ct-llm,reverse,profanity,5,0.6730535589427158,0.7753469642996269,1000
ct-llm,reverse,profanity,6,0.4891445441515232,0.7455445826943928,1000
ct-llm,reverse,profanity,7,0.48200378488059326,0.6941695056599654,1000
ct-llm,reverse,profanity,8,0.5139586979250298,0.6956004722818828,1000
ct-llm,reverse,profanity,9,0.5540222280109931,0.8891166827484449,1000
olmo-tiny,reverse,neutral,0,1.3312818612535433,1.6238177949354864,2100
olmo-tiny,reverse,neutral,1,0.6110666053142028,1.1213307717022967,2100
olmo-tiny,reverse,neutral,2,0.8373504645130277,1.1340642579856286,2100
olmo-tiny,reverse,neutral,3,1.1047254478155357,1.5464217222200005,2100
olmo-tiny,reverse,neutral,4,0.6826900890654543,1.2382649256507479,2100
olmo-tiny,reverse,neutral,5,0.7786287888609666,1.5796006558464017,2100
olmo-tiny,reverse,neutral,6,0.9051868675691215,1.7017113890942217,2100
olmo-tiny,reverse,neutral,7,0.8356942487917461,1.5519014065465582,2100
olmo-tiny,reverse,neutral,8,0.7714293711156007,1.4966934330821104,2100
olmo-tiny,reverse,neutral,9,0.9239803722319989,1.931776200790387,2100
qwen,forward,death,0,-0.7573803678269376,4.505263933484738,2500
qwen,forward,death,1,-1.2323530996989422,10.266360445549543,2500
qwen,forward,death,2,1.1972341797887802,2.4472921193170705,2500
qwen,forward,death,3,1.0981516890491108,2.819231137259068,2500
qwen,forward,death,4,2.2285168635050154,3.5292593151921343,2500
qwen,forward,death,5,1.8016162568362757,3.3062929688370186,2500
qwen,forward,death,6,1.4174942833604447,2.553338812048503,2500
qwen,forward,death,7,1.534112673598244,2.974448605984262,2449
qwen,forward,death,8,1.52307436123787,2.860123118148651,2375
qwen,forward,death,9,1.4548125481898178,3.2769396647881335,2373
qwen,forward,death,10,1.6213848891071354,3.3543891918769537,2288
archangel-slic,reverse,institutional,0,0.0831315700009408,0.20800811209073,2400
archangel-slic,reverse,institutional,1,0.17207271474584596,0.22747015127498865,2400
archangel-slic,reverse,institutional,2,0.10862796439721377,0.15451160811812398,2400
archangel-slic,reverse,institutional,3,0.15409618023615612,0.23301043115223333,2400
archangel-slic,reverse,institutional,4,0.09135811690159988,0.15007321183410535,2400
archangel-slic,reverse,institutional,5,0.0870077921819539,0.1697952633148376,2400
archangel-slic,reverse,institutional,6,0.08680176833050654,0.19647076004285627,2400
archangel-slic,reverse,institutional,7,0.08262527386485784,0.2134546109117767,2400
archangel-slic,reverse,institutional,8,0.4842265480581034,1.7393492446545669,2400
archangel-slic,reverse,institutional,9,0.08183051036952557,0.2598255115609703,2276
zephyr,reverse,death,0,16.89779183426028,5.383709679749472,1000
zephyr,reverse,death,1,5.867725787387928,5.180025990596823,1000
zephyr,reverse,death,2,4.034419280494489,4.428641202555079,1000
zephyr,reverse,death,3,2.2481202041977797,3.8624760860784826,1000
zephyr,reverse,death,4,3.5684156912324134,5.031381618724693,1000
zephyr,reverse,death,5,3.4873263668062946,4.377592205930913,1000
zephyr,reverse,death,6,3.3885329222843175,5.010838925790663,1000
zephyr,reverse,death,7,1.8651118710594554,3.4184553782177165,1000
zephyr,reverse,death,8,1.4614103645148526,3.466544293366048,1000
zephyr,reverse,death,9,0.7928236816477687,2.9149933546516595,972
qwen,forward,neutral,0,0.4622322823554319,2.3489988685961394,3500
qwen,forward,neutral,1,-0.20914174731673815,5.64197884009488,3500
qwen,forward,neutral,2,0.4203844779189081,4.203070790664092,3500
qwen,forward,neutral,3,1.1976888096143812,3.5253656150520287,3500
qwen,forward,neutral,4,0.9541077042923085,2.838354881514448,3500
qwen,forward,neutral,5,0.9162201885617879,2.2817625478979062,3500
qwen,forward,neutral,6,0.8614777844602806,2.5524303257992145,3500
qwen,forward,neutral,7,0.7907321950978801,2.2076032137061246,3500
qwen,forward,neutral,8,0.9416076574958928,2.187682752670548,3500
qwen,forward,neutral,9,1.0241668914068973,2.3176424941059186,3484
qwen,forward,neutral,10,0.8720478150588834,2.3267831390905838,3390
qwen3,forward,sexual_explicit,0,0.0,0.7044628731508399,1000
qwen3,forward,sexual_explicit,1,0.2509049530483828,2.2950196194106423,1000
qwen3,forward,sexual_explicit,2,0.27105907627901776,1.0467841552146395,1000
qwen3,forward,sexual_explicit,3,2.1498995768613667,3.28145174795348,1000
qwen3,forward,sexual_explicit,4,1.8030078454521077,2.751093350466528,1000
qwen3,forward,sexual_explicit,5,1.1203109646920402,2.3329168014859896,1000
qwen3,forward,sexual_explicit,6,1.3835761610683714,3.123558118632522,1000
qwen3,forward,sexual_explicit,7,1.1108541736616262,3.234147370807296,1000
qwen3,forward,sexual_explicit,8,0.8215565611056165,2.1276675745194273,1000
qwen3,forward,sexual_explicit,9,1.0418824668248794,2.318321828348082,1000
qwen3,forward,sexual_explicit,10,0.9553355741377673,2.514568428429031,1000
qwen3,forward,neutral,0,0.03594661571936904,0.9642780092528004,1400
qwen3,forward,neutral,1,0.4474311963366314,2.7281287854042615,1400
qwen3,forward,neutral,2,0.16631930948997037,1.138711391134046,1400
qwen3,forward,neutral,3,0.2070581079188696,0.8854409369537162,1400
qwen3,forward,neutral,4,0.4417429610545679,1.2481413150552314,1400
qwen3,forward,neutral,5,0.6077016453558263,1.5216051581603647,1400
qwen3,forward,neutral,6,1.0993479059299909,2.8634965103959362,1400
qwen3,forward,neutral,7,0.9921077249024947,3.264592610175439,1400
qwen3,forward,neutral,8,0.7332612874607505,2.3420724246008637,1393
qwen3,forward,neutral,9,1.0485797651971522,2.93618272892881,1389
qwen3,forward,neutral,10,1.097145790900447,3.1004285999406442,1370
ct-llm,reverse,sexual_explicit,0,0.9142207540880304,0.8713758037172843,1000
ct-llm,reverse,sexual_explicit,1,0.6226428616622406,0.970063647759201,1000
ct-llm,reverse,sexual_explicit,2,0.44377399903181586,0.7423180877229326,1000
ct-llm,reverse,sexual_explicit,3,0.9030786091148191,1.1171874946762115,1000
ct-llm,reverse,sexual_explicit,4,0.2844107053853323,0.6089320631979981,1000
ct-llm,reverse,sexual_explicit,5,0.6092688930635641,0.7406755284257707,1000
ct-llm,reverse,sexual_explicit,6,0.6887319176887213,0.8359944520271817,1000
ct-llm,reverse,sexual_explicit,7,0.5648884849446265,0.8313737245032287,1000
ct-llm,reverse,sexual_explicit,8,0.6680910670163341,0.8645410959403411,1000
ct-llm,reverse,sexual_explicit,9,0.5726297780787283,0.7563528634688746,1000
amber,reverse,death,0,13.866501294147904,4.222738536564563,1000
amber,reverse,death,1,4.9403226905603015,5.152374884231348,1000
amber,reverse,death,2,6.4490718918712755,5.871979569031426,1000
amber,reverse,death,3,4.244794605443707,4.911381353030113,1000
amber,reverse,death,4,4.765994304431055,4.952824561446366,1000
amber,reverse,death,5,3.9122361812445234,4.2952928129092705,1000
amber,reverse,death,6,4.012628849863168,4.695949211206257,1000
amber,reverse,death,7,3.188713464865903,3.9193855998850577,1000
amber,reverse,death,8,2.8642006442724446,3.666473630450188,997
amber,reverse,death,9,1.9628664096985742,3.2148621574246117,950
yi,forward,neutral,0,0.40746474895635776,0.8433094699804887,1400
yi,forward,neutral,1,0.2516838130001505,0.7978189362723491,1400
yi,forward,neutral,2,0.4385654299916546,1.0929077864034449,1400
yi,forward,neutral,3,0.31189639859059926,0.9582067339083088,1400
yi,forward,neutral,4,0.5955698105553999,1.705326524783534,1400
yi,forward,neutral,5,0.5290279940177711,1.747485275303417,1399
yi,forward,neutral,6,0.5073692284828766,1.8884294013818577,1398
yi,forward,neutral,7,0.37229659922110103,1.1948115031706747,1384
yi,forward,neutral,8,0.4672500973843703,1.3549405585010637,1368
yi,forward,neutral,9,0.7953905657596416,2.052273597779736,1356
yi,forward,neutral,10,0.027538220766869,0.0044915552188038305,2
olmo-tiny,forward,substance,11,1.2400384898447498,1.5450840619426391,72
olmo-tiny,forward,substance,12,0.11738363917796642,1.0526229217291585,24
tulu-sft-nomath,reverse,institutional,0,0.31979816660021887,0.7293941249539267,2400
tulu-sft-nomath,reverse,institutional,1,0.3277504155804504,0.5884956717137414,2400
tulu-sft-nomath,reverse,institutional,2,0.24165361200596702,0.47480791586407134,2400
tulu-sft-nomath,reverse,institutional,3,0.3591563740983938,0.5674826629601408,2400
tulu-sft-nomath,reverse,institutional,4,0.23767111287846807,0.4943991277297859,2400
tulu-sft-nomath,reverse,institutional,5,0.32400810956167647,0.6369718605292843,2400
tulu-sft-nomath,reverse,institutional,6,0.3634026946868404,0.7468964104138376,2400
tulu-sft-nomath,reverse,institutional,7,0.2789585388661414,0.4932213424426893,2400
tulu-sft-nomath,reverse,institutional,8,0.32391408303641006,0.9035418864877214,2400
tulu-sft-nomath,reverse,institutional,9,0.2502087544202685,0.6176529366742589,2400
archangel-slic,reverse,power,0,0.054738798917053695,0.0743805509189847,500
archangel-slic,reverse,power,1,0.07639652740341682,0.2830267712191412,500
archangel-slic,reverse,power,2,0.09204580783930078,0.1289120157410969,500
archangel-slic,reverse,power,3,0.08018183407199336,0.29407364819472676,500
archangel-slic,reverse,power,4,0.07780375263318609,0.14439007299855422,500
archangel-slic,reverse,power,5,0.06408721602496507,0.23377166637659155,500
archangel-slic,reverse,power,6,-0.01241844645964025,0.2287482466000974,500
archangel-slic,reverse,power,7,-0.03557281383615843,0.2393625454914645,500
archangel-slic,reverse,power,8,0.4232190605140802,1.4050923142618144,500
archangel-slic,reverse,power,9,0.0913994288848825,0.2750804220978584,469
olmo-hybrid,reverse,power,0,0.30240063878745876,0.705692512022057,1000
olmo-hybrid,reverse,power,1,0.28213011620032746,0.7167438431794562,1000
olmo-hybrid,reverse,power,2,0.5338518714865474,0.6863043496519441,1000
olmo-hybrid,reverse,power,3,0.3417774423480364,0.8950185448976069,1000
olmo-hybrid,reverse,power,4,0.4149105109349676,0.7568050846887222,1000
olmo-hybrid,reverse,power,5,0.6625641272836371,1.159993088575606,1000
olmo-hybrid,reverse,power,6,0.40109215553380195,0.756906931125069,1000
olmo-hybrid,reverse,power,7,0.2927165778203404,0.630097871335719,1000
olmo-hybrid,reverse,power,8,0.4443713153992259,0.9348722743139865,1000
olmo-hybrid,reverse,power,9,0.4441231312678529,0.965487386973849,999
minicpm,reverse,sexual_liminal,0,1.2921144638105464,1.2517720303631423,1400
minicpm,reverse,sexual_liminal,1,0.7731397560066159,1.2357396902306788,1400
minicpm,reverse,sexual_liminal,2,1.5211276402069402,2.0201664048190073,1400
minicpm,reverse,sexual_liminal,3,1.6573549441379691,2.421614772080516,1400
minicpm,reverse,sexual_liminal,4,1.480504468371754,1.8410721680100033,1400
minicpm,reverse,sexual_liminal,5,1.5975888848044724,3.133314788041346,1400
minicpm,reverse,sexual_liminal,6,1.533149274205861,2.138043831952843,1400
minicpm,reverse,sexual_liminal,7,1.160918217326957,2.329798529966295,1400
minicpm,reverse,sexual_liminal,8,1.3136341887751597,2.4223128454884773,1400
minicpm,reverse,sexual_liminal,9,1.321321680151703,2.447769733716219,1396
glm4,reverse,profanity,0,0.3493668345201617,0.7027558298366755,500
glm4,reverse,profanity,1,0.2715355896342339,0.8972230321171578,500
glm4,reverse,profanity,2,0.6017062274561688,0.8375548386579951,500
glm4,reverse,profanity,3,0.49992569096192957,1.0341396128601963,500
glm4,reverse,profanity,4,0.4746885762835854,1.1824030010962752,500
glm4,reverse,profanity,5,0.4968848231952504,0.9192256088830378,500
glm4,reverse,profanity,6,0.434870738786119,1.0104066379376666,500
glm4,reverse,profanity,7,0.42243950757034265,0.8403086201366737,500
glm4,reverse,profanity,8,0.41323492021765673,1.2155229072641907,500
glm4,reverse,profanity,9,0.4858994652412595,0.9431200895962162,500
ct-llm,reverse,sexual_liminal,0,1.5585740408412478,1.1610819876088097,1400
ct-llm,reverse,sexual_liminal,1,0.4639061852528059,0.5345897606677874,1400
ct-llm,reverse,sexual_liminal,2,0.9786706689129897,1.0713661758297683,1400
ct-llm,reverse,sexual_liminal,3,0.38198031198332,0.5530162443317581,1400
ct-llm,reverse,sexual_liminal,4,0.5454708318325532,0.594702174589552,1400
ct-llm,reverse,sexual_liminal,5,0.805662715479752,1.234889560577694,1400
ct-llm,reverse,sexual_liminal,6,0.6397710242353443,0.8004125483859467,1400
ct-llm,reverse,sexual_liminal,7,0.510693297696332,0.6850735864827369,1400
ct-llm,reverse,sexual_liminal,8,0.519984838624276,0.7076685430908153,1400
ct-llm,reverse,sexual_liminal,9,0.4905055688144817,0.6657727351681233,1400
stablelm,reverse,violence_explicit,0,1.023148622213831,1.076094908084061,1000
stablelm,reverse,violence_explicit,1,1.1739318465318174,1.1595590654729127,1000
stablelm,reverse,violence_explicit,2,3.9530548626496973,4.6431641623234245,1000
stablelm,reverse,violence_explicit,3,2.1562092106266895,2.878655139756925,1000
stablelm,reverse,violence_explicit,4,0.9675985918592026,1.668028329169868,1000
stablelm,reverse,violence_explicit,5,1.558131516333015,3.00435779321001,1000
stablelm,reverse,violence_explicit,6,3.096200153535339,4.064042373835073,1000
stablelm,reverse,violence_explicit,7,1.722064213103082,3.243942868612921,1000
stablelm,reverse,violence_explicit,8,2.0486568573330914,2.939718562925701,1000
stablelm,reverse,violence_explicit,9,1.9862697058636976,3.4610916630771174,997
olmo,forward,sexual_explicit,0,0.3036876649912576,3.403584384517081,10500
olmo,forward,sexual_explicit,1,0.6069418312365399,2.966212492866066,10500
olmo,forward,sexual_explicit,2,0.1652425838881379,1.0900467137624823,10500
olmo,forward,sexual_explicit,3,0.2737614927942569,1.5048201337464473,10496
olmo,forward,sexual_explicit,4,0.33670622919107757,1.0289775440286961,10492
olmo,forward,sexual_explicit,5,0.4956779580504902,1.5228108210418485,10492
olmo,forward,sexual_explicit,6,0.47549632540495523,1.5864821179412503,10446
olmo,forward,sexual_explicit,7,0.512190129229044,1.6742216519894986,10266
olmo,forward,sexual_explicit,8,0.48066086000194225,1.713462202355414,10028
olmo,forward,sexual_explicit,9,0.5227523447703324,1.8849418142617222,9790
olmo,forward,sexual_explicit,10,0.5567988812136812,2.007664414685796,9375
olmo-tiny,reverse,substance,0,1.5504518340464304,1.751207160025615,1500
olmo-tiny,reverse,substance,1,0.5638582780793627,0.9006644180787473,1500
olmo-tiny,reverse,substance,2,0.6182981406728566,0.9507401270944519,1500
olmo-tiny,reverse,substance,3,0.8393357452844908,1.517552096275775,1500
olmo-tiny,reverse,substance,4,0.5749254603814804,1.055977475502794,1500
olmo-tiny,reverse,substance,5,0.9133480644323234,1.4221566132047596,1500
olmo-tiny,reverse,substance,6,0.9542125069383647,1.4346339208770365,1500
olmo-tiny,reverse,substance,7,0.788109084484226,1.3033261951884834,1500
olmo-tiny,reverse,substance,8,0.8255524672400509,1.5830421060559101,1500
olmo-tiny,reverse,substance,9,0.9693377810098678,1.6206691652788252,1500
minicpm,reverse,profanity,0,1.8342041011804833,2.0315072844515645,1000
minicpm,reverse,profanity,1,0.8208267801099562,1.0636869215693139,1000
minicpm,reverse,profanity,2,1.3726306286601815,1.6137875187206827,1000
minicpm,reverse,profanity,3,1.4859263397424944,2.893699761276738,1000
minicpm,reverse,profanity,4,1.6052267693141349,2.3568877778175312,1000
minicpm,reverse,profanity,5,1.774124361412325,2.5882408519420235,1000
minicpm,reverse,profanity,6,1.1569429685482382,2.46966476603496,1000
minicpm,reverse,profanity,7,1.1458920409787612,2.0467240011947556,1000
minicpm,reverse,profanity,8,0.9723208516011068,1.72095682507633,1000
minicpm,reverse,profanity,9,1.3160692641895682,2.3636642031909996,1000
archangel-dpo,reverse,profanity,0,0.06411578590966101,0.09912526066318303,1000
archangel-dpo,reverse,profanity,1,0.1677669368300214,0.31030810891467403,1000
archangel-dpo,reverse,profanity,2,0.2833328113974517,0.44696534337090904,1000
archangel-dpo,reverse,profanity,3,0.135875721124255,0.37563920639293996,1000
archangel-dpo,reverse,profanity,4,0.07994978529578532,0.18065692412468393,1000
archangel-dpo,reverse,profanity,5,0.07773763826746215,0.22600302920627074,1000
archangel-dpo,reverse,profanity,6,0.056167288177802074,0.4560059309300127,1000
archangel-dpo,reverse,profanity,7,0.08931516542586138,0.7756497683169794,1000
archangel-dpo,reverse,profanity,8,0.2992685567122487,1.5031704948262428,1000
archangel-dpo,reverse,profanity,9,0.09725996923074756,0.47410546806024295,978
smol3,forward,violence_liminal,0,1.1368683772161603e-16,1.1796125415629084,1000
smol3,forward,violence_liminal,1,0.37966547354573665,6.787503150712573,1000
smol3,forward,violence_liminal,2,0.20538089068982657,0.7794044737391287,1000
smol3,forward,violence_liminal,3,0.11191327982534542,0.40408986240500916,1000
smol3,forward,violence_liminal,4,0.20788242090675776,0.7444834161677556,1000
smol3,forward,violence_liminal,5,0.24166079182126418,0.5765485784631007,1000
smol3,forward,violence_liminal,6,0.23113836254422063,0.6646231968873029,1000
smol3,forward,violence_liminal,7,0.21138490457446624,0.7514273410124518,1000
smol3,forward,violence_liminal,8,0.2083110239520858,0.7626641556181326,1000
smol3,forward,violence_liminal,9,0.1877592465659365,0.7844237881983798,1000
smol3,forward,violence_liminal,10,0.2187295344878328,0.8185682228532065,1000
falcon3-7b,reverse,sexual_explicit,0,0.3589164379399865,0.8827922879734253,500
falcon3-7b,reverse,sexual_explicit,1,0.2574468042265621,0.4129298850872421,500
falcon3-7b,reverse,sexual_explicit,2,0.2785072486463014,0.3865640800265954,500
falcon3-7b,reverse,sexual_explicit,3,0.22660585597439342,0.3691942524286623,500
falcon3-7b,reverse,sexual_explicit,4,0.2570010553051585,0.416193693428207,500
falcon3-7b,reverse,sexual_explicit,5,0.21902924126176412,0.30577686303456536,500
falcon3-7b,reverse,sexual_explicit,6,0.24165039288873336,0.3353498065556144,500
falcon3-7b,reverse,sexual_explicit,7,0.1938068586696344,0.3470922316897355,500
falcon3-7b,reverse,sexual_explicit,8,0.24504367756552042,0.512598221329414,500
falcon3-7b,reverse,sexual_explicit,9,0.2583051111713047,0.4862671373093639,500
llama,forward,profanity,0,-0.0489593835162537,0.8849074460974389,17000
llama,forward,profanity,1,0.3152199436403637,2.1693728807787456,17000
llama,forward,profanity,2,0.3886557208450492,1.9875797150401548,17000
llama,forward,profanity,3,0.28413819664253853,0.9318857189416686,17000
llama,forward,profanity,4,0.19754795965412697,0.9665744736664734,17000
llama,forward,profanity,5,0.2200502169886641,0.8436867995930877,17000
llama,forward,profanity,6,0.20269697005795653,0.7434686379153511,17000
llama,forward,profanity,7,0.22211954176469692,0.8094200142639834,17000
llama,forward,profanity,8,0.24876126082064728,0.9603818749428439,17000
llama,forward,profanity,9,0.2237062639477158,1.0864069644401413,17000
llama,forward,profanity,10,0.2105574194369771,0.863633838587537,10242
yi,forward,institutional,0,0.3407873901164568,0.8286527569643315,4800
yi,forward,institutional,1,0.3734229424309065,0.9681462596780085,4800
yi,forward,institutional,2,0.2816371803980804,0.7988269618552752,4800
yi,forward,institutional,3,0.36407307129561595,1.1065596865992895,4800
yi,forward,institutional,4,0.35706574575705397,0.9162793235387612,4800
yi,forward,institutional,5,0.2798815495867916,0.7710005339449343,4800
yi,forward,institutional,6,0.2962415530224848,0.8853739114919955,4798
yi,forward,institutional,7,0.33787382784210124,1.051094497987616,4795
yi,forward,institutional,8,0.3259231452053113,0.9890210945274602,4790
yi,forward,institutional,9,0.3658259583919202,1.1313797322243886,4765
stablelm,reverse,sexual_liminal,0,1.4060215057991763,1.118655692507261,1400
stablelm,reverse,sexual_liminal,1,0.4108288891361258,0.7662900395664015,1400
stablelm,reverse,sexual_liminal,2,1.1757114820258137,1.1092259924521335,1400
stablelm,reverse,sexual_liminal,3,1.088662122074265,1.016344877201735,1400
stablelm,reverse,sexual_liminal,4,1.0864795238599056,1.3783414456056269,1400
stablelm,reverse,sexual_liminal,5,0.8543627972146279,1.4006984539003628,1400
stablelm,reverse,sexual_liminal,6,0.6744993163242311,0.9838177646241055,1400
stablelm,reverse,sexual_liminal,7,0.7656901402242524,0.9927278628964461,1400
stablelm,reverse,sexual_liminal,8,0.8451437984299246,1.2733925053503088,1400
stablelm,reverse,sexual_liminal,9,0.8903413629948048,1.2136258040493868,1400
olmo-hybrid,reverse,violence_explicit,0,0.526146013165651,0.4532204321678932,1000
olmo-hybrid,reverse,violence_explicit,1,0.2822841656948302,0.41068798769046216,1000
olmo-hybrid,reverse,violence_explicit,2,0.698416832086423,1.0857698012509633,1000
olmo-hybrid,reverse,violence_explicit,3,0.5207764886918415,1.043514323540063,1000
olmo-hybrid,reverse,violence_explicit,4,0.31338390952839335,0.6970698536137316,1000
olmo-hybrid,reverse,violence_explicit,5,0.3951601770769577,1.0119558260211121,1000
olmo-hybrid,reverse,violence_explicit,6,0.5384071868521958,1.410192989956329,1000
olmo-hybrid,reverse,violence_explicit,7,0.499678198462207,1.1630919473091372,1000
olmo-hybrid,reverse,violence_explicit,8,0.561962498852088,1.298860804698243,1000
olmo-hybrid,reverse,violence_explicit,9,0.49952610354369786,1.174156359236917,1000
glm4,reverse,substance,0,0.8160875391151735,1.0630637351850958,500
glm4,reverse,substance,1,0.40399496366355214,1.0361869263378782,500
glm4,reverse,substance,2,0.21403914970855809,0.5025150688351196,500
glm4,reverse,substance,3,0.4956844943536689,0.5993633438510543,500
glm4,reverse,substance,4,0.5678843350763885,0.7681169267672713,500
glm4,reverse,substance,5,0.7794416934431678,0.9614012872688849,500
glm4,reverse,substance,6,0.8594783396735454,2.4548398311866944,500
glm4,reverse,substance,7,0.9623980127872117,2.3031733269605326,500
glm4,reverse,substance,8,1.12107883464643,2.7538207117227103,500
glm4,reverse,substance,9,0.783021388959879,1.8840815041393248,487
zephyr,reverse,profanity,0,8.77425903445065,6.200800144536917,1000
zephyr,reverse,profanity,1,5.653344665189189,3.9342519090300034,1000
zephyr,reverse,profanity,2,2.8242347018395497,4.439120375495318,1000
zephyr,reverse,profanity,3,2.6414451316415284,4.383790532542082,1000
zephyr,reverse,profanity,4,3.6876108157262752,5.383913866454072,1000
zephyr,reverse,profanity,5,3.1361555428007217,4.249696195382644,1000
zephyr,reverse,profanity,6,2.710113332605715,5.101112619832582,1000
zephyr,reverse,profanity,7,1.9071842125628835,3.6403931789629427,1000
zephyr,reverse,profanity,8,1.6140450300874212,3.341386170797682,996
zephyr,reverse,profanity,9,0.8663142666974141,2.3814213764271535,911
falcon-7b-legacy,forward,violence_liminal,0,0.0,0.6316207566889374,1000
falcon-7b-legacy,forward,violence_liminal,1,0.5280883674489935,4.571792916159299,1000
falcon-7b-legacy,forward,violence_liminal,2,0.3024108925455364,0.9933437693899021,1000
falcon-7b-legacy,forward,violence_liminal,3,0.3082536444235748,0.6353077882559872,1000
falcon-7b-legacy,forward,violence_liminal,4,0.335084353394338,0.7909435789602332,1000
falcon-7b-legacy,forward,violence_liminal,5,0.4010229940945928,0.8456663919269555,1000
falcon-7b-legacy,forward,violence_liminal,6,0.31976939391702036,0.7935629489519774,1000
falcon-7b-legacy,forward,violence_liminal,7,0.532055244368117,1.0182545108926757,1000
falcon-7b-legacy,forward,violence_liminal,8,0.6674323943271776,1.2441793372097127,1000
falcon-7b-legacy,forward,violence_liminal,9,0.555547179207058,1.2939647143825384,1000
falcon-7b-legacy,forward,violence_liminal,10,0.49958874513052776,1.5155823914902868,1000
tulu-sft-nopersona,reverse,power,0,0.33807712847271515,0.5574712804950586,500
tulu-sft-nopersona,reverse,power,1,0.10489459635633472,0.23118920445663757,500
tulu-sft-nopersona,reverse,power,2,0.07842021637116336,0.3891228670507039,500
tulu-sft-nopersona,reverse,power,3,0.230205016449885,0.44220198588760057,500
tulu-sft-nopersona,reverse,power,4,0.26243890026150674,0.5087172618106883,500
tulu-sft-nopersona,reverse,power,5,0.17338263658829772,0.367757668896433,500
tulu-sft-nopersona,reverse,power,6,0.12823851293566937,0.3831822190990642,500
tulu-sft-nopersona,reverse,power,7,0.14478608352990366,0.4364981892884952,500
tulu-sft-nopersona,reverse,power,8,0.17095824863461492,0.3523477175774074,500
tulu-sft-nopersona,reverse,power,9,0.2110816049440967,0.5182554799920118,500
falcon3-1b,reverse,institutional,0,0.5841440659544707,1.0625874125285197,2400
falcon3-1b,reverse,institutional,1,0.5227831172400905,0.9525616898853486,2400
falcon3-1b,reverse,institutional,2,0.35031577466390246,0.7704576457013345,2400
falcon3-1b,reverse,institutional,3,0.7173854061279299,1.595910328966667,2400
falcon3-1b,reverse,institutional,4,0.622742733917129,1.5053529224334168,2400
falcon3-1b,reverse,institutional,5,0.8751574094151431,2.2123900157063,2400
falcon3-1b,reverse,institutional,6,0.9694477114679444,2.5866410318656117,2400
falcon3-1b,reverse,institutional,7,0.8352073997655685,2.065959671046507,2400
falcon3-1b,reverse,institutional,8,0.7370576600881195,1.8161680290658293,2400
falcon3-1b,reverse,institutional,9,0.7748287214402514,1.8515305974758762,2394
olmo-hybrid,reverse,violence_liminal,0,0.6663710232700034,0.9418144663352807,1000
olmo-hybrid,reverse,violence_liminal,1,0.20417977336843593,0.6658474100972586,1000
olmo-hybrid,reverse,violence_liminal,2,0.4211552000991688,1.3470051339837208,1000
olmo-hybrid,reverse,violence_liminal,3,0.35126693386079455,0.9244962585567242,1000
olmo-hybrid,reverse,violence_liminal,4,0.33629373721412287,0.5833408335067809,1000
olmo-hybrid,reverse,violence_liminal,5,0.2953908785993834,0.5118868706747486,1000
olmo-hybrid,reverse,violence_liminal,6,0.41584999634455927,0.6621322626318291,1000
olmo-hybrid,reverse,violence_liminal,7,0.5103015743109349,0.8045999990517095,1000
olmo-hybrid,reverse,violence_liminal,8,0.46284109849664923,0.9630742799423792,1000
olmo-hybrid,reverse,violence_liminal,9,0.4340535229475457,0.8218309828873418,1000
redpajama,reverse,profanity,0,0.8113912499749675,0.9849964503299955,1000
redpajama,reverse,profanity,1,0.9572098547602198,1.4705154199387032,1000
redpajama,reverse,profanity,2,1.585454830799205,1.8905390554850048,1000
redpajama,reverse,profanity,3,2.2879693721050125,3.5785508410979396,1000
redpajama,reverse,profanity,4,1.650288708307891,2.8186502742136215,1000
redpajama,reverse,profanity,5,2.5140429387108454,4.088504539717938,1000
redpajama,reverse,profanity,6,1.921113987525809,2.9173894449015454,1000
redpajama,reverse,profanity,7,2.41310650474837,3.558805967854875,1000
redpajama,reverse,profanity,8,3.037954825966526,4.317063544970259,1000
redpajama,reverse,profanity,9,2.451260958234625,3.818978799052305,962
redpajama,reverse,violence_explicit,0,0.3981284943794551,0.7896572856292703,1000
redpajama,reverse,violence_explicit,1,0.5054241202621049,1.192848814964326,1000
redpajama,reverse,violence_explicit,2,0.8143764575725834,1.265485210076945,1000
redpajama,reverse,violence_explicit,3,1.4131366793568907,2.2876426336327413,1000
redpajama,reverse,violence_explicit,4,4.367385446025399,5.448025172371481,1000
redpajama,reverse,violence_explicit,5,2.9539268987910363,4.171770243435784,1000
redpajama,reverse,violence_explicit,6,3.515693654602528,3.9476913663293285,1000
redpajama,reverse,violence_explicit,7,4.265706289900213,4.228196711310423,1000
redpajama,reverse,violence_explicit,8,4.040342036248227,4.576940796144458,1000
redpajama,reverse,violence_explicit,9,3.0989632435248047,3.8884229846680842,955
qwen3,forward,sexual_liminal,0,0.009564295046992858,0.6640050355383876,1400
qwen3,forward,sexual_liminal,1,0.2525797729562073,3.4422499197335745,1400
qwen3,forward,sexual_liminal,2,0.32921970030164305,1.1538694441200064,1400
qwen3,forward,sexual_liminal,3,0.7058011101165982,1.4542213960992063,1400
qwen3,forward,sexual_liminal,4,0.9392685929374883,1.7190880864759086,1400
qwen3,forward,sexual_liminal,5,1.8845418888461896,2.776794079660147,1400
qwen3,forward,sexual_liminal,6,1.2299261898435003,2.678289930552355,1400
qwen3,forward,sexual_liminal,7,1.0893209011956997,2.662287721859798,1400
qwen3,forward,sexual_liminal,8,1.0293685645669197,2.776031231058844,1400
qwen3,forward,sexual_liminal,9,1.0575511886597304,2.385297378311525,1400
qwen3,forward,sexual_liminal,10,0.8949395201031123,2.2697792724861845,1394
archangel-dpo,reverse,death,0,0.08962769698703434,0.12267361315842673,1000
archangel-dpo,reverse,death,1,0.04693102863363104,0.14664747091306932,1000
archangel-dpo,reverse,death,2,0.05640935484687212,0.15132811216548142,1000
archangel-dpo,reverse,death,3,0.18158110854666432,0.4691261474904709,1000
archangel-dpo,reverse,death,4,0.13479136198556546,0.32792529595614983,1000
archangel-dpo,reverse,death,5,0.10976945852810316,0.27036329605365805,1000
archangel-dpo,reverse,death,6,0.12029483054426393,0.5908082407043401,1000
archangel-dpo,reverse,death,7,0.11484609039819636,0.7129467187132627,1000
archangel-dpo,reverse,death,8,0.40101088064235935,1.7616676085670784,1000
archangel-dpo,reverse,death,9,0.27001799246237695,1.5097383768273809,966
falcon3-1b,reverse,sexual_liminal,0,0.24195019939450504,0.41610180010675046,700
falcon3-1b,reverse,sexual_liminal,1,0.12077084766167016,0.37341627073047495,700
falcon3-1b,reverse,sexual_liminal,2,0.46055676357483305,0.6415899795753331,700
falcon3-1b,reverse,sexual_liminal,3,0.8790269678561221,1.0241976299692774,700
falcon3-1b,reverse,sexual_liminal,4,0.5972220988519794,1.2145596907944294,700
falcon3-1b,reverse,sexual_liminal,5,0.7127724545369573,1.4586086676273162,700
falcon3-1b,reverse,sexual_liminal,6,0.7131358091319594,1.178115710563022,700
falcon3-1b,reverse,sexual_liminal,7,0.6810085783510549,1.2671902681808562,700
falcon3-1b,reverse,sexual_liminal,8,0.6293449552244744,1.163081711390632,700
falcon3-1b,reverse,sexual_liminal,9,0.6381069162414665,1.3170493593398356,700
falcon-7b-legacy,forward,institutional,0,-0.005022846774925505,1.0081425205190555,4800
falcon-7b-legacy,forward,institutional,1,0.42259228547677274,2.4079082145766812,4800
falcon-7b-legacy,forward,institutional,2,0.6392631047733818,1.3352990964691802,4800
falcon-7b-legacy,forward,institutional,3,0.878974990960442,1.737531235116132,4800
falcon-7b-legacy,forward,institutional,4,1.1529935077569358,1.963048991550141,4800
falcon-7b-legacy,forward,institutional,5,1.2804644393016917,2.699342888820874,4800
falcon-7b-legacy,forward,institutional,6,1.3728121189403892,2.970368455079913,4800
falcon-7b-legacy,forward,institutional,7,1.3524715507833556,2.7911708898080825,4800
falcon-7b-legacy,forward,institutional,8,1.338256332301671,2.7672850579263932,4800
falcon-7b-legacy,forward,institutional,9,1.1906541484299353,2.5354959604694804,4800
falcon-7b-legacy,forward,institutional,10,1.211808718304722,2.7028855488756727,4773
deepseek-7b,reverse,neutral,0,0.15541201234273322,1.5200620067107466,700
deepseek-7b,reverse,neutral,1,0.5818460071695457,1.0903230885983577,700
deepseek-7b,reverse,neutral,2,1.1004901181382734,1.6040522857653274,700
deepseek-7b,reverse,neutral,3,0.8082838565252201,1.3949516407513487,700
deepseek-7b,reverse,neutral,4,0.4000773610861369,1.4298087995203728,700
deepseek-7b,reverse,neutral,5,0.5579062403885771,1.3853185029795547,700
deepseek-7b,reverse,neutral,6,0.642261556274491,1.6281580141714753,700
deepseek-7b,reverse,neutral,7,0.5439465078904737,1.9527629347761406,700
deepseek-7b,reverse,neutral,8,0.7564966955546771,2.5129849052403466,700
deepseek-7b,reverse,neutral,9,0.6494589865514819,2.5355631759580066,696
deepseek-7b,forward,violence_explicit,0,0.9317574640578938,2.1325239482324663,1000
deepseek-7b,forward,violence_explicit,1,0.8115721425062806,2.9752465088320874,1000
deepseek-7b,forward,violence_explicit,2,0.015111296325175801,0.8713882400541123,1000
deepseek-7b,forward,violence_explicit,3,0.6821898598458579,2.723207580787759,1000
deepseek-7b,forward,violence_explicit,4,1.1438198889100095,3.10740665438351,1000
deepseek-7b,forward,violence_explicit,5,0.4506826280543235,1.9667781322673286,1000
deepseek-7b,forward,violence_explicit,6,0.7209390845714229,2.1986081662802377,1000
deepseek-7b,forward,violence_explicit,7,0.5847641814549415,2.9059889600566886,1000
deepseek-7b,forward,violence_explicit,8,1.018183876240936,3.8830304210129922,998
deepseek-7b,forward,violence_explicit,9,1.645310837180633,4.5917051505370745,962
deepseek-7b,forward,violence_explicit,10,1.3468758468641866,3.94001819918347,320
deepseek-7b,forward,violence_explicit,11,1.966737686841997,4.582486841456624,48
deepseek-7b,forward,violence_explicit,12,-0.001314862568496365,0.34459788408708114,7
tulu,reverse,sexual_liminal,0,0.6850267506498458,0.678781689834439,2100
tulu,reverse,sexual_liminal,1,0.21047078176009903,0.4319405852156169,2100
tulu,reverse,sexual_liminal,2,0.6039639981857869,0.8120190821164166,2100
tulu,reverse,sexual_liminal,3,0.4248593554958486,0.5580015973351387,2100
tulu,reverse,sexual_liminal,4,0.506743510205221,0.8176230367851643,2100
tulu,reverse,sexual_liminal,5,0.4025968518216577,0.6633929833866774,2100
tulu,reverse,sexual_liminal,6,0.39482865090271363,0.8131124468249086,2100
tulu,reverse,sexual_liminal,7,0.30856349324054905,0.5916500261812451,2100
tulu,reverse,sexual_liminal,8,0.361724639384584,0.7282563521652755,2100
tulu,reverse,sexual_liminal,9,0.41393018171001844,0.7753623479007596,2100
qwen-tiny,forward,death,0,0.001893532130740894,0.6102894465069096,1000
qwen-tiny,forward,death,1,0.062213267151083114,0.9449850567657951,1000
qwen-tiny,forward,death,2,0.1258222997901182,0.5875242067365088,1000
qwen-tiny,forward,death,3,0.4899026690122967,1.5739547073244413,1000
qwen-tiny,forward,death,4,0.15184867147080724,0.680153096034633,1000
qwen-tiny,forward,death,5,0.4935622498943948,1.7873862594268222,1000
qwen-tiny,forward,death,6,0.16124877346557853,0.6781584605166812,1000
qwen-tiny,forward,death,7,0.22572656213019235,1.0663789338519674,1000
qwen-tiny,forward,death,8,0.10803272574509369,0.5712491414251597,1000
qwen-tiny,forward,death,9,0.2204508793614225,1.6609583360116886,1000
qwen-tiny,forward,death,10,0.2547673927612766,1.4771707286190048,953
glm4,reverse,neutral,0,0.8911645886409587,1.354821854921642,700
glm4,reverse,neutral,1,0.5463128997159836,0.8197073029123435,700
glm4,reverse,neutral,2,0.7290471443997192,1.0877760177593916,700
glm4,reverse,neutral,3,0.8283767862899988,1.3429747950056858,700
glm4,reverse,neutral,4,0.7653612143727181,1.1965441066010436,700
glm4,reverse,neutral,5,0.49510068156349357,0.9072328167784084,700
glm4,reverse,neutral,6,0.47761184423262293,1.0768726451246908,700
glm4,reverse,neutral,7,0.6030649521377384,1.1302013703652136,700
glm4,reverse,neutral,8,0.5539531835126,1.237438014262389,700
glm4,reverse,neutral,9,0.5600091838773502,1.0318727881175624,699
minicpm,reverse,neutral,0,1.3587758027859473,1.3769312144248207,1400
minicpm,reverse,neutral,1,1.468084794038579,2.357817295263834,1400
minicpm,reverse,neutral,2,1.6033808193134265,2.1937396166607734,1400
minicpm,reverse,neutral,3,1.0708987010435147,2.0010757668893087,1400
minicpm,reverse,neutral,4,1.8027311878435766,2.814586813324225,1400
minicpm,reverse,neutral,5,1.516902727530618,2.5835158368109776,1400
minicpm,reverse,neutral,6,1.1585612573328716,2.0657690468732115,1400
minicpm,reverse,neutral,7,1.2040631371227433,2.0291985333724436,1400
minicpm,reverse,neutral,8,1.0991415644652176,2.0871677403477484,1400
minicpm,reverse,neutral,9,1.0237761888320849,2.0444643082881946,1400
ct-llm,reverse,neutral,0,0.7807905011817594,0.9297912234683134,1400
ct-llm,reverse,neutral,1,0.8715238439196534,1.0065859251446632,1400
ct-llm,reverse,neutral,2,0.4940036726454894,0.8131871471901609,1400
ct-llm,reverse,neutral,3,0.7891996875394053,1.0153788552640406,1400
ct-llm,reverse,neutral,4,1.0252934875391995,1.5408819855380396,1400
ct-llm,reverse,neutral,5,0.566430110455114,0.9572772773979783,1400
ct-llm,reverse,neutral,6,0.6274293313514794,0.9067932458160071,1400
ct-llm,reverse,neutral,7,0.5141337207474763,0.9344295169042912,1400
ct-llm,reverse,neutral,8,0.5476307333149754,0.985049990463011,1400
ct-llm,reverse,neutral,9,0.5966383468134705,1.118095982107056,1400
smol,forward,institutional,0,0.052393967874870016,1.6705537971194073,4800
smol,forward,institutional,1,0.4428698563657169,4.797082286036818,4800
smol,forward,institutional,2,0.3104548828787965,0.909859538721562,4800
smol,forward,institutional,3,0.2698036616022249,0.711164422946011,4800
smol,forward,institutional,4,0.4952235089612729,0.9093655874087022,4800
smol,forward,institutional,5,0.39193480300952205,0.7562356655873865,4800
smol,forward,institutional,6,0.3941981367171677,0.7991082083543568,4800
smol,forward,institutional,7,0.39728731715880145,0.8025760486038332,4800
smol,forward,institutional,8,0.3379490295609129,0.8098712168055107,4795
smol,forward,institutional,9,0.4092007482867841,1.096215571495483,4784
smol,forward,institutional,10,0.37992419720112414,1.036029581874341,4099
tulu-sft-full,reverse,neutral,0,0.255418174948585,0.5750275270788102,700
tulu-sft-full,reverse,neutral,1,0.34270173618030014,0.4760020814593478,700
tulu-sft-full,reverse,neutral,2,0.30189747658339555,0.40511031328557195,700
tulu-sft-full,reverse,neutral,3,0.30853751022402004,0.5095334928024192,700
tulu-sft-full,reverse,neutral,4,0.37279838984574765,0.6633260178562791,700
tulu-sft-full,reverse,neutral,5,0.2848206014067084,0.5009800831131003,700
tulu-sft-full,reverse,neutral,6,0.27849458438076075,0.5107918871377177,700
tulu-sft-full,reverse,neutral,7,0.2541192965552044,0.4472771350043153,700
tulu-sft-full,reverse,neutral,8,0.2658423724690039,0.4788884427074761,700
tulu-sft-full,reverse,neutral,9,0.28779142542550207,0.578622106398717,700
minicpm,reverse,power,0,0.48318049682138586,0.9253852401497046,1000
minicpm,reverse,power,1,0.22754431437110387,0.7252329431943751,1000
minicpm,reverse,power,2,0.47626699344621587,1.1151832050862116,1000
minicpm,reverse,power,3,0.9617799710907209,1.2471180951877978,1000
minicpm,reverse,power,4,1.7348242654696258,2.1328769739405984,1000
minicpm,reverse,power,5,1.8046415224044632,2.632305589884079,1000
minicpm,reverse,power,6,2.0586008391243875,3.33822156223037,1000
minicpm,reverse,power,7,1.6459211698700482,2.7392029595222995,1000
minicpm,reverse,power,8,1.1805609763186504,2.1812284281967873,1000
minicpm,reverse,power,9,1.2867162193401707,2.2439732753033255,1000
tulu,reverse,violence_liminal,0,0.87252187592443,0.7864542109307416,1500
tulu,reverse,violence_liminal,1,0.18227968395863672,0.2445443891904498,1500
tulu,reverse,violence_liminal,2,0.3296264142947209,0.480495599288654,1500
tulu,reverse,violence_liminal,3,0.42917293780602,0.5946279682631411,1500
tulu,reverse,violence_liminal,4,0.40183372567628534,0.5928073418866723,1500
tulu,reverse,violence_liminal,5,0.3887853203388099,0.6197977872101972,1500
tulu,reverse,violence_liminal,6,0.49162409635221205,0.8391345920852475,1500
tulu,reverse,violence_liminal,7,0.42805591250590475,0.824372345048714,1500
tulu,reverse,violence_liminal,8,0.41878155649362625,0.787359860528711,1500
tulu,reverse,violence_liminal,9,0.39712849808117545,0.8068017515222108,1500
archangel-slic,reverse,sexual_explicit,0,0.031231915959763462,0.09486135785133114,500
archangel-slic,reverse,sexual_explicit,1,0.07275627460261352,0.14813784608649375,500
archangel-slic,reverse,sexual_explicit,2,0.08556334074870495,0.3453952727978716,500
archangel-slic,reverse,sexual_explicit,3,0.09633316701797852,0.13025671630661995,500
archangel-slic,reverse,sexual_explicit,4,0.03616943553717054,0.10068128013305751,500
archangel-slic,reverse,sexual_explicit,5,0.03434745264884637,0.21211484276623171,500
archangel-slic,reverse,sexual_explicit,6,0.05291861901834996,0.34073835031888633,500
archangel-slic,reverse,sexual_explicit,7,0.041657551588437314,0.23734509494182485,500
archangel-slic,reverse,sexual_explicit,8,0.432566664727317,1.689735806526245,500
archangel-slic,reverse,sexual_explicit,9,0.10211374021589685,0.21257619878449255,481
falcon-mamba,reverse,violence_explicit,0,0.25689188668575724,0.28936851833470156,500
falcon-mamba,reverse,violence_explicit,1,0.020444592055477693,0.3324958658959243,500
falcon-mamba,reverse,violence_explicit,2,1.0564162849838439,2.98565630678935,500
falcon-mamba,reverse,violence_explicit,3,0.6221707704626058,1.5779323545063064,500
falcon-mamba,reverse,violence_explicit,4,0.5265067053219945,2.9260571205442267,500
falcon-mamba,reverse,violence_explicit,5,0.12129025250375315,2.2682004512744363,500
falcon-mamba,reverse,violence_explicit,6,-0.07748197019771695,1.3025400086923833,500
falcon-mamba,reverse,violence_explicit,7,0.25412551973146674,2.985344491442404,500
falcon-mamba,reverse,violence_explicit,8,0.062378346478413255,3.714351101246095,497
falcon-mamba,reverse,violence_explicit,9,-0.17951369689978006,3.1641887813359704,480
deepseek-7b,reverse,institutional,0,0.48984264870332767,1.2121356983172114,2400
deepseek-7b,reverse,institutional,1,0.920451367262162,1.8525251264619,2400
deepseek-7b,reverse,institutional,2,0.5416987502303916,1.4434864149957798,2400
deepseek-7b,reverse,institutional,3,0.8008670234526255,1.8077376092889659,2400
deepseek-7b,reverse,institutional,4,1.1431571256353497,2.4815208687141124,2400
deepseek-7b,reverse,institutional,5,0.4705723830354079,1.6984021236059275,2400
deepseek-7b,reverse,institutional,6,0.7635721203809639,1.7742309072704183,2400
deepseek-7b,reverse,institutional,7,0.7931294620721504,1.9980495127080276,2400
deepseek-7b,reverse,institutional,8,0.7033086823352559,2.1460305007227216,2400
deepseek-7b,reverse,institutional,9,0.23794826426963922,2.0611981315437062,2318
amber,forward,neutral,0,0.27496007451037635,1.8202592846668315,4200
amber,forward,neutral,1,0.2894135020227352,1.5029186178718124,4200
amber,forward,neutral,2,0.3778645340212088,1.3715835496136188,4200
amber,forward,neutral,3,0.46440689165294213,1.3381608348915237,4200
amber,forward,neutral,4,0.4032026235772026,1.5296945959954527,4200
amber,forward,neutral,5,0.3485440871008699,1.259270268111019,4200
amber,forward,neutral,6,0.2964628323093497,1.0723370448195055,4198
amber,forward,neutral,7,0.40915593878639256,1.1732268284816185,4196
amber,forward,neutral,8,0.430517366340497,1.2390656359129724,4194
amber,forward,neutral,9,0.49939423066369826,1.3352153762409376,4172
falcon-mamba,reverse,institutional,0,0.588252614393409,1.2067794103982867,2400
falcon-mamba,reverse,institutional,1,0.3249679958133431,0.9601089906942113,2400
falcon-mamba,reverse,institutional,2,-0.010202818922990768,1.7753182088294512,2400
falcon-mamba,reverse,institutional,3,0.05963847999993121,1.7795364307811292,2400
falcon-mamba,reverse,institutional,4,0.13435472805530665,2.1974563388731245,2399
falcon-mamba,reverse,institutional,5,0.4952233556252681,2.604058405084864,2397
falcon-mamba,reverse,institutional,6,0.8055367255469392,3.829113375678029,2396
falcon-mamba,reverse,institutional,7,0.11909346829146113,4.116873020208103,2368
falcon-mamba,reverse,institutional,8,0.2585308307578348,3.5733894980236065,2315
falcon-mamba,reverse,institutional,9,0.3055440561747812,3.9868119877477,2134
amber,forward,institutional,0,3.8024951491378873,4.653588661268863,14400
amber,forward,institutional,1,2.1698713132800744,3.742926069902049,14400
amber,forward,institutional,2,1.3577573383649613,2.498462560627254,14400
amber,forward,institutional,3,1.225972419938806,2.6031865150884306,14400
amber,forward,institutional,4,1.0246288121954827,2.3128264680439585,14400
amber,forward,institutional,5,1.0226161218308636,2.1839446997411978,14398
amber,forward,institutional,6,0.9463357647179548,2.1929750035960716,14384
amber,forward,institutional,7,1.024246705589468,2.4849137185710792,14354
amber,forward,institutional,8,1.2461930146019593,3.3508643311040767,14284
amber,forward,institutional,9,1.5794976140060082,4.0321188040431775,14180
falcon3-3b,reverse,substance,0,0.9163559436118066,0.9710528881654007,500
falcon3-3b,reverse,substance,1,0.5325592575990126,0.5889000288342955,500
falcon3-3b,reverse,substance,2,0.5187426786188843,0.6206873620489297,500
falcon3-3b,reverse,substance,3,0.4925026062526623,0.6869458276733332,500
falcon3-3b,reverse,substance,4,0.5439548832234724,0.817518711539217,500
falcon3-3b,reverse,substance,5,0.4218965463938209,0.82655013843192,500
falcon3-3b,reverse,substance,6,0.4698201180520251,0.6746123737307512,500
falcon3-3b,reverse,substance,7,0.6724442382803981,1.1001189125800646,500
falcon3-3b,reverse,substance,8,0.5892575187517003,1.0907104881302205,500
falcon3-3b,reverse,substance,9,0.6573371040921797,1.3580690758869147,500
tulu,reverse,power,0,0.5673887335054462,0.7242821436233119,1500
tulu,reverse,power,1,0.2415273660927583,0.37831965072883983,1500
tulu,reverse,power,2,0.2085567206154767,0.5258209101118041,1500
tulu,reverse,power,3,0.5053374712132022,0.8317165578123523,1500
tulu,reverse,power,4,0.6102874973675627,0.8409043706969982,1500
tulu,reverse,power,5,0.35186056994241766,0.5697488080018525,1500
tulu,reverse,power,6,0.32773223157811526,0.6506339304930943,1500
tulu,reverse,power,7,0.3210395628321578,0.6637353240771012,1500
tulu,reverse,power,8,0.3558987867389826,0.6683911372753563,1500
tulu,reverse,power,9,0.38551217067665433,0.7391569322977496,1500
falcon3-1b,reverse,sexual_explicit,0,0.471879379987951,0.6447097380153215,500
falcon3-1b,reverse,sexual_explicit,1,-0.01414581948380514,0.22368432867029062,500
falcon3-1b,reverse,sexual_explicit,2,0.43084725811170566,0.6186966433083446,500
falcon3-1b,reverse,sexual_explicit,3,1.8241407950636426,2.0282317346972802,500
falcon3-1b,reverse,sexual_explicit,4,0.7048126436479372,1.3425500352404636,500
falcon3-1b,reverse,sexual_explicit,5,1.2993531407429524,2.824623574466703,500
falcon3-1b,reverse,sexual_explicit,6,1.0889885415670693,1.9169275053575918,500
falcon3-1b,reverse,sexual_explicit,7,0.6711322713727929,1.4165807299790623,500
falcon3-1b,reverse,sexual_explicit,8,0.6327765105836349,1.0569016915450484,500
falcon3-1b,reverse,sexual_explicit,9,0.6924872205116648,1.2747148876631813,500
smol3,forward,death,0,-7.044357407755797e-05,1.5767268856581504,1000
smol3,forward,death,1,0.3133943362430931,7.587827771936645,1000
smol3,forward,death,2,0.16083193185617684,0.5435205387520422,1000
smol3,forward,death,3,0.09506655969148041,0.46426776990481017,1000
smol3,forward,death,4,0.11589811149068877,0.6318822872124152,1000
smol3,forward,death,5,0.14977373570838257,0.6451044539715767,1000
smol3,forward,death,6,0.14044246104778746,0.6835878436565651,1000
smol3,forward,death,7,0.13531712946299784,0.5287663826717274,1000
smol3,forward,death,8,0.22111880828779623,0.7544935187805821,1000
smol3,forward,death,9,0.1464753625964766,0.5877883278457552,1000
smol3,forward,death,10,0.16410006598373025,0.7298334275037214,996
amber,reverse,profanity,0,10.678628964965261,4.533200717759747,1000
amber,reverse,profanity,1,6.542809070322247,3.885863446529957,1000
amber,reverse,profanity,2,5.209658271318706,5.651048205627928,1000
amber,reverse,profanity,3,4.445406865717343,5.645346208233174,1000
amber,reverse,profanity,4,3.5721592631835066,4.607405682920664,1000
amber,reverse,profanity,5,2.933153770093104,3.7727891967046254,1000
amber,reverse,profanity,6,3.3271092575056915,3.9109532324864436,1000
amber,reverse,profanity,7,2.5884631339606856,3.75527741924227,1000
amber,reverse,profanity,8,2.08170816272323,3.3173314403952276,996
amber,reverse,profanity,9,2.152973953495694,3.3033721772968416,911
qwen,reverse,violence_explicit,0,0.3758218232181364,0.3656316370456567,500
qwen,reverse,violence_explicit,1,0.49385856293085406,0.5750719808871488,500
qwen,reverse,violence_explicit,2,0.34886853016191754,0.6001789060080823,500
qwen,reverse,violence_explicit,3,0.6241266640715014,1.375203091630529,500
qwen,reverse,violence_explicit,4,0.4387928259420202,0.728593116865354,500
qwen,reverse,violence_explicit,5,0.594954934387875,1.267023923946922,500
qwen,reverse,violence_explicit,6,0.3982726187648592,0.7649363795962181,500
qwen,reverse,violence_explicit,7,0.511201262332725,1.1088677462472198,500
qwen,reverse,violence_explicit,8,0.6466095412069561,1.8185093267098575,500
qwen,reverse,violence_explicit,9,0.5036226424969837,1.3038584796835202,500
tulu,reverse,neutral,0,0.6085581050674281,1.0487757324703653,2100
tulu,reverse,neutral,1,0.45184671075786065,0.5755816918431576,2100
tulu,reverse,neutral,2,0.4128331490847759,0.5051975585598135,2100
tulu,reverse,neutral,3,0.42002793844864633,0.6087529721616565,2100
tulu,reverse,neutral,4,0.489702024708506,0.8166924661744923,2100
tulu,reverse,neutral,5,0.46794984082358554,0.7769218231837439,2100
tulu,reverse,neutral,6,0.46357977302766196,0.814616611346841,2100
tulu,reverse,neutral,7,0.40614759201284706,0.6740222017199498,2100
tulu,reverse,neutral,8,0.3778671000091873,0.5974191707082752,2100
tulu,reverse,neutral,9,0.4170717873912152,0.7397757287467828,2100
stablelm,reverse,substance,0,3.1139407778365804,3.778878605893576,1000
stablelm,reverse,substance,1,0.6546390820663175,1.2086078836321898,1000
stablelm,reverse,substance,2,0.908510021777808,0.9069537964195067,1000
stablelm,reverse,substance,3,1.1199726292689347,1.3973106358966516,1000
stablelm,reverse,substance,4,0.717515168051791,1.17489217684633,1000
stablelm,reverse,substance,5,1.1253275630812785,1.449978413086329,1000
stablelm,reverse,substance,6,1.013043953713767,1.160059473389835,1000
stablelm,reverse,substance,7,0.8773191854593777,1.330966120370966,1000
stablelm,reverse,substance,8,0.9143129548222093,1.5351203945220429,999
stablelm,reverse,substance,9,0.884588627496861,1.5274129459371597,999
yi,forward,sexual_explicit,0,0.6751249411154115,1.540593558073852,1000
yi,forward,sexual_explicit,1,0.2222876787733134,0.7716418489945901,1000
yi,forward,sexual_explicit,2,0.45459758107348863,0.9403933240061249,1000
yi,forward,sexual_explicit,3,0.2220189529068166,0.6105860745974219,1000
yi,forward,sexual_explicit,4,0.3437002141992298,0.8164255352702986,1000
yi,forward,sexual_explicit,5,0.23626924074983985,0.6959448470550617,1000
yi,forward,sexual_explicit,6,0.31362041152799336,0.8390414936709902,999
yi,forward,sexual_explicit,7,0.2805146736384207,0.7441443304804446,998
yi,forward,sexual_explicit,8,0.25077345187390826,0.7261436754852841,997
yi,forward,sexual_explicit,9,0.311593271432784,0.876071725841229,995
smol3,reverse,institutional,0,0.7225310872841827,1.4673042957479048,2400
smol3,reverse,institutional,1,0.7160515634054997,1.1229730897408525,2400
smol3,reverse,institutional,2,0.6676888201129737,1.112914390852867,2400
smol3,reverse,institutional,3,0.7022476805929483,1.126817692107314,2400
smol3,reverse,institutional,4,0.6347725437674364,1.0166702472480165,2400
smol3,reverse,institutional,5,0.5167366323173144,1.026787340905324,2400
smol3,reverse,institutional,6,0.47647909944709965,0.951306770850382,2400
smol3,reverse,institutional,7,0.434093697595007,0.9533848327111478,2400
smol3,reverse,institutional,8,0.4111411129969223,0.8341348703354773,2400
smol3,reverse,institutional,9,0.5050743712023557,1.058510330742673,2400
tulu-sft-nopersona,reverse,death,0,0.23939538001014946,0.5471506118127706,500
tulu-sft-nopersona,reverse,death,1,0.16128091998120472,0.22011398998286613,500
tulu-sft-nopersona,reverse,death,2,0.259647720211501,0.3022932619325947,500
tulu-sft-nopersona,reverse,death,3,0.2335724157557737,0.39560802593398225,500
tulu-sft-nopersona,reverse,death,4,0.28098027440159623,0.434455322703814,500
tulu-sft-nopersona,reverse,death,5,0.22342582304232195,0.420884456010319,500
tulu-sft-nopersona,reverse,death,6,0.1732017278567435,0.368320301208987,500
tulu-sft-nopersona,reverse,death,7,0.15740483626617657,0.3970060614578622,500
tulu-sft-nopersona,reverse,death,8,0.18920234948358275,0.3844038993384145,500
tulu-sft-nopersona,reverse,death,9,0.2104009342388291,0.5835822343581437,500
qwen,reverse,profanity,0,0.46595269021568475,0.445539626484913,500
qwen,reverse,profanity,1,0.6382382675839678,0.570572244424867,500
qwen,reverse,profanity,2,0.6479197974431156,0.789693268096093,500
qwen,reverse,profanity,3,0.6480798465360961,0.7733908605415941,500
qwen,reverse,profanity,4,0.6537551951353907,0.893204119233629,500
qwen,reverse,profanity,5,0.743019515485813,1.6630948567731474,500
qwen,reverse,profanity,6,0.6596399997645697,1.161588288177247,500
qwen,reverse,profanity,7,0.8523108132756426,2.018675561040164,500
qwen,reverse,profanity,8,0.6721086684991818,1.6418737265009367,500
qwen,reverse,profanity,9,0.5918390390183081,1.755099023349249,500
olmo-hybrid,reverse,sexual_liminal,0,0.7500303810670318,0.5378684661460493,1400
olmo-hybrid,reverse,sexual_liminal,1,0.17243867589330172,0.4286162027527887,1400
olmo-hybrid,reverse,sexual_liminal,2,0.5401428691515585,0.6877711412943949,1400
olmo-hybrid,reverse,sexual_liminal,3,0.3710036701990121,0.8702582325084864,1400
olmo-hybrid,reverse,sexual_liminal,4,0.27290597705326813,0.6119851636258714,1400
olmo-hybrid,reverse,sexual_liminal,5,0.2068362662065834,0.5062024508487399,1400
olmo-hybrid,reverse,sexual_liminal,6,0.3388660537419138,0.6698681212380908,1400
olmo-hybrid,reverse,sexual_liminal,7,0.2919674942481348,0.6386128289627871,1400
olmo-hybrid,reverse,sexual_liminal,8,0.3448518056141763,0.7320436526289937,1400
olmo-hybrid,reverse,sexual_liminal,9,0.3537402400793684,0.732388846369438,1400
smol,forward,death,0,0.20957400493594439,0.8980887606500306,1000
smol,forward,death,1,1.023871109287074,5.3086822898207044,1000
smol,forward,death,2,0.44253522066103235,1.058338799869038,1000
smol,forward,death,3,0.39807443424895006,0.9761436829546002,1000
smol,forward,death,4,0.3618561223146717,0.8216149680696114,1000
smol,forward,death,5,0.6146671613974618,1.1387338514113512,1000
smol,forward,death,6,0.5300962191957972,1.0071319000379495,1000
smol,forward,death,7,0.32764096988556574,0.879219639115113,1000
smol,forward,death,8,0.5966745497400602,1.15172526163346,1000
smol,forward,death,9,0.43905433308582487,1.1018266757061221,990
smol,forward,death,10,0.41583107968280597,0.9525038605933257,849
amber,forward,sexual_liminal,0,0.6390151470295775,1.525531900565577,4200
amber,forward,sexual_liminal,1,0.5052290326117864,1.5122691453161943,4200
amber,forward,sexual_liminal,2,0.524853621421234,1.4381829242192965,4200
amber,forward,sexual_liminal,3,0.5196214365744726,1.550377696317761,4200
amber,forward,sexual_liminal,4,0.46013174741493845,1.2356316276129224,4200
amber,forward,sexual_liminal,5,0.4690168898471926,1.437473745145247,4200
amber,forward,sexual_liminal,6,0.5745080141083577,1.5481288968943405,4200
amber,forward,sexual_liminal,7,0.6087430873602571,1.5588507463852312,4200
amber,forward,sexual_liminal,8,0.5733578111989399,1.4408639791034212,4200
amber,forward,sexual_liminal,9,0.6676818862073831,1.7123416256197086,4200
yi,reverse,neutral,0,13.166972543175044,3.4241690201710484,700
yi,reverse,neutral,1,4.264700867878401,4.889411348907902,700
yi,reverse,neutral,2,2.0856073635242955,4.5412921777891375,700
yi,reverse,neutral,3,3.9560420566478913,4.567808842641632,700
yi,reverse,neutral,4,3.435882645180012,4.537477948701826,700
yi,reverse,neutral,5,3.1458390752960557,4.2719129395870565,700
yi,reverse,neutral,6,2.8477977298772075,3.7259061561217752,700
yi,reverse,neutral,7,1.6959321495950144,3.0210652051520523,700
yi,reverse,neutral,8,1.6805256190614535,3.6712306795362557,694
yi,reverse,neutral,9,1.68435984866094,3.6205470745195267,620
tulu-sft-nopersona,reverse,sexual_liminal,0,0.46048248159524097,0.5697815123667354,700
tulu-sft-nopersona,reverse,sexual_liminal,1,0.08640539853682001,0.2761887048402937,700
tulu-sft-nopersona,reverse,sexual_liminal,2,0.3696866928342338,0.48306713196565537,700
tulu-sft-nopersona,reverse,sexual_liminal,3,0.32122537275315105,0.4390894744637121,700
tulu-sft-nopersona,reverse,sexual_liminal,4,0.26001916698257455,0.615700878087411,700
tulu-sft-nopersona,reverse,sexual_liminal,5,0.1953509786783655,0.4135750974252245,700
tulu-sft-nopersona,reverse,sexual_liminal,6,0.18349266599123712,0.4060191831575825,700
tulu-sft-nopersona,reverse,sexual_liminal,7,0.18052968019183774,0.4366492573928924,700
tulu-sft-nopersona,reverse,sexual_liminal,8,0.23446857807714439,0.5423692541096699,700
tulu-sft-nopersona,reverse,sexual_liminal,9,0.2277304605062755,0.5915185601795782,700
map-neo,reverse,neutral,0,15.490050052450725,4.211353685044786,1400
map-neo,reverse,neutral,1,6.1182625259926295,5.819640397603723,1400
map-neo,reverse,neutral,2,2.5023131940466303,5.4484821569453565,1400
map-neo,reverse,neutral,3,3.510175768810343,6.10092206528226,1400
map-neo,reverse,neutral,4,2.834869187716982,4.350867299334138,1400
map-neo,reverse,neutral,5,3.284271490377918,3.9939425534079827,1400
map-neo,reverse,neutral,6,2.14222153610071,3.3847324538973327,1400
map-neo,reverse,neutral,7,1.8949423845494533,3.728868341880215,1400
map-neo,reverse,neutral,8,2.8475185220262764,4.932798575184578,1397
map-neo,reverse,neutral,9,2.078448245828114,3.2371953097017454,1312
deepseek-7b,forward,institutional,0,0.3156542512748658,0.8037300771730201,4800
deepseek-7b,forward,institutional,1,0.41092401699499836,1.0053395854358498,4800
deepseek-7b,forward,institutional,2,0.2574269441066906,1.3491806204027412,4800
deepseek-7b,forward,institutional,3,0.29209386798900366,0.8284839963647898,4800
deepseek-7b,forward,institutional,4,0.30212969324820527,0.832539815777835,4800
deepseek-7b,forward,institutional,5,0.23467874042650266,0.8471586110596921,4799
deepseek-7b,forward,institutional,6,0.2007274453722998,0.8751470876570767,4797
deepseek-7b,forward,institutional,7,0.23308586904987888,0.7864512605080158,4791
deepseek-7b,forward,institutional,8,0.21977640421140726,0.7854016610074447,4782
deepseek-7b,forward,institutional,9,0.2509407185479659,0.8668749769130565,4653
deepseek-7b,forward,institutional,10,0.23780066037213624,0.8641452084006307,790
deepseek-7b,forward,institutional,11,0.008636324535003851,0.7693111676697895,121
tulu-sft-nomath,reverse,profanity,0,0.23790661576746983,0.3123022215644571,500
tulu-sft-nomath,reverse,profanity,1,0.23441075847387322,0.4096053628279831,500
tulu-sft-nomath,reverse,profanity,2,0.2596738315096272,0.4777737491113834,500
tulu-sft-nomath,reverse,profanity,3,0.25213287231570203,0.3895661248063138,500
tulu-sft-nomath,reverse,profanity,4,0.18789129146087202,0.37835815701148573,500
tulu-sft-nomath,reverse,profanity,5,0.22290604595380048,0.3633670872068137,500
tulu-sft-nomath,reverse,profanity,6,0.17774724718629412,0.43846993746799223,500
tulu-sft-nomath,reverse,profanity,7,0.22342631237651556,0.4597808885491468,500
tulu-sft-nomath,reverse,profanity,8,0.21150835779754676,0.45411705673135466,500
tulu-sft-nomath,reverse,profanity,9,0.22046822089758705,0.5476249103076213,500
bloom,reverse,profanity,0,0.20887824145451514,0.5735487802876627,500
bloom,reverse,profanity,1,0.42535444598062694,0.715370534672718,500
bloom,reverse,profanity,2,0.1836239699416363,0.6488000978456188,500
bloom,reverse,profanity,3,0.2296265175571475,1.2692471089323047,500
bloom,reverse,profanity,4,0.32777866784862025,1.7303587952224395,500
bloom,reverse,profanity,5,0.4496369082667171,2.3835888595657773,500
bloom,reverse,profanity,6,0.8316087773069512,3.1372978678129746,500
bloom,reverse,profanity,7,1.2775262223789807,3.129284030617966,500
bloom,reverse,profanity,8,1.2985719678759902,3.193191005176876,498
bloom,reverse,profanity,9,0.7743384145979995,3.023188800898204,489
archangel-dpo,reverse,sexual_liminal,0,0.14496207396568161,0.10732815007849764,1400
archangel-dpo,reverse,sexual_liminal,1,0.045142622156834226,0.06917421884055996,1400
archangel-dpo,reverse,sexual_liminal,2,0.08001168682163697,0.2766211263772382,1400
archangel-dpo,reverse,sexual_liminal,3,0.03166286628964284,0.1046218203856285,1400
archangel-dpo,reverse,sexual_liminal,4,0.10065550900285493,0.4077746306058499,1400
archangel-dpo,reverse,sexual_liminal,5,0.04344306236820757,0.39764964631786776,1400
archangel-dpo,reverse,sexual_liminal,6,0.03999945482189314,0.518904698028876,1400
archangel-dpo,reverse,sexual_liminal,7,0.053073612369822,0.6771703049783862,1400
archangel-dpo,reverse,sexual_liminal,8,0.19630214226615847,1.302578724630342,1400
archangel-dpo,reverse,sexual_liminal,9,0.10294882082340891,0.4225929903332043,1388
smol,reverse,power,0,0.7743106507979134,0.8742619769115819,500
smol,reverse,power,1,0.3810647589451681,0.5122481008537548,500
smol,reverse,power,2,0.39891633481370353,0.8013245314044554,500
smol,reverse,power,3,0.45392367257404975,0.6633524221082072,500
smol,reverse,power,4,0.6701550818747082,1.270004585494002,500
smol,reverse,power,5,0.5939387120809597,0.820998716760664,500
smol,reverse,power,6,0.42184151542422893,1.2159618900760858,500
smol,reverse,power,7,0.5304107782229068,1.879295858186262,500
smol,reverse,power,8,0.7357188203057301,1.9076416659080537,500
smol,reverse,power,9,0.6763019352037758,1.826242488331682,479
falcon3-10b,reverse,violence_explicit,0,0.3205824730438039,0.42561046350777637,500
falcon3-10b,reverse,violence_explicit,1,0.06753736998140036,0.1685570341073193,500
falcon3-10b,reverse,violence_explicit,2,0.18922339186521864,0.37111445993561665,500
falcon3-10b,reverse,violence_explicit,3,0.3904202482212743,0.6899557039991007,500
falcon3-10b,reverse,violence_explicit,4,0.4275674997685347,0.980995482526042,500
falcon3-10b,reverse,violence_explicit,5,0.43865077744082254,0.9242238725801433,500
falcon3-10b,reverse,violence_explicit,6,0.5006652848320438,1.172635312613527,500
falcon3-10b,reverse,violence_explicit,7,0.5051311431107691,1.755828690661607,500
falcon3-10b,reverse,violence_explicit,8,0.5653233967505227,1.3802961843445405,500
falcon3-10b,reverse,violence_explicit,9,0.5126755745469702,1.6173473974578025,500
zephyr,reverse,power,0,16.37346016711352,7.37561013491657,1000
zephyr,reverse,power,1,4.969536012180338,4.503184591795745,1000
zephyr,reverse,power,2,4.708824947237694,5.1275050156587785,1000
zephyr,reverse,power,3,4.725765401292127,5.029008155013533,1000
zephyr,reverse,power,4,2.531181033406043,3.6342685395364906,1000
zephyr,reverse,power,5,2.6719636281979637,3.4888090652750545,1000
zephyr,reverse,power,6,2.192854201044234,3.0485665910780146,1000
zephyr,reverse,power,7,1.8922084531037002,3.2079743670154053,1000
zephyr,reverse,power,8,0.7105677823669359,2.6988835751579465,993
zephyr,reverse,power,9,1.2625271158810314,3.6526847252255745,967
redpajama,reverse,sexual_liminal,0,1.4030123493600424,1.9146528466589754,1400
redpajama,reverse,sexual_liminal,1,0.5942831123650333,1.2015998450166627,1400
redpajama,reverse,sexual_liminal,2,0.922655471840086,1.6845365598649105,1400
redpajama,reverse,sexual_liminal,3,1.3012963012360286,1.762240052513596,1400
redpajama,reverse,sexual_liminal,4,3.054101536681749,5.039291736758261,1400
redpajama,reverse,sexual_liminal,5,1.8677225388476753,3.3086365748792548,1400
redpajama,reverse,sexual_liminal,6,3.0866781646836783,4.323470733245748,1400
redpajama,reverse,sexual_liminal,7,2.9185853394715546,4.072059207294786,1400
redpajama,reverse,sexual_liminal,8,3.125486562365508,4.12426164480023,1400
redpajama,reverse,sexual_liminal,9,2.7892521744678036,3.7184279838815177,1356
amber,reverse,power,0,15.319793354730802,4.916134899713145,1000
amber,reverse,power,1,7.451482046553038,4.324890291993024,1000
amber,reverse,power,2,4.88987565636021,4.566312723178737,1000
amber,reverse,power,3,5.4488925191445325,4.184877867177451,1000
amber,reverse,power,4,3.4185982163856563,4.73042583223097,1000
amber,reverse,power,5,4.017131128866398,3.593229850735374,1000
amber,reverse,power,6,3.4811891253051073,3.966422272272864,1000
amber,reverse,power,7,3.595417296304372,4.202544611288196,998
amber,reverse,power,8,2.610558088515581,3.756586901327493,939
amber,reverse,power,9,2.35110259605619,4.0740867037080175,830
olmo,reverse,sexual_explicit,0,1.127768179682865,1.2151923298838199,1500
olmo,reverse,sexual_explicit,1,0.9803881609315137,1.3232224997872033,1500
olmo,reverse,sexual_explicit,2,1.284072765659228,1.6538685640927302,1500
olmo,reverse,sexual_explicit,3,1.3271887151845765,1.6814345296359086,1500
olmo,reverse,sexual_explicit,4,1.4825936081272861,1.7462437164264701,1500
olmo,reverse,sexual_explicit,5,1.70534442334095,3.0313592284281885,1500
olmo,reverse,sexual_explicit,6,2.3403282394463396,4.813077600200784,1500
olmo,reverse,sexual_explicit,7,2.6351038584201465,5.325816385873059,1500
olmo,reverse,sexual_explicit,8,2.5181656946617084,5.247210807532911,1500
olmo,reverse,sexual_explicit,9,2.234434178940347,4.5770192128196365,1493
qwen,forward,substance,0,0.8761213435683658,3.8169557947191133,2500
qwen,forward,substance,1,-0.4543642409747751,8.565243757395965,2500
qwen,forward,substance,2,-0.025557185597682382,2.6635568414507103,2500
qwen,forward,substance,3,1.0682255001356764,2.6184874660390167,2500
qwen,forward,substance,4,1.449510258237376,2.9151883373240426,2500
qwen,forward,substance,5,1.691921442727626,3.0744233442057034,2500
qwen,forward,substance,6,1.3613450743288542,2.4996068602122596,2500
qwen,forward,substance,7,1.3627358567966386,2.7096030234742727,2500
qwen,forward,substance,8,1.4823889846730733,2.7872899729448704,2498
qwen,forward,substance,9,1.4643768808002844,2.9547317910585114,2498
qwen,forward,substance,10,1.4471933346834045,2.9287754956832184,2401
stablelm,reverse,violence_liminal,0,1.8906175239317906,1.181578305257033,1000
stablelm,reverse,violence_liminal,1,0.4120973253737196,0.7708383339156389,1000
stablelm,reverse,violence_liminal,2,0.8929236297002461,1.6582432003426602,1000
stablelm,reverse,violence_liminal,3,0.844931064748891,1.1438072465833107,1000
stablelm,reverse,violence_liminal,4,0.9855520294690024,1.7554254242343588,1000
stablelm,reverse,violence_liminal,5,1.0176709548645042,1.697632228548627,1000
stablelm,reverse,violence_liminal,6,0.9858624794628402,1.7686286346258264,1000
stablelm,reverse,violence_liminal,7,1.0604565467178382,2.1067601255035595,1000
stablelm,reverse,violence_liminal,8,1.0716919444412703,1.995799915623905,1000
stablelm,reverse,violence_liminal,9,1.0049060059082753,1.8695839827050695,1000
smol3,reverse,violence_liminal,0,0.8633756543561465,0.6910817934293285,500
smol3,reverse,violence_liminal,1,0.381453638449673,0.625671367726206,500
smol3,reverse,violence_liminal,2,0.2802177167412069,0.47493320793691335,500
smol3,reverse,violence_liminal,3,0.43769429129158516,0.7326750855089744,500
smol3,reverse,violence_liminal,4,0.4555580395805268,0.7186923308214554,500
smol3,reverse,violence_liminal,5,0.4763900086646584,0.9174254024387192,500
smol3,reverse,violence_liminal,6,0.39520805325807423,0.7909373036975582,500
smol3,reverse,violence_liminal,7,0.47664457101440494,0.7644028893902678,500
smol3,reverse,violence_liminal,8,0.36247316866458207,0.7051110318342251,500
smol3,reverse,violence_liminal,9,0.3969572982636156,0.8384043546031817,500
olmo-tiny,reverse,profanity,0,0.6101748882351263,1.0993952646990457,1500
olmo-tiny,reverse,profanity,1,0.3347579901710489,0.7907307758798691,1500
olmo-tiny,reverse,profanity,2,0.5690416799571997,0.9819851769529578,1500
olmo-tiny,reverse,profanity,3,0.8395502654166166,1.0958233600287461,1500
olmo-tiny,reverse,profanity,4,0.7227789226635797,0.9814054264230503,1500
olmo-tiny,reverse,profanity,5,0.7783124455816005,1.006360298505254,1500
olmo-tiny,reverse,profanity,6,0.8585180474969802,1.2165741241699062,1500
olmo-tiny,reverse,profanity,7,0.9377448101445996,1.559942766755057,1500
olmo-tiny,reverse,profanity,8,0.8019044001508091,1.5802677937389917,1500
olmo-tiny,reverse,profanity,9,0.753059202685809,1.5092424472509613,1500
olmo,forward,substance,0,0.19847659776091453,1.8199176354506186,10500
olmo,forward,substance,1,0.5433365981211787,2.2199408971538612,10500
olmo,forward,substance,2,0.01634865855136329,0.8612826009418689,10500
olmo,forward,substance,3,0.28148007085662413,0.957308478201853,10500
olmo,forward,substance,4,0.3015960760127269,1.384568103703105,10500
olmo,forward,substance,5,0.3542129239608626,1.5070418684452915,10500
olmo,forward,substance,6,0.3499427659197918,1.1744763295403229,10500
olmo,forward,substance,7,0.29405645898911814,1.4545040019357547,10492
olmo,forward,substance,8,0.28894122514218556,1.328575716130493,10490
olmo,forward,substance,9,0.4039288297795389,1.4736913541779157,10442
olmo,forward,substance,10,0.42362042076044965,1.6597788745283775,10336
smol3,forward,substance,0,-7.105427357601002e-18,0.4421872709708189,1000
smol3,forward,substance,1,0.722311191617734,8.141809271498028,1000
smol3,forward,substance,2,0.25775880067979,0.849342784474935,1000
smol3,forward,substance,3,0.5220342112831529,1.236193490913926,1000
smol3,forward,substance,4,0.3166412964510068,0.7809060904210767,1000
smol3,forward,substance,5,0.34624853164991587,0.9005728202247304,1000
smol3,forward,substance,6,0.27980131060617125,0.9006046409956939,1000
smol3,forward,substance,7,0.24474537268416882,0.6859615315342302,1000
smol3,forward,substance,8,0.27421055287170076,0.7336869287754436,1000
smol3,forward,substance,9,0.30502112578748897,0.7381832652330379,1000
smol3,forward,substance,10,0.2652162219699278,0.7927402998559465,1000
pythia,forward,institutional,11,0.026223055851702787,0.3639033948311989,206
smol3,reverse,neutral,0,1.1619819014445667,1.3580620673673882,700
smol3,reverse,neutral,1,0.8304871039248236,0.8500344749404977,700
smol3,reverse,neutral,2,0.5663953100031246,0.9989818550679149,700
smol3,reverse,neutral,3,0.7540977527809777,1.2441786589857307,700
smol3,reverse,neutral,4,0.8398237460472845,1.3752806163103481,700
smol3,reverse,neutral,5,0.6280002574154331,1.0444416046066365,700
smol3,reverse,neutral,6,0.6246974515804571,1.1389664574720237,700
smol3,reverse,neutral,7,0.6880501240017981,1.3099891973610875,700
smol3,reverse,neutral,8,0.7167216798417251,1.1798550706740965,700
smol3,reverse,neutral,9,0.7066618521264676,1.6133809309651987,700
qwen3,forward,violence_liminal,0,0.0018033686798503937,1.2364244622427876,1000
qwen3,forward,violence_liminal,1,0.6682090003116341,2.108788155400949,1000
qwen3,forward,violence_liminal,2,0.5653571771067509,1.2313281583461502,1000
qwen3,forward,violence_liminal,3,0.8306059273352289,1.5436304791495776,1000
qwen3,forward,violence_liminal,4,1.0434635016258533,2.3810021827849392,1000
qwen3,forward,violence_liminal,5,0.7726222126144024,1.6471674324739254,1000
qwen3,forward,violence_liminal,6,1.1095958523225058,2.323518418317435,1000
qwen3,forward,violence_liminal,7,1.1205295167682736,2.3512253889695667,1000
qwen3,forward,violence_liminal,8,1.0619964821756396,2.2137772456366833,1000
qwen3,forward,violence_liminal,9,1.060103580480337,2.590249025078257,1000
qwen3,forward,violence_liminal,10,1.5429985420895327,3.977495936644799,999
map-neo,reverse,death,0,15.167073238263772,2.8888779366317636,1000
map-neo,reverse,death,1,6.2071507323716295,6.795683232491142,999
map-neo,reverse,death,2,4.119475748675518,4.771995957868488,998
map-neo,reverse,death,3,4.555124792773747,5.830198219908003,998
map-neo,reverse,death,4,2.6931951946660235,4.026887762557078,998
map-neo,reverse,death,5,2.7130537455771164,3.4146084228380547,998
map-neo,reverse,death,6,2.574795717174493,3.754996976972885,998
map-neo,reverse,death,7,2.4675228283679718,4.145862853510774,998
map-neo,reverse,death,8,2.5616819051172595,3.718744083651294,979
map-neo,reverse,death,9,1.8232503161775593,3.6777740775012555,860
falcon-7b-legacy,forward,substance,0,5.684341886080802e-17,1.305150781882195,1000
falcon-7b-legacy,forward,substance,1,0.4087617151188014,3.0396955083867656,1000
falcon-7b-legacy,forward,substance,2,0.1659679805909451,0.6453391751252493,1000
falcon-7b-legacy,forward,substance,3,0.34940697833005313,0.7683848685108795,1000
falcon-7b-legacy,forward,substance,4,0.5303879042542506,0.8270965881404729,1000
falcon-7b-legacy,forward,substance,5,0.26833864017425696,0.7488707916857392,1000
falcon-7b-legacy,forward,substance,6,0.4878013849502799,1.0576179510596206,1000
falcon-7b-legacy,forward,substance,7,0.3907237420004866,0.8816296059444724,1000
falcon-7b-legacy,forward,substance,8,0.3521642855230102,0.8106076694415418,1000
falcon-7b-legacy,forward,substance,9,0.4689338220808156,1.016889933530172,1000
falcon-7b-legacy,forward,substance,10,0.35162844853003306,1.1458277578910128,1000
deepseek-7b,forward,violence_liminal,0,0.4322105020686731,0.9702100357009025,1000
deepseek-7b,forward,violence_liminal,1,0.11092513330798122,0.8387538448994237,1000
deepseek-7b,forward,violence_liminal,2,0.11737850160348294,0.7206137458245416,1000
deepseek-7b,forward,violence_liminal,3,0.2301736863452927,0.6998372297483135,1000
deepseek-7b,forward,violence_liminal,4,0.18301873138149,1.2633513724363623,1000
deepseek-7b,forward,violence_liminal,5,1.2943211838123152,3.961813393509445,1000
deepseek-7b,forward,violence_liminal,6,0.4403048184784495,2.2801799306335426,1000
deepseek-7b,forward,violence_liminal,7,1.2073124626228338,4.134026066490224,1000
deepseek-7b,forward,violence_liminal,8,0.9304062276469018,3.4856486199380363,996
deepseek-7b,forward,violence_liminal,9,1.214576014217159,3.9631896774584985,941
deepseek-7b,forward,violence_liminal,10,1.9427952610891719,5.3443562464688315,94
tulu-sft-nomath,reverse,neutral,0,0.17132655304853697,0.5633280938931623,700
tulu-sft-nomath,reverse,neutral,1,0.20072061451457837,0.35354061518466945,700
tulu-sft-nomath,reverse,neutral,2,0.24575291927400705,0.3926183920329833,700
tulu-sft-nomath,reverse,neutral,3,0.22613111261659316,0.40366401544460007,700
tulu-sft-nomath,reverse,neutral,4,0.2749015421870149,0.5577478722163833,700
tulu-sft-nomath,reverse,neutral,5,0.20666649539481155,0.40888164061498206,700
tulu-sft-nomath,reverse,neutral,6,0.23061404613786335,0.7054623203972696,700
tulu-sft-nomath,reverse,neutral,7,0.2249809027034085,0.40626012017293744,700
tulu-sft-nomath,reverse,neutral,8,0.20488024366876456,0.3802963219298629,700
tulu-sft-nomath,reverse,neutral,9,0.21978677492251275,0.43222292516082744,700
tulu,reverse,death,0,0.4007128274800248,0.7071686089370783,1500
tulu,reverse,death,1,0.25617678178233794,0.327958811359833,1500
tulu,reverse,death,2,0.34196908758198763,0.42873977564881854,1500
tulu,reverse,death,3,0.37006609850086214,0.6327915501176739,1500
tulu,reverse,death,4,0.5200384926707434,0.8270940047182737,1500
tulu,reverse,death,5,0.44464702370157283,0.6515050092606265,1500
tulu,reverse,death,6,0.3455092789011865,0.5939280710977954,1500
tulu,reverse,death,7,0.27731845786258996,0.5813708486629229,1500
tulu,reverse,death,8,0.3337013370780399,0.5760044968578175,1500
tulu,reverse,death,9,0.370531475227841,0.6896306779656293,1500
yi,forward,death,0,0.25232510875188263,0.6736653353783516,1000
yi,forward,death,1,0.10008857174519352,0.6087645074827963,1000
yi,forward,death,2,0.15149223884556967,0.43340006873176407,1000
yi,forward,death,3,0.22670460083114613,0.759119931050814,1000
yi,forward,death,4,0.4016219156882502,1.2701666458306422,1000
yi,forward,death,5,0.1973361435630567,0.6976522716776471,1000
yi,forward,death,6,0.2110389795876915,0.6651677199915802,1000
yi,forward,death,7,0.24533178420226698,0.6542870794633266,1000
yi,forward,death,8,0.3335571071484474,0.8554220864259772,1000
yi,forward,death,9,0.32890860153717644,0.8500161294368926,999
olmo-think,reverse,sexual_liminal,0,0.6440587240034832,1.3824788742070362,1400
olmo-think,reverse,sexual_liminal,1,0.4821726047483365,0.9336732346488464,1400
olmo-think,reverse,sexual_liminal,2,0.8021785685959452,1.6669789954632623,1400
olmo-think,reverse,sexual_liminal,3,0.9099878466368112,1.5041593194211664,1400
olmo-think,reverse,sexual_liminal,4,0.7203098405383515,1.244792060398803,1400
olmo-think,reverse,sexual_liminal,5,0.6878799992215557,1.4222500879869262,1400
olmo-think,reverse,sexual_liminal,6,0.7387012700058605,1.1639873744941542,1400
olmo-think,reverse,sexual_liminal,7,0.7802824977649688,1.361489341181333,1400
olmo-think,reverse,sexual_liminal,8,1.0436192519639074,2.9184240818182547,1400
olmo-think,reverse,sexual_liminal,9,0.6977392151806786,2.1256885961973344,1400
olmo,reverse,power,0,1.094604009933004,1.3600931537514491,1500
olmo,reverse,power,1,0.9343624796906773,1.583107840451176,1500
olmo,reverse,power,2,1.0954167669875805,1.2951872155947908,1500
olmo,reverse,power,3,0.9639011521719467,1.7931725347344638,1500
olmo,reverse,power,4,1.140405203035903,1.7818336686180025,1500
olmo,reverse,power,5,1.1306104496154428,1.7824945377556372,1500
olmo,reverse,power,6,1.3622998863356652,2.4384761471824477,1500
olmo,reverse,power,7,1.7995114843326545,2.9828934207859894,1500
olmo,reverse,power,8,1.7600634638865755,3.1144282263391454,1500
olmo,reverse,power,9,1.7383112979960456,3.2137408284101383,1450
smol,forward,neutral,0,0.0018033688251130643,2.7291813310474766,1400
smol,forward,neutral,1,0.3073143771260208,5.318492565297414,1400
smol,forward,neutral,2,0.306507467109654,1.1794223420243415,1400
smol,forward,neutral,3,0.366107673845504,1.1770345341256638,1400
smol,forward,neutral,4,0.2917076789583911,1.088180673632561,1399
smol,forward,neutral,5,0.35192276411960743,1.1632092709470403,1397
smol,forward,neutral,6,0.3891648085529055,1.0691192310473259,1397
smol,forward,neutral,7,0.6072727544306715,1.4273065340875197,1396
smol,forward,neutral,8,0.6629063094903389,1.5185635543621459,1396
smol,forward,neutral,9,0.6540053318647879,1.5480277732665217,1392
smol,forward,neutral,10,0.5645785628121466,1.3020039782118744,1338
falcon3-mamba,reverse,substance,0,1.7777135464279172,1.0566202397082365,500
falcon3-mamba,reverse,substance,1,0.1432635296838151,0.42730737376729794,500
falcon3-mamba,reverse,substance,2,0.269485675813726,1.8123697462674053,500
falcon3-mamba,reverse,substance,3,-0.6898420331170841,2.0791402280166493,500
falcon3-mamba,reverse,substance,4,0.1578462014238412,1.846408201696825,500
falcon3-mamba,reverse,substance,5,-2.4531635991448675,3.1858258776615327,500
falcon3-mamba,reverse,substance,6,-1.1287735155108294,2.0837402906747564,500
falcon3-mamba,reverse,substance,7,-1.2733087364819655,2.4642273197603446,500
falcon3-mamba,reverse,substance,8,-0.6568463853242688,2.19558782883072,500
falcon3-mamba,reverse,substance,9,-0.9977997263173247,2.3162734022614364,496
tulu-sft-nopersona,reverse,violence_liminal,0,0.4816095137987749,0.5019248777098477,500
tulu-sft-nopersona,reverse,violence_liminal,1,0.12092157741621223,0.24550200621178087,500
tulu-sft-nopersona,reverse,violence_liminal,2,0.2574145408934804,0.32027302149846143,500
tulu-sft-nopersona,reverse,violence_liminal,3,0.26003755066645395,0.40117456042564753,500
tulu-sft-nopersona,reverse,violence_liminal,4,0.2635958502074643,0.4169735601942024,500
tulu-sft-nopersona,reverse,violence_liminal,5,0.2035043151413715,0.4166477554643663,500
tulu-sft-nopersona,reverse,violence_liminal,6,0.2515953032797972,0.4279351541060529,500
tulu-sft-nopersona,reverse,violence_liminal,7,0.21020582018646314,0.5014874842619145,500
tulu-sft-nopersona,reverse,violence_liminal,8,0.16440558449840845,0.5014546802867669,500
tulu-sft-nopersona,reverse,violence_liminal,9,0.18833630612234106,0.5383566932439866,500
llama,reverse,violence_liminal,0,1.0881493005798286,1.0048495336208345,500
llama,reverse,violence_liminal,1,0.2083700393194238,0.41755161209643277,500
llama,reverse,violence_liminal,2,0.40291453964119783,0.5245857056259398,500
llama,reverse,violence_liminal,3,0.4127181975625898,0.5448024215371776,500
llama,reverse,violence_liminal,4,0.587337559218399,0.7934500469205301,500
llama,reverse,violence_liminal,5,0.45979371103999517,0.7872405611712965,500
llama,reverse,violence_liminal,6,0.5513228036590814,0.8040278102698805,500
llama,reverse,violence_liminal,7,0.5693497479065868,0.860892665456914,500
llama,reverse,violence_liminal,8,0.5071570583678382,0.8915849164728687,500
llama,reverse,violence_liminal,9,0.44114776071046696,0.916828539633293,500
redpajama,reverse,substance,0,1.8324833306307409,2.128205066107209,1000
redpajama,reverse,substance,1,1.1421844566832637,2.0103857418671356,1000
redpajama,reverse,substance,2,0.5596627090499317,1.0975445806740858,1000
redpajama,reverse,substance,3,0.7330022509314813,1.586298649446517,1000
redpajama,reverse,substance,4,0.8377775093392754,1.555385228379182,1000
redpajama,reverse,substance,5,0.9688463536092814,2.032702100487802,1000
redpajama,reverse,substance,6,1.3638406529933504,2.39387745149967,1000
redpajama,reverse,substance,7,1.6315781435590524,2.795025143067942,1000
redpajama,reverse,substance,8,2.8448033587078414,4.499596821893469,1000
redpajama,reverse,substance,9,2.3431787177293737,3.874704378026859,971
rwkv,reverse,death,0,0.3496089000040089,2.7607131222692103,500
rwkv,reverse,death,1,-0.2719538802011037,2.581508300361285,500
rwkv,reverse,death,2,0.19277337816861922,2.283951412837335,495
rwkv,reverse,death,3,0.02472867355633855,2.384149683786517,480
rwkv,reverse,death,4,0.24927662675185455,1.9397733897774654,471
rwkv,reverse,death,5,0.03385311939238527,1.7167914958621826,465
rwkv,reverse,death,6,0.10528172186385193,1.0267282306900818,453
rwkv,reverse,death,7,0.13288047090272112,1.0973687442018172,449
rwkv,reverse,death,8,0.1600648024525196,1.0931461930808979,446
rwkv,reverse,death,9,0.19758043946523146,1.3085662925681707,441
smol3,forward,profanity,0,-0.08531961270515893,1.503379838497313,1000
smol3,forward,profanity,1,0.546621302644881,4.819720814481067,1000
smol3,forward,profanity,2,0.10648288876675671,0.9044440549560727,1000
smol3,forward,profanity,3,0.15497815975651044,0.7779989289152962,1000
smol3,forward,profanity,4,0.20030803495768065,0.6629079133532734,1000
smol3,forward,profanity,5,0.14990804621008258,0.6953187647210922,1000
smol3,forward,profanity,6,0.14852732427672788,0.7871357789238783,1000
smol3,forward,profanity,7,0.1434851788994528,0.7110560594352499,1000
smol3,forward,profanity,8,0.2850768824298963,0.9825335861657821,1000
smol3,forward,profanity,9,0.28476244357125213,1.275709527364827,1000
smol3,forward,profanity,10,0.23162219476981777,0.7624020151364145,508
qwen,reverse,death,0,0.36877214219673,0.41088339658005657,500
qwen,reverse,death,1,0.2916603979570782,0.3688053339673578,500
qwen,reverse,death,2,0.3637712634766309,0.5330957807866271,500
qwen,reverse,death,3,0.5534653964364357,0.6104923229184984,500
qwen,reverse,death,4,0.6906852735161751,1.432232728137699,500
qwen,reverse,death,5,0.5093985940487608,0.8756281285786484,500
qwen,reverse,death,6,0.463113420554159,0.8012833051291008,500
qwen,reverse,death,7,0.5461792047005838,1.2898207383553113,500
qwen,reverse,death,8,0.4911126342598429,0.851997650910401,500
qwen,reverse,death,9,0.573083195763079,1.5184218771840643,500
smol,reverse,violence_explicit,0,0.5071111791948554,1.2276450299190973,500
smol,reverse,violence_explicit,1,0.28794765075915835,0.3936423420695321,500
smol,reverse,violence_explicit,2,0.1160206038263798,0.27877670203256255,500
smol,reverse,violence_explicit,3,0.25425106565428196,0.518484204376028,500
smol,reverse,violence_explicit,4,0.2950143214118233,0.6018651725113856,500
smol,reverse,violence_explicit,5,0.7932970947481576,1.8751446515332666,500
smol,reverse,violence_explicit,6,0.8853047728297381,2.6221787484593153,500
smol,reverse,violence_explicit,7,1.1443790524121256,2.2483834182405875,500
smol,reverse,violence_explicit,8,1.4046031774467542,2.863162856445012,500
smol,reverse,violence_explicit,9,1.3632160718949209,2.5592959237899664,485
tulu-sft-nowildchat,reverse,profanity,0,0.28571865449128575,0.32919955264724116,500
tulu-sft-nowildchat,reverse,profanity,1,0.2065830040568826,0.30810562305042294,500
tulu-sft-nowildchat,reverse,profanity,2,0.3312759610734642,0.34841197237056565,500
tulu-sft-nowildchat,reverse,profanity,3,0.326028417191203,0.5434066322173566,500
tulu-sft-nowildchat,reverse,profanity,4,0.23281366235504128,0.31905900748950744,500
tulu-sft-nowildchat,reverse,profanity,5,0.27616293109493834,0.39229606308541637,500
tulu-sft-nowildchat,reverse,profanity,6,0.24086461920897437,0.45648653881863804,500
tulu-sft-nowildchat,reverse,profanity,7,0.2524472417452086,0.5224712959843496,500
tulu-sft-nowildchat,reverse,profanity,8,0.2457413080537369,0.5082702102819471,500
tulu-sft-nowildchat,reverse,profanity,9,0.27853832041176185,0.815555773274585,500
olmo-think,reverse,neutral,0,0.9820323415377074,1.6465425432180174,1400
olmo-think,reverse,neutral,1,0.7143129005735591,1.2306389724557216,1400
olmo-think,reverse,neutral,2,0.4917741424165498,1.9646854280807144,1400
olmo-think,reverse,neutral,3,0.668238457994865,1.2204703730323643,1400
olmo-think,reverse,neutral,4,0.6158326291167379,1.2597275952352531,1400
olmo-think,reverse,neutral,5,0.4961546505006483,1.3308002203380094,1400
olmo-think,reverse,neutral,6,0.8009062679121897,2.6037266397796186,1400
olmo-think,reverse,neutral,7,0.8380478121153604,1.9294317311812281,1400
olmo-think,reverse,neutral,8,0.7377387178478382,1.716138579600558,1400
olmo-think,reverse,neutral,9,0.7279999364187223,1.4562224887383708,1399
archangel-dpo,reverse,violence_explicit,0,0.14166409979683864,0.15546757814223042,1000
archangel-dpo,reverse,violence_explicit,1,0.0679800085429285,0.08772313154614907,1000
archangel-dpo,reverse,violence_explicit,2,0.06512684171297813,0.1555964858947457,1000
archangel-dpo,reverse,violence_explicit,3,0.13113214189350103,0.542184881071837,1000
archangel-dpo,reverse,violence_explicit,4,0.11334504716380651,0.6437971840969152,1000
archangel-dpo,reverse,violence_explicit,5,0.15971035182000867,0.8273496892086605,1000
archangel-dpo,reverse,violence_explicit,6,0.1738918394036063,1.2591047388764294,1000
archangel-dpo,reverse,violence_explicit,7,0.134219949274598,1.3755934431714585,1000
archangel-dpo,reverse,violence_explicit,8,0.8735729107031439,2.7401846530608416,1000
archangel-dpo,reverse,violence_explicit,9,0.5040717584705514,2.1332978015433355,928
qwen,forward,violence_liminal,0,0.10152843257927306,2.8723518510335797,2500
qwen,forward,violence_liminal,1,-1.1350835674669724,6.324892041717529,2500
qwen,forward,violence_liminal,2,1.0421527788543998,2.0057161211889287,2500
qwen,forward,violence_liminal,3,0.9631267941605701,2.0439851352850047,2500
qwen,forward,violence_liminal,4,0.8227706698550735,2.0389010047773954,2500
qwen,forward,violence_liminal,5,0.940064719346974,2.2553329743902655,2500
qwen,forward,violence_liminal,6,0.9460573973500334,2.393118063060175,2500
qwen,forward,violence_liminal,7,1.3144315552582986,2.8234646120387463,2500
qwen,forward,violence_liminal,8,0.8541491148198984,3.440217532467932,2500
qwen,forward,violence_liminal,9,1.3288463372645964,2.8097545625237546,2498
qwen,forward,violence_liminal,10,1.318714510431877,3.037512292249111,2475
olmo-think,reverse,power,0,0.6813928338927049,1.8285390732747753,1000
olmo-think,reverse,power,1,0.19630088984270208,0.5116982907491645,1000
olmo-think,reverse,power,2,0.531973159893469,0.8579526020164934,1000
olmo-think,reverse,power,3,0.666640105250306,1.1981559735411191,1000
olmo-think,reverse,power,4,0.5071114417823234,1.3162398094775558,1000
olmo-think,reverse,power,5,0.43263715382302825,1.006854323274705,1000
olmo-think,reverse,power,6,0.42911314112801585,1.1287687173811483,1000
olmo-think,reverse,power,7,0.5806543906419379,1.2236902058148318,1000
olmo-think,reverse,power,8,0.6529518972823126,1.8579480473946823,1000
olmo-think,reverse,power,9,0.6745004617876462,1.8469859979480427,1000
glm4,reverse,sexual_liminal,0,0.8657797065288436,1.0679652588188226,700
glm4,reverse,sexual_liminal,1,0.20172621547796768,0.5821042194822883,700
glm4,reverse,sexual_liminal,2,0.9343956665201807,1.2779438770279774,700
glm4,reverse,sexual_liminal,3,0.878514201386,1.42521107283178,700
glm4,reverse,sexual_liminal,4,0.4983213888887875,0.9359442141200763,700
glm4,reverse,sexual_liminal,5,0.46701056432042665,0.9107988502102748,700
glm4,reverse,sexual_liminal,6,0.6129157808084489,1.0133201285699696,700
glm4,reverse,sexual_liminal,7,0.6977244376984201,1.3393370480158888,700
glm4,reverse,sexual_liminal,8,0.5369388207755283,0.9789260754775969,700
glm4,reverse,sexual_liminal,9,0.5658205569786774,1.1267083892480025,697
bloom,reverse,sexual_explicit,0,0.5568438470268455,1.0874360294810002,500
bloom,reverse,sexual_explicit,1,0.11457801600867637,0.18113316206521068,500
bloom,reverse,sexual_explicit,2,-0.012884418928325545,0.7109245831803735,500
bloom,reverse,sexual_explicit,3,0.23814132811706465,0.8681039283686748,500
bloom,reverse,sexual_explicit,4,0.15608894563691553,1.106644461994699,500
bloom,reverse,sexual_explicit,5,0.32002618767492963,1.217517426478463,500
bloom,reverse,sexual_explicit,6,0.5524746662886821,1.5023926775214553,500
bloom,reverse,sexual_explicit,7,0.2214446463253266,1.1045659435318376,500
bloom,reverse,sexual_explicit,8,0.23204466299271637,1.5352838178067456,500
bloom,reverse,sexual_explicit,9,0.13999720555826653,1.612205199880234,494
falcon3-3b,reverse,neutral,0,0.6391060504763819,0.8184917034058005,700
falcon3-3b,reverse,neutral,1,0.44532440999632855,0.5502979173040202,700
falcon3-3b,reverse,neutral,2,0.5472350844274572,0.7838815093812441,700
falcon3-3b,reverse,neutral,3,0.5662819013776167,0.8851491173303891,700
falcon3-3b,reverse,neutral,4,0.4095787632987987,1.0320344977222666,700
falcon3-3b,reverse,neutral,5,0.46965974707624697,0.9480130918828599,700
falcon3-3b,reverse,neutral,6,0.7086474455882013,1.5163957890953355,700
falcon3-3b,reverse,neutral,7,0.7393580802855421,1.4865733026400507,700
falcon3-3b,reverse,neutral,8,0.5858817680452543,1.3777122860190398,700
falcon3-3b,reverse,neutral,9,0.7393937035947488,1.8899018189966794,700
qwen-tiny,reverse,sexual_liminal,0,0.2700152597943482,0.44129147630326054,700
qwen-tiny,reverse,sexual_liminal,1,0.2638800554091109,0.34884860124967015,700
qwen-tiny,reverse,sexual_liminal,2,0.18709942131451773,0.6657179287275437,700
qwen-tiny,reverse,sexual_liminal,3,0.27006547744302045,0.6213193161383425,700
qwen-tiny,reverse,sexual_liminal,4,0.12299352945249328,0.5265958494669768,700
qwen-tiny,reverse,sexual_liminal,5,0.11208459969578968,0.5242276429658944,700
qwen-tiny,reverse,sexual_liminal,6,1.45696715057205,5.178993541082291,700
qwen-tiny,reverse,sexual_liminal,7,0.6603721023101282,3.497955181472286,700
qwen-tiny,reverse,sexual_liminal,8,0.8849307322929022,3.77258905682064,700
qwen-tiny,reverse,sexual_liminal,9,0.5736033998628238,2.334458564907478,700
qwen3,reverse,substance,0,1.1068382470718252,0.9409388550645352,500
qwen3,reverse,substance,1,0.5427639133712997,0.5288622950228509,500
qwen3,reverse,substance,2,0.8284591333188823,0.7875502043530155,500
qwen3,reverse,substance,3,0.5996481656726259,0.681059077984091,500
qwen3,reverse,substance,4,0.8792456257106518,0.7975126719501886,500
qwen3,reverse,substance,5,0.9837734598173327,1.277730874484421,500
qwen3,reverse,substance,6,1.0548768872233085,1.5779402760944656,500
qwen3,reverse,substance,7,1.0496421295732312,1.5308597025365847,500
qwen3,reverse,substance,8,1.0644782430686288,1.3949747488439055,500
qwen3,reverse,substance,9,1.0383309237904013,1.3487555380426641,500
tulu-sft-full,reverse,violence_liminal,0,0.5874022684166706,0.5656125731195847,500
tulu-sft-full,reverse,violence_liminal,1,0.1433815899730957,0.22418073560385968,500
tulu-sft-full,reverse,violence_liminal,2,0.2353265328301489,0.34754045828450514,500
tulu-sft-full,reverse,violence_liminal,3,0.30923558591803707,0.4561559085946658,500
tulu-sft-full,reverse,violence_liminal,4,0.27179318294192933,0.4557081335546689,500
tulu-sft-full,reverse,violence_liminal,5,0.2586645484771517,0.4914702993755864,500
tulu-sft-full,reverse,violence_liminal,6,0.320317644546737,0.6487569219300785,500
tulu-sft-full,reverse,violence_liminal,7,0.272833573157384,0.6685188358200261,500
tulu-sft-full,reverse,violence_liminal,8,0.23331284959125465,0.602085370958752,500
tulu-sft-full,reverse,violence_liminal,9,0.2429513132161708,0.6703354497111073,500
falcon3-3b,reverse,death,0,0.24670936046729702,0.6582039196569985,500
falcon3-3b,reverse,death,1,0.19659021774732896,0.2367081588373202,500
falcon3-3b,reverse,death,2,0.4017943613865195,0.589723347023109,500
falcon3-3b,reverse,death,3,0.7893028794260949,1.2909452278271074,500
falcon3-3b,reverse,death,4,1.3069240458678628,2.686851482528238,500
falcon3-3b,reverse,death,5,1.1127391659153736,2.441008925901094,500
falcon3-3b,reverse,death,6,1.51076216567889,4.102024426025059,500
falcon3-3b,reverse,death,7,0.8051450224097957,1.2779575961077394,500
falcon3-3b,reverse,death,8,0.9167696183136173,1.4519021616354222,500
falcon3-3b,reverse,death,9,1.0717054465580558,2.061751366041103,500
qwen,reverse,neutral,0,0.6327663484931887,0.8665588660573011,700
qwen,reverse,neutral,1,0.7726090309465672,1.4655358234501288,700
qwen,reverse,neutral,2,0.4150580637248543,0.8017648325931269,700
qwen,reverse,neutral,3,0.6096653884689808,0.9215915813681049,700
qwen,reverse,neutral,4,0.4404346600677449,0.6256098236894667,700
qwen,reverse,neutral,5,0.41362536333844513,0.9709323350922834,700
qwen,reverse,neutral,6,0.31023687319003834,0.7818319052186203,700
qwen,reverse,neutral,7,0.2705469287766756,0.7293966105519885,700
qwen,reverse,neutral,8,0.36369000762091014,1.5044032494374262,700
qwen,reverse,neutral,9,0.32109012394685166,1.1213501371362833,700
redpajama,reverse,institutional,0,1.7672931911421628,2.4108987847731136,4800
redpajama,reverse,institutional,1,1.3600873573367451,1.858404054163607,4800
redpajama,reverse,institutional,2,1.1575895188397547,1.957203316977763,4800
redpajama,reverse,institutional,3,1.21416128651389,1.8003627906439088,4800
redpajama,reverse,institutional,4,1.3305218410908604,2.3215958560043557,4800
redpajama,reverse,institutional,5,1.4236831005748494,2.7418970690845,4800
redpajama,reverse,institutional,6,1.3898863817429372,2.571496331508309,4800
redpajama,reverse,institutional,7,1.7865167782175648,3.133623400917108,4800
redpajama,reverse,institutional,8,2.953041355821937,4.541932727696103,4800
redpajama,reverse,institutional,9,2.462844469847003,4.176269810668803,4530
falcon-mamba,reverse,death,0,0.3896040202931896,0.5727387524732381,500
falcon-mamba,reverse,death,1,0.32696166951368955,1.2725480477397513,500
falcon-mamba,reverse,death,2,0.21637099443456573,1.3217591582152357,500
falcon-mamba,reverse,death,3,0.19804660108431835,0.9561018508729352,500
falcon-mamba,reverse,death,4,0.130761515324074,1.2280125167302236,500
falcon-mamba,reverse,death,5,-0.08301962575124218,2.032218886938819,500
falcon-mamba,reverse,death,6,0.26840564724981403,1.6160502842184363,500
falcon-mamba,reverse,death,7,0.6227610173927866,2.534303481941492,500
falcon-mamba,reverse,death,8,0.30645860966064103,3.020700304152864,496
falcon-mamba,reverse,death,9,-0.03830991299175504,2.5145319497015435,489
yi,reverse,substance,0,13.159326816295023,4.694208270729044,500
yi,reverse,substance,1,9.383514908087564,6.643100571902375,500
yi,reverse,substance,2,5.067498696565723,5.031278189535104,500
yi,reverse,substance,3,3.2243680882767234,4.250104182998637,500
yi,reverse,substance,4,2.6199242778385132,3.3817144427254826,500
yi,reverse,substance,5,2.4952440856990896,3.4149389628025926,500
yi,reverse,substance,6,1.6069733617138067,2.741828216906565,500
yi,reverse,substance,7,2.128634930998628,2.8918209037311406,500
yi,reverse,substance,8,1.1546570757571173,2.7616447269799815,488
yi,reverse,substance,9,1.1440902825130148,3.3313034345292047,405
falcon-7b-legacy,forward,violence_explicit,0,-5.684341886080802e-17,0.7092511288687248,1000
falcon-7b-legacy,forward,violence_explicit,1,0.2814720707542612,2.483235616344272,1000
falcon-7b-legacy,forward,violence_explicit,2,0.09398986413018845,0.6675815920175546,1000
falcon-7b-legacy,forward,violence_explicit,3,0.60474023002909,1.2588493807909718,1000
falcon-7b-legacy,forward,violence_explicit,4,0.8510638573565338,1.297659111574379,1000
falcon-7b-legacy,forward,violence_explicit,5,0.7191812690013611,1.4933265661244737,1000
falcon-7b-legacy,forward,violence_explicit,6,0.9240536929863984,1.826061184420726,1000
falcon-7b-legacy,forward,violence_explicit,7,0.857118588935581,1.5776179250956628,1000
falcon-7b-legacy,forward,violence_explicit,8,0.6307482407180234,1.4465475105280736,1000
falcon-7b-legacy,forward,violence_explicit,9,0.7512143150154916,1.5841527148840284,1000
falcon-7b-legacy,forward,violence_explicit,10,0.813444268671459,2.075791190242569,1000
yi,forward,substance,0,0.7689677265897675,1.2466673809752784,1000
yi,forward,substance,1,0.08993867819645138,0.40967441531952975,1000
yi,forward,substance,2,0.13574923760754654,0.6376367487938297,1000
yi,forward,substance,3,0.15174989231093394,0.5718075261156084,1000
yi,forward,substance,4,0.3947787325072131,1.0129596795299032,1000
yi,forward,substance,5,0.18635323503615372,0.536909093598448,1000
yi,forward,substance,6,0.18135933078953775,0.6219605531962615,1000
yi,forward,substance,7,0.2750634616271351,0.8307410425194537,1000
yi,forward,substance,8,0.2575677166683934,0.7007324883516619,1000
yi,forward,substance,9,0.2791088060689202,0.73396409927514,998
yi,forward,power,0,0.3019402815606402,0.8951535147728554,1000
yi,forward,power,1,0.34435454632945106,0.8893970595084134,1000
yi,forward,power,2,0.28537337935738527,0.8521885258481637,1000
yi,forward,power,3,0.28303580523308636,0.5717034378929895,1000
yi,forward,power,4,0.17202679939076596,0.6715126992732925,1000
yi,forward,power,5,0.1361040123225061,0.8834954912231886,1000
yi,forward,power,6,0.14836867554794328,0.6141691450580117,999
yi,forward,power,7,0.12629762775937392,0.48799188839348323,994
yi,forward,power,8,0.22740933347324208,0.7710753729730815,990
yi,forward,power,9,0.2184403611766043,0.8586519929667665,978
falcon-7b-legacy,forward,sexual_explicit,0,-7.105427357601002e-18,0.6587531009083573,1000
falcon-7b-legacy,forward,sexual_explicit,1,0.3815702947764597,2.470294388174145,1000
falcon-7b-legacy,forward,sexual_explicit,2,0.06783125209699714,0.44641897690466137,1000
falcon-7b-legacy,forward,sexual_explicit,3,0.3635563400979007,0.7941952085462115,1000
falcon-7b-legacy,forward,sexual_explicit,4,-0.24495230098777362,2.031777183779445,1000
falcon-7b-legacy,forward,sexual_explicit,5,0.3611417619090389,0.7341806140541025,1000
falcon-7b-legacy,forward,sexual_explicit,6,0.33244121344182964,0.8624797248315448,1000
falcon-7b-legacy,forward,sexual_explicit,7,0.3649999683074569,0.832291589561328,1000
falcon-7b-legacy,forward,sexual_explicit,8,0.47907940813691846,1.0800361314219593,1000
falcon-7b-legacy,forward,sexual_explicit,9,0.28867258237235127,0.8683360136828595,1000
falcon-7b-legacy,forward,sexual_explicit,10,0.4907665391853542,1.1970039656710618,1000
bloom,reverse,power,0,0.3673230935941551,0.3827210452432741,500
bloom,reverse,power,1,0.5985334119420973,1.4808737329387034,500
bloom,reverse,power,2,0.21323604293279977,0.6309483160710885,500
bloom,reverse,power,3,0.06411531550161684,0.9761430832886807,500
bloom,reverse,power,4,0.26583450591001223,1.122298429396012,500
bloom,reverse,power,5,0.3231860446458397,1.3811314792450546,500
bloom,reverse,power,6,0.37808553215977614,1.864975102499839,500
bloom,reverse,power,7,0.850687074607017,2.448968759749436,500
bloom,reverse,power,8,0.5954912238094592,3.1303341687858626,500
bloom,reverse,power,9,0.3597756578214131,2.3083574483137763,490
tulu-sft-full,reverse,substance,0,0.6867827401100721,0.4797206112636688,500
tulu-sft-full,reverse,substance,1,0.10454562457319821,0.22290844351371544,500
tulu-sft-full,reverse,substance,2,0.27809096328110755,0.4820753824125151,500
tulu-sft-full,reverse,substance,3,0.1312599829220671,0.37200403955482025,500
tulu-sft-full,reverse,substance,4,0.29098576305706847,0.5190625534581532,500
tulu-sft-full,reverse,substance,5,0.2007219148948468,0.41574117282764284,500
tulu-sft-full,reverse,substance,6,0.19291894658923522,0.33771391200423073,500
tulu-sft-full,reverse,substance,7,0.24466828945669516,0.3986323904114643,500
tulu-sft-full,reverse,substance,8,0.1989507345975803,0.45580497848851326,500
tulu-sft-full,reverse,substance,9,0.19935188248429264,0.503558469211408,500
qwen,forward,power,0,-0.778792859807433,4.211253927170915,2500
qwen,forward,power,1,-0.5111213629990793,7.200177303101729,2500
qwen,forward,power,2,0.7995529904625445,1.7984084954202326,2500
qwen,forward,power,3,1.2030051063732705,2.26240993107366,2500
qwen,forward,power,4,1.0680281638019136,2.5102819159163214,2500
qwen,forward,power,5,1.2012806816529342,2.424505177428894,2500
qwen,forward,power,6,1.5528064695106,3.0138829491038472,2500
qwen,forward,power,7,1.1747072176099596,2.569162603005618,2500
qwen,forward,power,8,1.3844378193220925,2.526571361320893,2500
qwen,forward,power,9,1.4893217414297726,2.8774035271421363,2499
olmo-tiny,forward,profanity,11,1.1186686841532398,1.9835301053735617,100
olmo-tiny,forward,profanity,12,0.3755284010240847,0.7202078090571151,20
olmo-tiny,reverse,power,0,0.2548205650721773,1.0350427440530334,1500
olmo-tiny,reverse,power,1,0.35071662894957795,0.9061875060171962,1500
olmo-tiny,reverse,power,2,0.810716280511491,1.267757870252727,1500
olmo-tiny,reverse,power,3,0.9056635718097086,1.4842427053760814,1500
olmo-tiny,reverse,power,4,0.7813037304360423,1.196086012978872,1500
olmo-tiny,reverse,power,5,0.6001226467796326,1.0720996163932133,1500
olmo-tiny,reverse,power,6,0.5627542556855427,1.080655758274912,1500
olmo-tiny,reverse,power,7,0.47886021819642716,0.9674924542424536,1500
olmo-tiny,reverse,power,8,0.6659282513367372,1.2122507714953108,1500
olmo-tiny,reverse,power,9,0.789165568958721,1.313627030631204,1500
pythia,reverse,sexual_explicit,0,0.0872661399488031,0.12146610258383184,1000
pythia,reverse,sexual_explicit,1,0.045713306718697125,0.10144003866884695,1000
pythia,reverse,sexual_explicit,2,0.0560953613943215,0.17967828750083162,1000
pythia,reverse,sexual_explicit,3,0.07445591992335014,0.1796313147811862,1000
pythia,reverse,sexual_explicit,4,0.04924530433925612,0.1784258924821223,1000
pythia,reverse,sexual_explicit,5,0.03750023236880745,0.1723210949530123,1000
pythia,reverse,sexual_explicit,6,0.02133123266340365,0.15633128727307383,1000
pythia,reverse,sexual_explicit,7,0.05506407882679619,0.17585288580530967,1000
pythia,reverse,sexual_explicit,8,0.5179572130825271,2.018466694663954,1000
pythia,reverse,sexual_explicit,9,0.1279861217546258,0.2582358463067951,955
qwen,forward,power,10,1.4424914118020786,2.8325775261729462,2251
archangel-kto,reverse,neutral,0,0.0732125916660555,0.1495195787416829,700
archangel-kto,reverse,neutral,1,0.13146224136180815,0.16597841025066573,700
archangel-kto,reverse,neutral,2,0.0648725647044997,0.14399644464649577,700
archangel-kto,reverse,neutral,3,0.06544535792312975,0.12738385542812306,700
archangel-kto,reverse,neutral,4,0.09131938498446898,0.14257969113226357,700
archangel-kto,reverse,neutral,5,0.07459376395628059,0.19766712880695064,700
archangel-kto,reverse,neutral,6,0.05162344636681655,0.2317545586775376,700
archangel-kto,reverse,neutral,7,0.024572013626275004,0.409057846369461,700
archangel-kto,reverse,neutral,8,0.2219103517896978,0.9200247537425577,700
archangel-kto,reverse,neutral,9,0.08881544559283212,0.26142493359553404,686
bloom,reverse,violence_explicit,0,0.18746832602926777,0.7108662300827208,500
bloom,reverse,violence_explicit,1,0.12068605310267978,1.0199038258915458,500
bloom,reverse,violence_explicit,2,0.18420275429467714,1.4316716357900925,500
bloom,reverse,violence_explicit,3,0.19386941268091773,1.2496935441085573,500
bloom,reverse,violence_explicit,4,0.6432998148058675,1.9345846533298492,500
bloom,reverse,violence_explicit,5,0.18996671022811099,2.6001144989374323,500
bloom,reverse,violence_explicit,6,0.8399770029650161,2.651859303536863,500
bloom,reverse,violence_explicit,7,0.7401561389811881,2.7143431513181753,500
bloom,reverse,violence_explicit,8,0.5797028541481563,2.661325245705724,500
bloom,reverse,violence_explicit,9,0.35327300540242884,2.873499470237311,499
map-neo,reverse,substance,0,14.070499376582076,3.797533151510478,1000
map-neo,reverse,substance,1,3.981544734125199,4.919380461340465,1000
map-neo,reverse,substance,2,8.872715825491131,7.388399308932186,1000
map-neo,reverse,substance,3,7.532824650412591,8.232637277017654,1000
map-neo,reverse,substance,4,2.5067482357538684,3.8078401258280157,1000
map-neo,reverse,substance,5,3.0684286381215924,4.333385407835708,1000
map-neo,reverse,substance,6,3.2037082111942046,4.436102107449818,1000
map-neo,reverse,substance,7,3.0007951730257845,4.509640207897665,1000
map-neo,reverse,substance,8,1.973331888371464,4.2454500638645145,997
map-neo,reverse,substance,9,1.539251294961019,4.64171844449013,925
pythia,forward,neutral,0,0.1340464048243294,0.8464988417318546,4900
pythia,forward,neutral,1,0.06769132949066782,0.3787471348131713,4900
pythia,forward,neutral,2,0.037884087419480544,0.20829712352322097,4900
pythia,forward,neutral,3,0.033669638066959766,0.2132813042951989,4900
pythia,forward,neutral,4,0.021517534547592823,0.1445248056313674,4900
pythia,forward,neutral,5,0.031226321385567912,0.268940758127092,4900
pythia,forward,neutral,6,0.03359926830591009,0.2414783836521842,4900
pythia,forward,neutral,7,0.02775372316778042,0.21482577173736406,4900
pythia,forward,neutral,8,0.018343100254666865,0.21556494977689575,4900
pythia,forward,neutral,9,0.023385404140677465,0.23137918331313206,4887
pythia,forward,neutral,10,0.028387183923802187,0.25828470421917543,4708
pythia,forward,death,0,0.09780238011850091,0.6903820762904952,3500
pythia,forward,death,1,0.02402378732895412,0.41517709965738964,3500
pythia,forward,death,2,0.020282568460432394,0.20764487164447643,3500
pythia,forward,death,3,0.01269129790169524,0.13986550847563473,3500
pythia,forward,death,4,0.022435725630675835,0.1926172567710961,3500
pythia,forward,death,5,0.07903807978144857,0.4074239168370006,3500
pythia,forward,death,6,0.03505390479350621,0.21482741269115785,3500
pythia,forward,death,7,0.03196744289549498,0.201437890124141,3500
pythia,forward,death,8,0.032410487232904094,0.29359922701117747,3500
pythia,forward,death,9,0.025758960930325633,0.27315669839182793,3496
pythia,forward,death,10,0.0312931681168199,0.2265976086024873,3396
pythia,forward,death,11,0.015232901953978898,0.14816494518001921,944
pythia,forward,neutral,11,0.0396594888561711,0.3170499333024158,567
zephyr,forward,profanity,10,0.1988972235165868,0.7225134711791275,29
qwen-tiny,reverse,violence_explicit,0,0.004255596078223633,0.5896895151068965,500
qwen-tiny,reverse,violence_explicit,1,0.1110331418092822,0.4148945742597416,500
qwen-tiny,reverse,violence_explicit,2,-0.3494890340047907,0.8815063770224771,500
qwen-tiny,reverse,violence_explicit,3,-0.04724842171568963,0.5155195779544672,500
qwen-tiny,reverse,violence_explicit,4,0.15337406297706282,0.7537919061510406,500
qwen-tiny,reverse,violence_explicit,5,0.11983908341862955,0.9877392076487297,500
qwen-tiny,reverse,violence_explicit,6,2.0722221905543687,6.331899434485427,500
qwen-tiny,reverse,violence_explicit,7,0.7873079878178939,3.5695953982262436,500
qwen-tiny,reverse,violence_explicit,8,0.4368029293013753,2.284950364802199,500
qwen-tiny,reverse,violence_explicit,9,0.6993575228706468,2.95177908259078,500
deepseek-7b,reverse,profanity,0,0.17223312605156166,0.6677673344842978,500
deepseek-7b,reverse,profanity,1,0.6104345136473428,0.7982632184432035,500
deepseek-7b,reverse,profanity,2,0.5218588879203183,0.944595805528381,500
deepseek-7b,reverse,profanity,3,0.4829223069294858,0.7946740773250843,500
deepseek-7b,reverse,profanity,4,0.34005782037764337,0.7058870509804395,500
deepseek-7b,reverse,profanity,5,0.3947614518660026,1.256286609639606,500
deepseek-7b,reverse,profanity,6,0.7574940293821661,1.9230021439560132,500
deepseek-7b,reverse,profanity,7,0.7333281325952243,2.121540203636554,500
deepseek-7b,reverse,profanity,8,0.6410718667086001,1.683807310859045,500
deepseek-7b,reverse,profanity,9,0.32645362400441374,1.3983911360027617,494
ct-llm,reverse,substance,0,0.5472384381348319,0.8996845939480617,1000
ct-llm,reverse,substance,1,0.23452801499023762,0.39830284781469477,1000
ct-llm,reverse,substance,2,0.6558070848881492,0.5463197264179966,1000
ct-llm,reverse,substance,3,0.5690348453908217,0.6290437086354984,1000
ct-llm,reverse,substance,4,0.39925606689054866,0.6095676922454731,1000
ct-llm,reverse,substance,5,0.3754618062658451,0.5845561079749018,1000
ct-llm,reverse,substance,6,0.5324702394116898,0.8571185427577694,1000
ct-llm,reverse,substance,7,0.6859317497517875,0.8892526732689442,1000
ct-llm,reverse,substance,8,0.7835764402484422,1.0127959425261965,1000
ct-llm,reverse,substance,9,0.583917912714644,0.8847917049317224,1000
falcon3-10b,reverse,death,0,0.17332615871238016,0.43557803249667587,500
falcon3-10b,reverse,death,1,0.1754533685504005,0.2558140249179507,500
falcon3-10b,reverse,death,2,0.2135378219854121,0.3567378823532559,500
falcon3-10b,reverse,death,3,0.5029003848518967,0.911872919975893,500
falcon3-10b,reverse,death,4,0.7093974994441924,1.709622297706739,500
falcon3-10b,reverse,death,5,0.5020253766823238,1.2906541464055252,500
falcon3-10b,reverse,death,6,0.746002857122134,2.569890818190848,500
falcon3-10b,reverse,death,7,0.6331757744293056,1.3717335301704774,500
falcon3-10b,reverse,death,8,0.5502205484863485,1.219408887295613,500
falcon3-10b,reverse,death,9,0.555921419136452,1.007578567118809,500
qwen-tiny,reverse,sexual_explicit,0,0.2587966558075905,0.6341384244013518,500
qwen-tiny,reverse,sexual_explicit,1,0.17573933229613717,0.42332228169312197,500
qwen-tiny,reverse,sexual_explicit,2,0.01290820144875732,0.6932891323292462,500
qwen-tiny,reverse,sexual_explicit,3,0.18627780411381878,0.7668390769110212,500
qwen-tiny,reverse,sexual_explicit,4,0.1124687830130793,0.6501347814038988,500
qwen-tiny,reverse,sexual_explicit,5,0.07092790893597707,0.7314920375092542,500
qwen-tiny,reverse,sexual_explicit,6,1.9908854486374146,5.975430764016997,500
qwen-tiny,reverse,sexual_explicit,7,0.3662469513369732,2.038854080279799,500
qwen-tiny,reverse,sexual_explicit,8,0.326839948229405,1.865717532521195,500
qwen-tiny,reverse,sexual_explicit,9,0.43415234514863477,1.5580443239911062,500
qwen-tiny,forward,power,0,-0.06289247744028935,1.2107242859917968,1000
qwen-tiny,forward,power,1,0.07703309061147948,1.0513756413960944,1000
qwen-tiny,forward,power,2,0.2062567973649963,0.8357398634947284,1000
qwen-tiny,forward,power,3,0.13775235696153817,0.6935569447581323,1000
qwen-tiny,forward,power,4,0.27877261898658506,0.7532624179501463,1000
qwen-tiny,forward,power,5,0.22336222527911592,1.001260542632609,1000
qwen-tiny,forward,power,6,0.19119566461637136,1.2059385092957917,1000
qwen-tiny,forward,power,7,0.22967921200751676,1.107503600635543,1000
qwen-tiny,forward,power,8,0.41312725990541266,1.788896556124388,1000
qwen-tiny,forward,power,9,0.48084539272190413,2.175852610720799,1000
qwen-tiny,forward,power,10,0.38940469575708136,1.771280436780057,804
olmo-hybrid,reverse,profanity,0,0.427887795593579,0.454674970127389,1000
olmo-hybrid,reverse,profanity,1,0.1235934828275627,0.3329792779985432,1000
olmo-hybrid,reverse,profanity,2,0.617477010399698,0.6923503544768033,1000
olmo-hybrid,reverse,profanity,3,0.41255406582367155,0.5411791051927886,1000
olmo-hybrid,reverse,profanity,4,0.4075319576832511,0.5875853633865258,1000
olmo-hybrid,reverse,profanity,5,0.4584783773946684,0.5426314589005108,1000
olmo-hybrid,reverse,profanity,6,0.3251881610598602,0.5484745122102532,1000
olmo-hybrid,reverse,profanity,7,0.5140456185493097,0.7519713159490724,1000
olmo-hybrid,reverse,profanity,8,0.39018776871558203,0.6014356514462416,1000
olmo-hybrid,reverse,profanity,9,0.4115457798514178,0.7866109044844634,1000
archangel-ppo,reverse,profanity,0,0.11077022078999826,0.10147814248069145,500
archangel-ppo,reverse,profanity,1,0.217374640499406,0.36310174118190547,500
archangel-ppo,reverse,profanity,2,0.36402894291975724,0.48815628120717164,500
archangel-ppo,reverse,profanity,3,0.17269981240999974,0.4105299430086345,500
archangel-ppo,reverse,profanity,4,0.10612854061275155,0.21981143850148785,500
archangel-ppo,reverse,profanity,5,0.11042092104538573,0.24958102931726414,500
archangel-ppo,reverse,profanity,6,0.15389380056118274,1.0698403287038731,500
archangel-ppo,reverse,profanity,7,0.15795680441729443,1.1050103472356765,500
archangel-ppo,reverse,profanity,8,0.33036615626243365,1.654835829865522,500
archangel-ppo,reverse,profanity,9,0.17652320569284585,0.944815101398124,492
phi4,reverse,violence_liminal,0,0.21547699023224445,0.4288346548386906,500
phi4,reverse,violence_liminal,1,0.0774789314482397,0.4374349771964354,500
phi4,reverse,violence_liminal,2,0.034819127518190225,0.2777646393686383,500
phi4,reverse,violence_liminal,3,-0.027680593411324624,0.40869861915953853,500
phi4,reverse,violence_liminal,4,0.07548430109462943,0.41184757382173964,500
phi4,reverse,violence_liminal,5,0.1596825095907202,0.4431017968113178,500
phi4,reverse,violence_liminal,6,-0.039633206125553114,0.48555451718243353,500
phi4,reverse,violence_liminal,7,0.03856748272211955,0.5790008866728901,500
phi4,reverse,violence_liminal,8,0.09544218170685602,0.6196525394588294,500
phi4,reverse,violence_liminal,9,0.20519015575842503,0.8760368982389107,500
falcon3-10b,reverse,power,0,0.3877809664565375,0.4351155123378211,500
falcon3-10b,reverse,power,1,0.15915216006480476,0.19427851391501055,500
falcon3-10b,reverse,power,2,0.3678562426086692,0.6940934591688414,500
falcon3-10b,reverse,power,3,0.6088244843809236,1.7450697695430581,500
falcon3-10b,reverse,power,4,0.6850370257541294,1.6485305960651147,500
falcon3-10b,reverse,power,5,0.883733583918927,2.632438210160177,500
falcon3-10b,reverse,power,6,0.8380425570549846,2.57946325847276,500
falcon3-10b,reverse,power,7,0.9524632537665129,2.3593496747675875,500
falcon3-10b,reverse,power,8,1.0057524898740804,2.7286237111787224,500
falcon3-10b,reverse,power,9,0.8847239326303392,2.310594938373207,500
qwen-tiny,reverse,institutional,0,0.10541329288554327,0.8065756804834933,2400
qwen-tiny,reverse,institutional,1,0.2815058317769788,0.6196046188410733,2400
qwen-tiny,reverse,institutional,2,0.2352959195438109,1.4360787228126564,2400
qwen-tiny,reverse,institutional,3,0.23811235486526802,1.2219618367899128,2400
qwen-tiny,reverse,institutional,4,0.2585791848338667,0.683749740036692,2400
qwen-tiny,reverse,institutional,5,0.22265578751318874,0.49025811794869284,2400
qwen-tiny,reverse,institutional,6,0.23434488751338467,0.937967359138092,2400
qwen-tiny,reverse,institutional,7,0.44002803752595526,2.321585944873583,2400
qwen-tiny,reverse,institutional,8,0.3952281607326444,2.024793516912006,2399
qwen-tiny,reverse,institutional,9,0.30279863039231025,1.4313277506735067,2384
falcon-mamba,reverse,sexual_explicit,0,0.28119433397862637,0.5021668459438279,500
falcon-mamba,reverse,sexual_explicit,1,0.2868387338124395,0.4140787062576275,500
falcon-mamba,reverse,sexual_explicit,2,0.6870242122479081,0.9146566628962111,500
falcon-mamba,reverse,sexual_explicit,3,-0.3427510712407355,2.0215618397747517,500
falcon-mamba,reverse,sexual_explicit,4,-0.5794161596169358,1.8578336579723915,500
falcon-mamba,reverse,sexual_explicit,5,-0.4437359553994572,1.2316323526252249,500
falcon-mamba,reverse,sexual_explicit,6,-0.11024463672799671,1.8420187592372814,500
falcon-mamba,reverse,sexual_explicit,7,-0.005075492662073576,2.551897998616657,498
falcon-mamba,reverse,sexual_explicit,8,0.5960296176126402,2.9075995710886433,493
falcon-mamba,reverse,sexual_explicit,9,-0.09591340838931693,1.355942323843641,466
falcon3-mamba,reverse,sexual_explicit,0,2.2820109128163364,2.0885834816802062,500
falcon3-mamba,reverse,sexual_explicit,1,0.5302007812766621,0.6629500596304778,500
falcon3-mamba,reverse,sexual_explicit,2,1.3927914296275208,1.6682873872504211,500
falcon3-mamba,reverse,sexual_explicit,3,0.6174699982947028,0.9861372072198438,500
falcon3-mamba,reverse,sexual_explicit,4,0.10370683163749282,2.4909063722624967,500
falcon3-mamba,reverse,sexual_explicit,5,0.504678977634326,3.0256495015142915,500
falcon3-mamba,reverse,sexual_explicit,6,1.004088015944947,2.3702414560137623,500
falcon3-mamba,reverse,sexual_explicit,7,-0.9536171496228592,3.896766845881123,499
falcon3-mamba,reverse,sexual_explicit,8,-1.9525474025438652,3.417427644235884,497
falcon3-mamba,reverse,sexual_explicit,9,-2.0279823204980496,3.6142988420545277,496
smol,forward,substance,0,0.024176411661797674,0.9586781785059743,1000
smol,forward,substance,1,0.36253122964006596,6.017983836635942,1000
smol,forward,substance,2,0.12153331394108924,0.5040806123804159,1000
smol,forward,substance,3,0.21446243031646742,0.6150334918654491,1000
smol,forward,substance,4,0.25340218155315264,0.6529707459940116,1000
smol,forward,substance,5,0.4834580901930049,0.9039297208132517,1000
smol,forward,substance,6,0.6671856360590916,1.0651530518443018,1000
smol,forward,substance,7,0.48048476297501336,0.938897744769894,1000
smol,forward,substance,8,0.5769722063172782,1.1258646350494246,1000
smol,forward,substance,9,0.7823822932313513,1.3438314059368366,1000
smol,forward,substance,10,0.7400967381525808,1.630654596936,952
smol3,reverse,death,0,0.3827117646675749,0.4453646970092006,500
smol3,reverse,death,1,0.2631168010950826,0.6708535069933882,500
smol3,reverse,death,2,0.14085545787724824,0.47668540784334,500
smol3,reverse,death,3,0.5917218510661504,0.6578391289459425,500
smol3,reverse,death,4,0.4516032746829517,0.6723931535545371,500
smol3,reverse,death,5,0.26607807803044475,0.6212880922662101,500
smol3,reverse,death,6,0.29930073452500255,0.5618931628390963,500
smol3,reverse,death,7,0.259688315068696,0.6218476721331814,500
smol3,reverse,death,8,0.3020479115598087,0.5884292034188277,500
smol3,reverse,death,9,0.4164874683132912,0.917577671919975,500
falcon3-3b,reverse,profanity,0,0.487485015465808,0.4507234319810025,500
falcon3-3b,reverse,profanity,1,0.20240465505218372,0.4013831962346194,500
falcon3-3b,reverse,profanity,2,1.2386963494699958,1.5785065503236402,500
falcon3-3b,reverse,profanity,3,0.5874039918306891,1.6528275420484286,500
falcon3-3b,reverse,profanity,4,0.7562058205392946,1.5430614666381104,500
falcon3-3b,reverse,profanity,5,0.8655987689586071,2.413799460199335,500
falcon3-3b,reverse,profanity,6,0.6004696326805926,1.2427926348993112,500
falcon3-3b,reverse,profanity,7,0.6526114242675637,1.2894316552878253,500
falcon3-3b,reverse,profanity,8,0.8718253385998033,1.715126527842823,500
falcon3-3b,reverse,profanity,9,0.7789233006891549,1.6119198543727526,500
ct-llm,reverse,power,0,0.3598699171037458,0.40692202866613136,1000
ct-llm,reverse,power,1,0.3868024761205651,0.5556403753220996,1000
ct-llm,reverse,power,2,0.5987544909668172,0.8006751940823761,1000
ct-llm,reverse,power,3,0.35001708020318484,0.47004157587486534,1000
ct-llm,reverse,power,4,0.8654216597285213,1.298265223994783,1000
ct-llm,reverse,power,5,0.6821950120233992,0.8389391941905805,1000
ct-llm,reverse,power,6,0.4148899852827829,0.5654636287537242,1000
ct-llm,reverse,power,7,0.6431831406543482,1.0472747913215261,1000
ct-llm,reverse,power,8,0.6860801656844645,1.115474356826889,1000
ct-llm,reverse,power,9,0.5691112580169133,0.9084771709746774,1000
archangel-kto,reverse,institutional,0,0.11336598908718466,0.22340601130825716,2400
archangel-kto,reverse,institutional,1,0.1831998783435798,0.23622501918323435,2400
archangel-kto,reverse,institutional,2,0.11261923300623167,0.1526055956636513,2400
archangel-kto,reverse,institutional,3,0.1519039125804184,0.23189578176916678,2400
archangel-kto,reverse,institutional,4,0.09528481341408981,0.15688687169425414,2400
archangel-kto,reverse,institutional,5,0.08962787494609058,0.15618053942049365,2400
archangel-kto,reverse,institutional,6,0.08448909289773177,0.17625257106902087,2400
archangel-kto,reverse,institutional,7,0.07626826500312665,0.19246982607650176,2400
archangel-kto,reverse,institutional,8,0.5019674262259545,1.789641143482998,2400
archangel-kto,reverse,institutional,9,0.079230008897704,0.22852537021261832,2272
olmo-tiny,forward,sexual_liminal,0,-0.14637587441560967,1.6944938293191687,8000
olmo-tiny,forward,sexual_liminal,1,0.5397293721607178,1.8558745463239008,8000
olmo-tiny,forward,sexual_liminal,2,0.2350303340015426,0.9531081857920809,8000
olmo-tiny,forward,sexual_liminal,3,0.5448505231673973,1.1935147811307993,8000
olmo-tiny,forward,sexual_liminal,4,0.578445714151837,1.5070328858641238,8000
olmo-tiny,forward,sexual_liminal,5,0.31518507053769684,0.9757062663186242,8000
olmo-tiny,forward,sexual_liminal,6,0.2744411704147185,0.8249157313962294,8000
olmo-tiny,forward,sexual_liminal,7,0.3245922783735939,0.8401325937673269,8000
olmo-tiny,forward,sexual_liminal,8,0.34633019482223315,1.021296673566129,8000
olmo-tiny,forward,sexual_liminal,9,0.2763322720946777,0.9178604416228764,7998
olmo-tiny,forward,sexual_liminal,10,0.3238611616993582,1.0163638932576617,7991
smol3,reverse,sexual_liminal,0,1.0247370521393262,0.7627884709158792,700
smol3,reverse,sexual_liminal,1,0.23767831372085027,0.4642226273107283,700
smol3,reverse,sexual_liminal,2,0.4046133016091137,0.6307218662128458,700
smol3,reverse,sexual_liminal,3,0.2249889945593998,0.43998622080440797,700
smol3,reverse,sexual_liminal,4,0.23992674283784288,0.4734246406270711,700
smol3,reverse,sexual_liminal,5,0.24359862671850802,0.5677903114548444,700
smol3,reverse,sexual_liminal,6,0.5305173995659025,0.7726932098727857,700
smol3,reverse,sexual_liminal,7,0.3499595364493573,0.5888839980246995,700
smol3,reverse,sexual_liminal,8,0.3118580111869567,0.8025268399801464,700
smol3,reverse,sexual_liminal,9,0.3966687607584284,0.9020759968888556,700
redpajama,reverse,violence_liminal,0,1.5479713026259263,1.9911281578669255,1000
redpajama,reverse,violence_liminal,1,0.5379273499366856,1.1080324194800193,1000
redpajama,reverse,violence_liminal,2,0.8966385914654238,1.4614471335188401,1000
redpajama,reverse,violence_liminal,3,0.9932010250231458,1.4169772801556262,1000
redpajama,reverse,violence_liminal,4,1.8450012519180754,3.6991850065829155,1000
redpajama,reverse,violence_liminal,5,1.8864143203764814,3.8402255616898504,1000
redpajama,reverse,violence_liminal,6,1.9218731017660897,3.0506270506965825,1000
redpajama,reverse,violence_liminal,7,3.152143497593782,4.115965122246638,999
redpajama,reverse,violence_liminal,8,4.0381884782816515,5.127860444390708,999
redpajama,reverse,violence_liminal,9,3.223740919394511,4.225294423912313,981
yi,forward,institutional,10,0.16091084571662587,0.6740792539237737,304
archangel-kto,reverse,death,0,0.1089427088123175,0.13354324419396352,500
archangel-kto,reverse,death,1,0.03229123641320122,0.12337337381312088,500
archangel-kto,reverse,death,2,0.06981903784421707,0.2572498538006749,500
archangel-kto,reverse,death,3,0.11221204290144246,0.1752577261146203,500
archangel-kto,reverse,death,4,0.0746600335466063,0.168573898064005,500
archangel-kto,reverse,death,5,0.103690706018843,0.13274191989535186,500
archangel-kto,reverse,death,6,0.07820311956456052,0.14023068838131986,500
archangel-kto,reverse,death,7,0.047418710339112734,0.21489313617802266,500
archangel-kto,reverse,death,8,0.27927956552978755,1.2866952997780112,500
archangel-kto,reverse,death,9,0.09387737524487755,0.2845106961964056,487
falcon3-3b,reverse,violence_liminal,0,0.3982447388312137,0.6247885949174319,500
falcon3-3b,reverse,violence_liminal,1,0.24408933536675978,0.3075484644736979,500
falcon3-3b,reverse,violence_liminal,2,0.43921910220737864,0.7003191190816198,500
falcon3-3b,reverse,violence_liminal,3,0.7524672061611427,1.2547837664536887,500
falcon3-3b,reverse,violence_liminal,4,0.7166756732262392,1.5984194641268419,500
falcon3-3b,reverse,violence_liminal,5,1.0180759605274303,2.0580113592541722,500
falcon3-3b,reverse,violence_liminal,6,0.9618057679957744,2.471079844174109,500
falcon3-3b,reverse,violence_liminal,7,1.4750261079321345,2.1044472107439685,500
falcon3-3b,reverse,violence_liminal,8,1.0328713247979866,1.833196259914797,500
falcon3-3b,reverse,violence_liminal,9,1.3609080548898205,2.2141266601698324,500
olmo-tiny,forward,power,0,-0.12195512061906018,1.0761076400577732,6000
olmo-tiny,forward,power,1,-0.01550295369257331,1.0702430379792893,6000
olmo-tiny,forward,power,2,0.18897644404344763,0.9071510816925801,6000
olmo-tiny,forward,power,3,0.25083619658476203,0.8484484142830181,6000
olmo-tiny,forward,power,4,0.2493132988705397,0.9943906765650073,6000
olmo-tiny,forward,power,5,0.2503886276532193,1.0200562485853721,6000
olmo-tiny,forward,power,6,0.2414777712066547,0.8353650548601118,6000
olmo-tiny,forward,power,7,0.17789660246233233,0.7285640366747776,6000
olmo-tiny,forward,power,8,0.17471200563585243,0.7845669187785758,6000
olmo-tiny,forward,power,9,0.3068048253382766,0.9988727217365866,5996
olmo-tiny,forward,power,10,0.3280554623287865,1.1004000917577361,4877
falcon-mamba,reverse,violence_liminal,0,1.056612099021172,0.5281854198330439,500
falcon-mamba,reverse,violence_liminal,1,0.16137181039863902,0.41893686263716573,500
falcon-mamba,reverse,violence_liminal,2,-0.08339887014459428,0.9214756970391881,500
falcon-mamba,reverse,violence_liminal,3,0.43764000481788845,1.5011919076165121,500
falcon-mamba,reverse,violence_liminal,4,-0.11484510601400494,1.8508229914807712,500
falcon-mamba,reverse,violence_liminal,5,-0.024658846603135345,2.601367158400274,500
falcon-mamba,reverse,violence_liminal,6,0.24749096036438242,2.5255492894932714,500
falcon-mamba,reverse,violence_liminal,7,0.9704221032628072,3.699867291291002,499
falcon-mamba,reverse,violence_liminal,8,0.19004082977908884,2.893020311395738,495
falcon-mamba,reverse,violence_liminal,9,0.07779740643888458,3.445805842252649,477
falcon3-7b,reverse,profanity,0,0.34753710487759654,0.3515108319103581,500
falcon3-7b,reverse,profanity,1,0.27795759172749357,0.45233992808121,500
falcon3-7b,reverse,profanity,2,0.5154101263156705,0.6788184245728794,500
falcon3-7b,reverse,profanity,3,0.5526876800205023,0.7057557315040727,500
falcon3-7b,reverse,profanity,4,0.4801026433180023,0.4743841639239929,500
falcon3-7b,reverse,profanity,5,0.35321161891734515,0.49248947973430823,500
falcon3-7b,reverse,profanity,6,0.4425827865967331,0.5818417106127943,500
falcon3-7b,reverse,profanity,7,0.429507415001313,0.6901431336143709,500
falcon3-7b,reverse,profanity,8,0.5030221302152462,0.9336537167277202,500
falcon3-7b,reverse,profanity,9,0.9167992382170126,1.9079612120242915,500
falcon-7b-legacy,forward,sexual_liminal,0,0.0,0.8579405686839496,1400
falcon-7b-legacy,forward,sexual_liminal,1,0.27494128872718804,3.209789915536312,1400
falcon-7b-legacy,forward,sexual_liminal,2,0.1761467392680279,0.503232432549726,1400
falcon-7b-legacy,forward,sexual_liminal,3,0.38010803382441494,1.0217260744412002,1400
falcon-7b-legacy,forward,sexual_liminal,4,0.340954468329399,0.9591088828986433,1400
falcon-7b-legacy,forward,sexual_liminal,5,0.34448047536633875,0.9103387441556445,1400
falcon-7b-legacy,forward,sexual_liminal,6,0.3457489622610695,1.0305328678025565,1400
falcon-7b-legacy,forward,sexual_liminal,7,0.41145138890435046,1.0578533439079325,1400
falcon-7b-legacy,forward,sexual_liminal,8,0.4108060822643092,1.214234898957508,1400
falcon-7b-legacy,forward,sexual_liminal,9,0.3801989738422124,1.2696102036015415,1400
falcon-7b-legacy,forward,sexual_liminal,10,0.3966274400845851,1.2119325026070253,1400
minicpm,reverse,sexual_explicit,0,5.542376122305655,3.1400829256902134,1000
minicpm,reverse,sexual_explicit,1,1.6009535327676272,1.75185193163016,1000
minicpm,reverse,sexual_explicit,2,0.9281611033497831,1.2525381064128371,1000
minicpm,reverse,sexual_explicit,3,3.3817505785194135,2.556468438258783,1000
minicpm,reverse,sexual_explicit,4,2.1921663325821066,3.023185029497344,1000
minicpm,reverse,sexual_explicit,5,6.222022763514137,4.796751782459238,1000
minicpm,reverse,sexual_explicit,6,2.818856254221373,3.587883744524476,1000
minicpm,reverse,sexual_explicit,7,3.2970228694689223,4.472609098084353,1000
minicpm,reverse,sexual_explicit,8,2.1178374678822696,3.3622955905551097,1000
minicpm,reverse,sexual_explicit,9,1.851473005590266,3.4157865642923,1000
olmo,forward,violence_explicit,11,-1.388774981149859,1.7378476413185946,3
rwkv,reverse,profanity,0,1.591164620794643,4.7504832548743,500
rwkv,reverse,profanity,1,0.15820163603268536,4.362899022942083,500
rwkv,reverse,profanity,2,-0.3471180454773178,3.14010125940111,487
rwkv,reverse,profanity,3,-0.2800670340290332,2.22010437043489,456
rwkv,reverse,profanity,4,-0.017714819358594876,1.8561535628367596,439
rwkv,reverse,profanity,5,-0.09083849649756727,1.2957453661300358,424
rwkv,reverse,profanity,6,-0.051811154093722146,0.7841612083610441,418
rwkv,reverse,profanity,7,-0.08045577164665653,0.6329952294726728,416
rwkv,reverse,profanity,8,0.05389464092826213,0.9678600245781012,416
rwkv,reverse,profanity,9,0.2533328887847468,1.5724369759305505,400
minicpm,reverse,death,0,1.2265057670838573,0.9967696302396367,1000
minicpm,reverse,death,1,1.6441495061209084,1.3147794296513893,1000
minicpm,reverse,death,2,0.7502487152689007,1.1091011853541928,1000
minicpm,reverse,death,3,1.0220710069442607,2.177173765875941,1000
minicpm,reverse,death,4,1.3848653002137397,2.0072790017671,1000
minicpm,reverse,death,5,1.944303473510227,2.75435414367209,1000
minicpm,reverse,death,6,1.8882803559613126,2.714499296830365,1000
minicpm,reverse,death,7,1.5175835435321623,2.647414078271262,1000
minicpm,reverse,death,8,1.3315644274802438,2.141311149309298,1000
minicpm,reverse,death,9,1.2770658958943353,2.126049900970325,1000
falcon3-mamba,reverse,violence_liminal,0,1.737157332360282,1.2836075720408118,500
falcon3-mamba,reverse,violence_liminal,1,0.6449721974932584,0.6092675143925038,500
falcon3-mamba,reverse,violence_liminal,2,0.5130678697596188,2.3480398298535174,500
falcon3-mamba,reverse,violence_liminal,3,0.539818548335493,2.2441467818132135,500
falcon3-mamba,reverse,violence_liminal,4,-0.12471471042054617,2.4945562951879885,500
falcon3-mamba,reverse,violence_liminal,5,-0.45403941652889396,2.1314316031881004,500
falcon3-mamba,reverse,violence_liminal,6,-0.11054558316253119,2.072363228162482,500
falcon3-mamba,reverse,violence_liminal,7,-0.8492206995769045,3.169593884100339,500
falcon3-mamba,reverse,violence_liminal,8,-0.7576481025720426,3.046255054365527,497
falcon3-mamba,reverse,violence_liminal,9,-1.1403799035437892,2.67545511306059,490
tulu-sft-nomath,reverse,substance,0,0.49269025502120245,0.6326838012306059,500
tulu-sft-nomath,reverse,substance,1,0.08422895546182306,0.2127562341147642,500
tulu-sft-nomath,reverse,substance,2,0.19383521294564524,0.3747302657660501,500
tulu-sft-nomath,reverse,substance,3,0.1639772221314886,0.4160330555355009,500
tulu-sft-nomath,reverse,substance,4,0.2454248923931397,0.4478641175833421,500
tulu-sft-nomath,reverse,substance,5,0.17959573452001112,0.4415246650335625,500
tulu-sft-nomath,reverse,substance,6,0.17872133630972808,0.3350276308292825,500
tulu-sft-nomath,reverse,substance,7,0.17183437783618835,0.38985181318797135,500
tulu-sft-nomath,reverse,substance,8,0.18716429608040885,0.5075921455666045,500
tulu-sft-nomath,reverse,substance,9,0.21426326477850546,0.48825931932136235,500
tinyllama,reverse,substance,0,13.483671211645607,5.461593070390577,500
tinyllama,reverse,substance,1,3.855412797859409,5.19292554808191,500
tinyllama,reverse,substance,2,9.1149060723279,5.999200542601579,500
tinyllama,reverse,substance,3,5.339341925681169,5.596021248760267,500
tinyllama,reverse,substance,4,5.234102707028533,4.093624259510456,500
tinyllama,reverse,substance,5,5.0340998878791545,4.324602467182833,500
tinyllama,reverse,substance,6,5.048297792914849,4.473399109201592,500
tinyllama,reverse,substance,7,3.7614274239640975,4.636164877042292,500
tinyllama,reverse,substance,8,4.012450970595184,4.727859768573363,498
tinyllama,reverse,substance,9,3.085337055049172,4.465329400127687,432
map-neo,reverse,sexual_liminal,0,12.59482837273882,5.8358659956684225,1399
map-neo,reverse,sexual_liminal,1,4.988900252243859,5.158973061465043,1395
map-neo,reverse,sexual_liminal,2,4.160115925499491,5.013097223049922,1392
map-neo,reverse,sexual_liminal,3,3.6578850348742336,5.83064009077746,1389
map-neo,reverse,sexual_liminal,4,4.151095014047395,4.674132765010114,1388
map-neo,reverse,sexual_liminal,5,4.608214498318726,5.0969573665173495,1388
map-neo,reverse,sexual_liminal,6,3.8245677348861244,4.362170321433378,1388
map-neo,reverse,sexual_liminal,7,2.3892920474647434,3.248906307591045,1388
map-neo,reverse,sexual_liminal,8,2.379993255786966,3.7800918701586035,1381
map-neo,reverse,sexual_liminal,9,1.864165647961104,3.942052242721799,1218
tulu-sft-nopersona,reverse,profanity,0,0.2282101851212307,0.39505884720307927,500
tulu-sft-nopersona,reverse,profanity,1,0.2158155353223189,0.403879530532706,500
tulu-sft-nopersona,reverse,profanity,2,0.27393206151927757,0.45883582954931784,500
tulu-sft-nopersona,reverse,profanity,3,0.23715260516086203,0.3958703025325455,500
tulu-sft-nopersona,reverse,profanity,4,0.1820633615019141,0.341478000835137,500
tulu-sft-nopersona,reverse,profanity,5,0.2297538380052597,0.3778864778847659,500
tulu-sft-nopersona,reverse,profanity,6,0.19405851120417172,0.4109863739084938,500
tulu-sft-nopersona,reverse,profanity,7,0.21839234175800276,0.4050567901356962,500
tulu-sft-nopersona,reverse,profanity,8,0.21033411454016038,0.47609015097462315,500
tulu-sft-nopersona,reverse,profanity,9,0.2358849281855895,0.6846054642293619,500
falcon-7b-legacy,forward,profanity,0,-0.00730822320723486,0.5354716780768654,1000
falcon-7b-legacy,forward,profanity,1,0.164290485932617,1.6731416933942167,1000
falcon-7b-legacy,forward,profanity,2,0.11496671295518626,1.0948803948050434,1000
falcon-7b-legacy,forward,profanity,3,0.343134759065396,0.7664905397050009,1000
falcon-7b-legacy,forward,profanity,4,0.4419153330350581,0.909769362307844,1000
falcon-7b-legacy,forward,profanity,5,0.40248632555507535,0.8906980082482013,1000
falcon-7b-legacy,forward,profanity,6,0.3175183561342462,0.8890204808788967,1000
falcon-7b-legacy,forward,profanity,7,0.5590454651607611,1.3089590177526482,1000
falcon-7b-legacy,forward,profanity,8,0.5021278432220032,1.1943665718029377,1000
falcon-7b-legacy,forward,profanity,9,0.38999371666787364,0.9924698221126697,1000
falcon-7b-legacy,forward,profanity,10,0.5230773260684578,1.3412208199203477,951
olmo-think,reverse,substance,0,1.3130538901932882,1.7859258555958133,1000
olmo-think,reverse,substance,1,0.2913390468115316,0.6358017925859818,1000
olmo-think,reverse,substance,2,0.6264851623673273,1.504999890945483,1000
olmo-think,reverse,substance,3,0.6923042626327972,1.0899199340589099,1000
olmo-think,reverse,substance,4,0.49563906917624784,0.9573257130225223,1000
olmo-think,reverse,substance,5,0.658769437748216,1.2464038303623781,1000
olmo-think,reverse,substance,6,0.7337437504457526,2.8165577249897655,1000
olmo-think,reverse,substance,7,0.547266997541174,1.0557259492209763,1000
olmo-think,reverse,substance,8,0.49170380455608675,1.2329527172470116,1000
olmo-think,reverse,substance,9,0.7663787616560926,2.2327891173303884,1000
tulu-sft-nowildchat,reverse,substance,0,0.7989802151521148,0.441778442344318,500
tulu-sft-nowildchat,reverse,substance,1,0.11426700143767332,0.27827829028936363,500
tulu-sft-nowildchat,reverse,substance,2,0.257306649779379,0.46572889393116484,500
tulu-sft-nowildchat,reverse,substance,3,0.12537436434400148,0.38470065139800946,500
tulu-sft-nowildchat,reverse,substance,4,0.1889185341699966,0.4347368206543924,500
tulu-sft-nowildchat,reverse,substance,5,0.21054198792814033,0.40317148226955535,500
tulu-sft-nowildchat,reverse,substance,6,0.22330990869531328,0.39764231195993277,500
tulu-sft-nowildchat,reverse,substance,7,0.17552215153774733,0.37268390780291993,500
tulu-sft-nowildchat,reverse,substance,8,0.1323620602758683,0.4883280617223991,500
tulu-sft-nowildchat,reverse,substance,9,0.13168584304512024,0.4349606713268766,500
falcon3-10b,reverse,neutral,0,0.3630179015330303,0.6573410619314222,700
falcon3-10b,reverse,neutral,1,0.6490501463470725,0.7923661656606682,700
falcon3-10b,reverse,neutral,2,0.6509295691995817,0.9506388766621633,700
falcon3-10b,reverse,neutral,3,0.8755043660991327,1.7136205199015815,700
falcon3-10b,reverse,neutral,4,1.033666141488493,2.544217329831057,700
falcon3-10b,reverse,neutral,5,1.1497926856599585,3.028625334394346,700
falcon3-10b,reverse,neutral,6,1.4873032734022036,3.5348093568615697,700
falcon3-10b,reverse,neutral,7,1.0412673127553003,2.689706088501988,700
falcon3-10b,reverse,neutral,8,0.9712840789810328,2.4210720460817923,700
falcon3-10b,reverse,neutral,9,0.7959446167960276,2.018374148309812,700
falcon3-1b,reverse,substance,0,0.6347445973589101,0.4816323210742351,500
falcon3-1b,reverse,substance,1,0.1669660714026366,0.23356833665948837,500
falcon3-1b,reverse,substance,2,0.2645546286360859,0.4645910297410072,500
falcon3-1b,reverse,substance,3,0.39650180654583894,0.6166521788704141,500
falcon3-1b,reverse,substance,4,0.36155294001418237,0.5760018096766777,500
falcon3-1b,reverse,substance,5,0.36706028316511313,0.9383485611047038,500
falcon3-1b,reverse,substance,6,0.4813062918315081,1.256272701274314,500
falcon3-1b,reverse,substance,7,0.5610157680301975,1.3190476872549308,500
falcon3-1b,reverse,substance,8,0.41709272076058723,1.0884285202418416,500
falcon3-1b,reverse,substance,9,0.464400865198955,1.05769463179266,500
pythia,reverse,profanity,0,0.13018752049751373,0.17301983180598718,1000
pythia,reverse,profanity,1,0.16097414703019883,0.2670716259053876,1000
pythia,reverse,profanity,2,0.4100793151597291,0.4734573795159697,1000
pythia,reverse,profanity,3,0.17905117083183547,0.38193178571801034,1000
pythia,reverse,profanity,4,0.12343197204783209,0.2960527373033857,1000
pythia,reverse,profanity,5,0.09665397949282527,0.22899081426961976,1000
pythia,reverse,profanity,6,0.12748464706041274,0.18861116920375104,1000
pythia,reverse,profanity,7,0.1027922670196648,0.18297519106148544,1000
pythia,reverse,profanity,8,0.25199979957144897,1.049059673360979,1000
pythia,reverse,profanity,9,0.11436339968700317,0.22056399989679926,983
qwen3,forward,death,0,-0.04787944500578692,6.072806853937594,1000
qwen3,forward,death,1,1.0084323623637073,1.870399679502832,1000
qwen3,forward,death,2,0.4498928527733298,1.2259213059052023,1000
qwen3,forward,death,3,0.5957864947320661,1.4106885579603787,1000
qwen3,forward,death,4,0.5238802975735878,1.3138545647248119,1000
qwen3,forward,death,5,0.8747338054302498,1.8273975955904949,1000
qwen3,forward,death,6,0.44721314679557106,1.2761458223598185,1000
qwen3,forward,death,7,0.5066117921695789,1.2569529336065641,1000
qwen3,forward,death,8,0.6156310043753519,1.59465764903537,1000
qwen3,forward,death,9,0.7000103766773007,1.9787800907336968,1000
qwen3,forward,death,10,0.8453602499384812,2.3582907510847373,964
tulu-sft-full,reverse,power,0,0.31107491362968304,0.5337134774840068,500
tulu-sft-full,reverse,power,1,0.1681802963390959,0.26589451824573235,500
tulu-sft-full,reverse,power,2,0.10372928195565703,0.39057865126825336,500
tulu-sft-full,reverse,power,3,0.28034439992423565,0.5533093678148773,500
tulu-sft-full,reverse,power,4,0.3741538824909559,0.6358956113942925,500
tulu-sft-full,reverse,power,5,0.20284971110162922,0.4088192597194206,500
tulu-sft-full,reverse,power,6,0.17114946339510892,0.42419206895475375,500
tulu-sft-full,reverse,power,7,0.1697563028124463,0.40624245974112094,500
tulu-sft-full,reverse,power,8,0.18507789810799063,0.3628201542093413,500
tulu-sft-full,reverse,power,9,0.25917569678077834,0.5590896928210349,500
zephyr,reverse,sexual_liminal,0,17.691874422850535,2.212344214760022,1400
zephyr,reverse,sexual_liminal,1,4.019382442308783,6.742287029928325,1400
zephyr,reverse,sexual_liminal,2,4.712717312035278,5.043264938317547,1400
zephyr,reverse,sexual_liminal,3,5.6621038712031115,5.37339852059392,1400
zephyr,reverse,sexual_liminal,4,2.5317493243665603,4.4970576565789875,1400
zephyr,reverse,sexual_liminal,5,2.6154547280042717,4.793880182779266,1400
zephyr,reverse,sexual_liminal,6,2.2110160468524946,3.90132470886112,1400
zephyr,reverse,sexual_liminal,7,2.439591656771422,3.4588724983916426,1400
zephyr,reverse,sexual_liminal,8,1.8413096278271421,3.3840829292017345,1400
zephyr,reverse,sexual_liminal,9,1.3985779116336203,3.2083180143004086,1387
smol3,reverse,sexual_explicit,0,0.22052098383750035,0.27725329947112104,500
smol3,reverse,sexual_explicit,1,0.1753084823942094,0.4379429100157383,500
smol3,reverse,sexual_explicit,2,0.6782749693908781,1.462171738584522,500
smol3,reverse,sexual_explicit,3,0.3082893640562481,0.5810177260808109,500
smol3,reverse,sexual_explicit,4,0.4107402696569795,0.6797676798661596,500
smol3,reverse,sexual_explicit,5,0.9982556694964253,2.128833024847779,500
smol3,reverse,sexual_explicit,6,0.6748994226130437,1.551934843796912,500
smol3,reverse,sexual_explicit,7,0.47112627233905857,1.1727905556049167,500
smol3,reverse,sexual_explicit,8,0.5534595511021935,1.8841900600874546,500
smol3,reverse,sexual_explicit,9,0.48345678649829404,1.576351047053489,500
zephyr,reverse,substance,0,16.602092941120844,4.5645726287466255,1000
zephyr,reverse,substance,1,2.5289634542420534,5.551017346022762,1000
zephyr,reverse,substance,2,5.5559321802310615,5.487876392593015,1000
zephyr,reverse,substance,3,6.149063637429562,5.510599052266346,1000
zephyr,reverse,substance,4,2.5225795885698137,3.8179931696830316,1000
zephyr,reverse,substance,5,2.5672150559753018,3.7022396443806915,1000
zephyr,reverse,substance,6,2.243588577462779,3.290593490707052,1000
zephyr,reverse,substance,7,1.6016876014191057,3.158023227106886,1000
zephyr,reverse,substance,8,1.7196785194409767,3.1054606192008904,1000
zephyr,reverse,substance,9,1.4341310929295235,3.120110690164596,997
falcon3-3b,reverse,violence_explicit,0,0.5477028420250665,0.668111524800577,500
falcon3-3b,reverse,violence_explicit,1,0.27777247736616867,0.3670987888055784,500
falcon3-3b,reverse,violence_explicit,2,0.3634199910910449,0.4196186840951849,500
falcon3-3b,reverse,violence_explicit,3,1.3915728732083985,1.8216384212469072,500
falcon3-3b,reverse,violence_explicit,4,2.355506205602498,3.8335281485825115,500
falcon3-3b,reverse,violence_explicit,5,2.731710741941364,2.9092058737061177,500
falcon3-3b,reverse,violence_explicit,6,3.9602662201610745,5.623030037112708,500
falcon3-3b,reverse,violence_explicit,7,1.9000412821233468,2.916053682879634,500
falcon3-3b,reverse,violence_explicit,8,2.5333916341744827,3.20023582150232,500
falcon3-3b,reverse,violence_explicit,9,2.1024787998911596,3.0036488000087056,500
qwen-tiny,forward,violence_explicit,0,-0.0002930473898724273,0.7437404678159987,1000
qwen-tiny,forward,violence_explicit,1,0.09163694448287554,2.1000011933395273,1000
qwen-tiny,forward,violence_explicit,2,0.04848249534868106,0.6531319039608019,1000
qwen-tiny,forward,violence_explicit,3,0.15205133998621637,0.9643742692979287,1000
qwen-tiny,forward,violence_explicit,4,0.015398846568830756,0.6343496342524028,1000
qwen-tiny,forward,violence_explicit,5,0.050987844284383826,0.8157313527519697,1000
qwen-tiny,forward,violence_explicit,6,0.14132892022270707,0.6929116559960495,1000
qwen-tiny,forward,violence_explicit,7,1.031454032306434,4.272660475293193,1000
qwen-tiny,forward,violence_explicit,8,0.5419345289218194,2.771025129039761,1000
qwen-tiny,forward,violence_explicit,9,0.3696395470384712,2.0711773996463037,1000
qwen-tiny,forward,violence_explicit,10,0.5367030356425084,2.613324130939502,998
archangel-slic,reverse,violence_explicit,0,0.13201328278229305,0.1493111957809658,500
archangel-slic,reverse,violence_explicit,1,0.06488806228312174,0.08442157157318585,500
archangel-slic,reverse,violence_explicit,2,0.07775151586106235,0.17658406800912968,500
archangel-slic,reverse,violence_explicit,3,0.10071769218393917,0.13516252030076725,500
archangel-slic,reverse,violence_explicit,4,0.0620735878421932,0.13002125128209072,500
archangel-slic,reverse,violence_explicit,5,0.07762556056616869,0.19485533087933654,500
archangel-slic,reverse,violence_explicit,6,0.012833765055436017,0.15879970893174797,500
archangel-slic,reverse,violence_explicit,7,-0.04367181804334217,0.27480609903639475,500
archangel-slic,reverse,violence_explicit,8,0.4985457146355076,1.8017949323059816,500
archangel-slic,reverse,violence_explicit,9,0.06650658353845804,0.21278366852618558,466
smol,reverse,sexual_explicit,0,0.8640328714916528,1.0724910805468846,500
smol,reverse,sexual_explicit,1,0.5533163675074795,0.753002069633577,500
smol,reverse,sexual_explicit,2,0.6046507933991959,0.898357210233723,500
smol,reverse,sexual_explicit,3,0.6644585975626387,0.8663470293003026,500
smol,reverse,sexual_explicit,4,0.4770389317927397,0.7638026782879931,500
smol,reverse,sexual_explicit,5,0.4616467975872995,1.1108876362127205,500
smol,reverse,sexual_explicit,6,0.4156004576030363,0.8357526146102976,500
smol,reverse,sexual_explicit,7,0.4199522005060047,0.8431329942521052,500
smol,reverse,sexual_explicit,8,0.448733746083814,1.1253922786281767,500
smol,reverse,sexual_explicit,9,0.47973513274551377,1.1849073370179184,481
map-neo,reverse,violence_explicit,0,15.856515363623352,2.5456004095287663,1000
map-neo,reverse,violence_explicit,1,3.614731924665436,5.579146234527469,1000
map-neo,reverse,violence_explicit,2,4.031411130720498,5.123209673785568,1000
map-neo,reverse,violence_explicit,3,5.387313328991905,4.813238234049699,1000
map-neo,reverse,violence_explicit,4,4.724125148584734,4.5248852314858565,1000
map-neo,reverse,violence_explicit,5,3.003740110440138,3.7639541381692094,1000
map-neo,reverse,violence_explicit,6,2.9186417351175153,4.247153917299491,997
map-neo,reverse,violence_explicit,7,2.875450057596075,3.8465376806969283,995
map-neo,reverse,violence_explicit,8,2.7452251960899487,4.143978832306772,994
map-neo,reverse,violence_explicit,9,2.641484812690393,4.195162620933203,962
archangel-ppo,reverse,violence_explicit,0,0.17882493040636618,0.20822673957190652,500
archangel-ppo,reverse,violence_explicit,1,0.0899547102608613,0.11845512824009947,500
archangel-ppo,reverse,violence_explicit,2,0.0769190850861471,0.17243452709409524,500
archangel-ppo,reverse,violence_explicit,3,0.21516329139202417,1.1018733051072993,500
archangel-ppo,reverse,violence_explicit,4,0.207282894035077,1.0660464374062504,500
archangel-ppo,reverse,violence_explicit,5,0.26503872964234143,1.2857791864743513,500
archangel-ppo,reverse,violence_explicit,6,0.41321069558818796,2.0334626563232696,500
archangel-ppo,reverse,violence_explicit,7,0.36151132662483604,2.055791109646584,500
archangel-ppo,reverse,violence_explicit,8,1.1666914771041497,3.459404825730057,500
archangel-ppo,reverse,violence_explicit,9,0.9962574494869679,3.1029661144018847,477
zephyr,reverse,violence_explicit,0,18.387834632177128,3.7496162621485722,1000
zephyr,reverse,violence_explicit,1,3.8791936862961536,5.960330467356342,1000
zephyr,reverse,violence_explicit,2,4.369702597610896,5.790962085189827,1000
zephyr,reverse,violence_explicit,3,3.157304955346043,4.161459724140032,1000
zephyr,reverse,violence_explicit,4,2.221422655029671,4.004176004769727,1000
zephyr,reverse,violence_explicit,5,2.904789828255941,4.351437728786317,1000
zephyr,reverse,violence_explicit,6,3.370495801413231,3.9112848849934196,1000
zephyr,reverse,violence_explicit,7,2.5141278400896425,3.7405662793756305,1000
zephyr,reverse,violence_explicit,8,2.1265764980241473,3.61799237678518,1000
zephyr,reverse,violence_explicit,9,1.0329625147180672,3.3156507893020772,994
pythia,reverse,power,0,0.18792335671120386,0.2103864313232764,1000
pythia,reverse,power,1,0.07465489854566033,0.2635345107320548,1000
pythia,reverse,power,2,0.1533786960906503,0.20191664608243307,1000
pythia,reverse,power,3,0.12013264331230479,0.2719160925560435,1000
pythia,reverse,power,4,0.10103311598158815,0.1650533574188528,1000
pythia,reverse,power,5,0.0796173042807396,0.21777024554096777,1000
pythia,reverse,power,6,0.083776260524276,0.3146958051931224,1000
pythia,reverse,power,7,0.05945380332575818,0.2295909528230992,1000
pythia,reverse,power,8,0.4828947286835056,1.5653286859002773,1000
pythia,reverse,power,9,0.17980481292720393,0.5125469163320965,947
smol,reverse,death,0,0.9199275817290552,1.297357109662757,500
smol,reverse,death,1,1.0242175050478244,1.3613585590749717,500
smol,reverse,death,2,0.5938289358484752,1.2571593673670052,500
smol,reverse,death,3,0.8222546456080843,1.001717153238775,500
smol,reverse,death,4,1.0777735441689549,1.1606013143363998,500
smol,reverse,death,5,0.9571446335806449,1.2183137934366324,500
smol,reverse,death,6,0.6548830151258794,0.994459159791893,500
smol,reverse,death,7,0.8567844760959229,1.1655330036014744,500
smol,reverse,death,8,0.9950408733680179,1.9868228276152966,500
smol,reverse,death,9,0.6950661035072605,1.0679733404681626,483
falcon3-3b,reverse,sexual_liminal,0,0.7506198307737703,0.6126274812247271,700
falcon3-3b,reverse,sexual_liminal,1,0.23614322345508917,0.4626701516757182,700
falcon3-3b,reverse,sexual_liminal,2,0.8168326478887687,0.6942902524830901,700
falcon3-3b,reverse,sexual_liminal,3,0.9531262904624909,1.0079436085337097,700
falcon3-3b,reverse,sexual_liminal,4,0.62505807874319,1.0273279872923877,700
falcon3-3b,reverse,sexual_liminal,5,0.4822568974979252,1.0216129611464744,700
falcon3-3b,reverse,sexual_liminal,6,0.5896828679324968,1.6817707870549279,700
falcon3-3b,reverse,sexual_liminal,7,0.668258172631512,1.4769556896912674,700
falcon3-3b,reverse,sexual_liminal,8,0.758103679130692,1.5453005769396078,700
falcon3-3b,reverse,sexual_liminal,9,0.7887085290662964,1.5749921325549179,700
qwen3,forward,substance,0,0.0,0.6488681485531854,1000
qwen3,forward,substance,1,0.7874860424828459,1.6500698737307877,1000
qwen3,forward,substance,2,0.19188067040639414,0.7821938901083525,1000
qwen3,forward,substance,3,0.40183793747409036,1.0815063680726007,1000
qwen3,forward,substance,4,0.31954997195845597,1.0915099895647709,1000
qwen3,forward,substance,5,0.543305979682551,1.370554958637802,1000
qwen3,forward,substance,6,0.5199479438355709,1.2142331742523351,1000
qwen3,forward,substance,7,0.7403776825323287,1.8928811772651657,1000
qwen3,forward,substance,8,1.074290063605128,2.4082208097335465,1000
qwen3,forward,substance,9,0.833091894939377,1.9256500369963214,1000
qwen3,forward,substance,10,0.9287190814516564,2.113963701294771,1000
tinyllama,reverse,violence_explicit,0,16.63314815212531,3.4307016538484114,500
tinyllama,reverse,violence_explicit,1,6.687825458211022,6.883295896545091,500
tinyllama,reverse,violence_explicit,2,5.9577497986855175,7.879523699817305,500
tinyllama,reverse,violence_explicit,3,5.4478470173283835,5.551346521999688,500
tinyllama,reverse,violence_explicit,4,2.980391422253421,3.7686430557669213,500
tinyllama,reverse,violence_explicit,5,3.3965307842294807,4.054131505978669,500
tinyllama,reverse,violence_explicit,6,4.199943955179656,4.537157329282433,500
tinyllama,reverse,violence_explicit,7,4.277692080059105,4.054193669413253,500
tinyllama,reverse,violence_explicit,8,4.496334923038822,4.20782898585333,500
tinyllama,reverse,violence_explicit,9,3.8822437208381464,4.266768322654205,395
amber,forward,death,0,0.49115794180256034,1.5107007096829284,3000
amber,forward,death,1,0.4010532066563783,1.0904290895234852,3000
amber,forward,death,2,0.8635822629963177,2.1478125353390927,3000
amber,forward,death,3,0.6858080160781939,1.962505812937409,3000
amber,forward,death,4,0.7065634011358437,1.9500751524113982,3000
amber,forward,death,5,0.8165389271926375,1.9488303691131659,3000
amber,forward,death,6,0.7961103516379074,1.8506401229817713,3000
amber,forward,death,7,0.7297084823831815,2.0363636905107088,3000
amber,forward,death,8,0.823373413848606,2.297795308297429,2996
amber,forward,death,9,1.0526411466260286,2.811284318103483,2988
tulu-sft-nowildchat,reverse,violence_liminal,0,0.5494061752788082,0.39968277816302267,500
tulu-sft-nowildchat,reverse,violence_liminal,1,0.14388648381596225,0.2814119490541303,500
tulu-sft-nowildchat,reverse,violence_liminal,2,0.2605518672544019,0.3847360403741674,500
tulu-sft-nowildchat,reverse,violence_liminal,3,0.27315577637287947,0.4124951375976766,500
tulu-sft-nowildchat,reverse,violence_liminal,4,0.2633333387460943,0.44440873520098656,500
tulu-sft-nowildchat,reverse,violence_liminal,5,0.21207444043118828,0.4572909168921394,500
tulu-sft-nowildchat,reverse,violence_liminal,6,0.3505479840108113,0.7139475322580996,500
tulu-sft-nowildchat,reverse,violence_liminal,7,0.3670771209828916,0.8284511539427081,500
tulu-sft-nowildchat,reverse,violence_liminal,8,0.34144679691532287,0.8343537082199652,500
tulu-sft-nowildchat,reverse,violence_liminal,9,0.3045696852209396,0.7775987733459605,500
falcon3-3b,reverse,sexual_explicit,0,0.9133025790996112,0.9714017177974804,500
falcon3-3b,reverse,sexual_explicit,1,0.22026743450165914,0.5745966691155042,500
falcon3-3b,reverse,sexual_explicit,2,0.44207019710575074,0.521012771571671,500
falcon3-3b,reverse,sexual_explicit,3,0.6107433450677878,0.7538701325008559,500
falcon3-3b,reverse,sexual_explicit,4,0.9568040789806352,2.3884027359783317,500
falcon3-3b,reverse,sexual_explicit,5,0.9899639302503694,2.049127734861962,500
falcon3-3b,reverse,sexual_explicit,6,1.58220717562353,3.9293958326392895,500
falcon3-3b,reverse,sexual_explicit,7,1.16472275261412,2.5682912289003887,500
falcon3-3b,reverse,sexual_explicit,8,1.0835754359091676,2.1173090770068046,500
falcon3-3b,reverse,sexual_explicit,9,1.3047432638187588,2.589155310354486,500
deepseek-7b,reverse,sexual_explicit,0,1.1570432313404662,1.8277638459980616,500
deepseek-7b,reverse,sexual_explicit,1,0.4329375892747871,2.5734406608361438,500
deepseek-7b,reverse,sexual_explicit,2,0.493878106836773,2.165555845534673,500
deepseek-7b,reverse,sexual_explicit,3,1.7112979739556016,2.343757668842467,500
deepseek-7b,reverse,sexual_explicit,4,1.3910040850278969,1.9742235055214508,500
deepseek-7b,reverse,sexual_explicit,5,2.2548749894175826,2.3685170212816464,500
deepseek-7b,reverse,sexual_explicit,6,0.9614733446152854,1.7211104212169979,500
deepseek-7b,reverse,sexual_explicit,7,0.16131099411973743,2.219471080233917,500
deepseek-7b,reverse,sexual_explicit,8,0.13178423727832772,2.8732137372327617,499
deepseek-7b,reverse,sexual_explicit,9,0.5413348633883069,3.5529207723381435,470
qwen,reverse,substance,0,0.8843675081814542,0.9025580567862104,500
qwen,reverse,substance,1,0.15362362462926765,0.38120651743576156,500
qwen,reverse,substance,2,0.42244223285434207,0.5576350698797633,500
qwen,reverse,substance,3,0.5706351066147726,0.8150390416985954,500
qwen,reverse,substance,4,0.6127311407853001,0.780651171440914,500
qwen,reverse,substance,5,0.6728500072241781,0.9523784451544891,500
qwen,reverse,substance,6,0.5885926876960512,1.0478389284008567,500
qwen,reverse,substance,7,0.6101456474143995,1.0049789726805447,500
qwen,reverse,substance,8,0.45027965013812743,0.8661564323077314,500
qwen,reverse,substance,9,0.5378241396878882,1.486973137966023,500
archangel-ppo,reverse,death,0,0.09604755342971305,0.12355834165062232,500
archangel-ppo,reverse,death,1,0.08684858795459936,0.18222536214022178,500
archangel-ppo,reverse,death,2,0.07627252042591336,0.09288157613084973,500
archangel-ppo,reverse,death,3,0.2554766643768114,0.8410872856841258,500
archangel-ppo,reverse,death,4,0.1714484731903794,0.38903876213180905,500
archangel-ppo,reverse,death,5,0.13244335854699363,0.3002916367526918,500
archangel-ppo,reverse,death,6,0.16899803443939734,0.8173629234199536,500
archangel-ppo,reverse,death,7,0.23130270755411286,1.266360343825652,500
archangel-ppo,reverse,death,8,0.44480877780800243,1.9305878497122815,500
archangel-ppo,reverse,death,9,0.47654490549711304,2.1314239589098696,486
zephyr,reverse,violence_liminal,0,18.414586558377604,3.1123057874481934,1000
zephyr,reverse,violence_liminal,1,3.26546887490118,5.952864270583932,1000
zephyr,reverse,violence_liminal,2,4.017173880170813,4.7179465275308585,1000
zephyr,reverse,violence_liminal,3,4.594748738073475,3.934580592925914,1000
zephyr,reverse,violence_liminal,4,3.470549693232614,4.2473991570940175,1000
zephyr,reverse,violence_liminal,5,2.6424582011033393,3.6896428004775643,1000
zephyr,reverse,violence_liminal,6,1.7049537072613412,3.2789076674114424,1000
zephyr,reverse,violence_liminal,7,1.744908303973772,2.8427072970629443,1000
zephyr,reverse,violence_liminal,8,1.500817561676732,2.9168542682230183,1000
zephyr,reverse,violence_liminal,9,1.4841261116027216,3.5146573335768836,986
archangel-kto,reverse,power,0,0.06620752134649076,0.07104794808971832,500
archangel-kto,reverse,power,1,0.08614845352700012,0.1821628361534685,500
archangel-kto,reverse,power,2,0.08482127191549378,0.10178993241859319,500
archangel-kto,reverse,power,3,0.12005185092618796,0.2935458920057614,500
archangel-kto,reverse,power,4,0.08439404174744371,0.14665838161557088,500
archangel-kto,reverse,power,5,0.06438038291851575,0.18594448597932903,500
archangel-kto,reverse,power,6,0.0010233051554380036,0.22794138747898188,500
archangel-kto,reverse,power,7,-0.02549612843656659,0.2518925165624229,500
archangel-kto,reverse,power,8,0.45248980349137435,1.4363001909482083,500
archangel-kto,reverse,power,9,0.09759878479324212,0.28421914643654317,468
olmo-tiny,forward,power,11,0.9269282874113055,1.634346895756287,152
olmo-tiny,forward,power,12,0.2596898634223904,1.4273948835307144,78
deepseek-7b,reverse,violence_explicit,0,2.1633462859618393,4.073249267778685,500
deepseek-7b,reverse,violence_explicit,1,2.0051802130843654,3.12385976925184,500
deepseek-7b,reverse,violence_explicit,2,3.2670033973715125,4.148896793030527,500
deepseek-7b,reverse,violence_explicit,3,2.0187807676004117,2.6301728034413374,500
deepseek-7b,reverse,violence_explicit,4,2.3458804041028323,3.402820893786503,500
deepseek-7b,reverse,violence_explicit,5,1.3060810684152269,2.069342752796022,500
deepseek-7b,reverse,violence_explicit,6,1.1822286567015412,1.9963566611874481,500
deepseek-7b,reverse,violence_explicit,7,1.4782842299988879,3.044942880073038,500
deepseek-7b,reverse,violence_explicit,8,1.0605269494095177,2.321895306988606,497
deepseek-7b,reverse,violence_explicit,9,0.4336602171599298,1.9855737899051766,468
qwen-tiny,forward,sexual_explicit,0,0.0,0.7721733907202568,1000
qwen-tiny,forward,sexual_explicit,1,0.08290424365114847,0.9298687884551554,1000
qwen-tiny,forward,sexual_explicit,2,-0.006290630458308499,0.47775308269483363,1000
qwen-tiny,forward,sexual_explicit,3,0.18594336333557243,0.6338956976385636,1000
qwen-tiny,forward,sexual_explicit,4,0.044822215053364735,1.1228669737120334,1000
qwen-tiny,forward,sexual_explicit,5,0.11446142492690627,0.6556918407390053,1000
qwen-tiny,forward,sexual_explicit,6,0.08654417351075748,0.6170714795126238,1000
qwen-tiny,forward,sexual_explicit,7,0.9586495999330821,3.9614373735872994,1000
qwen-tiny,forward,sexual_explicit,8,0.2530067888619996,1.5041312439291719,1000
qwen-tiny,forward,sexual_explicit,9,0.21412030298022414,1.5193714964227065,1000
qwen-tiny,forward,sexual_explicit,10,0.44803635790796853,1.7982263065701132,1000
tinyllama,reverse,power,0,12.560409890382685,5.01916285630437,500
tinyllama,reverse,power,1,6.197048140084195,4.691829450666459,500
tinyllama,reverse,power,2,4.870518927156554,6.796372332505534,500
tinyllama,reverse,power,3,7.016545034366945,5.556166659615833,500
tinyllama,reverse,power,4,3.582605924600818,4.8869780235650415,500
tinyllama,reverse,power,5,3.3216765891150426,4.282854471551121,500
tinyllama,reverse,power,6,3.656085081098543,3.6413534626255837,500
tinyllama,reverse,power,7,4.228175080402393,4.4457937135466805,500
tinyllama,reverse,power,8,3.0855045928062084,3.7562276831880967,494
tinyllama,reverse,power,9,1.986169775756478,3.808404373467514,465
falcon-mamba,reverse,substance,0,1.0634778887918774,1.198823794397701,500
falcon-mamba,reverse,substance,1,0.5146436270640593,0.6685213727334411,500
falcon-mamba,reverse,substance,2,0.15082575795174652,0.7789043139995829,500
falcon-mamba,reverse,substance,3,0.20587846820486833,0.43447059862059234,500
falcon-mamba,reverse,substance,4,0.4145001532554046,1.5821627772250502,500
falcon-mamba,reverse,substance,5,0.10320807204956946,1.613739084595225,500
falcon-mamba,reverse,substance,6,0.4630587789337456,2.538140225664994,500
falcon-mamba,reverse,substance,7,0.1351143092008674,2.2428891549541548,499
falcon-mamba,reverse,substance,8,0.20522993693106753,2.7704721820371434,498
falcon-mamba,reverse,substance,9,0.22937156641008472,3.117144094271671,485
olmo-think,reverse,sexual_explicit,0,0.8624266299864205,1.8139215055512723,1000
olmo-think,reverse,sexual_explicit,1,0.5522855559046171,1.5728776191684037,1000
olmo-think,reverse,sexual_explicit,2,0.9035072010153339,1.3687711291804208,1000
olmo-think,reverse,sexual_explicit,3,0.8495211288984373,1.4165683224454468,1000
olmo-think,reverse,sexual_explicit,4,0.7433580899481632,1.875433250750914,1000
olmo-think,reverse,sexual_explicit,5,0.7762970888602146,1.7948190157328605,1000
olmo-think,reverse,sexual_explicit,6,0.962326144328146,2.7682054394555906,1000
olmo-think,reverse,sexual_explicit,7,0.5608519652086458,1.4308174999116638,1000
olmo-think,reverse,sexual_explicit,8,0.8434926126265914,2.3984686536369044,1000
olmo-think,reverse,sexual_explicit,9,0.876662683072549,2.3769183462336185,1000
falcon3-mamba,reverse,sexual_liminal,0,1.8523633865943072,1.5108537388868508,700
falcon3-mamba,reverse,sexual_liminal,1,0.7254969361237095,0.7532328986064496,700
falcon3-mamba,reverse,sexual_liminal,2,0.5182932203539472,1.3265013356771125,700
falcon3-mamba,reverse,sexual_liminal,3,0.36616994029246985,1.6624718913412586,700
falcon3-mamba,reverse,sexual_liminal,4,0.09671866036884628,2.322331361245632,700
falcon3-mamba,reverse,sexual_liminal,5,-0.2370955425923152,2.5198051034157136,700
falcon3-mamba,reverse,sexual_liminal,6,-0.5913068632622039,2.9112180736326243,700
falcon3-mamba,reverse,sexual_liminal,7,-0.7019428318585796,2.5790772642893387,700
falcon3-mamba,reverse,sexual_liminal,8,-1.3035203062936855,2.8692180264691967,699
falcon3-mamba,reverse,sexual_liminal,9,-1.155668877646336,2.779588096704699,691
pythia,forward,violence_explicit,11,0.025728716845228566,0.1905978180009971,827
qwen,reverse,violence_liminal,0,0.5485955858805437,0.554249460525998,500
qwen,reverse,violence_liminal,1,0.4281541981570359,0.7144725512098089,500
qwen,reverse,violence_liminal,2,0.3509796487049057,0.5403733328374931,500
qwen,reverse,violence_liminal,3,0.4168469421581124,0.585799983589981,500
qwen,reverse,violence_liminal,4,0.49356619870171325,0.8047647953699738,500
qwen,reverse,violence_liminal,5,0.4324456076880038,0.8980573373331113,500
qwen,reverse,violence_liminal,6,0.35487189272959435,0.7025746367793533,500
qwen,reverse,violence_liminal,7,0.3737629837483199,0.7980169243881033,500
qwen,reverse,violence_liminal,8,0.37671579703675007,0.9330223082268694,500
qwen,reverse,violence_liminal,9,0.5242767180183571,1.0188391532263237,500
pythia,reverse,violence_liminal,0,0.13003804757763687,0.21539745841171104,1000
pythia,reverse,violence_liminal,1,0.04438543209172914,0.12205450327880163,1000
pythia,reverse,violence_liminal,2,0.06867071900550326,0.14181429320533237,1000
pythia,reverse,violence_liminal,3,0.06078761393413879,0.1732678386721053,1000
pythia,reverse,violence_liminal,4,0.08503731231391526,0.13832545591858714,1000
pythia,reverse,violence_liminal,5,0.042536734052129536,0.15135088605119776,1000
pythia,reverse,violence_liminal,6,0.0014206102961242682,0.20439175712069058,1000
pythia,reverse,violence_liminal,7,0.04336173117550224,0.2435326028980512,1000
pythia,reverse,violence_liminal,8,0.3765190818026945,1.5627986101974203,1000
pythia,reverse,violence_liminal,9,0.14424411457991854,0.28003286477417716,966
deepseek-7b,reverse,substance,0,0.06557526084499621,2.7067621476271992,500
deepseek-7b,reverse,substance,1,0.985799980713383,1.7760059779774835,500
deepseek-7b,reverse,substance,2,0.9218374326571386,1.535133349691336,500
deepseek-7b,reverse,substance,3,0.44165439976896487,1.3559051136792648,500
deepseek-7b,reverse,substance,4,0.39221775424889166,1.1101829794042977,500
deepseek-7b,reverse,substance,5,0.44819843352897976,1.012946987543441,500
deepseek-7b,reverse,substance,6,0.6025581461331001,1.3737247438028475,500
deepseek-7b,reverse,substance,7,0.456134645284513,1.464445766641179,500
deepseek-7b,reverse,substance,8,0.5579217450257898,1.6558859268314086,500
deepseek-7b,reverse,substance,9,0.3311648062625948,1.1507744617832874,481
phi4,reverse,death,0,-0.018100900117475706,0.6483167076134766,500
phi4,reverse,death,1,0.18939462172263416,0.4187717963545578,500
phi4,reverse,death,2,0.05591537497461293,0.39461727563260335,500
phi4,reverse,death,3,0.058956512926030234,0.46354737113005506,500
phi4,reverse,death,4,0.16252525364517056,0.4026038757360265,500
phi4,reverse,death,5,0.09475656040518614,0.5355655107006276,500
phi4,reverse,death,6,0.14665831017810682,0.46438473540518305,500
phi4,reverse,death,7,0.10606749335602762,0.5320835389397691,500
phi4,reverse,death,8,0.12103195952588006,0.5850874679938034,500
phi4,reverse,death,9,0.20999994195712327,0.8020033071371189,500
tulu-sft-nomath,reverse,sexual_explicit,0,0.31368330165484837,0.9127748246460431,500
tulu-sft-nomath,reverse,sexual_explicit,1,0.20296581485355097,0.47163667570198853,500
tulu-sft-nomath,reverse,sexual_explicit,2,0.38741900160319254,0.4750981275264831,500
tulu-sft-nomath,reverse,sexual_explicit,3,0.2850377945588038,0.41432129050270095,500
tulu-sft-nomath,reverse,sexual_explicit,4,0.23859681851901918,0.897576139126205,500
tulu-sft-nomath,reverse,sexual_explicit,5,0.33129815027130133,0.48350723601036777,500
tulu-sft-nomath,reverse,sexual_explicit,6,0.25366337166842684,0.4081444046354415,500
tulu-sft-nomath,reverse,sexual_explicit,7,0.3683130463640072,0.9962210391678613,500
tulu-sft-nomath,reverse,sexual_explicit,8,0.1789428019130603,0.42681404402035533,500
tulu-sft-nomath,reverse,sexual_explicit,9,0.24397725292370365,0.5792592217884469,500
falcon3-7b,reverse,violence_liminal,0,0.4647195037172459,0.7500557008377942,500
falcon3-7b,reverse,violence_liminal,1,0.25707675093485055,0.5411931761899638,500
falcon3-7b,reverse,violence_liminal,2,0.3354918877768091,0.3606030229139395,500
falcon3-7b,reverse,violence_liminal,3,0.4413011161580064,0.5662542113461618,500
falcon3-7b,reverse,violence_liminal,4,0.5983754799356922,0.9583458444455087,500
falcon3-7b,reverse,violence_liminal,5,0.2886285787947837,0.5904472593193602,500
falcon3-7b,reverse,violence_liminal,6,0.3117575663067014,0.6567835717687933,500
falcon3-7b,reverse,violence_liminal,7,0.40727460611205923,0.6281834894798816,500
falcon3-7b,reverse,violence_liminal,8,0.4655061217749932,0.993804391846259,500
falcon3-7b,reverse,violence_liminal,9,0.45734610807803844,0.9465511041189586,500
smol,forward,profanity,0,0.051317112527128686,0.6327542332414019,1000
smol,forward,profanity,1,0.7552842458494489,3.8370915183737484,1000
smol,forward,profanity,2,0.2182798554781918,0.6550819163437198,1000
smol,forward,profanity,3,0.2999304584590366,0.8975959123494206,1000
smol,forward,profanity,4,0.22488990576267368,0.5654257563852949,1000
smol,forward,profanity,5,0.2949918034096806,0.6347430696084131,1000
smol,forward,profanity,6,0.2538186636417976,0.6517187366684184,1000
smol,forward,profanity,7,0.19052093018741414,0.6260451610441623,1000
smol,forward,profanity,8,0.2874999533818674,1.1533151217027222,1000
smol,forward,profanity,9,0.30154401245909224,0.9221045778490629,982
smol,forward,profanity,10,0.276674565599789,0.9740155961208793,498
qwen-tiny,reverse,power,0,0.08590617824243305,0.3397445689031147,500
qwen-tiny,reverse,power,1,0.27303785408021236,0.5331626954682294,500
qwen-tiny,reverse,power,2,0.4023432292270103,0.730810972172268,500
qwen-tiny,reverse,power,3,0.4159124865249661,0.7851018282899992,500
qwen-tiny,reverse,power,4,0.14200387645505608,1.0576662417635638,500
qwen-tiny,reverse,power,5,0.30271632907338136,1.89674090888164,500
qwen-tiny,reverse,power,6,0.3663628746768669,1.6600693153025643,500
qwen-tiny,reverse,power,7,0.5494481956559562,2.51659005225097,500
qwen-tiny,reverse,power,8,0.9243989542704577,3.5137012047807974,500
qwen-tiny,reverse,power,9,0.5658685326742022,2.2161972085719897,500
smol,reverse,substance,0,1.3241358765586593,0.8652082932301927,500
smol,reverse,substance,1,0.37591037413529543,0.564671580352758,500
smol,reverse,substance,2,0.5860630011167514,0.6423599310081964,500
smol,reverse,substance,3,0.6414056535402178,0.8431300402241406,500
smol,reverse,substance,4,0.9519561760783075,1.0993638139903603,500
smol,reverse,substance,5,1.0174623241333745,1.319387259219378,500
smol,reverse,substance,6,0.9008212912182502,1.2868331292434187,500
smol,reverse,substance,7,0.8249013311092255,1.2340037973597675,500
smol,reverse,substance,8,0.9792560145694134,1.3878656040849675,500
smol,reverse,substance,9,0.9790699964997054,1.870127009054627,489
smol,reverse,profanity,0,0.20065280230244714,0.6536198550329071,500
smol,reverse,profanity,1,0.41994354599511885,0.4520230178259918,500
smol,reverse,profanity,2,0.43626147237811796,0.6731731175834371,500
smol,reverse,profanity,3,0.1889954036484836,0.5726343029681137,500
smol,reverse,profanity,4,0.38333365022374877,0.8021272974398072,500
smol,reverse,profanity,5,0.40227415369034597,0.5931706114724062,500
smol,reverse,profanity,6,0.323604980578973,0.6629503303438853,500
smol,reverse,profanity,7,0.405286765321968,1.1687215077484514,500
smol,reverse,profanity,8,0.4383696864698725,1.7349007448545664,500
smol,reverse,profanity,9,0.5926296361241751,1.4501650422831651,480
tulu-sft-nowildchat,reverse,power,0,0.3869151724050135,0.6282135435297767,500
tulu-sft-nowildchat,reverse,power,1,0.15610804374878762,0.288500978258131,500
tulu-sft-nowildchat,reverse,power,2,0.13976896668515834,0.47552042260613947,500
tulu-sft-nowildchat,reverse,power,3,0.33020641842741827,0.64911417247924,500
tulu-sft-nowildchat,reverse,power,4,0.2893694844785956,0.4770419273020277,500
tulu-sft-nowildchat,reverse,power,5,0.22532361283315128,0.5498245630512602,500
tulu-sft-nowildchat,reverse,power,6,0.12720722759246766,0.3389810145704807,500
tulu-sft-nowildchat,reverse,power,7,0.21150452216480178,0.47865278234465797,500
tulu-sft-nowildchat,reverse,power,8,0.2238451113701581,0.6701554933675583,500
tulu-sft-nowildchat,reverse,power,9,0.2388284829005775,0.5184126445540778,500
tinyllama,reverse,violence_liminal,0,15.035639439387062,3.1892310700448747,500
tinyllama,reverse,violence_liminal,1,4.95700701202536,5.49870980024551,500
tinyllama,reverse,violence_liminal,2,6.448053415110953,7.378966477102281,500
tinyllama,reverse,violence_liminal,3,6.946317607107585,6.398898008643776,500
tinyllama,reverse,violence_liminal,4,5.805186969463907,5.595317625193218,500
tinyllama,reverse,violence_liminal,5,3.92854610920048,3.9082777900336385,500
tinyllama,reverse,violence_liminal,6,3.5621437671620955,4.50633869542356,500
tinyllama,reverse,violence_liminal,7,3.7341830774298534,4.139394236112013,500
tinyllama,reverse,violence_liminal,8,3.1912236660774935,3.9837918358104507,482
tinyllama,reverse,violence_liminal,9,2.5243712123479773,3.9113709605429974,398
smol3,reverse,substance,0,1.2193792730681272,0.9468186567897487,500
smol3,reverse,substance,1,0.18830267684172836,0.47598450094283673,500
smol3,reverse,substance,2,0.6000970089361402,1.242387842872101,500
smol3,reverse,substance,3,0.39711941553751606,0.5975311404564577,500
smol3,reverse,substance,4,0.7092077144478874,0.9420006794483223,500
smol3,reverse,substance,5,0.6455226056060694,1.0743257984769308,500
smol3,reverse,substance,6,0.5696511343607112,0.7605345377030996,500
smol3,reverse,substance,7,0.5472808576244631,0.8553771393696363,500
smol3,reverse,substance,8,0.5538146428426002,0.9014760538353495,500
smol3,reverse,substance,9,0.5974786689977273,0.9350593384124519,500
redpajama,reverse,death,0,1.1585613449503949,1.6250313530380711,1000
redpajama,reverse,death,1,0.4650204228584473,0.7201314417504123,1000
redpajama,reverse,death,2,0.9608084331068382,1.9257011013314504,1000
redpajama,reverse,death,3,1.271457233268267,1.8098741677384096,1000
redpajama,reverse,death,4,2.3773784807081033,3.909573754833052,1000
redpajama,reverse,death,5,3.403868356395515,5.718436286487414,1000
redpajama,reverse,death,6,2.6489058777670524,3.2417631418874775,1000
redpajama,reverse,death,7,3.567326954283361,4.445511968581211,1000
redpajama,reverse,death,8,3.678511736116918,4.464927412029255,1000
redpajama,reverse,death,9,2.487787497622313,3.5114649951205577,911
smol,forward,sexual_liminal,0,0.0,1.232084194304837,1400
smol,forward,sexual_liminal,1,-0.18747989605743848,4.997937549808474,1400
smol,forward,sexual_liminal,2,0.1797827441755934,0.8388666706230827,1400
smol,forward,sexual_liminal,3,0.36102837116080577,0.7448761626519859,1400
smol,forward,sexual_liminal,4,0.36718591835907965,0.681520982582775,1400
smol,forward,sexual_liminal,5,0.43726425584522033,1.0549621994234664,1400
smol,forward,sexual_liminal,6,0.36935107587180477,0.7608425816495457,1399
smol,forward,sexual_liminal,7,0.381075748212926,0.8702314244906992,1399
smol,forward,sexual_liminal,8,0.3915416349040672,0.9261705162243727,1399
smol,forward,sexual_liminal,9,0.45653646954985705,1.0439560872162201,1399
smol,forward,sexual_liminal,10,0.37995859636441515,1.0776266261427396,1340
archangel-kto,reverse,violence_liminal,0,0.12047873282542201,0.12238982229651386,500
archangel-kto,reverse,violence_liminal,1,0.012570647761018381,0.12393133127956373,500
archangel-kto,reverse,violence_liminal,2,0.033663111070812844,0.15121064544712082,500
archangel-kto,reverse,violence_liminal,3,0.05267206920422289,0.13460943847972034,500
archangel-kto,reverse,violence_liminal,4,0.05407362523371265,0.14981889071324037,500
archangel-kto,reverse,violence_liminal,5,0.025098392587312054,0.12710800248702234,500
archangel-kto,reverse,violence_liminal,6,-0.042237198118894925,0.33659098994867337,500
archangel-kto,reverse,violence_liminal,7,-0.04283781852569317,0.27789011275318254,500
archangel-kto,reverse,violence_liminal,8,0.36102466642244085,1.498792396227188,500
archangel-kto,reverse,violence_liminal,9,0.0767484668843715,0.21546222945220816,479
stablelm,reverse,power,0,0.8074557226444867,0.6326862373204015,1000
stablelm,reverse,power,1,1.0840614690289894,1.004696439641607,1000
stablelm,reverse,power,2,0.835354566207915,0.9924067850278574,1000
stablelm,reverse,power,3,0.6916361822359022,1.2377217302210963,1000
stablelm,reverse,power,4,0.8640724925594662,1.3796721849792268,1000
stablelm,reverse,power,5,0.8174248689420227,1.3667515144817783,1000
stablelm,reverse,power,6,0.9971199044779798,1.6041371485552822,1000
stablelm,reverse,power,7,1.1445270932883351,2.2107187994783613,1000
stablelm,reverse,power,8,1.092973466221783,1.9830698492938685,1000
stablelm,reverse,power,9,1.1232792569847574,2.2598100145278215,1000
qwen-tiny,forward,sexual_liminal,0,2.0301221021717148e-17,0.541609591887916,1400
qwen-tiny,forward,sexual_liminal,1,0.06872525979531227,0.8504671163643953,1400
qwen-tiny,forward,sexual_liminal,2,0.1304898605815786,0.5578188642959528,1400
qwen-tiny,forward,sexual_liminal,3,0.22211984387055264,0.8580273669727871,1400
qwen-tiny,forward,sexual_liminal,4,0.20517708546272623,0.6996366552375846,1400
qwen-tiny,forward,sexual_liminal,5,0.16167407106248197,0.6487244859177101,1400
qwen-tiny,forward,sexual_liminal,6,0.039962342806423086,0.7282117738246865,1400
qwen-tiny,forward,sexual_liminal,7,0.8542738324807224,3.9714804734906095,1400
qwen-tiny,forward,sexual_liminal,8,0.4017292611259382,2.5299273101125173,1400
qwen-tiny,forward,sexual_liminal,9,0.5554100563388459,2.862330248669201,1400
qwen-tiny,forward,sexual_liminal,10,0.4410227533208355,2.099763557085692,1400
tulu-sft-nomath,reverse,violence_liminal,0,0.4721216924636778,0.5501918332691963,500
tulu-sft-nomath,reverse,violence_liminal,1,0.14210291340471526,0.2559412793485939,500
tulu-sft-nomath,reverse,violence_liminal,2,0.2058658738031559,0.32747041386890846,500
tulu-sft-nomath,reverse,violence_liminal,3,0.26043173829396016,0.4123799462924576,500
tulu-sft-nomath,reverse,violence_liminal,4,0.3137108461814106,0.5857965681193636,500
tulu-sft-nomath,reverse,violence_liminal,5,0.24935387066620007,0.44124846911048626,500
tulu-sft-nomath,reverse,violence_liminal,6,0.25854081483711333,0.49172460011381786,500
tulu-sft-nomath,reverse,violence_liminal,7,0.24115813419153315,0.6021866085790778,500
tulu-sft-nomath,reverse,violence_liminal,8,0.15079712595313874,0.4841057621364476,500
tulu-sft-nomath,reverse,violence_liminal,9,0.22537940513637025,0.5712929398509824,500
map-neo,reverse,profanity,0,5.9147690567153735,5.9785195097832755,1000
map-neo,reverse,profanity,1,5.358476565001356,4.683772356862947,1000
map-neo,reverse,profanity,2,4.156330017691381,4.23965272817367,998
map-neo,reverse,profanity,3,3.600438918028701,5.656729017477223,998
map-neo,reverse,profanity,4,4.080810161868443,6.102890901620431,998
map-neo,reverse,profanity,5,5.991210881472734,6.03470251858608,998
map-neo,reverse,profanity,6,2.4634852640876814,3.470145621701279,998
map-neo,reverse,profanity,7,2.3217425294129495,4.030384541341667,991
map-neo,reverse,profanity,8,2.0171684583184546,3.538847728265009,946
map-neo,reverse,profanity,9,1.3496817318880716,2.836485436656694,741
deepseek-7b,reverse,death,0,1.0206280657055022,1.9093934753384991,500
deepseek-7b,reverse,death,1,0.08973690095496488,0.8102735202884201,500
deepseek-7b,reverse,death,2,0.11577384953288708,2.429884727463036,500
deepseek-7b,reverse,death,3,1.089217602048768,2.28566165591355,500
deepseek-7b,reverse,death,4,0.602214663170267,1.3343124904422552,500
deepseek-7b,reverse,death,5,1.0969764728489717,2.44039331374775,500
deepseek-7b,reverse,death,6,0.6250990676230034,1.2768646347249017,500
deepseek-7b,reverse,death,7,0.748761955220534,1.8804804482808553,500
deepseek-7b,reverse,death,8,0.3906973509687564,2.043294980720587,500
deepseek-7b,reverse,death,9,0.29018793596101544,1.9430218718118966,494
glm4,reverse,sexual_explicit,0,0.7112898997441982,0.8508013189678224,500
glm4,reverse,sexual_explicit,1,0.414737995442359,0.4894702220400002,500
glm4,reverse,sexual_explicit,2,0.8093037714375307,1.7791485064820518,500
glm4,reverse,sexual_explicit,3,0.8889459136244632,1.016172946799198,500
glm4,reverse,sexual_explicit,4,0.9257181876558511,3.1734393371186784,500
glm4,reverse,sexual_explicit,5,0.774093499106269,1.9224841676271482,500
glm4,reverse,sexual_explicit,6,0.8433297006021987,2.7540072186438826,500
glm4,reverse,sexual_explicit,7,1.0848277506518418,3.1941260615482516,499
glm4,reverse,sexual_explicit,8,0.5726925276802709,1.1518058246482616,496
glm4,reverse,sexual_explicit,9,0.5586824239597844,1.4378852946492149,483
falcon-mamba,reverse,neutral,0,0.3319100430490666,0.7085616083047546,700
falcon-mamba,reverse,neutral,1,0.8511621319615136,0.9534202799462743,700
falcon-mamba,reverse,neutral,2,0.24010528530886863,1.5131421623164314,700
falcon-mamba,reverse,neutral,3,0.2043009425935383,1.1460666485839568,700
falcon-mamba,reverse,neutral,4,0.5436378578396118,2.928248466811692,700
falcon-mamba,reverse,neutral,5,-0.2495610329300882,1.4095381244275467,700
falcon-mamba,reverse,neutral,6,0.3027109514735388,2.084216830838833,700
falcon-mamba,reverse,neutral,7,-0.11121869314575908,2.7310422013631035,698
falcon-mamba,reverse,neutral,8,0.1633729444789979,3.174221587649516,696
falcon-mamba,reverse,neutral,9,-0.056809980499828806,4.257868750651824,686
falcon3-10b,reverse,profanity,0,0.3564031203079579,0.4822702616766374,500
falcon3-10b,reverse,profanity,1,0.8630346462067237,1.7201692553396806,500
falcon3-10b,reverse,profanity,2,0.32024229458514863,0.7629922575542356,500
falcon3-10b,reverse,profanity,3,0.415728215926361,0.792836815570124,500
falcon3-10b,reverse,profanity,4,0.5247141373520884,1.096539251117398,500
falcon3-10b,reverse,profanity,5,0.5323520845437204,0.9913737994690578,500
falcon3-10b,reverse,profanity,6,0.63462589939155,1.6272937078575533,500
falcon3-10b,reverse,profanity,7,1.042870679464474,2.7765770873070705,500
falcon3-10b,reverse,profanity,8,1.449085386097789,3.689196220293949,500
falcon3-10b,reverse,profanity,9,1.7361157266277232,4.443706173237659,500
redpajama,reverse,sexual_explicit,0,0.874490814129426,1.4359980882221768,1000
redpajama,reverse,sexual_explicit,1,0.618969383715702,1.0154730514790664,1000
redpajama,reverse,sexual_explicit,2,1.1074951842281837,1.4552076663246112,1000
redpajama,reverse,sexual_explicit,3,0.9586194915713895,1.2815072292978862,1000
redpajama,reverse,sexual_explicit,4,0.784941071718612,1.2257724826091267,1000
redpajama,reverse,sexual_explicit,5,1.2277776183340279,2.183107556399705,1000
redpajama,reverse,sexual_explicit,6,1.6541573773190152,3.504490155625596,1000
redpajama,reverse,sexual_explicit,7,2.2060759140525277,4.424541514796516,1000
redpajama,reverse,sexual_explicit,8,2.343251588251401,3.849582244022862,1000
redpajama,reverse,sexual_explicit,9,2.1490778202884866,3.515139574755342,967
qwen3,forward,power,0,0.006706268829354862,1.8852461436226458,1000
qwen3,forward,power,1,0.489075883232632,1.7284286189219062,1000
qwen3,forward,power,2,0.3761373598715639,1.2161827780714796,1000
qwen3,forward,power,3,0.5932489971478238,1.530321665005284,1000
qwen3,forward,power,4,0.6331421141208524,1.4484027356871796,1000
qwen3,forward,power,5,1.2639542982041276,2.6763181397326754,1000
qwen3,forward,power,6,1.389067760191368,2.9055249009755655,1000
qwen3,forward,power,7,1.0622679071005638,2.5219400184745715,1000
qwen3,forward,power,8,1.2487649948055897,2.993825358239529,1000
qwen3,forward,power,9,1.1113145943984346,2.5315831526489108,1000
qwen3,forward,power,10,1.3166263278248034,2.844274543312689,819
falcon3-3b,reverse,power,0,0.3631460472474229,0.5567066319573133,500
falcon3-3b,reverse,power,1,0.3735322308048119,0.642083107121239,500
falcon3-3b,reverse,power,2,0.8322125456117866,1.2115162028093875,500
falcon3-3b,reverse,power,3,0.9532320200006059,2.4216661198434646,500
falcon3-3b,reverse,power,4,1.1572146666044685,2.3648306682535645,500
falcon3-3b,reverse,power,5,1.2739394536429673,3.476407152378642,500
falcon3-3b,reverse,power,6,1.227917988665036,2.6482730478560876,500
falcon3-3b,reverse,power,7,1.3635473232843287,2.4237110434851705,500
falcon3-3b,reverse,power,8,1.1403251904618923,2.0347357335885756,500
falcon3-3b,reverse,power,9,1.654107879804295,2.7434403653167405,500
falcon3-10b,reverse,violence_liminal,0,0.3510741530591881,0.3803923515668115,500
falcon3-10b,reverse,violence_liminal,1,0.18262892471137082,0.35527834197086805,500
falcon3-10b,reverse,violence_liminal,2,0.19100878942311608,0.3415898733837254,500
falcon3-10b,reverse,violence_liminal,3,0.35835041108416354,0.6098156674926487,500
falcon3-10b,reverse,violence_liminal,4,0.532998138372004,1.131284964862016,500
falcon3-10b,reverse,violence_liminal,5,0.5301418579152389,1.6759819791115393,500
falcon3-10b,reverse,violence_liminal,6,0.47958644563962105,1.7608428801833207,500
falcon3-10b,reverse,violence_liminal,7,0.46357312761186875,1.2383316388268348,500
falcon3-10b,reverse,violence_liminal,8,0.4952692758822045,1.3417229966007271,500
falcon3-10b,reverse,violence_liminal,9,0.5785226167549603,1.6073860623043525,500
olmo-tiny,forward,neutral,11,0.3706673667313884,1.3994267552590591,352
olmo-tiny,forward,neutral,12,0.42120198323110747,1.6385668510813818,222
falcon3-7b,reverse,substance,0,0.46141909983298696,0.5115489675689693,500
falcon3-7b,reverse,substance,1,0.1510323842280072,0.16527303499567575,500
falcon3-7b,reverse,substance,2,0.18353480089390314,0.44164880002772317,500
falcon3-7b,reverse,substance,3,0.310357705322207,0.4552542312196724,500
falcon3-7b,reverse,substance,4,0.3415605801933064,0.48217345227594155,500
falcon3-7b,reverse,substance,5,0.15791091119544526,0.42271127420220567,500
falcon3-7b,reverse,substance,6,0.21369894243112528,0.554694614897672,500
falcon3-7b,reverse,substance,7,0.32256227619544586,0.684878157377669,500
falcon3-7b,reverse,substance,8,0.24315534512440104,1.0168215759884531,500
falcon3-7b,reverse,substance,9,0.3599138864158931,1.083188070262584,500
olmo-tiny,forward,death,11,0.8485718540941249,1.9614069209115899,84
olmo-tiny,forward,death,12,0.2523047681001506,1.1479969225196849,24
falcon3-10b,reverse,sexual_explicit,0,0.5199565814535986,0.9388316431614272,500
falcon3-10b,reverse,sexual_explicit,1,0.20076047063312388,0.2903067875914752,500
falcon3-10b,reverse,sexual_explicit,2,0.22205179845550893,0.2683703479722654,500
falcon3-10b,reverse,sexual_explicit,3,0.2865536284070189,0.8078746826943832,500
falcon3-10b,reverse,sexual_explicit,4,0.3251435477785771,1.1572987925933371,500
falcon3-10b,reverse,sexual_explicit,5,0.35433670806091266,1.7862862357453113,500
falcon3-10b,reverse,sexual_explicit,6,0.1913468785988676,0.4816747012818451,500
falcon3-10b,reverse,sexual_explicit,7,0.20695204720567353,0.5329941795147153,500
falcon3-10b,reverse,sexual_explicit,8,0.23770204179643306,0.4874593642637496,500
falcon3-10b,reverse,sexual_explicit,9,0.19162808872851542,0.4552234554334052,500
archangel-kto,reverse,sexual_explicit,0,0.029457612523903862,0.0914055122600835,500
archangel-kto,reverse,sexual_explicit,1,0.09041500623309878,0.17554765611123133,500
archangel-kto,reverse,sexual_explicit,2,0.1482801488193527,0.4066636737458169,500
archangel-kto,reverse,sexual_explicit,3,0.0909258467885037,0.14492107459781117,500
archangel-kto,reverse,sexual_explicit,4,0.05636404155416375,0.09789321056063102,500
archangel-kto,reverse,sexual_explicit,5,0.06045989673583469,0.21044095570993473,500
archangel-kto,reverse,sexual_explicit,6,0.1036043055007152,0.359179514139462,500
archangel-kto,reverse,sexual_explicit,7,0.06691985487840174,0.23547392955433372,500
archangel-kto,reverse,sexual_explicit,8,0.46801114426543255,1.7433415812994766,500
archangel-kto,reverse,sexual_explicit,9,0.10273024908829749,0.22447667558469753,480
deepseek-7b,forward,sexual_liminal,11,0.09656714255297481,0.35927483511219965,22
archangel-slic,reverse,substance,0,0.16224698812560895,0.14214290672761706,500
archangel-slic,reverse,substance,1,0.037513301176306635,0.08520355321434885,500
archangel-slic,reverse,substance,2,0.022449599164471527,0.10567539790635963,500
archangel-slic,reverse,substance,3,0.02911965134972923,0.14553534029770712,500
archangel-slic,reverse,substance,4,0.0679172516369463,0.12467062415028787,500
archangel-slic,reverse,substance,5,0.0025216749372950213,0.21905754370977232,500
archangel-slic,reverse,substance,6,-0.04874550504404745,0.4035287934883748,500
archangel-slic,reverse,substance,7,-0.01579095162357145,0.23879807957650268,500
archangel-slic,reverse,substance,8,0.433852556719512,1.7323391805961388,500
archangel-slic,reverse,substance,9,0.06915994112750491,0.24531153958660473,480
olmo-think,reverse,violence_explicit,0,0.5720590230851837,1.1062624860662233,1000
olmo-think,reverse,violence_explicit,1,0.7109286449679876,0.7605805923019318,1000
olmo-think,reverse,violence_explicit,2,0.9341325527002944,0.9889714693971807,1000
olmo-think,reverse,violence_explicit,3,0.6848333581863224,1.402716694360648,1000
olmo-think,reverse,violence_explicit,4,0.7446035952587595,2.313731466452,1000
olmo-think,reverse,violence_explicit,5,0.572165671986261,2.4141319736265503,1000
olmo-think,reverse,violence_explicit,6,2.3335066755738447,5.518430823541846,1000
olmo-think,reverse,violence_explicit,7,1.4184927850600175,4.258040737151913,1000
olmo-think,reverse,violence_explicit,8,1.1092098988219141,2.6918364858982895,1000
olmo-think,reverse,violence_explicit,9,0.8638043719725103,1.8835592932699643,992
amber,reverse,violence_explicit,0,16.37679451517291,3.7276683101050887,1000
amber,reverse,violence_explicit,1,4.778720036569654,7.042768573090467,1000
amber,reverse,violence_explicit,2,4.931706946116359,6.82435855668179,1000
amber,reverse,violence_explicit,3,3.9062570170013404,5.137004378284856,1000
amber,reverse,violence_explicit,4,5.0682115151887945,4.624704374969972,1000
amber,reverse,violence_explicit,5,5.2335233518008275,5.043040753498944,1000
amber,reverse,violence_explicit,6,4.826975654905142,4.515360062352138,1000
amber,reverse,violence_explicit,7,3.6105395603202,4.197364368209591,998
amber,reverse,violence_explicit,8,2.8715817299281285,3.6725211377911857,997
amber,reverse,violence_explicit,9,2.7009253801667517,3.5853573578200164,987
qwen-tiny,forward,neutral,0,0.026277655999016786,0.6149671826992275,1400
qwen-tiny,forward,neutral,1,0.11051896413502435,1.2374208075703348,1400
qwen-tiny,forward,neutral,2,0.11482529285487116,0.8073164158890733,1400
qwen-tiny,forward,neutral,3,0.15685526347000905,0.6504891406347767,1400
qwen-tiny,forward,neutral,4,0.06663497379063607,0.6049760478179521,1400
qwen-tiny,forward,neutral,5,0.13739100411252123,0.5874124274952867,1400
qwen-tiny,forward,neutral,6,0.10675585825497519,0.5206978441582178,1400
qwen-tiny,forward,neutral,7,0.23285332201550155,0.7718037793833848,1400
qwen-tiny,forward,neutral,8,0.16183572838030116,0.6836570132256522,1399
qwen-tiny,forward,neutral,9,0.09689985425954717,0.5636738913795009,1392
qwen-tiny,forward,neutral,10,0.19196448674894395,0.8833106595516379,1310
deepseek-7b,forward,power,0,0.3391323905605564,1.6460260310504975,1000
deepseek-7b,forward,power,1,0.2232627296414454,0.7125556822718364,1000
deepseek-7b,forward,power,2,0.19635203990409678,1.7723354838147807,1000
deepseek-7b,forward,power,3,0.46093620391113105,2.34931942329159,1000
deepseek-7b,forward,power,4,1.2162241094390513,4.351611421546123,1000
deepseek-7b,forward,power,5,0.6318135011381996,3.06029389960914,1000
deepseek-7b,forward,power,6,0.29126371702245074,1.9780681368021689,1000
deepseek-7b,forward,power,7,0.5713056419006036,2.9213264956485894,1000
deepseek-7b,forward,power,8,0.2896981866067386,2.0231094743975664,1000
deepseek-7b,forward,power,9,0.853660298792592,3.5007543574837023,915
deepseek-7b,forward,power,10,1.2365959323681275,4.044170322752531,58
deepseek-7b,forward,power,11,-0.1026338167329129,0.5472770417047945,19
falcon3-1b,reverse,power,0,0.12497388013228813,0.468615547239492,500
falcon3-1b,reverse,power,1,0.1827872693687416,0.42505674458767323,500
falcon3-1b,reverse,power,2,0.29525781210371793,0.7272883180966214,500
falcon3-1b,reverse,power,3,0.5458785194077304,1.0848357738846257,500
falcon3-1b,reverse,power,4,0.7705422182515458,1.2897312763702506,500
falcon3-1b,reverse,power,5,0.5793308781960361,1.301112765031717,500
falcon3-1b,reverse,power,6,0.7089878678699549,1.6331151246077713,500
falcon3-1b,reverse,power,7,0.6400534216848179,1.2673824459636014,500
falcon3-1b,reverse,power,8,0.5705398885610105,1.1828249872613965,500
falcon3-1b,reverse,power,9,0.6038524346788001,1.3922764413633801,500
smol,reverse,violence_liminal,0,1.3527570434294796,1.3471369117440342,500
smol,reverse,violence_liminal,1,0.4355437081180165,0.6031129381022483,500
smol,reverse,violence_liminal,2,0.6921163722757953,0.898540003106587,500
smol,reverse,violence_liminal,3,0.7427406399005287,1.0435197513936767,500
smol,reverse,violence_liminal,4,0.6769579184927067,1.0019041416197192,500
smol,reverse,violence_liminal,5,0.8994653872442169,1.2822473127031742,500
smol,reverse,violence_liminal,6,0.7021353651726107,0.9668371231975248,500
smol,reverse,violence_liminal,7,0.7406469644948518,1.1686716367028025,500
smol,reverse,violence_liminal,8,0.6780253388779848,1.3887355727977806,500
smol,reverse,violence_liminal,9,0.6065838456456303,1.0980277001508203,487
olmo-think,reverse,violence_liminal,0,1.2620878599004677,1.3522244421305185,1000
olmo-think,reverse,violence_liminal,1,0.007506469552984122,0.5712630496034261,1000
olmo-think,reverse,violence_liminal,2,0.1357202651579223,0.6423552315225887,1000
olmo-think,reverse,violence_liminal,3,0.6219970567559839,0.8635045928758924,1000
olmo-think,reverse,violence_liminal,4,0.37013770246883265,0.7429141584868665,1000
olmo-think,reverse,violence_liminal,5,0.42831247194268124,1.0722853641989107,1000
olmo-think,reverse,violence_liminal,6,0.5564658811566512,1.5175758683425598,1000
olmo-think,reverse,violence_liminal,7,0.5938830012104624,1.4224265591200433,1000
olmo-think,reverse,violence_liminal,8,0.74291085354566,2.314213337850194,1000
olmo-think,reverse,violence_liminal,9,0.8227201083243655,2.6278787348780446,1000
falcon3-1b,reverse,violence_liminal,0,0.4438127996342204,0.49735277075952,500
falcon3-1b,reverse,violence_liminal,1,0.14032824691477475,0.2778478531985069,500
falcon3-1b,reverse,violence_liminal,2,0.2175901242267287,0.3440038362917455,500
falcon3-1b,reverse,violence_liminal,3,0.611786487148648,1.3792626424189047,500
falcon3-1b,reverse,violence_liminal,4,0.5525571455312488,1.2873562062656663,500
falcon3-1b,reverse,violence_liminal,5,0.8711445179272597,2.596861159781956,500
falcon3-1b,reverse,violence_liminal,6,0.5326314771092441,1.0116520109730474,500
falcon3-1b,reverse,violence_liminal,7,0.6584603770211841,1.3730616253454058,500
falcon3-1b,reverse,violence_liminal,8,0.6668852002066378,1.3972273784690357,500
falcon3-1b,reverse,violence_liminal,9,0.6039010070634768,1.4844127306336083,500
deepseek-7b,forward,power,12,0.1545546418745535,0.13204907011189446,2
deepseek-7b,forward,power,13,0.12745811619623715,0.0,1
pythia,reverse,death,0,0.11146186996034181,0.1425439969302065,1000
pythia,reverse,death,1,0.06314279480388711,0.20333011057311698,1000
pythia,reverse,death,2,0.07654070152895642,0.1323295892035895,1000
pythia,reverse,death,3,0.09095943535961536,0.1477416945022543,1000
pythia,reverse,death,4,0.12023056712253015,0.2946106670998618,1000
pythia,reverse,death,5,0.09111328015022392,0.19606328567007278,1000
pythia,reverse,death,6,0.0696457953914198,0.1798362340376266,1000
pythia,reverse,death,7,0.08108630369349021,0.22615868115169194,1000
pythia,reverse,death,8,0.3723146891275096,1.5894075948041626,1000
pythia,reverse,death,9,0.14990171124488638,0.386442088646199,970
amber,reverse,sexual_explicit,0,13.358052630002593,3.5259004933755382,1000
amber,reverse,sexual_explicit,1,3.183972252772193,4.707258115383715,1000
amber,reverse,sexual_explicit,2,5.70656867973878,5.078269674870226,1000
amber,reverse,sexual_explicit,3,7.147051099947826,5.585300681397782,1000
amber,reverse,sexual_explicit,4,5.427617416402984,5.574307405240457,1000
amber,reverse,sexual_explicit,5,4.24256735695072,4.761976449705757,1000
amber,reverse,sexual_explicit,6,4.406744672440454,4.7198436897437555,1000
amber,reverse,sexual_explicit,7,4.018818917645583,4.54744569660537,998
amber,reverse,sexual_explicit,8,3.203403094056399,4.204688803297631,981
amber,reverse,sexual_explicit,9,2.735765445790292,3.8942787899862954,865
amber,forward,violence_explicit,0,0.46300741959011765,0.9978523158550509,3000
amber,forward,violence_explicit,1,0.4561485099823305,1.3328960474589444,3000
amber,forward,violence_explicit,2,1.588067941948925,3.4689296817911623,3000
amber,forward,violence_explicit,3,1.8278440250448336,3.4677466148449185,3000
amber,forward,violence_explicit,4,1.702447544278618,3.2937164545323636,3000
amber,forward,violence_explicit,5,1.6909581463817933,3.6663564995190376,2998
amber,forward,violence_explicit,6,1.1995320678875754,2.7720281432925695,2998
amber,forward,violence_explicit,7,1.343595392657423,3.1205446351533657,2996
amber,forward,violence_explicit,8,1.4257995682406082,3.268568385441914,2996
amber,forward,violence_explicit,9,1.808023042796765,3.8255643988106436,2990
falcon-mamba,reverse,sexual_liminal,0,0.37150174828264376,0.5076873924097297,700
falcon-mamba,reverse,sexual_liminal,1,0.12266325958809988,0.292722230709636,700
falcon-mamba,reverse,sexual_liminal,2,0.47313336604742734,1.2622239984768446,700
falcon-mamba,reverse,sexual_liminal,3,0.38419175158362384,1.0718866893699857,700
falcon-mamba,reverse,sexual_liminal,4,0.24288057104434857,0.9564759478946534,700
falcon-mamba,reverse,sexual_liminal,5,0.5008619289972595,1.8955143489582835,700
falcon-mamba,reverse,sexual_liminal,6,-0.1720143164397543,2.4786403534052117,700
falcon-mamba,reverse,sexual_liminal,7,0.28552772251081027,2.245514119496932,699
falcon-mamba,reverse,sexual_liminal,8,0.16691797263609676,2.3463890553919415,693
falcon-mamba,reverse,sexual_liminal,9,-0.3025465030238719,2.3090702562661667,664
archangel-dpo,reverse,sexual_explicit,0,0.055056228812699455,0.07664134783887451,1000
archangel-dpo,reverse,sexual_explicit,1,0.08067114526384779,0.1458518438476921,1000
archangel-dpo,reverse,sexual_explicit,2,0.0599027900899169,0.307277766170203,1000
archangel-dpo,reverse,sexual_explicit,3,0.12163306270800354,0.4501040451058804,1000
archangel-dpo,reverse,sexual_explicit,4,0.057211396701214494,0.12027381670290271,1000
archangel-dpo,reverse,sexual_explicit,5,0.0578658633364719,0.44858599617781875,1000
archangel-dpo,reverse,sexual_explicit,6,0.0970662916350211,0.775996849093689,1000
archangel-dpo,reverse,sexual_explicit,7,0.08640564793964475,0.8727559477542876,1000
archangel-dpo,reverse,sexual_explicit,8,0.5672540404939784,2.115141250763004,1000
archangel-dpo,reverse,sexual_explicit,9,0.34417496348010485,1.6574316304565606,950
falcon3-7b,reverse,neutral,0,1.0112075145057402,1.1408975734648796,700
falcon3-7b,reverse,neutral,1,0.6872416118455685,0.9863607624273532,700
falcon3-7b,reverse,neutral,2,0.5579284340192681,1.1000822128817331,700
falcon3-7b,reverse,neutral,3,1.0909912883292805,2.5481004899718145,700
falcon3-7b,reverse,neutral,4,1.016343075739628,1.9775218905099334,700
falcon3-7b,reverse,neutral,5,1.0686032566789025,2.631795130894855,700
falcon3-7b,reverse,neutral,6,0.9163414951399789,2.098077709662875,700
falcon3-7b,reverse,neutral,7,0.8554425726229007,1.6685052912876959,700
falcon3-7b,reverse,neutral,8,0.7565527516315916,1.6109953481687387,700
falcon3-7b,reverse,neutral,9,0.5820816288048554,1.3139972611700506,700
rwkv,reverse,sexual_explicit,0,-0.06275307534519424,1.730100426287247,500
rwkv,reverse,sexual_explicit,1,-0.21643378666900398,1.5552479482067982,500
rwkv,reverse,sexual_explicit,2,-0.023712826018991464,2.048993107925443,496
rwkv,reverse,sexual_explicit,3,0.18687541131863367,1.4446600586164855,486
rwkv,reverse,sexual_explicit,4,0.22381734408310117,1.3103186795193078,482
rwkv,reverse,sexual_explicit,5,0.17682718259379507,1.3868624199075288,480
rwkv,reverse,sexual_explicit,6,0.20062099681446574,1.269361811639875,471
rwkv,reverse,sexual_explicit,7,0.2405886378852058,1.134752366768686,465
rwkv,reverse,sexual_explicit,8,0.2169810086378611,1.0037060109579092,459
rwkv,reverse,sexual_explicit,9,0.1923177767857427,1.079709501781376,454
archangel-slic,reverse,profanity,0,0.014053010319726649,0.09686592119711905,500
archangel-slic,reverse,profanity,1,0.12435248416988219,0.2431633382859188,500
archangel-slic,reverse,profanity,2,0.1965686382838482,0.3374006897315466,500
archangel-slic,reverse,profanity,3,0.08063790561607712,0.24696642142220743,500
archangel-slic,reverse,profanity,4,0.0683789438788022,0.16241953754627514,500
archangel-slic,reverse,profanity,5,0.05203118372373031,0.2191471553579233,500
archangel-slic,reverse,profanity,6,0.022933997053714242,0.19363422168441377,500
archangel-slic,reverse,profanity,7,0.027931287961449832,0.22506470899307096,500
archangel-slic,reverse,profanity,8,0.20371917427831526,1.1526841042789526,500
archangel-slic,reverse,profanity,9,0.0676670578213964,0.17276342937222794,492
rwkv,reverse,neutral,0,0.7128481004466884,2.9024729134071503,700
rwkv,reverse,neutral,1,-1.1356954921813487,2.5986574514787355,700
rwkv,reverse,neutral,2,-0.4305444751434488,1.9330383749828017,692
rwkv,reverse,neutral,3,0.060619238256687254,1.397876311049845,667
rwkv,reverse,neutral,4,0.09838527043909849,0.9481023334972631,661
rwkv,reverse,neutral,5,0.10364216742696632,0.7455608879738477,661
rwkv,reverse,neutral,6,0.15796187091704725,0.9749564184881132,656
rwkv,reverse,neutral,7,0.14214596704707524,0.6398598230985656,652
rwkv,reverse,neutral,8,0.21279920635200716,1.1712704028911822,649
rwkv,reverse,neutral,9,0.2343559299151148,1.327085294845762,644
qwen3,reverse,sexual_explicit,0,0.9256843062683956,0.936621645641255,500
qwen3,reverse,sexual_explicit,1,0.5841401184232464,0.7657119842030061,500
qwen3,reverse,sexual_explicit,2,1.7980258929235153,3.1425782157813043,500
qwen3,reverse,sexual_explicit,3,1.5678826924297051,2.8838409911507603,500
qwen3,reverse,sexual_explicit,4,1.070890673830499,1.9482549918948064,500
qwen3,reverse,sexual_explicit,5,1.5364582910703555,2.9801924759227676,500
qwen3,reverse,sexual_explicit,6,1.522013296230014,2.9698434247943277,500
qwen3,reverse,sexual_explicit,7,1.226291422225041,2.4720019596728955,500
qwen3,reverse,sexual_explicit,8,1.1041072592018244,1.7662192213920038,500
qwen3,reverse,sexual_explicit,9,1.1215467995393031,2.322796559617343,500
smol3,forward,violence_explicit,0,-5.684341886080802e-17,1.5091805861005003,1000
smol3,forward,violence_explicit,1,-0.1171288039231601,2.9806751836911762,1000
smol3,forward,violence_explicit,2,0.0963287315084881,0.5013155970950217,1000
smol3,forward,violence_explicit,3,0.06184979011937136,0.601950457749072,1000
smol3,forward,violence_explicit,4,0.17654203573238084,0.5437151694058973,1000
smol3,forward,violence_explicit,5,0.25620998619249297,0.9313396290716409,1000
smol3,forward,violence_explicit,6,0.21696569132498386,0.6389992074841575,1000
smol3,forward,violence_explicit,7,0.28961605494568365,0.7520617972921001,1000
smol3,forward,violence_explicit,8,0.33321866906383163,0.9565657632799409,1000
smol3,forward,violence_explicit,9,0.2026293109136455,0.9353807710333719,1000
smol3,forward,violence_explicit,10,0.15974513530875883,0.8547214792858414,1000
pythia,forward,profanity,0,0.01384542160740224,0.7541234671035895,3500
pythia,forward,profanity,1,0.05543378966396884,0.3250034097824642,3500
pythia,forward,profanity,2,0.06410812058615394,0.38035503752621724,3500
pythia,forward,profanity,3,0.1731686267752753,0.8219248092873253,3500
pythia,forward,profanity,4,0.0613568897914372,0.43025443037925315,3500
pythia,forward,profanity,5,0.06771989345248608,0.5385901003160111,3500
pythia,forward,profanity,6,0.06354845281572474,0.5423368091811409,3500
pythia,forward,profanity,7,0.03487210940699453,0.2658418137266964,3500
pythia,forward,profanity,8,0.03464371961076765,0.25228690641184853,3500
pythia,forward,profanity,9,0.02481615301942173,0.19008620064125228,3457
yi,reverse,violence_liminal,0,14.867363803059517,3.363427668044376,500
yi,reverse,violence_liminal,1,6.313402539540304,7.4006919253003645,500
yi,reverse,violence_liminal,2,5.892082414536865,5.664464894399579,500
yi,reverse,violence_liminal,3,3.660048089231722,3.865032659791784,500
yi,reverse,violence_liminal,4,2.589256507846828,3.456354673441215,500
yi,reverse,violence_liminal,5,2.8502319018144218,3.8426118761427106,500
yi,reverse,violence_liminal,6,1.1087769759935266,2.7535789407185804,500
yi,reverse,violence_liminal,7,1.365638509569177,2.679539908209214,500
yi,reverse,violence_liminal,8,0.6904728917889651,2.9039286742074326,500
yi,reverse,violence_liminal,9,1.452047842329561,3.0672777210220867,498
qwen3,reverse,power,0,0.8934951044163899,0.6779040319311186,500
qwen3,reverse,power,1,0.3655796532443809,0.5854277069264272,500
qwen3,reverse,power,2,0.7158033291326666,0.6175892372871159,500
qwen3,reverse,power,3,0.8303645370933128,1.0359434044613822,500
qwen3,reverse,power,4,1.3793166339947633,2.725118714013606,500
qwen3,reverse,power,5,1.2338246512713136,2.3472021077130156,500
qwen3,reverse,power,6,1.1651024993336727,2.1458059874995254,500
qwen3,reverse,power,7,1.5074394862583167,2.3643451658100876,500
qwen3,reverse,power,8,1.3573386568710397,2.373337350020664,500
qwen3,reverse,power,9,1.437463518273786,2.17175294644793,500
olmo-tiny,forward,violence_explicit,11,1.0120650599530128,1.4769820358210857,100
deepseek-7b,forward,neutral,12,1.1688481027997186,0.79821704628998,3
bloom,reverse,sexual_liminal,0,0.533702177704623,0.6900899356856749,700
bloom,reverse,sexual_liminal,1,0.15380629546413613,0.4321041800957801,700
bloom,reverse,sexual_liminal,2,0.07754109818412454,0.5474769677807206,700
bloom,reverse,sexual_liminal,3,0.3008745136718237,0.6267570861096758,700
bloom,reverse,sexual_liminal,4,0.36736872340348253,1.1964892137042704,700
bloom,reverse,sexual_liminal,5,0.23810739656143173,1.0161893646177977,700
bloom,reverse,sexual_liminal,6,0.3091835466999887,1.1680291090338462,700
bloom,reverse,sexual_liminal,7,0.3831302153040893,1.462643437830109,700
bloom,reverse,sexual_liminal,8,0.5881640782644711,2.5487371751724917,700
bloom,reverse,sexual_liminal,9,0.23969217474324397,1.9246271041292364,691
olmo-tiny,forward,substance,13,-1.7306035372923887,1.7237185896362135,2
yi,reverse,death,0,15.365833243686087,4.064793298969078,500
yi,reverse,death,1,5.16868303829313,4.981895153694399,500
yi,reverse,death,2,3.588182897038412,3.701018303719594,500
yi,reverse,death,3,2.615789943599441,3.335079012284373,500
yi,reverse,death,4,3.0961941824698886,4.030399619250143,500
yi,reverse,death,5,1.5318924556137796,3.5463091434847676,500
yi,reverse,death,6,2.8290491606988897,4.30130242748069,500
yi,reverse,death,7,2.4497189779922,3.339839933830154,500
yi,reverse,death,8,1.6722597825761558,2.9923992935886714,500
yi,reverse,death,9,1.3089187648527607,3.366762876424447,460
tulu-sft-nopersona,reverse,violence_explicit,0,0.1368735365166105,0.4056140452442843,500
tulu-sft-nopersona,reverse,violence_explicit,1,0.09391864688928955,0.2854003579071502,500
tulu-sft-nopersona,reverse,violence_explicit,2,0.22275398085200104,0.48069861802162694,500
tulu-sft-nopersona,reverse,violence_explicit,3,0.08318021063918146,0.5309145609122631,500
tulu-sft-nopersona,reverse,violence_explicit,4,0.16604460441780572,0.3360945633735583,500
tulu-sft-nopersona,reverse,violence_explicit,5,0.6824714301945563,1.5567341917093889,500
tulu-sft-nopersona,reverse,violence_explicit,6,0.5101927073282033,1.4919876206446998,500
tulu-sft-nopersona,reverse,violence_explicit,7,0.279370002519801,0.6278885279596491,500
tulu-sft-nopersona,reverse,violence_explicit,8,0.20988035552261133,0.733617914524734,500
tulu-sft-nopersona,reverse,violence_explicit,9,0.2684275187954594,0.8468862235847859,500
tinyllama,reverse,neutral,0,13.265249969764445,4.651764969105636,700
tinyllama,reverse,neutral,1,4.709252223010031,5.705727993631673,700
tinyllama,reverse,neutral,2,4.6197815838030065,6.420131251636104,700
tinyllama,reverse,neutral,3,5.300297114028472,5.566837694602748,700
tinyllama,reverse,neutral,4,5.533563682180778,6.254585826677169,700
tinyllama,reverse,neutral,5,3.934460726217711,4.7496936392205695,700
tinyllama,reverse,neutral,6,3.5748370107384346,4.366612184963347,700
tinyllama,reverse,neutral,7,3.1432936398849183,4.798314314390329,700
tinyllama,reverse,neutral,8,3.5398753828601977,4.257269161378026,685
tinyllama,reverse,neutral,9,2.330274838283167,4.578380845814774,608
qwen3,reverse,death,0,1.6874874665960038,2.0189999808138235,500
qwen3,reverse,death,1,0.5815525889227254,0.5973686303615595,500
qwen3,reverse,death,2,0.6818742214660101,0.7489962102291864,500
qwen3,reverse,death,3,0.9645845802674933,1.3432776254878778,500
qwen3,reverse,death,4,0.8443946181171678,0.8920209318069341,500
qwen3,reverse,death,5,0.8636575627329379,1.0430317839952625,500
qwen3,reverse,death,6,0.7871392410253202,1.0323301901169026,500
qwen3,reverse,death,7,0.881209400489847,1.183454068884428,500
qwen3,reverse,death,8,1.125322437912424,1.7483438036796133,500
qwen3,reverse,death,9,1.0649752987673808,1.4327360814973624,500
falcon3-1b,reverse,neutral,0,0.08526249238401941,0.6950381588203274,700
falcon3-1b,reverse,neutral,1,0.19602626045027505,0.366582595485131,700
falcon3-1b,reverse,neutral,2,0.4131458232308614,0.6902072594960048,700
falcon3-1b,reverse,neutral,3,0.3852093858883497,0.7416465120192377,700
falcon3-1b,reverse,neutral,4,0.2874707008221409,0.9287980938336518,700
falcon3-1b,reverse,neutral,5,0.4348123946673555,1.2153204611457677,700
falcon3-1b,reverse,neutral,6,0.3651834464495089,0.8432256999555714,700
falcon3-1b,reverse,neutral,7,0.3601641814969765,0.8602273372908676,700
falcon3-1b,reverse,neutral,8,0.3802063385988306,0.8571396034327501,700
falcon3-1b,reverse,neutral,9,0.34562959549212074,1.1207475392834447,700
tulu-sft-nowildchat,reverse,sexual_explicit,0,0.2213886125180968,0.5846713496088664,500
tulu-sft-nowildchat,reverse,sexual_explicit,1,-0.02095112958476169,0.45400296732631223,500
tulu-sft-nowildchat,reverse,sexual_explicit,2,0.17457325841375,0.4990887702106535,500
tulu-sft-nowildchat,reverse,sexual_explicit,3,0.28822240211364863,0.5146806347561417,500
tulu-sft-nowildchat,reverse,sexual_explicit,4,0.2611727366783795,0.6300735886323025,500
tulu-sft-nowildchat,reverse,sexual_explicit,5,0.3240651785301251,0.5634336618121537,500
tulu-sft-nowildchat,reverse,sexual_explicit,6,0.5235259671431496,1.254450152687517,500
tulu-sft-nowildchat,reverse,sexual_explicit,7,0.383264331733507,1.010554118495456,500
tulu-sft-nowildchat,reverse,sexual_explicit,8,0.22773125224212357,0.4528629017448117,500
tulu-sft-nowildchat,reverse,sexual_explicit,9,0.2927557629757798,0.7801385615921919,500
rwkv,reverse,substance,0,0.15910906106356937,1.6993618728918405,500
rwkv,reverse,substance,1,-0.3084064384850121,1.462243895675966,500
rwkv,reverse,substance,2,0.050462113512411075,1.562676965488267,498
rwkv,reverse,substance,3,0.22475593439473426,1.029943231175682,493
rwkv,reverse,substance,4,0.07758940714442053,0.3872954782468787,492
rwkv,reverse,substance,5,0.09247140760239193,0.2883129222774952,491
rwkv,reverse,substance,6,0.09498116020686029,0.2679911712302422,491
rwkv,reverse,substance,7,0.09704733648551273,0.21535648015439568,491
rwkv,reverse,substance,8,0.10814590001090912,0.19457136499298042,491
rwkv,reverse,substance,9,0.11492925367974482,0.18673015936509807,490
olmo-tiny,forward,power,13,-0.6651934914481394,0.7695059252231413,2
glm4,reverse,violence_liminal,0,0.8235742013278174,0.8934874389280577,500
glm4,reverse,violence_liminal,1,0.23525968376243692,0.6641869446144562,500
glm4,reverse,violence_liminal,2,0.551843080769254,0.909414439573281,500
glm4,reverse,violence_liminal,3,0.38023042504109356,0.6944854828389906,500
glm4,reverse,violence_liminal,4,0.5406607888177867,0.8748674401187455,500
glm4,reverse,violence_liminal,5,0.8341074456803989,2.033789303065379,500
glm4,reverse,violence_liminal,6,1.0630317621502714,2.1375635485150966,500
glm4,reverse,violence_liminal,7,0.9244732573697877,1.585161998306415,500
glm4,reverse,violence_liminal,8,1.1648429601395023,2.155742964553321,500
glm4,reverse,violence_liminal,9,0.6981841793966173,1.3763269387175967,497
deepseek-7b,reverse,power,0,1.3267590613199896,1.1752402592206124,500
deepseek-7b,reverse,power,1,0.7602498213470674,1.6829368734841397,500
deepseek-7b,reverse,power,2,1.028286883032632,3.2548305924978513,500
deepseek-7b,reverse,power,3,0.6977095618793234,1.8329125753122837,500
deepseek-7b,reverse,power,4,0.3925867273007316,1.6977658901686017,500
deepseek-7b,reverse,power,5,0.924379735036415,2.252866413976274,500
deepseek-7b,reverse,power,6,0.9582768527861881,2.2759858684161403,500
deepseek-7b,reverse,power,7,0.8444630866913764,2.105583843739396,500
deepseek-7b,reverse,power,8,0.7445763797214335,1.924237451026244,500
deepseek-7b,reverse,power,9,0.27179028481315687,1.5286130647177842,463
deepseek-7b,reverse,sexual_liminal,0,0.6948569361627094,1.6242175052096028,700
deepseek-7b,reverse,sexual_liminal,1,0.8663445354615681,2.1091971466973622,700
deepseek-7b,reverse,sexual_liminal,2,0.4106719704716451,1.3282911791030911,700
deepseek-7b,reverse,sexual_liminal,3,0.8844935113728359,2.5756215460196836,700
deepseek-7b,reverse,sexual_liminal,4,1.4951986860633686,3.1131339408524017,700
deepseek-7b,reverse,sexual_liminal,5,1.2531064471523017,2.959255056511462,700
deepseek-7b,reverse,sexual_liminal,6,1.3104522911070167,2.9823585290616466,700
deepseek-7b,reverse,sexual_liminal,7,0.8322443492142823,2.946285085989816,700
deepseek-7b,reverse,sexual_liminal,8,0.9629416228456396,2.3149800801431653,698
deepseek-7b,reverse,sexual_liminal,9,0.3218812613119641,1.4353492725718522,626
archangel-kto,reverse,substance,0,0.19567631534125904,0.15212443178131727,500
archangel-kto,reverse,substance,1,0.03835294870642653,0.07346032083024313,500
archangel-kto,reverse,substance,2,0.026876611402934146,0.11574008365134296,500
archangel-kto,reverse,substance,3,0.03010021927257897,0.15970975333696194,500
archangel-kto,reverse,substance,4,0.08528084847027069,0.16101565251808095,500
archangel-kto,reverse,substance,5,0.01352365832410093,0.24011509446254709,500
archangel-kto,reverse,substance,6,-0.031644889176451384,0.44095078061093274,500
archangel-kto,reverse,substance,7,-0.018823998269400104,0.2707249911024072,500
archangel-kto,reverse,substance,8,0.4595550758602217,1.7494065606407048,500
archangel-kto,reverse,substance,9,0.0716899841725966,0.26126525945306917,479
falcon3-mamba,reverse,neutral,0,1.5927254374088706,1.5852595780489822,700
falcon3-mamba,reverse,neutral,1,0.5612530940384236,1.1502370069035686,700
falcon3-mamba,reverse,neutral,2,0.43606370462400507,2.5124323134400055,700
falcon3-mamba,reverse,neutral,3,-0.2525650640512718,2.802244891178978,700
falcon3-mamba,reverse,neutral,4,-0.8359985868419234,2.2384363239918037,700
falcon3-mamba,reverse,neutral,5,-0.5632862832554951,2.2024322145792787,700
falcon3-mamba,reverse,neutral,6,-0.259361844340382,2.2796364777341758,700
falcon3-mamba,reverse,neutral,7,-0.655508059363572,2.5041845383133263,700
falcon3-mamba,reverse,neutral,8,-0.7353940853197887,3.1129349219929927,699
falcon3-mamba,reverse,neutral,9,-0.9232823336650635,2.7270316688901595,675
ct-llm,reverse,death,0,0.5240700207905042,0.5208011989760603,1000
ct-llm,reverse,death,1,0.42062580688988355,0.6578368182874907,1000
ct-llm,reverse,death,2,0.40822341685834135,0.6751631067373579,1000
ct-llm,reverse,death,3,0.7138547873733616,1.1180579920914597,1000
ct-llm,reverse,death,4,0.5795294474374908,0.7224432822275637,1000
ct-llm,reverse,death,5,0.44529889145895085,0.5642304992809506,1000
ct-llm,reverse,death,6,0.49050671014437747,0.6077117138006645,1000
ct-llm,reverse,death,7,0.43578837319899355,0.7063736489185627,1000
ct-llm,reverse,death,8,0.5013082027077183,0.7785924400008729,1000
ct-llm,reverse,death,9,0.48941724618569604,0.7895162207365115,1000
olmo-tiny,forward,violence_explicit,12,0.028724688246186802,0.6154999254453358,46
olmo-tiny,forward,violence_explicit,13,-0.9398932501372741,1.357568864641543,2
deepseek-7b,forward,sexual_liminal,12,1.6894873826067403,3.696755437370849,8
tulu-sft-nomath,reverse,violence_explicit,0,0.25799090433752137,0.2963798167334489,500
tulu-sft-nomath,reverse,violence_explicit,1,0.07464228783200767,0.2005510660597531,500
tulu-sft-nomath,reverse,violence_explicit,2,0.13939026684188296,0.4144993089608616,500
tulu-sft-nomath,reverse,violence_explicit,3,0.05744134845554088,0.5116449028616747,500
tulu-sft-nomath,reverse,violence_explicit,4,0.18386801160425878,0.3485385467991632,500
tulu-sft-nomath,reverse,violence_explicit,5,0.6338262249619873,1.6847541241346273,500
tulu-sft-nomath,reverse,violence_explicit,6,0.4369277356724214,1.3058578699180832,500
tulu-sft-nomath,reverse,violence_explicit,7,0.22030792756102002,0.4946420812487851,500
tulu-sft-nomath,reverse,violence_explicit,8,0.19518394263662053,0.7141633571025667,500
tulu-sft-nomath,reverse,violence_explicit,9,0.20157411062302402,0.7340472959671668,500
glm4,reverse,violence_explicit,0,0.6222747399069521,0.9364672458770152,500
glm4,reverse,violence_explicit,1,0.4974441156996194,0.903667901838078,500
glm4,reverse,violence_explicit,2,1.1229068547041186,1.8115798488013581,500
glm4,reverse,violence_explicit,3,0.9189586953974819,2.141831503706308,500
glm4,reverse,violence_explicit,4,1.039798976232579,1.7066103182978491,500
glm4,reverse,violence_explicit,5,1.8013156387085871,2.710985457114014,500
glm4,reverse,violence_explicit,6,1.043226432627333,2.056975767264863,500
glm4,reverse,violence_explicit,7,0.9558501974259654,2.0853863385068805,500
glm4,reverse,violence_explicit,8,0.835186589555436,1.8747080202505575,500
glm4,reverse,violence_explicit,9,0.7249256577502339,1.7484328833241884,499
olmo-tiny,forward,sexual_liminal,11,1.070651103618191,1.9388971340203798,62
olmo-tiny,forward,sexual_liminal,12,0.20369959694255174,1.160064597532902,28
llama,reverse,power,0,0.6046538811604034,0.5384719108351909,500
llama,reverse,power,1,0.313379432358122,0.6245483651223921,500
llama,reverse,power,2,0.46956026323231276,0.8536475850935628,500
llama,reverse,power,3,0.5735903934352721,0.8768322576288248,500
llama,reverse,power,4,0.7099748539500592,1.0022536676549365,500
llama,reverse,power,5,0.3968847779459199,0.7098966582615278,500
llama,reverse,power,6,0.45303507497959417,0.7212952562298719,500
llama,reverse,power,7,0.3583056796298155,0.5406450506325007,500
llama,reverse,power,8,0.44217149089004354,0.7385014756657896,500
llama,reverse,power,9,0.4609068553243269,0.82599434665485,500
yi,forward,power,10,0.48483102824403,1.1474517426439472,156
qwen,reverse,sexual_explicit,0,0.2455736478574117,0.6040183927711292,500
qwen,reverse,sexual_explicit,1,0.10300972366579775,0.25945511512131925,500
qwen,reverse,sexual_explicit,2,0.3562850597921714,0.5695289330607503,500
qwen,reverse,sexual_explicit,3,0.3404238942417337,0.6645268737585017,500
qwen,reverse,sexual_explicit,4,0.3771581357254995,0.8140847066270317,500
qwen,reverse,sexual_explicit,5,0.2738705548491348,1.0901658401553775,500
qwen,reverse,sexual_explicit,6,0.3490979735327661,1.4307714035199557,500
qwen,reverse,sexual_explicit,7,0.39238445979736375,1.322803637242082,500
qwen,reverse,sexual_explicit,8,0.4515724273943441,1.216570574528966,500
qwen,reverse,sexual_explicit,9,0.4530811723915333,1.0959538286455397,500
qwen3,forward,profanity,0,0.23840533644556963,2.4630077314356247,1000
qwen3,forward,profanity,1,0.6545495506524359,2.1928202749766683,1000
qwen3,forward,profanity,2,1.1288211501871102,2.8376008201635763,1000
qwen3,forward,profanity,3,1.18599786263342,1.9558145849728799,1000
qwen3,forward,profanity,4,0.7758026891912962,2.367260206631536,1000
qwen3,forward,profanity,5,1.2231456419317346,2.5824372990291042,1000
qwen3,forward,profanity,6,1.9290602053686092,3.6585087013735187,1000
qwen3,forward,profanity,7,1.6527689793979927,4.407988713268136,1000
qwen3,forward,profanity,8,1.6307733993430154,3.461880157984089,1000
qwen3,forward,profanity,9,1.364210480493279,3.292366708017273,1000
qwen3,forward,profanity,10,1.861787273420925,4.262217991737094,697
smol3,reverse,profanity,0,0.48448613293310694,0.8152640223787976,500
smol3,reverse,profanity,1,0.2751936210654258,0.5440202459352345,500
smol3,reverse,profanity,2,0.3111748275402323,0.7328539488245012,500
smol3,reverse,profanity,3,0.34383964805968953,0.5765475570294772,500
smol3,reverse,profanity,4,0.2875854555767041,0.4586109032811091,500
smol3,reverse,profanity,5,0.2503599436327377,0.43606844526078575,500
smol3,reverse,profanity,6,0.22194894426477565,0.5149071159042441,500
smol3,reverse,profanity,7,0.324443121047413,0.8012995404885861,500
smol3,reverse,profanity,8,0.33471358292823944,0.6543378667167424,500
smol3,reverse,profanity,9,0.41842273479882536,0.9476032922967866,500
falcon3-7b,reverse,sexual_liminal,0,0.4462618641828816,0.5143326299063429,700
falcon3-7b,reverse,sexual_liminal,1,0.2761298774219853,0.3829122262400715,700
falcon3-7b,reverse,sexual_liminal,2,0.48113372423018325,0.7246235185852539,700
falcon3-7b,reverse,sexual_liminal,3,0.3531899911579864,0.7421889289623929,700
falcon3-7b,reverse,sexual_liminal,4,0.27241318398277,0.4497659680350454,700
falcon3-7b,reverse,sexual_liminal,5,0.17375810014648813,0.37396612995025963,700
falcon3-7b,reverse,sexual_liminal,6,0.2662811261243337,0.6233809758827294,700
falcon3-7b,reverse,sexual_liminal,7,0.2081932123333094,0.4420282013808688,700
falcon3-7b,reverse,sexual_liminal,8,0.2766189206255422,0.6378266371369496,700
falcon3-7b,reverse,sexual_liminal,9,0.31713452150656335,0.7511457498922367,700
archangel-ppo,reverse,sexual_explicit,0,0.06827495598158356,0.08512909634858955,500
archangel-ppo,reverse,sexual_explicit,1,0.09476149680359311,0.14099023441207223,500
archangel-ppo,reverse,sexual_explicit,2,0.08201054510651996,0.24186575282373302,500
archangel-ppo,reverse,sexual_explicit,3,0.21206109146252164,0.8842438701167487,500
archangel-ppo,reverse,sexual_explicit,4,0.07222143332749746,0.10722058081479656,500
archangel-ppo,reverse,sexual_explicit,5,0.11357906455030578,0.8688265448048308,500
archangel-ppo,reverse,sexual_explicit,6,0.30321780550876476,1.6499244807497966,500
archangel-ppo,reverse,sexual_explicit,7,0.16355256723192513,1.241869699280804,500
archangel-ppo,reverse,sexual_explicit,8,0.5913944567135409,2.283945333551047,500
archangel-ppo,reverse,sexual_explicit,9,0.7628441618891005,2.7414225185999594,479
tulu-sft-nowildchat,reverse,death,0,0.2581836152290308,0.2954044318404913,500
tulu-sft-nowildchat,reverse,death,1,0.20667551489113173,0.31729445335274814,500
tulu-sft-nowildchat,reverse,death,2,0.19686685976990778,0.33460472974437167,500
tulu-sft-nowildchat,reverse,death,3,0.30500870715120154,0.5063339117509511,500
tulu-sft-nowildchat,reverse,death,4,0.36721862160926494,0.597684924707569,500
tulu-sft-nowildchat,reverse,death,5,0.25748904984809395,0.4794827565108735,500
tulu-sft-nowildchat,reverse,death,6,0.18013261205871448,0.40001064654951685,500
tulu-sft-nowildchat,reverse,death,7,0.18090437273301563,0.40268246133150715,500
tulu-sft-nowildchat,reverse,death,8,0.27992503400908175,0.7183104961445937,500
tulu-sft-nowildchat,reverse,death,9,0.26775448583294703,0.8162173390226438,500
bloom,reverse,violence_liminal,0,0.4441413505819804,0.6985586778328704,500
bloom,reverse,violence_liminal,1,0.04724585200616764,0.29200972160522637,500
bloom,reverse,violence_liminal,2,0.06944000201779112,0.9991898336170463,500
bloom,reverse,violence_liminal,3,0.19475939102666023,0.6542194469250634,500
bloom,reverse,violence_liminal,4,0.06895535403546442,0.7535924176291183,500
bloom,reverse,violence_liminal,5,0.4787172444059332,1.662289166186946,500
bloom,reverse,violence_liminal,6,0.7097731350945101,2.0519714093355375,500
bloom,reverse,violence_liminal,7,0.6527486305543759,1.7749092450844193,500
bloom,reverse,violence_liminal,8,0.49166538481857414,2.1200442643257715,500
bloom,reverse,violence_liminal,9,0.45138706842844856,2.438271159418547,499
rwkv,reverse,violence_explicit,0,0.10158240040150424,2.0880060753521064,500
rwkv,reverse,violence_explicit,1,-0.025228220530652712,1.3516193304316368,500
rwkv,reverse,violence_explicit,2,0.41170785167509755,1.9867659306897072,496
rwkv,reverse,violence_explicit,3,0.5028599161269411,1.3306860560786355,483
rwkv,reverse,violence_explicit,4,0.250294874133816,1.0824545643005063,479
rwkv,reverse,violence_explicit,5,0.16824738692861077,0.752753611235706,479
rwkv,reverse,violence_explicit,6,0.16384720797034205,1.016704242682125,473
rwkv,reverse,violence_explicit,7,0.1567440354918529,0.7212210842878884,470
rwkv,reverse,violence_explicit,8,0.2009930700644083,1.0006588166965127,466
rwkv,reverse,violence_explicit,9,0.35076155085543176,1.8777184749392937,462
tulu-sft-nowildchat,reverse,violence_explicit,0,0.23351797314441414,0.2668008611061706,500
tulu-sft-nowildchat,reverse,violence_explicit,1,0.15270590389933472,0.19320456680597756,500
tulu-sft-nowildchat,reverse,violence_explicit,2,0.4695594322419791,0.7252382323294997,500
tulu-sft-nowildchat,reverse,violence_explicit,3,0.24928074471735373,0.5688383224688335,500
tulu-sft-nowildchat,reverse,violence_explicit,4,0.23184764738312,0.3629065094635643,500
tulu-sft-nowildchat,reverse,violence_explicit,5,0.27391832478875816,0.5250492301468885,500
tulu-sft-nowildchat,reverse,violence_explicit,6,0.2570764299636459,0.6847298924238383,500
tulu-sft-nowildchat,reverse,violence_explicit,7,0.32221046846307005,0.6857957204618448,500
tulu-sft-nowildchat,reverse,violence_explicit,8,0.26506274137369507,0.6650783313885829,500
tulu-sft-nowildchat,reverse,violence_explicit,9,0.25143963809470843,0.6266158688105169,500
olmo-tiny,forward,violence_liminal,11,1.0940564447129533,1.6170921172354462,54
tinyllama,reverse,sexual_explicit,0,14.50499337008354,3.0578045686096655,500
tinyllama,reverse,sexual_explicit,1,2.7405152705090576,3.505684388660372,500
tinyllama,reverse,sexual_explicit,2,4.251516194906243,4.560070440932582,500
tinyllama,reverse,sexual_explicit,3,4.132311709881226,5.267812060905297,500
tinyllama,reverse,sexual_explicit,4,5.610997928517174,3.686338154025089,500
tinyllama,reverse,sexual_explicit,5,4.954508399859853,4.478483281652264,500
tinyllama,reverse,sexual_explicit,6,5.483590245395655,5.243729527196917,500
tinyllama,reverse,sexual_explicit,7,5.753298497484573,5.145912290719105,500
tinyllama,reverse,sexual_explicit,8,5.252621646510444,4.915196538874086,489
tinyllama,reverse,sexual_explicit,9,4.130040095785625,4.036042117467321,372
deepseek-7b,forward,sexual_explicit,11,1.9759929729526444,5.2740014920177405,92
deepseek-7b,forward,sexual_explicit,12,-0.03498156210379692,0.34324383417602894,5
amber,forward,profanity,0,1.2000066826383051,2.582655193248798,3000
amber,forward,profanity,1,0.3961677166313907,1.407143723195219,3000
amber,forward,profanity,2,0.48152238675176623,1.9271895922458457,3000
amber,forward,profanity,3,0.8901043692365406,2.489556765490105,3000
amber,forward,profanity,4,0.6146626291541385,1.4865967521315473,3000
amber,forward,profanity,5,0.6690250752423607,1.8662142040714824,3000
amber,forward,profanity,6,0.5744715244094579,1.586029514412858,3000
amber,forward,profanity,7,0.4915965790098041,1.4262214551008192,3000
amber,forward,profanity,8,0.9316521428558576,3.032138090771743,2994
amber,forward,profanity,9,0.9595788661746641,2.64894120602845,2984
tinyllama,reverse,death,0,13.724291795259544,4.158384382506224,500
tinyllama,reverse,death,1,5.5312595174428765,5.676389649179536,500
tinyllama,reverse,death,2,4.804033796015905,6.063025193977371,500
tinyllama,reverse,death,3,5.519772008778519,5.654547198020142,500
tinyllama,reverse,death,4,5.970959494179544,4.8511069603821175,500
tinyllama,reverse,death,5,4.047877671072448,4.681260965910876,500
tinyllama,reverse,death,6,4.306898128119501,4.877372541665859,500
tinyllama,reverse,death,7,2.544477958397839,3.706473518284633,499
tinyllama,reverse,death,8,3.6114269978010403,4.004753055515406,497
tinyllama,reverse,death,9,2.4190460769448303,3.749779139862336,413
qwen,reverse,sexual_liminal,0,0.5248392590527672,0.5385857097574686,700
qwen,reverse,sexual_liminal,1,0.3835871242803529,0.5973901312284171,700
qwen,reverse,sexual_liminal,2,0.6311156092782084,0.8213401915631251,700
qwen,reverse,sexual_liminal,3,0.6224570684663303,1.3708825018885613,700
qwen,reverse,sexual_liminal,4,0.4948634576190924,0.9968720053117063,700
qwen,reverse,sexual_liminal,5,0.49941625958354163,1.1896869220391335,700
qwen,reverse,sexual_liminal,6,0.4107986593329051,0.9117065726769843,700
qwen,reverse,sexual_liminal,7,0.5162362654318402,0.9262527092421093,700
qwen,reverse,sexual_liminal,8,0.5211364771612214,1.135709471076686,699
qwen,reverse,sexual_liminal,9,0.4241764746861386,1.2669093794127522,697
smol,forward,institutional,11,0.8885024312726009,1.875669819426017,20
qwen-tiny,reverse,death,0,0.08478050910382415,0.5808502187552432,500
qwen-tiny,reverse,death,1,0.15547723265805222,0.2974084379510037,500
qwen-tiny,reverse,death,2,0.09697943943221114,1.100887016546714,500
qwen-tiny,reverse,death,3,0.1255696477538592,0.541772734406879,500
qwen-tiny,reverse,death,4,0.2520031012100268,0.509831522272422,500
qwen-tiny,reverse,death,5,0.2030465233626503,0.8062792413148111,500
qwen-tiny,reverse,death,6,0.1955031151901851,1.1878874407169,500
qwen-tiny,reverse,death,7,0.09560863137337021,0.5448745071920383,500
qwen-tiny,reverse,death,8,0.28872415083198183,2.2495700951919275,500
qwen-tiny,reverse,death,9,0.26762245002973595,1.669401139767477,500
deepseek-7b,forward,institutional,12,-0.3420229447228921,0.6337901934418974,10
yi,reverse,power,0,12.882174683473707,8.061528301806323,500
yi,reverse,power,1,5.580707868970032,5.056139777774385,500
yi,reverse,power,2,4.7727753251491745,3.7760345938575846,500
yi,reverse,power,3,3.6723277391015405,5.453523055211421,500
yi,reverse,power,4,2.6818471440705305,3.708032276569642,500
yi,reverse,power,5,2.7972969765867983,4.362931288466911,500
yi,reverse,power,6,2.3653854075749123,3.3581361528477722,500
yi,reverse,power,7,1.5876183727290571,2.93386487085296,500
yi,reverse,power,8,0.5459573977115606,2.8935192854271907,500
yi,reverse,power,9,0.1676794903240813,2.871898569970481,483
olmo-tiny,forward,neutral,13,-0.020371022429827593,1.5163704986610962,64
pythia,forward,profanity,10,0.034657956509312506,0.25043746091740954,1849
tulu-sft-nopersona,reverse,sexual_explicit,0,0.33080507020814304,1.1049103937772864,500
tulu-sft-nopersona,reverse,sexual_explicit,1,0.19871210459950195,0.4068000878547246,500
tulu-sft-nopersona,reverse,sexual_explicit,2,0.3315949480690597,0.43379916710901906,500
tulu-sft-nopersona,reverse,sexual_explicit,3,0.3080504815305108,0.5050639949388844,500
tulu-sft-nopersona,reverse,sexual_explicit,4,0.2764782012995749,0.8003588731512246,500
tulu-sft-nopersona,reverse,sexual_explicit,5,0.24085654430941414,0.39011419187744384,500
tulu-sft-nopersona,reverse,sexual_explicit,6,0.29159131523035753,0.7665740346947915,500
tulu-sft-nopersona,reverse,sexual_explicit,7,0.2802875076398427,0.579807736359319,500
tulu-sft-nopersona,reverse,sexual_explicit,8,0.16671016081808362,0.4257381469473107,500
tulu-sft-nopersona,reverse,sexual_explicit,9,0.2222083161652601,0.5766982571654421,500
tulu-sft-nopersona,reverse,substance,0,0.7295556714062748,0.5448972087414222,500
tulu-sft-nopersona,reverse,substance,1,0.11238969179604118,0.22731677477940695,500
tulu-sft-nopersona,reverse,substance,2,0.2472974691905221,0.4068354938883582,500
tulu-sft-nopersona,reverse,substance,3,0.15183496006350472,0.37619871750741224,500
tulu-sft-nopersona,reverse,substance,4,0.22540490659994963,0.43006996762779154,500
tulu-sft-nopersona,reverse,substance,5,0.13338082045589875,0.320391896481493,500
tulu-sft-nopersona,reverse,substance,6,0.17771573394282586,0.3299508659385591,500
tulu-sft-nopersona,reverse,substance,7,0.19585210154774524,0.43032213752695264,500
tulu-sft-nopersona,reverse,substance,8,0.16419273158820635,0.434427406701644,500
tulu-sft-nopersona,reverse,substance,9,0.17088947955709496,0.6478463072813782,500
falcon3-mamba,reverse,profanity,0,0.6257447579725914,1.0199550774675383,500
falcon3-mamba,reverse,profanity,1,0.5071962988069085,1.0945631194768943,500
falcon3-mamba,reverse,profanity,2,0.41348565434327067,1.5532046902524665,500
falcon3-mamba,reverse,profanity,3,0.904824683268343,2.138064880798512,500
falcon3-mamba,reverse,profanity,4,-0.43681661469315497,2.6148368298938114,500
falcon3-mamba,reverse,profanity,5,-0.7069881557695564,2.4789930897122545,500
falcon3-mamba,reverse,profanity,6,0.030069560954288876,2.526457294054929,500
falcon3-mamba,reverse,profanity,7,-0.5623281716406482,2.5839512529807687,500
falcon3-mamba,reverse,profanity,8,-0.894431004983198,3.094492538711158,498
falcon3-mamba,reverse,profanity,9,-1.101708204179953,2.962145774865019,483
qwen3,reverse,violence_liminal,0,1.135819660780469,0.7380275452800458,500
qwen3,reverse,violence_liminal,1,0.8039732013349371,0.7222427150689125,500
qwen3,reverse,violence_liminal,2,1.1211141218630443,0.9149457885097484,500
qwen3,reverse,violence_liminal,3,1.084673297912903,1.903805105081273,500
qwen3,reverse,violence_liminal,4,1.161595779686525,1.2263219238029426,500
qwen3,reverse,violence_liminal,5,1.2186984415737907,1.3372827040055504,500
qwen3,reverse,violence_liminal,6,1.3844216886600351,1.7541983871629363,500
qwen3,reverse,violence_liminal,7,1.2574478773461961,1.6129316967215406,500
qwen3,reverse,violence_liminal,8,1.1054726466704232,1.304786041164579,500
qwen3,reverse,violence_liminal,9,1.3212838393939905,1.798734924246353,500
falcon3-10b,reverse,sexual_liminal,0,0.33985280524834355,0.3516855220631986,700
falcon3-10b,reverse,sexual_liminal,1,0.04197223779371113,0.28196882296706777,700
falcon3-10b,reverse,sexual_liminal,2,0.20253092706373138,0.31788056049467567,700
falcon3-10b,reverse,sexual_liminal,3,0.23410218710119524,0.8267394334645275,700
falcon3-10b,reverse,sexual_liminal,4,0.4011703506491523,1.0432432773883495,700
falcon3-10b,reverse,sexual_liminal,5,0.4412960730291991,1.8453477385984722,700
falcon3-10b,reverse,sexual_liminal,6,0.5931251170535156,2.485649989422124,700
falcon3-10b,reverse,sexual_liminal,7,0.3224893604535804,1.2472318175344277,700
falcon3-10b,reverse,sexual_liminal,8,0.26990045844703464,0.9741101130673376,700
falcon3-10b,reverse,sexual_liminal,9,0.37824657726890093,1.314169353451658,700
tulu-sft-full,reverse,violence_explicit,0,0.2086074310225197,0.4215759473742723,500
tulu-sft-full,reverse,violence_explicit,1,0.06672368374891668,0.2907768192401483,500
tulu-sft-full,reverse,violence_explicit,2,0.2435705148144233,0.6753033619322271,500
tulu-sft-full,reverse,violence_explicit,3,0.11022053039085646,0.5437116412989332,500
tulu-sft-full,reverse,violence_explicit,4,0.18436014826272656,0.3831907710233313,500
tulu-sft-full,reverse,violence_explicit,5,0.6900796212051655,1.6079749860636463,500
tulu-sft-full,reverse,violence_explicit,6,0.49397649637286045,1.0895979802783677,500
tulu-sft-full,reverse,violence_explicit,7,0.30739241275214896,0.6332972702236856,500
tulu-sft-full,reverse,violence_explicit,8,0.28526183639056046,0.7790127463515636,500
tulu-sft-full,reverse,violence_explicit,9,0.30163811566103527,0.7549082289577329,500
falcon3-mamba,reverse,death,0,0.13379464114424222,0.5825717397594807,500
falcon3-mamba,reverse,death,1,0.49279028238865774,0.9463406941609909,500
falcon3-mamba,reverse,death,2,0.05879865306064289,1.370286512073325,500
falcon3-mamba,reverse,death,3,-0.3197245997261535,2.0990653979316596,500
falcon3-mamba,reverse,death,4,-0.014327335584487911,3.1901907788326307,500
falcon3-mamba,reverse,death,5,-0.4516864211175345,2.08665250709101,500
falcon3-mamba,reverse,death,6,-2.03332336069809,3.067118948418658,500
falcon3-mamba,reverse,death,7,-1.933876812410534,2.8069315049469465,500
falcon3-mamba,reverse,death,8,-1.0641127992080395,3.1057694269025804,499
falcon3-mamba,reverse,death,9,-0.8820115151688652,2.63350422702518,492
tulu-sft-full,reverse,death,0,0.26458050046456644,0.5269253039049243,500
tulu-sft-full,reverse,death,1,0.17882018625637772,0.2966114360475578,500
tulu-sft-full,reverse,death,2,0.24357660426711142,0.3400830647967494,500
tulu-sft-full,reverse,death,3,0.23580532602797874,0.4259544116255203,500
tulu-sft-full,reverse,death,4,0.3550171640879261,0.5511412881251246,500
tulu-sft-full,reverse,death,5,0.26634285372570743,0.48601886100142216,500
tulu-sft-full,reverse,death,6,0.20971757057556517,0.3676813651257745,500
tulu-sft-full,reverse,death,7,0.18707780554129716,0.4051191214237173,500
tulu-sft-full,reverse,death,8,0.24686747815913043,0.5881322761372494,500
tulu-sft-full,reverse,death,9,0.21530799573750242,0.5589822588509883,500
rwkv,reverse,violence_liminal,0,0.032117366758637134,1.7535933910121646,500
rwkv,reverse,violence_liminal,1,-0.3132996809670021,1.5639043696163062,500
rwkv,reverse,violence_liminal,2,0.2358418595250629,1.4547504663067088,497
rwkv,reverse,violence_liminal,3,0.5414235288287544,1.1764545835644975,491
rwkv,reverse,violence_liminal,4,0.1734192876228943,0.675676981571173,489
rwkv,reverse,violence_liminal,5,0.14360218819331508,0.6256385367280797,489
rwkv,reverse,violence_liminal,6,0.12722856765833696,0.642651913235018,487
rwkv,reverse,violence_liminal,7,0.1361186354460305,0.5021440641210181,486
rwkv,reverse,violence_liminal,8,0.15688280450003428,0.4169943502996051,485
rwkv,reverse,violence_liminal,9,0.1882539967415205,0.7944321494969018,484
tulu-sft-full,reverse,profanity,0,0.2063286136490956,0.25972361347830414,500
tulu-sft-full,reverse,profanity,1,0.20917541978050433,0.4153763018864415,500
tulu-sft-full,reverse,profanity,2,0.30725815563813874,0.5084925251681492,500
tulu-sft-full,reverse,profanity,3,0.26056346127045005,0.4400685497769039,500
tulu-sft-full,reverse,profanity,4,0.22975143212004412,0.4121462766426565,500
tulu-sft-full,reverse,profanity,5,0.26425955160857634,0.3950294661349509,500
tulu-sft-full,reverse,profanity,6,0.19698852293179253,0.4210921800011216,500
tulu-sft-full,reverse,profanity,7,0.1944901076975095,0.45114322681184305,500
tulu-sft-full,reverse,profanity,8,0.29160151179988597,0.6603952878837072,500
tulu-sft-full,reverse,profanity,9,0.24943495190935366,0.6670761240654636,500
falcon3-1b,reverse,profanity,0,0.3193772243543144,0.32626818556722215,500
falcon3-1b,reverse,profanity,1,0.24898965003581355,0.38283376697867777,500
falcon3-1b,reverse,profanity,2,0.5345658193407653,1.4964892703992698,500
falcon3-1b,reverse,profanity,3,0.564081808659306,1.4114105188897752,500
falcon3-1b,reverse,profanity,4,0.7110438537756596,2.501603024165619,500
falcon3-1b,reverse,profanity,5,0.3657269325640876,0.8861507455283306,500
falcon3-1b,reverse,profanity,6,0.5224526275894249,0.9931598844735087,500
falcon3-1b,reverse,profanity,7,0.5374365865460009,0.9113227608039057,500
falcon3-1b,reverse,profanity,8,0.46828055966458054,0.8381147304859878,500
falcon3-1b,reverse,profanity,9,0.4008939617665407,0.8907772903964597,500
deepseek-7b,forward,violence_liminal,11,4.1701266539612405,8.281225656362839,10
rwkv,reverse,power,0,0.5031407930805201,3.755771984894286,500
rwkv,reverse,power,1,-0.40692174544865056,3.8452347202656254,500
rwkv,reverse,power,2,-0.3463191467991065,1.8409965756010063,497
rwkv,reverse,power,3,-0.21890772350075163,2.3454318902427462,496
rwkv,reverse,power,4,0.03714872050948951,1.8784457049508114,482
rwkv,reverse,power,5,0.11118034582728635,0.910519753105243,477
rwkv,reverse,power,6,0.0216246029637934,1.1878644629737762,471
rwkv,reverse,power,7,0.10026840156971603,0.501862319155141,470
rwkv,reverse,power,8,0.16564694824458476,0.37892726850378566,468
rwkv,reverse,power,9,0.25010438628416165,1.1440965640393195,459
amber,reverse,sexual_liminal,0,13.216586573667174,4.722328717634461,1400
amber,reverse,sexual_liminal,1,3.5532130988496515,4.762401167572844,1400
amber,reverse,sexual_liminal,2,6.740575843932828,6.159656008655978,1400
amber,reverse,sexual_liminal,3,6.9423232256962395,5.4924729849376375,1400
amber,reverse,sexual_liminal,4,4.958896345771841,4.805446446970448,1400
amber,reverse,sexual_liminal,5,3.32855363266511,4.181757364389778,1400
amber,reverse,sexual_liminal,6,3.358098069125748,4.469493233029887,1400
amber,reverse,sexual_liminal,7,3.977959417382035,3.923024799942562,1400
amber,reverse,sexual_liminal,8,3.414221921268425,3.962076922311973,1399
amber,reverse,sexual_liminal,9,2.4186583309421397,3.7957296366767275,1364
llama,reverse,substance,0,0.9058508344616657,0.7328282261420533,500
llama,reverse,substance,1,0.3573117747990294,0.5721897463881026,500
llama,reverse,substance,2,0.5181469211178569,0.6647130323147288,500
llama,reverse,substance,3,0.46703007590545376,0.873423604419238,500
llama,reverse,substance,4,0.4468458527655874,0.7175238927568841,500
llama,reverse,substance,5,0.7095869622321737,0.9723958182581802,500
llama,reverse,substance,6,0.6594044612777028,0.8917549287362652,500
llama,reverse,substance,7,0.6170417035612752,0.9067898125328734,500
llama,reverse,substance,8,0.5435378078034239,0.9253358895261343,500
llama,reverse,substance,9,0.5651355575546827,0.9270549656933467,500
yi,reverse,profanity,0,9.301149435696672,7.479700631391009,500
yi,reverse,profanity,1,8.033538294905108,6.088582415983083,500
yi,reverse,profanity,2,2.2617442355440787,3.558901838883355,500
yi,reverse,profanity,3,2.40293581580465,4.978027721770565,500
yi,reverse,profanity,4,3.4973551439164545,5.264876552100324,500
yi,reverse,profanity,5,2.8745814647385943,4.422889190331338,500
yi,reverse,profanity,6,2.22403889293251,3.17929163956969,500
yi,reverse,profanity,7,2.049215079176897,3.759304898196129,500
yi,reverse,profanity,8,1.693558479314473,3.4010889162967044,500
yi,reverse,profanity,9,0.6306817740816941,2.2614806356465245,460
pythia,forward,violence_explicit,12,0.01015991424659104,0.16235564585966894,560
qwen-tiny,reverse,substance,0,-0.05025442705531302,0.5419303504380271,500
qwen-tiny,reverse,substance,1,0.18169078076717926,0.3979555924224326,500
qwen-tiny,reverse,substance,2,0.2424423451123817,0.4116723311707219,500
qwen-tiny,reverse,substance,3,0.14382004336730014,0.712490655925293,500
qwen-tiny,reverse,substance,4,-0.022806893245920803,0.6523359296126248,500
qwen-tiny,reverse,substance,5,0.192960978231315,0.5242418876864384,500
qwen-tiny,reverse,substance,6,-0.11799612444246335,0.7348962892405433,500
qwen-tiny,reverse,substance,7,0.829758192061257,3.9716940492298405,500
qwen-tiny,reverse,substance,8,0.35531616658692233,2.23361258466834,500
qwen-tiny,reverse,substance,9,0.3054097866454155,1.4229801584593997,500
olmo-tiny,forward,violence_liminal,12,-0.09841450669825676,0.7157483375894492,12
yi,reverse,sexual_explicit,0,15.290693958975742,5.391530896328893,500
yi,reverse,sexual_explicit,1,1.1263954616528045,4.114530583981155,500
yi,reverse,sexual_explicit,2,7.256344295578257,6.199413491853251,500
yi,reverse,sexual_explicit,3,5.579693549766027,5.943378346689874,500
yi,reverse,sexual_explicit,4,3.783893986424132,4.700223328827436,500
yi,reverse,sexual_explicit,5,1.8281229698528336,3.4128476989207743,500
yi,reverse,sexual_explicit,6,2.1790792261850656,3.7905197759091718,500
yi,reverse,sexual_explicit,7,2.8956191443687747,3.5852966826209554,500
yi,reverse,sexual_explicit,8,2.30670107348646,3.6579188478137943,500
yi,reverse,sexual_explicit,9,1.0944838150586678,3.404409172972475,488
yi,reverse,violence_explicit,0,15.85689082107703,2.6852930773632337,500
yi,reverse,violence_explicit,1,7.587219040618161,8.060037524444246,500
yi,reverse,violence_explicit,2,2.5141674330744674,3.9601785747309415,500
yi,reverse,violence_explicit,3,3.787720390035829,4.085265578858019,500
yi,reverse,violence_explicit,4,3.358138260606668,4.0579785093914795,500
yi,reverse,violence_explicit,5,3.4768599848104156,4.509199216339805,500
yi,reverse,violence_explicit,6,2.5232582817395994,3.3068350973813936,500
yi,reverse,violence_explicit,7,1.707571821846201,3.7802712504113405,496
yi,reverse,violence_explicit,8,1.5931548642974485,3.6918807765027353,449
yi,reverse,violence_explicit,9,1.601164221767821,3.3648882401378715,403
tinyllama,reverse,profanity,0,9.385204991207246,6.053858069269219,500
tinyllama,reverse,profanity,1,5.88821836661514,4.0588528833899185,500
tinyllama,reverse,profanity,2,3.620433702354611,4.804200604710135,500
tinyllama,reverse,profanity,3,2.974677207573237,5.374615493754699,500
tinyllama,reverse,profanity,4,6.48311321193463,5.4832275659309255,500
tinyllama,reverse,profanity,5,3.9979861136829196,3.89631487798472,500
tinyllama,reverse,profanity,6,3.41394811178236,4.849061308820988,500
tinyllama,reverse,profanity,7,2.7410054952291194,4.431344391767258,500
tinyllama,reverse,profanity,8,2.3923035411487907,3.42021390929358,497
tinyllama,reverse,profanity,9,1.522628379241545,3.937199904887595,387
yi,forward,violence_liminal,0,0.46271060965627736,0.919292404420368,1000
yi,forward,violence_liminal,1,0.11142673682017099,0.5519515494317313,1000
yi,forward,violence_liminal,2,0.20130498792747578,0.6246151481513527,1000
yi,forward,violence_liminal,3,0.14381677247396732,0.584032530549701,1000
yi,forward,violence_liminal,4,0.22724932745773851,0.607530022165296,1000
yi,forward,violence_liminal,5,0.23391417644514872,0.8046935526182256,1000
yi,forward,violence_liminal,6,0.25553278574968596,0.6633266938604051,1000
yi,forward,violence_liminal,7,0.25966211009228224,0.6530093033912131,998
yi,forward,violence_liminal,8,0.24359601115343146,0.6857106021292926,996
yi,forward,violence_liminal,9,0.2715797202094357,0.931202925716201,994
falcon3-mamba,reverse,power,0,1.2117018739775607,0.9688896110039281,500
falcon3-mamba,reverse,power,1,1.3869283269825312,2.6828387566328358,500
falcon3-mamba,reverse,power,2,0.5256807125850793,1.1574507000401855,500
falcon3-mamba,reverse,power,3,1.1052702672004076,2.616941341574219,500
falcon3-mamba,reverse,power,4,-0.43683460805898905,3.2658328638600578,500
falcon3-mamba,reverse,power,5,-0.23350831066241498,3.7374843639381345,500
falcon3-mamba,reverse,power,6,-0.7797121555802118,2.594827605415756,500
falcon3-mamba,reverse,power,7,-0.5002662448463304,2.36565609021043,500
falcon3-mamba,reverse,power,8,-0.7654354938201494,2.6816611990833508,499
falcon3-mamba,reverse,power,9,-1.0231161384088907,2.639028599912983,490
phi4,reverse,power,0,0.02067146662147012,0.1413587896375849,100
phi4,reverse,power,1,0.013955350749922959,0.18302057540069178,100
phi4,reverse,power,2,0.2810353677533226,0.43927623617455297,100
phi4,reverse,power,3,-0.08746191910561694,0.6195850249376814,100
phi4,reverse,power,4,0.09904034889360186,0.6979827698411653,100
phi4,reverse,power,5,0.15102364302482937,0.5000269449468294,100
phi4,reverse,power,6,0.18885200139052838,0.7662492419825554,100
phi4,reverse,power,7,0.0817935234328068,0.647691000978084,100
phi4,reverse,power,8,0.3328119993402052,1.0566634295440427,100
phi4,reverse,power,9,0.16900679130304536,1.2675657345966127,100
tulu-sft-nopersona,reverse,neutral,0,0.25497934693059565,0.5680364339716355,700
tulu-sft-nopersona,reverse,neutral,1,0.27836923238203803,0.3827138467717589,700
tulu-sft-nopersona,reverse,neutral,2,0.28165513641775664,0.3494188523074809,700
tulu-sft-nopersona,reverse,neutral,3,0.2423419683811291,0.3920409010160795,700
tulu-sft-nopersona,reverse,neutral,4,0.2539101627749482,0.5282658477148935,700
tulu-sft-nopersona,reverse,neutral,5,0.20000709771194602,0.4023000069568404,700
tulu-sft-nopersona,reverse,neutral,6,0.26163531337417456,0.7774475966477513,700
tulu-sft-nopersona,reverse,neutral,7,0.24564520953466723,0.4160342818185642,700
tulu-sft-nopersona,reverse,neutral,8,0.1928793841556284,0.3817114294871634,700
tulu-sft-nopersona,reverse,neutral,9,0.22161728344978346,0.4650939282478661,700
falcon3-10b,reverse,substance,0,0.3454028907737866,0.47888658281179514,500
falcon3-10b,reverse,substance,1,0.09347980043532672,0.1509145434620385,500
falcon3-10b,reverse,substance,2,0.2138310173952928,0.49238381810494514,500
falcon3-10b,reverse,substance,3,0.22859045389052157,0.34561260678588557,500
falcon3-10b,reverse,substance,4,0.18930037798675844,0.2908749843617049,500
falcon3-10b,reverse,substance,5,0.1464193143553743,0.33751571548172676,500
falcon3-10b,reverse,substance,6,0.19190739789124497,0.4069782067343335,500
falcon3-10b,reverse,substance,7,0.27384868293333436,0.5762800273384758,500
falcon3-10b,reverse,substance,8,0.26885455900732574,0.47817969871016885,500
falcon3-10b,reverse,substance,9,0.16884107913241903,0.4221287398130049,500
bloom,reverse,neutral,0,0.4168025555625825,0.8386363855712082,700
bloom,reverse,neutral,1,0.011337227487295617,0.8992147173235059,700
bloom,reverse,neutral,2,-0.09572933512813774,0.7364908112629266,700
bloom,reverse,neutral,3,0.09914180765488223,0.8025320154470984,700
bloom,reverse,neutral,4,0.09639363889393443,1.1470245110580952,700
bloom,reverse,neutral,5,0.420971226921575,1.6764142945936302,700
bloom,reverse,neutral,6,0.48320858020673396,2.0261434568616696,700
bloom,reverse,neutral,7,0.6372213689137207,2.5689729031163258,699
bloom,reverse,neutral,8,0.6794682332317334,2.7371215102310478,699
bloom,reverse,neutral,9,0.6247792156268848,3.0274915667557063,694
phi4,reverse,sexual_explicit,0,0.3151496225388461,0.3417086787489803,500
phi4,reverse,sexual_explicit,1,-0.027861791627053642,0.305714935503091,500
phi4,reverse,sexual_explicit,2,-0.03550380163370123,0.418658732783255,500
phi4,reverse,sexual_explicit,3,0.24273064802091399,0.5249344899442981,500
phi4,reverse,sexual_explicit,4,0.023498726127819728,0.6458643913495887,500
phi4,reverse,sexual_explicit,5,0.15622200841159986,0.5195853436072713,500
phi4,reverse,sexual_explicit,6,0.04761182538554168,0.4580817983570731,500
phi4,reverse,sexual_explicit,7,0.11714983531291459,0.4548853623767084,500
phi4,reverse,sexual_explicit,8,0.07368037008277288,0.5480841115428915,500
phi4,reverse,sexual_explicit,9,0.14131895158563618,0.6591670029852869,500
qwen3,reverse,neutral,0,0.8257780334224198,0.792734178512597,700
qwen3,reverse,neutral,1,0.6291386800647603,0.8390438619141677,700
qwen3,reverse,neutral,2,0.5122849646458001,1.2199408226934303,700
qwen3,reverse,neutral,3,0.7418068796804012,0.7690457444786131,700
qwen3,reverse,neutral,4,0.7134574996758475,0.8842813177713861,700
qwen3,reverse,neutral,5,0.8390630758506695,1.5361321318696328,700
qwen3,reverse,neutral,6,0.7201082314580819,0.9802529329573269,700
qwen3,reverse,neutral,7,1.0432770025732698,1.7844447222432536,700
qwen3,reverse,neutral,8,0.8638214987622086,1.367445954214217,700
qwen3,reverse,neutral,9,0.964103773525591,1.6809423473153489,700
archangel-ppo,reverse,power,0,0.12072250941500647,0.07085170617463414,500
archangel-ppo,reverse,power,1,0.1599609607584849,0.4459843834288273,500
archangel-ppo,reverse,power,2,0.1260564463190879,0.12868719387680946,500
archangel-ppo,reverse,power,3,0.11849410708462875,0.3374443498313228,500
archangel-ppo,reverse,power,4,0.17288433501157835,0.808244867550288,500
archangel-ppo,reverse,power,5,0.13534726322863566,0.31915062874618527,500
archangel-ppo,reverse,power,6,0.11987304104883069,0.974709522810323,500
archangel-ppo,reverse,power,7,0.22031131276781185,1.624383402618567,500
archangel-ppo,reverse,power,8,0.6892805059126987,2.324951203751393,500
archangel-ppo,reverse,power,9,0.9554077505446102,3.0064342167469276,472
qwen-tiny,reverse,profanity,0,0.46157232335786363,0.5620767917869836,500
qwen-tiny,reverse,profanity,1,0.39128658775152864,0.4213518065230937,500
qwen-tiny,reverse,profanity,2,0.31724588413802746,0.7204725075759977,500
qwen-tiny,reverse,profanity,3,0.14426580794358052,0.5861971612512443,500
qwen-tiny,reverse,profanity,4,0.11716537621860257,0.5634308990597097,500
qwen-tiny,reverse,profanity,5,0.17772784929632987,0.5186594042238241,500
qwen-tiny,reverse,profanity,6,0.10746962921588434,0.4237617185402634,500
qwen-tiny,reverse,profanity,7,0.6226709056248575,2.145864556995772,500
qwen-tiny,reverse,profanity,8,0.3211000942094537,1.8281448580588362,500
qwen-tiny,reverse,profanity,9,0.27914748774727915,0.8003527162899384,500
falcon3-7b,reverse,violence_explicit,0,0.4801560067187668,0.7006303633997925,500
falcon3-7b,reverse,violence_explicit,1,0.10581782032479704,0.23096000109716414,500
falcon3-7b,reverse,violence_explicit,2,0.25426811259143534,0.5165643131331115,500
falcon3-7b,reverse,violence_explicit,3,0.34740643334593146,0.5282624603839644,500
falcon3-7b,reverse,violence_explicit,4,0.6041859111730425,1.4032024856759022,500
falcon3-7b,reverse,violence_explicit,5,0.5447948305093289,0.8898084438612801,500
falcon3-7b,reverse,violence_explicit,6,0.42619915094518923,0.9087788626288612,500
falcon3-7b,reverse,violence_explicit,7,0.5439495548090988,1.0516268076588149,500
falcon3-7b,reverse,violence_explicit,8,0.40115763346186284,0.9805399678244724,500
falcon3-7b,reverse,violence_explicit,9,0.40866413610689356,1.0408494537878856,500
yi,forward,death,10,0.1950135446238612,0.8059607558140279,78
deepseek-7b,forward,neutral,13,0.13434867275325446,0.0,2
deepseek-7b,forward,neutral,14,0.10305719057664242,0.43957111912030844,2
deepseek-7b,forward,death,0,0.2028738954283706,1.2026128770093283,1000
deepseek-7b,forward,death,1,1.4339744652886048,4.448001796668161,1000
deepseek-7b,forward,death,2,1.1412583509058147,3.8085805507315866,1000
deepseek-7b,forward,death,3,0.9083944832356049,3.3384147260868655,1000
deepseek-7b,forward,death,4,0.38045291939480874,1.5108641337640334,1000
deepseek-7b,forward,death,5,0.21751737749842773,0.9989607592735684,1000
deepseek-7b,forward,death,6,0.25439672625796084,1.4001982712499275,1000
deepseek-7b,forward,death,7,0.5227762758167961,2.423227669525495,1000
deepseek-7b,forward,death,8,0.2910925846989114,1.6981331857971975,1000
deepseek-7b,forward,death,9,1.2224888931655344,4.054893422786222,987
deepseek-7b,forward,death,10,0.7683984301684776,2.9998810935840217,181
deepseek-7b,forward,death,11,0.10280410338998212,0.523629306056994,38
bloom,reverse,substance,0,0.5269340249752832,0.538913373558889,500
bloom,reverse,substance,1,0.032527982671771996,0.468118399637468,500
bloom,reverse,substance,2,0.02866975428929716,0.5190981481610735,500
bloom,reverse,substance,3,0.08431661538908529,0.851476194796311,500
bloom,reverse,substance,4,0.24960465958321748,1.1061948575079998,500
bloom,reverse,substance,5,0.8577228407137736,2.213905828989763,500
bloom,reverse,substance,6,1.4163249748982012,2.8097754875623338,500
bloom,reverse,substance,7,1.225658604412366,2.5402226088772677,500
bloom,reverse,substance,8,0.6616143201136362,2.792534411598297,500
bloom,reverse,substance,9,-0.026151334797663708,2.7423483975754768,500
archangel-slic,reverse,violence_liminal,0,0.11722038003128231,0.11182689643590298,500
archangel-slic,reverse,violence_liminal,1,0.010113805287322744,0.11964080038835113,500
archangel-slic,reverse,violence_liminal,2,0.036234947767145656,0.145619663387357,500
archangel-slic,reverse,violence_liminal,3,0.051106708202692724,0.12240456095911734,500
archangel-slic,reverse,violence_liminal,4,0.041374043915278505,0.14391996130296117,500
archangel-slic,reverse,violence_liminal,5,0.01963321306536786,0.12046873132887667,500
archangel-slic,reverse,violence_liminal,6,-0.05067529991737123,0.3039095183662384,500
archangel-slic,reverse,violence_liminal,7,-0.027831041377064707,0.23936479384324652,500
archangel-slic,reverse,violence_liminal,8,0.3766383308196126,1.5459678613305778,500
archangel-slic,reverse,violence_liminal,9,0.07522271571109015,0.21939398786781544,478
olmo-tiny,forward,death,13,-0.4163687711575891,0.6928203570035624,10
glm4,reverse,power,0,0.2755504822049951,0.8232226023575446,500
glm4,reverse,power,1,0.468488744674004,0.9000538049055918,500
glm4,reverse,power,2,1.5289655565927904,3.2532995915149074,500
glm4,reverse,power,3,0.9397088930777981,2.632079018425185,500
glm4,reverse,power,4,0.8362977961930881,1.647800670520121,500
glm4,reverse,power,5,0.9025838725278166,1.8013459427922194,500
glm4,reverse,power,6,0.5640738000098444,1.4397811765349124,500
glm4,reverse,power,7,0.561420254022305,1.277006662003978,500
glm4,reverse,power,8,0.6748018305540949,1.511813521899359,500
glm4,reverse,power,9,0.7149316313845164,1.2150505843190103,471
glm4,reverse,death,0,0.29250117984482427,0.6231833558050636,500
glm4,reverse,death,1,0.06310502398324147,0.5121154779558519,500
glm4,reverse,death,2,0.6531279303799667,1.3084328392818882,500
glm4,reverse,death,3,0.4351854195389556,0.6836714436842338,500
glm4,reverse,death,4,0.5668583067667651,0.8944890283877837,500
glm4,reverse,death,5,0.6088461975735318,0.9357933980775905,500
glm4,reverse,death,6,0.3290423465013373,0.7042617530392438,500
glm4,reverse,death,7,0.521430144288877,0.9603507954491526,500
glm4,reverse,death,8,0.5703055130047827,1.0468066177157658,500
glm4,reverse,death,9,0.530768027893349,1.0395857888465858,500
falcon-mamba,reverse,profanity,0,0.53154365026065,0.522558964022356,500
falcon-mamba,reverse,profanity,1,0.15618681862548284,0.26425778661272514,500
falcon-mamba,reverse,profanity,2,0.10817691933005202,0.5482714259189851,500
falcon-mamba,reverse,profanity,3,0.43033320474381753,1.758485201030882,500
falcon-mamba,reverse,profanity,4,0.7169173304744931,2.288166759910687,500
falcon-mamba,reverse,profanity,5,-0.1943425546691764,2.950381891487789,500
falcon-mamba,reverse,profanity,6,0.38777644347187346,3.2392725760467487,500
falcon-mamba,reverse,profanity,7,0.0554624291831865,4.0677184758099525,499
falcon-mamba,reverse,profanity,8,0.5488036669751174,4.89229661990561,492
falcon-mamba,reverse,profanity,9,0.00810959504337573,2.710016393247654,456
falcon3-7b,reverse,power,0,0.8288594502061396,1.2582840602038496,500
falcon3-7b,reverse,power,1,0.23426298406081422,0.6083044175531841,500
falcon3-7b,reverse,power,2,0.4314844298091157,0.6088746705439386,500
falcon3-7b,reverse,power,3,0.687776568231109,1.343193902038537,500
falcon3-7b,reverse,power,4,0.6824096382154309,1.4486916533604413,500
falcon3-7b,reverse,power,5,0.6430213932528994,2.1203902208454988,500
falcon3-7b,reverse,power,6,0.5757648843286277,1.2268358704109734,500
falcon3-7b,reverse,power,7,0.5774732343653117,1.3918220979765348,500
falcon3-7b,reverse,power,8,0.7576730511926416,1.7045975287927857,500
falcon3-7b,reverse,power,9,0.6904439304386851,1.6644172225232412,500
falcon3-1b,reverse,death,0,0.15823314027368904,0.3549031503569478,500
falcon3-1b,reverse,death,1,0.1491059615543929,0.24761265666685145,500
falcon3-1b,reverse,death,2,0.2615152008695196,0.31640692238416557,500
falcon3-1b,reverse,death,3,0.5276516373775435,0.9407664645091488,500
falcon3-1b,reverse,death,4,0.539306264178443,1.1117864553056176,500
falcon3-1b,reverse,death,5,0.497898442588276,1.270514061722945,500
falcon3-1b,reverse,death,6,0.5330930679235022,0.9163983032643654,500
falcon3-1b,reverse,death,7,0.45566346795489043,1.0809383178531011,500
falcon3-1b,reverse,death,8,0.4133034902705973,0.7579069018379422,500
falcon3-1b,reverse,death,9,0.5040660097428127,1.049336429991664,500
olmo-tiny,forward,institutional,13,3.0688853057109458,3.3840441615393315,4
deepseek-7b,forward,violence_liminal,12,0.45391005644838356,0.0,1
yi,forward,substance,10,-0.032300691419933546,0.6338224817703149,19
deepseek-7b,forward,death,12,0.01820686904521446,0.8030525569016418,11
deepseek-7b,forward,death,13,-0.1520558787829931,0.0,1
deepseek-7b,forward,death,14,0.173934275741859,0.0,1
